Archetype,House number,CAH Type,Operation,Solar,Grid Cost,Optimal PV,Optimal Battery,Total Cost,Total Load,Grid Import
Detached,DetachedA_27.txt,H2,hybrid_bidirectional,best,198.901,3.64,1.575,8400.0,4207.83,2050.09
Detached,DetachedA_9.txt,H1,hybrid_bidirectional,best,235.253,4.55,17.55,17979.0,5560.39,2229.79
Detached,DetachedD_13.txt,H2,hybrid_bidirectional,worst,217.53,5.88,9.225,16776.0,4175.93,2014.98
Detached,DetachedD_33.txt,H1,hybrid_bidirectional,worst,281.754,7.49,27.0,28689.0,5498.22,2505.26
Detached,DetachedA_35.txt,H1,safe_unidirectional,best,371.829,4.2,21.6,19188.0,5499.36,2320.28
Detached,DetachedA_28.txt,H2,safe_unidirectional,best,363.969,3.29,11.7,12525.0,3942.1,1822.37
Detached,DetachedA_54.txt,H1,safe_unidirectional,worst,436.484,7.56,27.9,29268.0,5528.29,2494.79
Detached,DetachedA_18.txt,H2,safe_unidirectional,worst,406.384,5.25,20.7,20961.0,4011.09,1898.97
Detached,DetachedD_13.txt,H2,hybrid_bidirectional,best,198.967,3.5,2.25,8430.0,4208.3,1994.5
Detached,DetachedD_33.txt,H1,hybrid_bidirectional,best,222.423,4.83,16.425,18027.0,5479.12,2186.94
Detached,DetachedA_28.txt,H2,hybrid_bidirectional,worst,206.305,6.16,8.55,17040.0,4063.88,1974.11
Detached,DetachedA_35.txt,H1,hybrid_bidirectional,worst,282.623,7.63,26.55,28767.0,5568.94,2515.06
Detached,DetachedA_33.txt,H1,safe_unidirectional,worst,438.404,7.56,28.125,29376.0,5532.71,2486.35
Detached,DetachedA_9.txt,H2,safe_unidirectional,worst,406.888,5.32,20.25,20892.0,3998.64,1917.27
Detached,DetachedA_54.txt,H1,safe_unidirectional,best,383.557,4.06,20.7,18462.0,5528.29,2314.08
Detached,DetachedA_18.txt,H2,safe_unidirectional,best,371.283,3.15,12.375,12555.0,4011.09,1823.62
Detached,DetachedA_28.txt,H2,hybrid_bidirectional,best,193.554,3.57,1.575,8253.0,4103.49,1990.62
Detached,DetachedA_35.txt,H1,hybrid_bidirectional,best,226.429,4.76,17.1,18204.0,5547.46,2198.5
Detached,DetachedA_37.txt,H1,safe_unidirectional,worst,451.837,7.42,28.575,29298.0,5631.83,2535.49
Detached,DetachedD_33.txt,H2,safe_unidirectional,worst,393.305,5.39,20.025,20931.0,3916.8,1865.91
Detached,DetachedA_33.txt,H1,safe_unidirectional,best,386.757,4.06,21.6,18894.0,5532.71,2376.11
Detached,DetachedA_54.txt,H1,hybrid_bidirectional,worst,290.936,7.42,26.325,28218.0,5607.06,2560.42
Detached,DetachedA_18.txt,H2,hybrid_bidirectional,worst,211.845,5.95,8.1,16383.0,4123.53,1963.76
Detached,DetachedA_9.txt,H2,safe_unidirectional,best,364.095,3.15,11.475,12123.0,3998.64,1829.07
Detached,DetachedA_37.txt,H1,safe_unidirectional,best,392.945,4.2,22.275,19512.0,5631.83,2366.83
Detached,DetachedD_7.txt,H1,safe_unidirectional,worst,470.268,7.98,29.25,30798.0,5734.33,2591.05
Detached,DetachedA_18.txt,H2,hybrid_bidirectional,best,195.434,3.43,2.25,8283.0,4154.62,1969.42
Detached,DetachedA_33.txt,H1,hybrid_bidirectional,worst,296.909,7.49,26.325,28365.0,5607.78,2540.73
Detached,DetachedA_54.txt,H1,hybrid_bidirectional,best,223.052,4.62,16.65,17694.0,5593.65,2188.21
Detached,DetachedA_9.txt,H2,hybrid_bidirectional,worst,214.603,5.74,9.225,16482.0,4122.27,2000.13
Detached,DetachedA_35.txt,H2,safe_unidirectional,worst,398.303,5.32,20.25,20892.0,3994.44,1907.8
Detached,DetachedD_33.txt,H2,safe_unidirectional,best,353.92,3.15,12.15,12447.0,3916.8,1781.97
Detached,DetachedA_33.txt,H1,hybrid_bidirectional,best,238.317,4.62,17.1,17910.0,5589.47,2251.74
Detached,DetachedA_37.txt,H1,hybrid_bidirectional,worst,296.693,7.49,26.55,28473.0,5715.37,2591.99
Detached,DetachedA_9.txt,H2,hybrid_bidirectional,best,197.09,3.5,1.575,8106.0,4168.05,2005.13
Detached,DetachedD_33.txt,H2,hybrid_bidirectional,worst,208.504,6.02,8.325,16638.0,4036.26,1928.62
Detached,DetachedD_7.txt,H1,safe_unidirectional,best,419.625,4.34,22.05,19698.0,5734.33,2431.79
Detached,DetachedA_30.txt,H1,safe_unidirectional,worst,415.231,7.21,27.675,28425.0,5504.72,2455.97
Detached,DetachedA_35.txt,H2,safe_unidirectional,best,355.712,3.29,11.925,12633.0,3994.44,1805.39
Detached,DetachedA_54.txt,H2,safe_unidirectional,worst,407.691,5.46,19.575,20862.0,4023.38,1919.22
Detached,DetachedA_37.txt,H1,hybrid_bidirectional,best,228.648,4.97,16.425,18321.0,5695.78,2226.67
Detached,DetachedD_33.txt,H2,hybrid_bidirectional,best,191.605,3.5,1.8,8214.0,4076.58,1950.85
Detached,DetachedD_7.txt,H1,hybrid_bidirectional,worst,301.06,8.12,26.775,29904.0,5823.34,2641.48
Detached,DetachedA_35.txt,H2,hybrid_bidirectional,worst,212.17,5.95,8.55,16599.0,4113.27,1964.46
Detached,DetachedA_46.txt,H1,safe_unidirectional,worst,413.37,7.28,27.675,28572.0,5422.75,2442.07
Detached,DetachedA_33.txt,H2,safe_unidirectional,worst,416.196,5.18,20.25,20598.0,4027.79,1938.0
Detached,DetachedA_30.txt,H1,safe_unidirectional,best,359.371,4.13,20.25,18393.0,5504.72,2291.36
Detached,DetachedA_54.txt,H2,safe_unidirectional,best,368.634,3.01,11.475,11829.0,4023.38,1855.24
Detached,DetachedD_7.txt,H1,hybrid_bidirectional,best,238.12,5.18,16.425,18762.0,5799.49,2308.29
Detached,DetachedA_35.txt,H2,hybrid_bidirectional,best,200.102,3.57,1.575,8253.0,4161.11,1998.08
Detached,DetachedD_27.txt,H1,safe_unidirectional,worst,445.886,7.98,28.8,30582.0,5596.05,2494.75
Detached,DetachedA_37.txt,H2,safe_unidirectional,worst,425.535,5.25,19.575,20421.0,4126.92,1988.08
Detached,DetachedA_46.txt,H1,safe_unidirectional,best,365.983,4.06,21.375,18786.0,5422.75,2304.9
Detached,DetachedA_30.txt,H1,hybrid_bidirectional,worst,280.533,7.14,25.65,27306.0,5577.02,2521.55
Detached,DetachedA_54.txt,H2,hybrid_bidirectional,worst,212.822,5.95,8.325,16491.0,4140.32,1994.88
Detached,DetachedA_33.txt,H2,safe_unidirectional,best,373.523,3.22,11.025,12054.0,4027.79,1854.84
Detached,DetachedA_30.txt,H1,hybrid_bidirectional,best,221.346,4.62,15.75,17262.0,5556.81,2184.03
Detached,DetachedA_54.txt,H2,hybrid_bidirectional,best,192.562,3.36,1.8,7920.0,4177.5,2009.65
Detached,DetachedD_27.txt,H1,safe_unidirectional,best,388.973,4.34,21.6,19482.0,5596.05,2335.77
Detached,DetachedD_7.txt,H2,safe_unidirectional,worst,447.295,5.74,21.15,22206.0,4229.42,2047.55
Detached,DetachedA_21.txt,H1,safe_unidirectional,worst,460.736,8.05,28.35,30513.0,5663.86,2555.36
Detached,DetachedA_33.txt,H2,hybrid_bidirectional,worst,217.808,5.81,8.55,16305.0,4138.05,1959.31
Detached,DetachedA_46.txt,H1,hybrid_bidirectional,worst,279.622,7.07,25.65,27159.0,5491.62,2512.11
Detached,DetachedA_37.txt,H2,safe_unidirectional,best,379.112,3.29,11.925,12633.0,4126.92,1892.62
Detached,DetachedA_33.txt,H2,hybrid_bidirectional,best,203.186,3.5,1.575,8106.0,4182.01,1975.12
Detached,DetachedA_46.txt,H1,hybrid_bidirectional,best,220.926,4.69,15.975,17517.0,5470.09,2191.08
Detached,DetachedA_37.txt,H2,hybrid_bidirectional,worst,223.451,5.67,8.55,16011.0,4254.71,2076.46
Detached,DetachedD_27.txt,H1,hybrid_bidirectional,worst,291.855,7.84,26.1,28992.0,5682.45,2560.3
Detached,DetachedA_21.txt,H1,safe_unidirectional,best,411.084,4.2,22.5,19620.0,5663.86,2444.79
Detached,DetachedD_7.txt,H2,safe_unidirectional,best,403.479,3.43,12.375,13143.0,4229.42,1943.58
Detached,DetachedA_40.txt,H1,safe_unidirectional,worst,443.361,7.77,28.575,30033.0,5539.52,2495.99
Detached,DetachedA_30.txt,H2,safe_unidirectional,worst,392.392,5.04,18.9,19656.0,3999.81,1899.77
Detached,DetachedA_37.txt,H2,hybrid_bidirectional,best,202.506,3.64,1.575,8400.0,4303.64,2069.14
Detached,DetachedD_27.txt,H1,hybrid_bidirectional,best,231.141,4.83,17.325,18459.0,5666.3,2257.0
Detached,DetachedD_7.txt,H2,hybrid_bidirectional,worst,231.607,6.37,9.675,18021.0,4366.04,2105.51
Detached,DetachedD_8.txt,H1,safe_unidirectional,worst,461.243,8.12,29.025,30984.0,5642.53,2558.11
Detached,DetachedA_21.txt,H1,hybrid_bidirectional,worst,299.47,7.98,27.0,29718.0,5753.2,2615.64
Detached,DetachedA_46.txt,H2,safe_unidirectional,worst,383.114,5.25,18.675,19989.0,3917.83,1873.6
Detached,DetachedA_40.txt,H1,safe_unidirectional,best,396.145,4.13,22.05,19257.0,5539.52,2401.86
Detached,DetachedA_30.txt,H2,safe_unidirectional,best,345.074,3.15,10.35,11583.0,3999.81,1813.99
Detached,DetachedD_7.txt,H2,hybrid_bidirectional,best,217.219,3.92,1.575,8988.0,4416.39,2140.82
Detached,DetachedA_21.txt,H1,hybrid_bidirectional,best,240.608,4.9,17.325,18606.0,5731.08,2302.46
Detached,DetachedA_23.txt,H1,safe_unidirectional,worst,430.517,7.7,28.125,29670.0,5545.89,2476.6
Detached,DetachedD_27.txt,H2,safe_unidirectional,worst,419.922,5.46,21.6,21834.0,4091.14,1960.53
Detached,DetachedD_8.txt,H1,safe_unidirectional,best,414.218,4.06,22.725,19434.0,5642.53,2453.5
Detached,DetachedA_30.txt,H2,hybrid_bidirectional,worst,206.603,5.46,7.875,15246.0,4122.83,1926.85
Detached,DetachedA_40.txt,H1,hybrid_bidirectional,worst,291.163,7.84,26.325,29100.0,5619.86,2548.04
Detached,DetachedA_46.txt,H2,safe_unidirectional,best,347.245,3.15,11.25,12015.0,3917.83,1782.81
Detached,DetachedA_30.txt,H2,hybrid_bidirectional,best,194.648,3.29,1.8,7773.0,4159.17,1948.23
Detached,DetachedA_23.txt,H1,safe_unidirectional,best,386.176,4.2,20.925,18864.0,5545.89,2353.86
Detached,DetachedD_18.txt,H1,safe_unidirectional,worst,473.741,8.05,28.575,30621.0,5793.09,2618.14
Detached,DetachedD_8.txt,H1,hybrid_bidirectional,worst,295.473,8.19,26.325,29835.0,5731.55,2612.8
Detached,DetachedA_40.txt,H1,hybrid_bidirectional,best,227.078,4.83,17.325,18459.0,5600.47,2239.75
Detached,DetachedA_46.txt,H2,hybrid_bidirectional,worst,199.247,5.46,7.65,15138.0,4027.76,1910.64
Detached,DetachedA_21.txt,H2,safe_unidirectional,worst,439.796,5.81,20.25,21921.0,4158.95,2016.0
Detached,DetachedD_27.txt,H2,safe_unidirectional,best,386.114,3.22,12.825,12918.0,4091.14,1871.69
Detached,DetachedA_46.txt,H2,hybrid_bidirectional,best,188.43,3.36,1.575,7812.0,4064.1,1921.42
Detached,DetachedD_8.txt,H1,hybrid_bidirectional,best,237.909,4.76,17.775,18528.0,5709.67,2326.39
Detached,DetachedA_23.txt,H1,hybrid_bidirectional,worst,288.303,7.42,26.55,28326.0,5623.48,2560.4
Detached,DetachedD_18.txt,H1,safe_unidirectional,best,423.484,4.2,22.5,19620.0,5793.09,2481.11
Detached,DetachedD_27.txt,H2,hybrid_bidirectional,worst,223.542,6.3,8.325,17226.0,4213.97,2033.71
Detached,DetachedA_24.txt,H1,safe_unidirectional,worst,422.671,7.49,27.225,28797.0,5444.8,2449.92
Detached,DetachedA_21.txt,H2,safe_unidirectional,best,396.116,3.36,12.6,13104.0,4158.95,1915.03
Detached,DetachedA_40.txt,H2,safe_unidirectional,worst,420.453,5.46,21.15,21618.0,4034.61,1953.7
Detached,DetachedA_23.txt,H1,hybrid_bidirectional,best,231.379,4.76,16.425,17880.0,5600.18,2239.57
Detached,DetachedD_27.txt,H2,hybrid_bidirectional,best,202.786,3.64,2.025,8616.0,4251.58,2032.99
Detached,DetachedD_18.txt,H1,hybrid_bidirectional,worst,303.389,7.98,25.875,29178.0,5885.13,2705.48
Detached,DetachedA_52.txt,H1,safe_unidirectional,worst,431.895,7.42,28.125,29082.0,5591.73,2494.93
Detached,DetachedA_21.txt,H2,hybrid_bidirectional,worst,235.827,6.37,9.0,17697.0,4287.36,2082.17
Detached,DetachedD_8.txt,H2,safe_unidirectional,worst,433.012,5.88,20.7,22284.0,4137.61,2001.75
Detached,DetachedA_24.txt,H1,safe_unidirectional,best,370.468,4.06,21.6,18894.0,5444.8,2320.31
Detached,DetachedA_40.txt,H2,safe_unidirectional,best,377.624,3.36,11.925,12780.0,4034.61,1861.97
Detached,DetachedD_18.txt,H1,hybrid_bidirectional,best,244.222,4.97,17.55,18861.0,5863.45,2339.32
Detached,DetachedA_21.txt,H2,hybrid_bidirectional,best,213.335,3.78,1.8,8802.0,4326.26,2070.52
Detached,DetachedA_23.txt,H2,safe_unidirectional,worst,407.739,5.25,20.025,20637.0,4040.98,1935.46
Detached,DetachedD_31.txt,H1,safe_unidirectional,worst,428.38,7.49,27.9,29121.0,5595.05,2502.4
Detached,DetachedA_52.txt,H1,safe_unidirectional,best,388.085,4.06,21.825,19002.0,5591.73,2390.33
Detached,DetachedA_24.txt,H1,hybrid_bidirectional,worst,268.154,7.28,26.1,27816.0,5523.59,2506.4
Detached,DetachedA_40.txt,H2,hybrid_bidirectional,worst,215.72,6.02,8.325,16638.0,4157.93,2041.8
Detached,DetachedD_8.txt,H2,safe_unidirectional,best,392.535,3.22,12.825,12918.0,4137.61,1895.31
Detached,DetachedA_24.txt,H1,hybrid_bidirectional,best,212.97,4.69,16.875,17949.0,5500.21,2176.01
Detached,DetachedA_52.txt,H1,hybrid_bidirectional,worst,283.826,7.42,26.325,28218.0,5670.34,2542.28
Detached,DetachedD_39.txt,H1,safe_unidirectional,worst,451.638,7.98,28.35,30366.0,5678.02,2568.8
Detached,DetachedA_40.txt,H2,hybrid_bidirectional,best,195.629,3.64,1.575,8400.0,4200.22,2042.28
Detached,DetachedD_31.txt,H1,safe_unidirectional,best,378.934,4.2,20.7,18756.0,5595.05,2345.97
Detached,DetachedD_18.txt,H2,safe_unidirectional,worst,444.086,5.74,20.475,21882.0,4288.18,2050.26
Detached,DetachedD_8.txt,H2,hybrid_bidirectional,worst,231.1,6.51,8.325,17667.0,4272.43,2077.79
Detached,DetachedA_23.txt,H2,safe_unidirectional,best,370.095,3.15,11.475,12123.0,4040.98,1865.21
Detached,DetachedA_52.txt,H1,hybrid_bidirectional,best,225.346,4.62,17.325,18018.0,5654.22,2279.52
Detached,DetachedD_8.txt,H2,hybrid_bidirectional,best,210.459,3.71,1.575,8547.0,4312.1,2092.82
Detached,DetachedA_23.txt,H2,hybrid_bidirectional,worst,225.956,5.88,7.875,16128.0,4161.86,1979.97
Detached,DetachedD_31.txt,H1,hybrid_bidirectional,worst,283.584,7.49,25.425,27933.0,5676.89,2552.4
Detached,DetachedD_39.txt,H1,safe_unidirectional,best,408.703,4.2,22.275,19512.0,5678.02,2437.5
Detached,DetachedA_24.txt,H2,safe_unidirectional,worst,385.852,5.25,19.125,20205.0,3939.88,1860.9
Detached,DetachedD_18.txt,H2,safe_unidirectional,best,416.962,3.15,13.5,13095.0,4288.18,1979.4
Detached,DetachedA_41.txt,H1,safe_unidirectional,worst,434.781,7.63,28.125,29523.0,5511.83,2498.71
Detached,DetachedA_23.txt,H2,hybrid_bidirectional,best,214.159,3.5,1.575,8106.0,4203.83,1996.07
Detached,DetachedD_31.txt,H1,hybrid_bidirectional,best,227.726,4.76,15.975,17664.0,5655.47,2246.06
Detached,DetachedD_39.txt,H1,hybrid_bidirectional,worst,298.413,7.98,25.65,29070.0,5763.44,2631.53
Detached,DetachedD_18.txt,H2,hybrid_bidirectional,worst,232.663,6.3,9.225,17658.0,4430.6,2123.7
Detached,DetachedD_17.txt,H1,safe_unidirectional,worst,452.333,7.56,28.35,29484.0,5638.92,2561.44
Detached,DetachedA_52.txt,H2,safe_unidirectional,worst,405.942,5.11,20.475,20559.0,4086.81,1945.8
Detached,DetachedA_41.txt,H1,safe_unidirectional,best,382.789,4.2,21.6,19188.0,5511.83,2341.87
Detached,DetachedA_24.txt,H2,safe_unidirectional,best,349.507,3.29,11.7,12525.0,3939.88,1780.34
Detached,DetachedD_18.txt,H2,hybrid_bidirectional,best,216.277,3.78,2.025,8910.0,4470.44,2129.75
Detached,DetachedD_39.txt,H1,hybrid_bidirectional,best,241.592,4.83,17.325,18459.0,5742.64,2313.48
Detached,DetachedA_22.txt,H1,safe_unidirectional,worst,433.007,7.49,27.45,28905.0,5493.21,2469.56
Detached,DetachedD_31.txt,H2,safe_unidirectional,worst,412.73,5.11,19.575,20127.0,4090.14,1965.74
Detached,DetachedD_17.txt,H1,safe_unidirectional,best,407.027,4.13,21.825,19149.0,5638.92,2433.18
Detached,DetachedA_24.txt,H2,hybrid_bidirectional,worst,205.214,5.81,7.425,15765.0,4061.87,1942.29
Detached,DetachedA_41.txt,H1,hybrid_bidirectional,worst,277.967,7.56,26.325,28512.0,5595.79,2551.78
Detached,DetachedA_52.txt,H2,safe_unidirectional,best,366.707,3.22,11.475,12270.0,4086.81,1865.08
Detached,DetachedA_22.txt,H1,safe_unidirectional,best,375.473,4.13,21.825,19149.0,5493.21,2300.46
Detached,DetachedA_24.txt,H2,hybrid_bidirectional,best,185.498,3.43,2.025,8175.0,4096.24,1917.92
Detached,DetachedD_24.txt,H1,safe_unidirectional,worst,419.157,7.7,27.225,29238.0,5526.35,2448.12
Detached,DetachedA_41.txt,H1,hybrid_bidirectional,best,218.367,4.83,16.875,18243.0,5575.18,2222.02
Detached,DetachedA_52.txt,H2,hybrid_bidirectional,worst,223.268,5.67,8.325,15903.0,4216.32,2038.61
Detached,DetachedD_17.txt,H1,hybrid_bidirectional,worst,293.989,7.77,25.65,28629.0,5719.34,2601.55
Detached,DetachedD_39.txt,H2,safe_unidirectional,worst,428.484,5.67,20.7,21843.0,4173.11,2010.12
Detached,DetachedD_31.txt,H2,safe_unidirectional,best,368.197,3.22,11.025,12054.0,4090.14,1856.75
Detached,DetachedA_22.txt,H1,hybrid_bidirectional,worst,279.89,7.56,25.65,28188.0,5570.69,2511.67
Detached,DetachedA_52.txt,H2,hybrid_bidirectional,best,207.931,3.43,1.8,8067.0,4260.03,2097.33
Detached,DetachedD_17.txt,H1,hybrid_bidirectional,best,244.512,4.62,17.775,18234.0,5699.81,2323.31
Detached,DetachedD_31.txt,H2,hybrid_bidirectional,worst,213.316,5.81,8.1,16089.0,4224.79,1997.43
Detached,DetachedD_24.txt,H1,safe_unidirectional,best,363.271,4.13,21.15,18825.0,5526.35,2288.28
Detached,DetachedD_14.txt,H1,safe_unidirectional,worst,451.313,7.84,28.35,30072.0,5518.57,2503.73
Detached,DetachedD_39.txt,H2,safe_unidirectional,best,389.644,3.29,12.6,12957.0,4173.11,1904.03
Detached,DetachedA_41.txt,H2,safe_unidirectional,worst,405.534,5.32,20.025,20784.0,4006.92,1927.56
Detached,DetachedA_22.txt,H1,hybrid_bidirectional,best,224.623,4.83,16.65,18135.0,5548.11,2172.89
Detached,DetachedD_31.txt,H2,hybrid_bidirectional,best,199.021,3.43,1.8,8067.0,4262.1,2016.95
Detached,DetachedD_24.txt,H1,hybrid_bidirectional,worst,286.203,7.63,25.65,28335.0,5602.32,2506.65
Detached,DetachedA_53.txt,H1,safe_unidirectional,worst,424.717,7.84,27.9,29856.0,5420.99,2440.89
Detached,DetachedD_39.txt,H2,hybrid_bidirectional,worst,219.327,6.3,8.325,17226.0,4315.88,2079.29
Detached,DetachedD_17.txt,H2,safe_unidirectional,worst,418.392,5.32,20.25,20892.0,4134.01,1991.32
Detached,DetachedD_14.txt,H1,safe_unidirectional,best,387.994,4.2,21.825,19296.0,5518.57,2350.24
Detached,DetachedA_41.txt,H2,safe_unidirectional,best,365.393,3.36,11.475,12564.0,4006.92,1823.2
Detached,DetachedD_24.txt,H1,hybrid_bidirectional,best,222.199,4.76,16.425,17880.0,5579.63,2168.94
Detached,DetachedD_39.txt,H2,hybrid_bidirectional,best,206.243,3.64,2.025,8616.0,4352.4,2067.93
Detached,DetachedA_22.txt,H2,safe_unidirectional,worst,403.592,5.32,19.8,20676.0,3988.3,1896.12
Detached,DetachedD_25.txt,H1,safe_unidirectional,worst,432.97,8.12,27.675,30336.0,5489.78,2466.81
Detached,DetachedA_53.txt,H1,safe_unidirectional,best,377.329,4.13,21.375,18933.0,5420.99,2299.74
Detached,DetachedD_14.txt,H1,hybrid_bidirectional,worst,298.651,7.91,26.55,29355.0,5602.81,2555.85
Detached,DetachedA_41.txt,H2,hybrid_bidirectional,worst,216.891,5.74,8.775,16266.0,4130.84,2004.59
Detached,DetachedD_17.txt,H2,safe_unidirectional,best,386.939,3.22,11.7,12378.0,4134.01,1901.53
Detached,DetachedD_14.txt,H1,hybrid_bidirectional,best,229.842,4.9,16.875,18390.0,5583.33,2214.99
Detached,DetachedA_41.txt,H2,hybrid_bidirectional,best,199.835,3.5,2.025,8322.0,4168.32,2006.69
Detached,DetachedA_53.txt,H1,hybrid_bidirectional,worst,280.409,7.77,26.1,28845.0,5502.94,2507.72
Detached,DetachedA_22.txt,H2,safe_unidirectional,best,367.068,3.08,12.375,12408.0,3988.3,1837.22
Detached,DetachedD_25.txt,H1,safe_unidirectional,best,381.3,4.2,22.05,19404.0,5489.78,2328.0
Detached,DetachedD_11.txt,H1,safe_unidirectional,worst,448.466,7.7,27.45,29346.0,5673.25,2535.16
Detached,DetachedD_24.txt,H2,safe_unidirectional,worst,397.273,5.39,20.025,20931.0,4021.44,1921.63
Detached,DetachedD_17.txt,H2,hybrid_bidirectional,worst,214.115,5.81,8.55,16305.0,4263.02,2051.58
Detached,DetachedA_53.txt,H1,hybrid_bidirectional,best,227.557,4.62,17.325,18018.0,5480.46,2187.49
Detached,DetachedA_22.txt,H2,hybrid_bidirectional,worst,212.225,5.81,8.1,16089.0,4097.83,1972.82
Detached,DetachedD_17.txt,H2,hybrid_bidirectional,best,206.517,3.57,1.8,8361.0,4304.67,2094.01
Detached,DetachedD_25.txt,H1,hybrid_bidirectional,worst,283.808,7.98,26.1,29286.0,5576.58,2537.51
Detached,DetachedD_11.txt,H1,safe_unidirectional,best,401.344,4.06,22.275,19218.0,5673.25,2451.73
Detached,DetachedA_55.txt,H1,safe_unidirectional,worst,434.172,7.42,27.9,28974.0,5592.18,2508.87
Detached,DetachedD_14.txt,H2,safe_unidirectional,worst,422.067,5.46,20.925,21510.0,4013.65,1948.04
Detached,DetachedD_24.txt,H2,safe_unidirectional,best,362.277,3.01,12.15,12153.0,4021.44,1842.98
Detached,DetachedA_22.txt,H2,hybrid_bidirectional,best,202.186,3.5,1.8,8214.0,4131.98,2033.6
Detached,DetachedD_25.txt,H1,hybrid_bidirectional,best,223.518,4.83,17.55,18567.0,5555.82,2222.38
Detached,DetachedD_24.txt,H2,hybrid_bidirectional,worst,212.205,5.88,9.0,16668.0,4153.22,2015.37
Detached,DetachedD_11.txt,H1,hybrid_bidirectional,worst,298.43,7.63,25.875,28443.0,5760.85,2582.83
Detached,DetachedA_53.txt,H2,safe_unidirectional,worst,401.747,5.39,20.7,21255.0,3916.08,1900.75
Detached,DetachedD_26.txt,H1,safe_unidirectional,worst,450.412,7.77,28.125,29817.0,5640.75,2534.09
Detached,DetachedA_55.txt,H1,safe_unidirectional,best,380.074,4.06,21.6,18894.0,5592.18,2346.33
Detached,DetachedD_14.txt,H2,safe_unidirectional,best,370.912,3.15,12.825,12771.0,4013.65,1821.27
Detached,DetachedD_24.txt,H2,hybrid_bidirectional,best,196.671,3.43,2.025,8175.0,4189.89,2016.15
Detached,DetachedA_36.txt,H1,safe_unidirectional,worst,465.0,7.91,28.35,30219.0,5743.83,2587.07
Detached,DetachedD_11.txt,H1,hybrid_bidirectional,best,231.101,5.11,15.975,18399.0,5741.39,2253.59
Detached,DetachedD_25.txt,H2,safe_unidirectional,worst,402.87,5.6,20.925,21804.0,3984.86,1921.79
Detached,DetachedD_14.txt,H2,hybrid_bidirectional,worst,227.803,6.23,8.55,17187.0,4135.58,1995.48
Detached,DetachedD_26.txt,H1,safe_unidirectional,best,395.752,4.2,22.275,19512.0,5640.75,2391.75
Detached,DetachedA_55.txt,H1,hybrid_bidirectional,worst,296.099,7.49,25.425,27933.0,5669.73,2548.54
Detached,DetachedA_53.txt,H2,safe_unidirectional,best,358.161,3.22,11.7,12378.0,3916.08,1797.52
Detached,DetachedA_36.txt,H1,safe_unidirectional,best,418.106,4.2,22.275,19512.0,5743.83,2475.65
Detached,DetachedD_14.txt,H2,hybrid_bidirectional,best,209.538,3.71,1.35,8439.0,4183.8,2020.96
Detached,DetachedD_30.txt,H1,safe_unidirectional,worst,453.649,7.56,28.35,29484.0,5612.2,2519.12
Detached,DetachedA_55.txt,H1,hybrid_bidirectional,best,232.578,4.9,15.525,17742.0,5641.35,2202.1
Detached,DetachedA_53.txt,H2,hybrid_bidirectional,worst,207.818,6.02,8.325,16638.0,4041.86,1953.32
Detached,DetachedD_26.txt,H1,hybrid_bidirectional,worst,292.644,7.63,26.1,28551.0,5727.43,2611.43
Detached,DetachedD_11.txt,H2,safe_unidirectional,worst,425.502,5.39,20.25,21039.0,4168.34,2010.83
Detached,DetachedD_25.txt,H2,safe_unidirectional,best,365.018,3.22,13.05,13026.0,3984.86,1823.37
Detached,DetachedA_36.txt,H1,hybrid_bidirectional,worst,312.154,7.98,26.55,29502.0,5828.17,2638.54
Detached,DetachedA_53.txt,H2,hybrid_bidirectional,best,191.233,3.5,1.575,8106.0,4081.27,1959.26
Detached,DetachedD_26.txt,H1,hybrid_bidirectional,best,236.605,4.76,17.325,18312.0,5708.77,2284.47
Detached,DetachedD_25.txt,H2,hybrid_bidirectional,worst,215.743,6.37,8.325,17373.0,4115.77,1993.25
Detached,DetachedD_30.txt,H1,safe_unidirectional,best,400.236,4.13,21.6,19041.0,5612.2,2353.25
Detached,DetachedD_28.txt,H1,safe_unidirectional,worst,435.402,7.84,27.45,29640.0,5505.55,2471.28
Detached,DetachedD_11.txt,H2,safe_unidirectional,best,393.713,3.15,12.6,12663.0,4168.34,1943.71
Detached,DetachedA_55.txt,H2,safe_unidirectional,worst,408.331,5.25,19.8,20529.0,4087.26,1944.08
Detached,DetachedA_36.txt,H1,hybrid_bidirectional,best,257.746,4.83,17.775,18675.0,5814.26,2347.55
Detached,DetachedD_25.txt,H2,hybrid_bidirectional,best,200.619,3.71,1.575,8547.0,4154.28,2013.5
Detached,DetachedD_30.txt,H1,hybrid_bidirectional,worst,288.544,7.49,26.775,28581.0,5697.8,2587.94
Detached,DetachedA_47.txt,H1,safe_unidirectional,worst,456.934,7.77,28.8,30141.0,5695.09,2554.69
Detached,DetachedD_11.txt,H2,hybrid_bidirectional,worst,231.251,5.81,9.225,16629.0,4305.1,2098.29
Detached,DetachedD_28.txt,H1,safe_unidirectional,best,388.156,4.06,21.825,19002.0,5505.55,2341.79
Detached,DetachedD_26.txt,H2,safe_unidirectional,worst,424.061,5.46,20.25,21186.0,4135.83,1971.41
Detached,DetachedA_55.txt,H2,safe_unidirectional,best,368.559,3.15,11.25,12015.0,4087.26,1860.2
Detached,DetachedD_30.txt,H1,hybrid_bidirectional,best,223.298,4.9,16.425,18174.0,5681.71,2220.53
Detached,DetachedD_11.txt,H2,hybrid_bidirectional,best,210.266,3.57,2.025,8469.0,4348.64,2086.52
Detached,DetachedA_36.txt,H2,safe_unidirectional,worst,435.549,5.53,20.7,21549.0,4238.92,2047.38
Detached,DetachedD_19.txt,H1,safe_unidirectional,worst,448.159,7.56,28.35,29484.0,5588.86,2526.15
Detached,DetachedA_47.txt,H1,safe_unidirectional,best,402.283,4.13,22.5,19473.0,5695.09,2416.82
Detached,DetachedD_28.txt,H1,hybrid_bidirectional,worst,283.075,7.7,26.325,28806.0,5584.25,2531.19
Detached,DetachedA_55.txt,H2,hybrid_bidirectional,worst,218.398,5.67,8.55,16011.0,4213.2,2029.07
Detached,DetachedD_26.txt,H2,safe_unidirectional,best,377.253,3.43,12.15,13035.0,4135.83,1861.36
Detached,DetachedD_28.txt,H1,hybrid_bidirectional,best,224.543,4.62,17.55,18126.0,5564.58,2214.71
Detached,DetachedA_55.txt,H2,hybrid_bidirectional,best,201.994,3.43,1.575,7959.0,4257.92,2052.04
Detached,DetachedA_36.txt,H2,safe_unidirectional,best,402.138,3.22,12.825,12918.0,4238.92,1978.62
Detached,DetachedA_47.txt,H1,hybrid_bidirectional,worst,292.569,7.7,26.775,29022.0,5787.54,2630.1
Detached,DetachedD_29.txt,H1,safe_unidirectional,worst,442.743,7.7,28.8,29994.0,5656.53,2497.16
Detached,DetachedD_19.txt,H1,safe_unidirectional,best,381.35,4.34,20.7,19050.0,5588.86,2335.53
Detached,DetachedD_30.txt,H2,safe_unidirectional,worst,423.895,5.39,20.025,20931.0,4107.29,1963.31
Detached,DetachedD_26.txt,H2,hybrid_bidirectional,worst,224.066,5.95,9.225,16923.0,4271.9,2019.35
Detached,DetachedA_36.txt,H2,hybrid_bidirectional,worst,236.678,6.02,9.45,17178.0,4377.94,2119.98
Detached,DetachedA_47.txt,H1,hybrid_bidirectional,best,222.144,5.11,15.975,18399.0,5765.3,2264.51
Detached,DetachedD_26.txt,H2,hybrid_bidirectional,best,206.259,3.64,2.025,8616.0,4310.6,2015.02
Detached,DetachedD_19.txt,H1,hybrid_bidirectional,worst,285.023,7.84,25.65,28776.0,5673.44,2563.41
Detached,DetachedD_29.txt,H1,safe_unidirectional,best,393.608,4.27,21.6,19335.0,5656.53,2362.06
Detached,DetachedD_30.txt,H2,safe_unidirectional,best,386.653,3.29,11.475,12417.0,4107.29,1876.54
Detached,DetachedD_28.txt,H2,safe_unidirectional,worst,404.717,5.46,20.25,21186.0,4000.64,1899.95
Detached,DetachedA_8.txt,H1,safe_unidirectional,worst,476.309,8.26,29.025,31278.0,5721.92,2583.4
Detached,DetachedA_36.txt,H2,hybrid_bidirectional,best,217.051,3.71,1.8,8655.0,4427.33,2149.28
Detached,DetachedD_19.txt,H1,hybrid_bidirectional,best,226.722,4.83,16.2,17919.0,5647.65,2270.58
Detached,DetachedD_30.txt,H2,hybrid_bidirectional,worst,221.105,5.88,8.325,16344.0,4234.44,2009.93
Detached,DetachedD_29.txt,H1,hybrid_bidirectional,worst,296.485,7.77,26.325,28953.0,5737.3,2549.5
Detached,DetachedD_32.txt,H1,safe_unidirectional,worst,452.293,7.77,28.35,29925.0,5631.81,2537.05
Detached,DetachedA_47.txt,H2,safe_unidirectional,worst,435.641,5.39,20.925,21363.0,4190.17,2032.31
Detached,DetachedA_8.txt,H1,safe_unidirectional,best,424.508,4.41,22.5,20061.0,5721.92,2420.82
Detached,DetachedD_28.txt,H2,safe_unidirectional,best,369.411,3.08,12.375,12408.0,4000.64,1820.61
Detached,DetachedD_30.txt,H2,hybrid_bidirectional,best,207.804,3.64,1.35,8292.0,4276.88,2057.69
Detached,DetachedD_12.txt,H1,safe_unidirectional,worst,449.156,7.91,28.125,30111.0,5575.17,2528.61
Detached,DetachedD_29.txt,H1,hybrid_bidirectional,best,235.33,4.9,16.875,18390.0,5715.69,2237.51
Detached,DetachedD_28.txt,H2,hybrid_bidirectional,worst,213.807,6.16,8.55,17040.0,4118.22,1938.71
Detached,DetachedD_19.txt,H2,safe_unidirectional,worst,422.965,5.32,20.475,21000.0,4083.95,1970.51
Detached,DetachedD_32.txt,H1,safe_unidirectional,best,393.347,4.13,21.6,19041.0,5631.81,2379.22
Detached,DetachedA_8.txt,H1,hybrid_bidirectional,worst,322.051,8.26,26.775,30198.0,5805.53,2652.32
Detached,DetachedA_47.txt,H2,safe_unidirectional,best,393.303,3.29,12.375,12849.0,4190.17,1921.06
Detached,DetachedD_12.txt,H1,safe_unidirectional,best,395.457,4.2,21.825,19296.0,5575.17,2372.28
Detached,DetachedD_28.txt,H2,hybrid_bidirectional,best,199.085,3.57,1.575,8253.0,4157.21,1965.58
Detached,DetachedD_34.txt,H1,safe_unidirectional,worst,452.578,7.91,29.475,30759.0,5650.51,2548.55
Detached,DetachedA_8.txt,H1,hybrid_bidirectional,best,252.795,5.04,17.775,19116.0,5793.08,2309.37
Detached,DetachedA_47.txt,H2,hybrid_bidirectional,worst,224.103,5.88,9.225,16776.0,4323.53,2096.07
Detached,DetachedD_29.txt,H2,safe_unidirectional,worst,426.237,5.53,20.25,21333.0,4151.62,2000.86
Detached,DetachedD_32.txt,H1,hybrid_bidirectional,worst,296.367,7.7,26.55,28914.0,5718.88,2600.79
Detached,DetachedD_19.txt,H2,safe_unidirectional,best,365.853,3.43,10.575,12279.0,4083.95,1852.32
Detached,DetachedD_12.txt,H1,hybrid_bidirectional,worst,293.645,7.98,26.55,29502.0,5657.81,2574.85
Detached,DetachedA_47.txt,H2,hybrid_bidirectional,best,205.565,3.64,1.8,8508.0,4366.02,2091.67
Detached,DetachedD_32.txt,H1,hybrid_bidirectional,best,234.084,4.69,17.1,18057.0,5697.93,2278.23
Detached,DetachedD_34.txt,H1,safe_unidirectional,best,403.855,4.27,21.6,19335.0,5650.51,2407.91
Detached,DetachedD_19.txt,H2,hybrid_bidirectional,worst,212.412,5.95,8.775,16707.0,4218.37,2036.76
Detached,DetachedD_16.txt,H1,safe_unidirectional,worst,435.398,7.28,28.35,28896.0,5612.38,2530.93
Detached,DetachedD_29.txt,H2,safe_unidirectional,best,378.147,3.36,12.15,12888.0,4151.62,1895.03
Detached,DetachedA_8.txt,H2,safe_unidirectional,worst,452.98,5.88,21.825,22824.0,4217.0,2039.75
Detached,DetachedD_12.txt,H1,hybrid_bidirectional,best,230.131,4.9,16.65,18282.0,5638.79,2252.18
Detached,DetachedD_19.txt,H2,hybrid_bidirectional,best,195.303,3.57,1.575,8253.0,4261.65,2042.89
Detached,DetachedD_34.txt,H1,hybrid_bidirectional,worst,301.851,7.77,28.35,29925.0,5735.63,2627.63
Detached,DetachedD_29.txt,H2,hybrid_bidirectional,worst,229.415,6.09,8.55,16893.0,4282.84,2033.77
Detached,DetachedA_51.txt,H1,safe_unidirectional,worst,443.496,7.77,28.35,29925.0,5521.2,2499.14
Detached,DetachedD_16.txt,H1,safe_unidirectional,best,380.435,4.2,20.7,18756.0,5612.38,2338.99
Detached,DetachedD_32.txt,H2,safe_unidirectional,worst,427.232,5.39,21.15,21471.0,4126.89,1971.63
Detached,DetachedA_8.txt,H2,safe_unidirectional,best,410.566,3.64,12.825,13800.0,4217.0,1913.51
Detached,DetachedD_34.txt,H1,hybrid_bidirectional,best,232.3,5.11,15.975,18399.0,5714.4,2261.2
Detached,DetachedD_29.txt,H2,hybrid_bidirectional,best,214.967,3.71,1.8,8655.0,4324.74,2084.3
Detached,DetachedD_12.txt,H2,safe_unidirectional,worst,422.874,5.67,20.25,21627.0,4070.26,1966.56
Detached,DetachedD_6.txt,H1,safe_unidirectional,worst,446.709,8.12,27.9,30444.0,5632.84,2513.26
Detached,DetachedD_16.txt,H1,hybrid_bidirectional,worst,290.327,7.21,26.325,27777.0,5687.61,2596.31
Detached,DetachedA_51.txt,H1,safe_unidirectional,best,387.689,4.2,21.6,19188.0,5521.2,2333.57
Detached,DetachedA_8.txt,H2,hybrid_bidirectional,worst,250.208,6.3,10.125,18090.0,4347.99,2113.01
Detached,DetachedD_32.txt,H2,safe_unidirectional,best,388.425,3.15,11.925,12339.0,4126.89,1915.54
Detached,DetachedD_16.txt,H1,hybrid_bidirectional,best,219.177,4.9,15.525,17742.0,5667.32,2206.44
Detached,DetachedD_12.txt,H2,safe_unidirectional,best,370.01,3.43,11.475,12711.0,4070.26,1840.51
Detached,DetachedD_15.txt,H1,safe_unidirectional,worst,432.247,7.98,27.45,29934.0,5518.07,2441.41
Detached,DetachedA_8.txt,H2,hybrid_bidirectional,best,233.343,3.85,2.025,9057.0,4385.89,2128.35
Detached,DetachedD_34.txt,H2,safe_unidirectional,worst,433.151,5.6,21.15,21912.0,4145.59,2013.4
Detached,DetachedD_6.txt,H1,safe_unidirectional,best,394.976,4.13,22.05,19257.0,5632.84,2376.5
Detached,DetachedA_51.txt,H1,hybrid_bidirectional,worst,285.835,7.77,26.55,29061.0,5607.13,2559.56
Detached,DetachedD_32.txt,H2,hybrid_bidirectional,worst,223.131,6.16,8.325,16932.0,4249.32,2017.53
Detached,DetachedD_12.txt,H2,hybrid_bidirectional,worst,216.296,6.44,7.875,17304.0,4199.28,2025.3
Detached,DetachedA_51.txt,H1,hybrid_bidirectional,best,225.575,4.76,17.1,18204.0,5584.61,2221.93
Detached,DetachedD_32.txt,H2,hybrid_bidirectional,best,205.033,3.64,1.35,8292.0,4298.79,2046.13
Detached,DetachedD_6.txt,H1,hybrid_bidirectional,worst,289.544,8.12,25.65,29364.0,5721.62,2570.82
Detached,DetachedD_15.txt,H1,safe_unidirectional,best,382.909,4.2,21.6,19188.0,5518.07,2311.21
Detached,DetachedD_16.txt,H2,safe_unidirectional,worst,407.127,5.18,19.575,20274.0,4107.47,1962.03
Detached,DetachedD_34.txt,H2,safe_unidirectional,best,390.001,3.22,12.6,12810.0,4145.59,1919.67
Detached,DetachedA_43.txt,H1,safe_unidirectional,worst,430.974,7.56,27.675,29160.0,5504.55,2482.79
Detached,DetachedD_12.txt,H2,hybrid_bidirectional,best,205.073,3.64,1.8,8508.0,4235.09,2032.07
Detached,DetachedD_6.txt,H1,hybrid_bidirectional,best,230.467,5.04,16.2,18360.0,5700.06,2232.03
Detached,DetachedD_34.txt,H2,hybrid_bidirectional,worst,228.932,6.23,9.45,17619.0,4279.07,2064.26
Detached,DetachedD_15.txt,H1,hybrid_bidirectional,worst,287.452,7.91,25.425,28815.0,5596.02,2505.46
Detached,DetachedD_5.txt,H1,safe_unidirectional,worst,458.766,8.05,28.575,30621.0,5635.98,2529.97
Detached,DetachedA_51.txt,H2,safe_unidirectional,worst,414.382,5.6,20.7,21696.0,4016.29,1942.93
Detached,DetachedA_43.txt,H1,safe_unidirectional,best,378.854,4.13,21.15,18825.0,5504.55,2332.48
Detached,DetachedD_16.txt,H2,safe_unidirectional,best,359.102,3.29,10.8,12093.0,4107.47,1869.12
Detached,DetachedD_10.txt,H1,safe_unidirectional,worst,447.576,7.91,28.575,30327.0,5634.97,2530.69
Detached,DetachedD_34.txt,H2,hybrid_bidirectional,best,209.703,3.71,1.575,8547.0,4325.46,2128.19
Detached,DetachedD_15.txt,H1,hybrid_bidirectional,best,228.509,4.97,15.75,17997.0,5580.6,2186.87
Detached,DetachedD_16.txt,H2,hybrid_bidirectional,worst,217.413,5.6,8.1,15648.0,4235.57,2029.19
Detached,DetachedD_6.txt,H2,safe_unidirectional,worst,423.824,5.74,20.025,21666.0,4127.93,1973.99
Detached,DetachedA_43.txt,H1,hybrid_bidirectional,worst,286.597,7.35,26.775,28287.0,5587.48,2569.94
Detached,DetachedD_5.txt,H1,safe_unidirectional,best,401.241,4.41,21.6,19629.0,5635.98,2345.73
Detached,DetachedA_51.txt,H2,safe_unidirectional,best,369.948,3.29,11.925,12633.0,4016.29,1822.17
Detached,DetachedD_10.txt,H1,safe_unidirectional,best,398.599,4.13,22.05,19257.0,5634.97,2395.49
Detached,DetachedD_16.txt,H2,hybrid_bidirectional,best,199.691,3.43,1.8,8067.0,4275.38,2033.49
Detached,DetachedD_20.txt,H1,safe_unidirectional,worst,457.121,7.91,28.575,30327.0,5640.46,2504.99
Detached,DetachedA_43.txt,H1,hybrid_bidirectional,best,221.984,4.83,16.425,18027.0,5564.11,2211.56
Detached,DetachedD_15.txt,H2,safe_unidirectional,worst,410.654,5.53,20.475,21441.0,4013.16,1925.47
Detached,DetachedA_51.txt,H2,hybrid_bidirectional,worst,218.405,6.02,8.775,16854.0,4141.41,2032.31
Detached,DetachedD_5.txt,H1,hybrid_bidirectional,worst,302.706,8.05,25.875,29325.0,5718.52,2596.5
Detached,DetachedD_6.txt,H2,safe_unidirectional,best,379.289,3.22,12.15,12594.0,4127.93,1871.59
Detached,DetachedD_10.txt,H1,hybrid_bidirectional,worst,288.489,7.98,26.55,29502.0,5723.42,2592.76
Detached,DetachedA_51.txt,H2,hybrid_bidirectional,best,190.559,3.57,2.025,8469.0,4172.9,1965.83
Detached,DetachedD_5.txt,H1,hybrid_bidirectional,best,231.029,5.11,16.425,18615.0,5693.63,2222.32
Detached,DetachedD_20.txt,H1,safe_unidirectional,best,386.937,4.41,21.375,19521.0,5640.46,2326.8
Detached,DetachedD_6.txt,H2,hybrid_bidirectional,worst,219.145,6.09,9.675,17433.0,4255.09,2034.75
Detached,DetachedD_9.txt,H1,safe_unidirectional,worst,439.186,7.7,28.8,29994.0,5562.64,2488.6
Detached,DetachedD_15.txt,H2,safe_unidirectional,best,364.79,3.36,11.475,12564.0,4013.16,1814.55
Detached,DetachedA_43.txt,H2,safe_unidirectional,worst,404.061,5.25,20.025,20637.0,3999.64,1919.95
Detached,DetachedD_10.txt,H1,hybrid_bidirectional,best,226.395,4.76,17.325,18312.0,5704.82,2265.69
Detached,DetachedD_6.txt,H2,hybrid_bidirectional,best,201.294,3.64,1.575,8400.0,4299.14,2055.17
Detached,DetachedD_20.txt,H1,hybrid_bidirectional,worst,301.253,7.7,26.775,29022.0,5725.91,2590.57
Detached,DetachedD_15.txt,H2,hybrid_bidirectional,worst,213.182,6.37,7.875,17157.0,4131.24,1949.93
Detached,DetachedA_45.txt,H1,safe_unidirectional,worst,414.616,7.42,28.575,29298.0,5388.14,2428.74
Detached,DetachedD_9.txt,H1,safe_unidirectional,best,392.512,4.2,22.05,19404.0,5562.64,2349.29
Detached,DetachedD_5.txt,H2,safe_unidirectional,worst,432.089,5.67,21.15,22059.0,4131.07,1990.89
Detached,DetachedA_43.txt,H2,safe_unidirectional,best,372.261,3.01,12.6,12369.0,3999.64,1834.5
Detached,DetachedD_10.txt,H2,safe_unidirectional,worst,422.195,5.6,21.15,21912.0,4130.06,1985.75
Detached,DetachedD_20.txt,H1,hybrid_bidirectional,best,237.537,4.9,17.1,18498.0,5706.73,2258.46
Detached,DetachedD_15.txt,H2,hybrid_bidirectional,best,201.844,3.57,1.575,8253.0,4171.56,1993.56
Detached,DetachedA_29.txt,H1,safe_unidirectional,worst,437.087,7.77,28.575,30033.0,5551.9,2488.59
Detached,DetachedD_9.txt,H1,hybrid_bidirectional,worst,284.073,7.7,26.1,28698.0,5653.06,2556.2
Detached,DetachedA_45.txt,H1,safe_unidirectional,best,371.917,3.99,22.05,18963.0,5388.14,2308.54
Detached,DetachedA_43.txt,H2,hybrid_bidirectional,worst,216.243,5.88,8.325,16344.0,4121.4,1976.88
Detached,DetachedD_5.txt,H2,safe_unidirectional,best,390.778,3.43,12.375,13143.0,4131.07,1878.69
Detached,DetachedD_9.txt,H1,hybrid_bidirectional,best,231.328,4.83,17.1,18351.0,5632.79,2238.53
Detached,DetachedD_10.txt,H2,safe_unidirectional,best,383.349,3.36,11.925,12780.0,4130.06,1873.49
Detached,DetachedA_43.txt,H2,hybrid_bidirectional,best,197.773,3.5,1.8,8214.0,4159.25,1993.37
Detached,DetachedA_25.txt,H1,safe_unidirectional,worst,441.516,7.49,28.35,29337.0,5596.82,2509.31
Detached,DetachedA_29.txt,H1,safe_unidirectional,best,395.893,4.06,21.825,19002.0,5551.9,2412.19
Detached,DetachedD_20.txt,H2,safe_unidirectional,worst,437.751,5.39,21.6,21687.0,4135.55,1998.49
Detached,DetachedA_45.txt,H1,hybrid_bidirectional,worst,274.335,7.84,24.975,28452.0,5465.54,2448.45
Detached,DetachedD_5.txt,H2,hybrid_bidirectional,worst,222.726,6.44,8.325,17520.0,4260.31,2031.15
Detached,DetachedD_10.txt,H2,hybrid_bidirectional,worst,214.749,6.23,9.675,17727.0,4269.38,2034.61
Detached,DetachedA_45.txt,H1,hybrid_bidirectional,best,219.826,4.55,18.0,18195.0,5455.72,2194.3
Detached,DetachedA_29.txt,H1,hybrid_bidirectional,worst,278.765,7.84,26.1,28992.0,5636.57,2530.87
Detached,DetachedD_5.txt,H2,hybrid_bidirectional,best,207.553,3.85,1.35,8733.0,4309.87,2065.72
Detached,DetachedA_25.txt,H1,safe_unidirectional,best,400.156,4.2,21.825,19296.0,5596.82,2373.76
Detached,DetachedD_9.txt,H2,safe_unidirectional,worst,415.284,5.39,20.925,21363.0,4057.72,1945.05
Detached,DetachedA_57.txt,H1,safe_unidirectional,worst,420.647,7.42,27.45,28758.0,5499.84,2429.62
Detached,DetachedD_20.txt,H2,safe_unidirectional,best,394.907,3.15,13.275,12987.0,4135.55,1911.87
Detached,DetachedD_10.txt,H2,hybrid_bidirectional,best,202.535,3.57,2.025,8469.0,4307.12,2053.22
Detached,DetachedA_29.txt,H1,hybrid_bidirectional,best,224.632,4.97,15.75,17997.0,5611.54,2226.25
Detached,DetachedD_20.txt,H2,hybrid_bidirectional,worst,230.291,6.02,9.225,17070.0,4258.95,2048.71
Detached,DetachedA_25.txt,H1,hybrid_bidirectional,worst,287.561,7.63,25.65,28335.0,5670.42,2546.31
Detached,DetachedA_45.txt,H2,safe_unidirectional,worst,388.653,5.18,20.7,20814.0,3883.23,1881.37
Detached,DetachedA_57.txt,H1,safe_unidirectional,best,370.501,4.2,20.925,18864.0,5499.84,2274.2
Detached,DetachedA_16.txt,H1,safe_unidirectional,worst,415.521,7.7,28.125,29670.0,5415.17,2405.67
Detached,DetachedD_9.txt,H2,safe_unidirectional,best,379.983,3.29,12.15,12741.0,4057.72,1859.08
Detached,DetachedD_38.txt,H1,safe_unidirectional,worst,433.972,7.42,28.575,29298.0,5520.59,2458.94
Detached,DetachedD_20.txt,H2,hybrid_bidirectional,best,208.976,3.71,1.8,8655.0,4299.33,2011.84
Detached,DetachedA_25.txt,H1,hybrid_bidirectional,best,234.395,4.97,16.425,18321.0,5656.16,2226.29
Detached,DetachedD_9.txt,H2,hybrid_bidirectional,worst,209.225,6.16,8.55,17040.0,4194.36,1989.86
Detached,DetachedA_29.txt,H2,safe_unidirectional,worst,420.665,5.32,21.15,21324.0,4046.98,1962.5
Detached,DetachedA_57.txt,H1,hybrid_bidirectional,worst,274.846,7.35,25.875,27855.0,5575.6,2489.55
Detached,DetachedA_16.txt,H1,safe_unidirectional,best,368.21,3.99,21.6,18747.0,5415.17,2280.44
Detached,DetachedA_45.txt,H2,safe_unidirectional,best,355.91,3.15,12.375,12555.0,3883.23,1784.53
Detached,DetachedD_38.txt,H1,safe_unidirectional,best,375.677,4.13,21.15,18825.0,5520.59,2296.08
Detached,DetachedD_9.txt,H2,hybrid_bidirectional,best,195.706,3.64,1.8,8508.0,4234.43,2001.04
Detached,DetachedA_57.txt,H1,hybrid_bidirectional,best,217.06,4.62,16.875,17802.0,5558.76,2200.92
Detached,DetachedD_3.txt,H1,safe_unidirectional,worst,470.492,8.47,29.25,31827.0,5766.04,2595.96
Detached,DetachedA_25.txt,H2,safe_unidirectional,worst,426.816,5.32,20.025,20784.0,4091.91,1986.89
Detached,DetachedA_45.txt,H2,hybrid_bidirectional,worst,203.028,5.95,8.325,16491.0,4003.44,1926.44
Detached,DetachedA_16.txt,H1,hybrid_bidirectional,worst,276.483,7.63,26.55,28767.0,5491.93,2466.65
Detached,DetachedA_29.txt,H2,safe_unidirectional,best,380.541,3.22,12.15,12594.0,4046.98,1867.27
Detached,DetachedD_38.txt,H1,hybrid_bidirectional,worst,291.245,7.49,26.1,28257.0,5596.78,2504.74
Detached,DetachedA_45.txt,H2,hybrid_bidirectional,best,190.413,3.5,1.8,8214.0,4038.96,1950.13
Detached,DetachedA_29.txt,H2,hybrid_bidirectional,worst,213.288,5.95,9.45,17031.0,4178.35,1982.15
Detached,DetachedA_16.txt,H1,hybrid_bidirectional,best,216.94,4.62,17.325,18018.0,5472.37,2145.11
Detached,DetachedD_3.txt,H1,safe_unidirectional,best,415.446,4.41,22.5,20061.0,5766.04,2424.82
Detached,DetachedA_32.txt,H1,safe_unidirectional,worst,431.077,7.21,28.35,28749.0,5507.07,2480.71
Detached,DetachedA_57.txt,H2,safe_unidirectional,worst,397.676,5.11,19.125,19911.0,3994.92,1910.23
Detached,DetachedA_25.txt,H2,safe_unidirectional,best,384.592,3.29,12.15,12741.0,4091.91,1883.9
Detached,DetachedD_38.txt,H1,hybrid_bidirectional,best,228.623,4.55,17.1,17763.0,5582.11,2224.68
Detached,DetachedA_29.txt,H2,hybrid_bidirectional,best,199.364,3.57,1.575,8253.0,4217.0,1990.28
Detached,DetachedD_3.txt,H1,hybrid_bidirectional,worst,309.872,8.4,27.225,30708.0,5851.45,2657.27
Detached,DetachedA_25.txt,H2,hybrid_bidirectional,worst,212.939,5.81,8.325,16197.0,4218.73,2044.72
Detached,DetachedA_32.txt,H1,safe_unidirectional,best,382.233,3.99,21.15,18531.0,5507.07,2347.91
Detached,DetachedA_44.txt,H1,safe_unidirectional,worst,443.156,7.56,28.35,29484.0,5565.62,2508.15
Detached,DetachedA_16.txt,H2,safe_unidirectional,worst,387.717,5.25,20.7,20961.0,3910.26,1872.53
Detached,DetachedA_57.txt,H2,safe_unidirectional,best,358.633,3.15,11.025,11907.0,3994.92,1823.47
Detached,DetachedD_38.txt,H2,safe_unidirectional,worst,407.675,5.25,19.8,20529.0,4015.68,1904.07
Detached,DetachedD_3.txt,H1,hybrid_bidirectional,best,247.946,5.18,17.325,19194.0,5826.6,2313.41
Detached,DetachedA_25.txt,H2,hybrid_bidirectional,best,203.203,3.64,1.575,8400.0,4260.78,2057.06
Detached,DetachedA_15.txt,H1,safe_unidirectional,worst,431.591,7.63,27.45,29199.0,5616.99,2486.21
Detached,DetachedA_32.txt,H1,hybrid_bidirectional,worst,285.861,7.14,26.1,27522.0,5574.28,2532.41
Detached,DetachedA_44.txt,H1,safe_unidirectional,best,386.43,4.13,21.15,18825.0,5565.62,2377.75
Detached,DetachedA_57.txt,H2,hybrid_bidirectional,worst,205.474,5.6,7.65,15432.0,4115.55,1978.85
Detached,DetachedA_16.txt,H2,safe_unidirectional,best,345.404,3.15,11.925,12339.0,3910.26,1760.35
Detached,DetachedA_32.txt,H1,hybrid_bidirectional,best,223.373,4.48,17.1,17616.0,5555.7,2205.93
Detached,DetachedD_38.txt,H2,safe_unidirectional,best,363.851,3.08,11.25,11868.0,4015.68,1831.74
Detached,DetachedA_57.txt,H2,hybrid_bidirectional,best,200.389,3.36,1.8,7920.0,4156.38,2042.56
Detached,DetachedA_31.txt,H1,safe_unidirectional,worst,443.803,7.77,28.575,30033.0,5560.43,2513.02
Detached,DetachedA_15.txt,H1,safe_unidirectional,best,394.956,3.99,22.05,18963.0,5616.99,2396.23
Detached,DetachedD_3.txt,H2,safe_unidirectional,worst,445.196,6.02,21.375,22902.0,4261.13,2061.11
Detached,DetachedA_44.txt,H1,hybrid_bidirectional,worst,290.183,7.63,26.325,28659.0,5645.58,2542.28
Detached,DetachedA_16.txt,H2,hybrid_bidirectional,worst,200.849,6.02,8.325,16638.0,4022.81,1906.62
Detached,DetachedD_38.txt,H2,hybrid_bidirectional,worst,210.7,5.74,8.55,16158.0,4135.94,1957.79
Detached,DetachedA_44.txt,H1,hybrid_bidirectional,best,223.653,4.9,15.75,17850.0,5621.01,2222.67
Detached,DetachedA_15.txt,H1,hybrid_bidirectional,worst,287.195,7.49,26.1,28257.0,5691.49,2545.16
Detached,DetachedA_16.txt,H2,hybrid_bidirectional,best,186.285,3.43,1.8,8067.0,4063.33,1943.86
Detached,DetachedA_31.txt,H1,safe_unidirectional,best,392.771,4.2,21.375,19080.0,5560.43,2369.96
Detached,DetachedA_32.txt,H2,safe_unidirectional,worst,406.764,5.04,19.8,20088.0,4002.16,1939.17
Detached,DetachedA_56.txt,H1,safe_unidirectional,worst,455.563,7.84,28.35,30072.0,5630.61,2535.96
Detached,DetachedD_3.txt,H2,safe_unidirectional,best,402.693,3.5,13.05,13614.0,4261.13,1932.32
Detached,DetachedD_38.txt,H2,hybrid_bidirectional,best,192.71,3.43,1.575,7959.0,4179.75,1984.13
Detached,DetachedA_15.txt,H1,hybrid_bidirectional,best,225.44,4.76,16.65,17988.0,5670.18,2203.99
Detached,DetachedA_31.txt,H1,hybrid_bidirectional,worst,296.107,7.7,26.1,28698.0,5643.94,2586.85
Detached,DetachedD_3.txt,H2,hybrid_bidirectional,worst,237.045,6.93,8.775,18765.0,4379.84,2104.53
Detached,DetachedA_32.txt,H2,safe_unidirectional,best,365.412,3.01,11.475,11829.0,4002.16,1855.99
Detached,DetachedA_44.txt,H2,safe_unidirectional,worst,420.195,5.18,20.7,20814.0,4060.71,1974.93
Detached,DetachedA_56.txt,H1,safe_unidirectional,best,396.731,4.2,21.825,19296.0,5630.61,2359.25
Detached,DetachedA_17.txt,H1,safe_unidirectional,worst,429.544,7.56,28.125,29376.0,5530.02,2483.41
Detached,DetachedA_20.txt,H1,safe_unidirectional,worst,436.271,7.56,28.125,29376.0,5512.82,2481.41
Detached,DetachedA_31.txt,H1,hybrid_bidirectional,best,235.959,4.9,15.975,17958.0,5620.07,2246.37
Detached,DetachedD_3.txt,H2,hybrid_bidirectional,best,218.704,3.85,1.8,8949.0,4424.21,2105.23
Detached,DetachedA_32.txt,H2,hybrid_bidirectional,worst,215.047,5.46,8.1,15354.0,4118.65,2000.69
Detached,DetachedA_15.txt,H2,safe_unidirectional,worst,418.399,5.18,20.25,20598.0,4112.08,1978.95
Detached,DetachedA_56.txt,H1,hybrid_bidirectional,worst,298.664,7.77,26.55,29061.0,5714.06,2606.14
Detached,DetachedA_17.txt,H1,safe_unidirectional,best,381.038,4.2,20.925,18864.0,5530.02,2337.05
Detached,DetachedA_44.txt,H2,safe_unidirectional,best,366.536,3.22,11.025,12054.0,4060.71,1861.96
Detached,DetachedA_20.txt,H1,safe_unidirectional,best,385.771,4.13,21.6,19041.0,5512.82,2337.99
Detached,DetachedA_32.txt,H2,hybrid_bidirectional,best,202.64,3.43,1.35,7851.0,4159.69,2004.95
Detached,DetachedA_56.txt,H1,hybrid_bidirectional,best,232.665,5.04,16.425,18468.0,5688.22,2204.41
Detached,DetachedA_10.txt,H1,safe_unidirectional,worst,411.668,7.7,27.225,29238.0,5432.07,2397.14
Detached,DetachedA_31.txt,H2,safe_unidirectional,worst,424.077,5.39,20.925,21363.0,4055.52,1991.03
Detached,DetachedA_44.txt,H2,hybrid_bidirectional,worst,223.918,5.81,8.55,16305.0,4169.25,2029.95
Detached,DetachedA_15.txt,H2,safe_unidirectional,best,383.467,2.94,12.15,12006.0,4112.08,1907.82
Detached,DetachedA_17.txt,H1,hybrid_bidirectional,worst,284.382,7.49,25.65,28041.0,5607.41,2540.1
Detached,DetachedA_20.txt,H1,hybrid_bidirectional,worst,291.547,7.7,25.875,28590.0,5589.15,2524.83
Detached,DetachedA_44.txt,H2,hybrid_bidirectional,best,202.935,3.43,1.8,8067.0,4210.83,2042.4
Detached,DetachedA_26.txt,H1,safe_unidirectional,worst,449.322,7.84,28.35,30072.0,5631.82,2513.12
Detached,DetachedA_15.txt,H2,hybrid_bidirectional,worst,213.122,5.74,8.325,16050.0,4236.08,2004.73
Detached,DetachedA_17.txt,H1,hybrid_bidirectional,best,220.516,4.76,16.425,17880.0,5592.53,2211.41
Detached,DetachedA_10.txt,H1,safe_unidirectional,best,360.535,4.13,21.375,18933.0,5432.07,2252.75
Detached,DetachedA_31.txt,H2,safe_unidirectional,best,372.619,3.29,11.7,12525.0,4055.52,1860.08
Detached,DetachedA_20.txt,H1,hybrid_bidirectional,best,225.479,4.9,16.2,18066.0,5573.12,2179.68
Detached,DetachedA_56.txt,H2,safe_unidirectional,worst,427.379,5.67,20.25,21627.0,4125.7,1978.43
Detached,DetachedA_15.txt,H2,hybrid_bidirectional,best,206.564,3.5,1.575,8106.0,4278.0,2027.43
Detached,DetachedA_10.txt,H1,hybrid_bidirectional,worst,276.594,7.63,25.65,28335.0,5507.12,2454.6
Detached,DetachedA_26.txt,H1,safe_unidirectional,best,406.994,4.2,22.05,19404.0,5631.82,2375.35
Detached,DetachedA_31.txt,H2,hybrid_bidirectional,worst,214.921,6.16,8.325,16932.0,4165.62,1991.09
Detached,DetachedA_50.txt,H1,safe_unidirectional,worst,430.595,7.84,28.125,29964.0,5469.5,2474.35
Detached,DetachedA_17.txt,H2,safe_unidirectional,worst,403.074,5.32,20.025,20784.0,4025.1,1932.49
Detached,DetachedA_56.txt,H2,safe_unidirectional,best,384.443,3.43,11.7,12819.0,4125.7,1866.75
Detached,DetachedA_20.txt,H2,safe_unidirectional,worst,402.426,5.46,19.8,20970.0,4007.9,1908.09
Detached,DetachedA_10.txt,H1,hybrid_bidirectional,best,218.574,4.69,16.875,17949.0,5492.22,2159.42
Detached,DetachedA_31.txt,H2,hybrid_bidirectional,best,200.63,3.57,1.575,8253.0,4205.34,2000.76
Detached,DetachedA_26.txt,H1,hybrid_bidirectional,worst,298.391,7.84,26.325,29100.0,5710.76,2562.45
Detached,DetachedA_14.txt,H1,safe_unidirectional,worst,425.346,7.63,27.45,29199.0,5476.21,2440.78
Detached,DetachedA_50.txt,H1,safe_unidirectional,best,382.27,3.99,22.275,19071.0,5469.5,2362.67
Detached,DetachedA_56.txt,H2,hybrid_bidirectional,worst,223.877,6.23,9.0,17403.0,4261.27,2016.67
Detached,DetachedA_17.txt,H2,safe_unidirectional,best,367.554,3.15,11.475,12123.0,4025.1,1853.76
Detached,DetachedA_26.txt,H1,hybrid_bidirectional,best,243.496,4.83,17.325,18459.0,5691.39,2261.67
Detached,DetachedA_20.txt,H2,safe_unidirectional,best,371.626,3.15,12.6,12663.0,4007.9,1819.48
Detached,DetachedA_19.txt,H1,safe_unidirectional,worst,474.947,7.98,29.25,30798.0,5708.47,2582.78
Detached,DetachedA_14.txt,H1,safe_unidirectional,best,368.071,4.2,20.7,18756.0,5476.21,2287.26
Detached,DetachedA_10.txt,H2,safe_unidirectional,worst,392.668,5.25,20.475,20853.0,3927.16,1868.61
Detached,DetachedA_56.txt,H2,hybrid_bidirectional,best,208.665,3.71,1.8,8655.0,4301.17,2030.91
Detached,DetachedA_50.txt,H1,hybrid_bidirectional,worst,277.797,7.77,27.0,29277.0,5553.85,2520.86
Detached,DetachedA_17.txt,H2,hybrid_bidirectional,worst,209.48,5.74,8.55,16158.0,4142.74,1991.51
Detached,DetachedA_20.txt,H2,hybrid_bidirectional,worst,219.41,5.88,8.775,16560.0,4136.35,1956.6
Detached,DetachedA_50.txt,H1,hybrid_bidirectional,best,221.896,4.76,16.875,18096.0,5530.42,2193.36
Detached,DetachedA_14.txt,H1,hybrid_bidirectional,worst,277.471,7.42,26.325,28218.0,5559.57,2518.6
Detached,DetachedA_17.txt,H2,hybrid_bidirectional,best,196.358,3.5,1.575,8106.0,4182.63,1999.44
Detached,DetachedA_26.txt,H2,safe_unidirectional,worst,430.493,5.46,20.25,21186.0,4126.91,1997.06
Detached,DetachedA_19.txt,H1,safe_unidirectional,best,419.402,4.34,21.6,19482.0,5708.47,2433.75
Detached,DetachedA_10.txt,H2,safe_unidirectional,best,350.904,3.15,11.925,12339.0,3927.16,1792.34
Detached,DetachedA_42.txt,H1,safe_unidirectional,worst,431.629,7.56,28.575,29592.0,5558.96,2506.95
Detached,DetachedA_20.txt,H2,hybrid_bidirectional,best,207.122,3.64,1.35,8292.0,4177.68,2007.49
Detached,DetachedA_14.txt,H1,hybrid_bidirectional,best,216.451,4.76,16.2,17772.0,5536.63,2178.19
Detached,DetachedA_10.txt,H2,hybrid_bidirectional,worst,198.996,5.95,8.1,16383.0,4056.25,1945.51
Detached,DetachedA_19.txt,H1,hybrid_bidirectional,worst,309.413,7.98,26.55,29502.0,5798.81,2643.77
Detached,DetachedA_26.txt,H2,safe_unidirectional,best,392.499,3.29,12.375,12849.0,4126.91,1883.06
Detached,DetachedA_50.txt,H2,safe_unidirectional,worst,408.848,5.39,20.925,21363.0,3964.58,1933.0
Detached,DetachedD_4.txt,H1,safe_unidirectional,worst,436.403,7.63,28.8,29847.0,5514.68,2464.94
Detached,DetachedA_42.txt,H1,safe_unidirectional,best,379.183,4.27,20.925,19011.0,5558.96,2326.67
Detached,DetachedA_34.txt,H1,safe_unidirectional,worst,444.833,7.7,28.8,29994.0,5525.58,2487.24
Detached,DetachedA_10.txt,H2,hybrid_bidirectional,best,189.076,3.5,1.575,8106.0,4095.6,1967.79
Detached,DetachedA_19.txt,H1,hybrid_bidirectional,best,247.64,4.97,17.1,18645.0,5778.84,2324.14
Detached,DetachedA_26.txt,H2,hybrid_bidirectional,worst,224.268,6.02,9.225,17070.0,4243.85,2062.43
Detached,DetachedA_14.txt,H2,safe_unidirectional,worst,403.215,5.25,19.8,20529.0,3971.3,1903.7
Detached,DetachedA_42.txt,H1,hybrid_bidirectional,worst,284.077,7.77,26.1,28845.0,5641.96,2544.99
Detached,DetachedD_4.txt,H1,safe_unidirectional,best,379.455,4.13,21.6,19041.0,5514.68,2332.38
Detached,DetachedA_50.txt,H2,safe_unidirectional,best,363.712,3.22,11.925,12486.0,3964.58,1814.47
Detached,DetachedA_26.txt,H2,hybrid_bidirectional,best,205.02,3.64,1.8,8508.0,4283.19,2055.98
Detached,DetachedA_34.txt,H1,safe_unidirectional,best,394.466,4.2,21.6,19188.0,5525.58,2340.21
Detached,DetachedA_38.txt,H1,safe_unidirectional,worst,461.759,7.98,28.35,30366.0,5655.68,2551.64
Detached,DetachedA_42.txt,H1,hybrid_bidirectional,best,229.971,4.83,16.875,18243.0,5621.41,2214.58
Detached,DetachedA_14.txt,H2,safe_unidirectional,best,361.899,3.08,11.7,12084.0,3971.3,1827.41
Detached,DetachedA_19.txt,H2,safe_unidirectional,worst,449.206,5.46,21.825,21942.0,4203.56,2045.91
Detached,DetachedA_50.txt,H2,hybrid_bidirectional,worst,210.283,6.23,8.325,17079.0,4080.64,1968.29
Detached,DetachedD_4.txt,H1,hybrid_bidirectional,worst,281.613,7.77,26.1,28845.0,5593.35,2511.63
Detached,DetachedA_34.txt,H1,hybrid_bidirectional,worst,303.699,7.84,26.55,29208.0,5603.06,2524.16
Detached,DetachedA_27.txt,H1,safe_unidirectional,worst,435.275,7.84,28.35,30072.0,5544.34,2486.79
Detached,DetachedA_14.txt,H2,hybrid_bidirectional,worst,204.6,5.74,8.325,16050.0,4098.46,1978.33
Detached,DetachedA_50.txt,H2,hybrid_bidirectional,best,194.518,3.5,1.8,8214.0,4116.5,1969.27
Detached,DetachedA_38.txt,H1,safe_unidirectional,best,418.426,4.2,22.5,19620.0,5655.68,2428.72
Detached,DetachedD_4.txt,H1,hybrid_bidirectional,best,222.58,4.69,17.55,18273.0,5576.52,2231.02
Detached,DetachedA_19.txt,H2,safe_unidirectional,best,393.394,3.36,12.15,12888.0,4203.56,1915.29
Detached,DetachedA_34.txt,H1,hybrid_bidirectional,best,244.216,4.76,17.55,18420.0,5583.74,2228.0
Detached,DetachedA_42.txt,H2,safe_unidirectional,worst,409.398,5.46,20.025,21078.0,4054.04,1954.68
Detached,DetachedA_14.txt,H2,hybrid_bidirectional,best,189.113,3.43,1.8,8067.0,4133.99,1989.21
Detached,DetachedA_38.txt,H1,hybrid_bidirectional,worst,302.775,7.77,26.325,28953.0,5743.82,2646.56
Detached,DetachedA_27.txt,H1,safe_unidirectional,best,377.69,4.2,22.05,19404.0,5544.34,2319.21
Detached,DetachedA_19.txt,H2,hybrid_bidirectional,worst,228.563,6.23,9.675,17727.0,4332.65,2093.88
Detached,DetachedD_13.txt,H1,safe_unidirectional,worst,441.992,7.63,28.575,29739.0,5556.21,2477.32
Detached,DetachedD_4.txt,H2,safe_unidirectional,worst,406.196,5.46,20.25,21186.0,4009.77,1902.15
Detached,DetachedA_42.txt,H2,safe_unidirectional,best,371.103,3.36,11.475,12564.0,4054.04,1862.0
Detached,DetachedA_34.txt,H2,safe_unidirectional,worst,422.495,5.46,21.15,21618.0,4020.67,1946.54
Detached,DetachedA_38.txt,H1,hybrid_bidirectional,best,229.461,5.04,17.1,18792.0,5725.16,2269.91
Detached,DetachedA_19.txt,H2,hybrid_bidirectional,best,207.405,3.78,1.8,8802.0,4377.52,2114.57
Detached,DetachedA_28.txt,H1,safe_unidirectional,worst,427.6,7.91,27.675,29895.0,5447.02,2449.93
Detached,DetachedA_27.txt,H1,hybrid_bidirectional,worst,293.278,7.91,26.55,29355.0,5626.55,2544.16
Detached,DetachedD_13.txt,H1,safe_unidirectional,best,383.305,4.13,21.825,19149.0,5556.21,2330.68
Detached,DetachedA_42.txt,H2,hybrid_bidirectional,worst,216.956,6.02,8.325,16638.0,4184.04,2007.18
Detached,DetachedD_4.txt,H2,safe_unidirectional,best,370.955,3.15,12.375,12555.0,4009.77,1835.98
Detached,DetachedA_27.txt,H1,hybrid_bidirectional,best,225.593,5.04,16.425,18468.0,5606.21,2188.29
Detached,DetachedA_34.txt,H2,safe_unidirectional,best,381.059,3.36,11.925,12780.0,4020.67,1839.46
Detached,DetachedA_28.txt,H1,safe_unidirectional,best,383.742,4.06,21.825,19002.0,5447.02,2333.32
Detached,DetachedA_42.txt,H2,hybrid_bidirectional,best,206.469,3.57,1.575,8253.0,4224.14,2041.08
Detached,DetachedA_18.txt,H1,safe_unidirectional,worst,438.977,7.7,27.675,29454.0,5516.0,2462.81
Detached,DetachedA_38.txt,H2,safe_unidirectional,worst,433.785,5.6,20.925,21804.0,4150.77,1991.61
Detached,DetachedD_13.txt,H1,hybrid_bidirectional,worst,291.588,7.7,26.55,28914.0,5641.01,2538.09
Detached,DetachedD_4.txt,H2,hybrid_bidirectional,worst,208.505,6.16,7.875,16716.0,4126.28,1962.04
Detached,DetachedA_34.txt,H2,hybrid_bidirectional,worst,212.714,6.09,9.45,17325.0,4142.7,1965.44
Detached,DetachedA_28.txt,H1,hybrid_bidirectional,worst,282.694,7.84,25.65,28776.0,5524.97,2512.82
Detached,DetachedD_13.txt,H1,hybrid_bidirectional,best,229.781,4.76,17.325,18312.0,5619.54,2218.03
Detached,DetachedA_27.txt,H2,safe_unidirectional,worst,410.516,5.53,20.925,21657.0,4039.43,1935.94
Detached,DetachedD_4.txt,H2,hybrid_bidirectional,best,197.965,3.57,1.8,8361.0,4166.78,1988.49
Detached,DetachedA_18.txt,H1,safe_unidirectional,best,383.418,4.2,21.6,19188.0,5516.0,2298.84
Detached,DetachedA_38.txt,H2,safe_unidirectional,best,394.854,3.43,12.825,13359.0,4150.77,1887.95
Detached,DetachedA_9.txt,H1,safe_unidirectional,worst,438.139,7.56,28.8,29700.0,5503.55,2486.57
Detached,DetachedA_34.txt,H2,hybrid_bidirectional,best,196.532,3.57,2.025,8469.0,4183.01,1997.61
Detached,DetachedA_28.txt,H1,hybrid_bidirectional,best,229.818,4.69,17.1,18057.0,5502.26,2218.94
Detached,DetachedA_38.txt,H2,hybrid_bidirectional,worst,230.247,6.23,9.45,17619.0,4278.71,2048.66
Detached,DetachedA_18.txt,H1,hybrid_bidirectional,worst,283.296,7.7,25.875,28590.0,5601.47,2528.52
Detached,DetachedA_27.txt,H2,safe_unidirectional,best,366.997,3.36,11.925,12780.0,4039.43,1833.39
Detached,DetachedD_13.txt,H2,safe_unidirectional,worst,417.124,5.46,20.025,21078.0,4051.29,1937.4
Detached,DetachedD_33.txt,H1,safe_unidirectional,worst,425.46,7.7,27.9,29562.0,5421.71,2444.64
Detached,DetachedA_9.txt,H1,safe_unidirectional,best,388.432,3.99,22.05,18963.0,5503.55,2363.2
Detached,DetachedA_35.txt,H1,safe_unidirectional,worst,428.237,7.63,28.35,29631.0,5499.36,2481.06
Detached,DetachedA_38.txt,H2,hybrid_bidirectional,best,211.836,3.85,1.575,8841.0,4325.6,2079.31
Detached,DetachedA_18.txt,H1,hybrid_bidirectional,best,222.388,4.76,16.875,18096.0,5581.25,2213.05
Detached,DetachedA_27.txt,H2,hybrid_bidirectional,worst,214.944,6.3,8.1,17118.0,4168.25,2031.6
Detached,DetachedA_28.txt,H2,safe_unidirectional,worst,401.388,5.32,20.925,21216.0,3942.1,1914.6
Detached,DetachedA_9.txt,H1,hybrid_bidirectional,worst,286.356,7.7,25.875,28590.0,5583.08,2516.49
Detached,DetachedD_33.txt,H1,safe_unidirectional,best,376.393,4.06,21.825,19002.0,5421.71,2332.42
Detached,DetachedD_13.txt,H2,safe_unidirectional,best,374.26,3.29,12.15,12741.0,4051.29,1835.62
Detached,DetachedA_12.txt,H1,hybrid_bidirectional,best,223.734,4.83,16.425,18027.0,5649.79,2247.69
Detached,DetachedA_0.txt,H2,hybrid_bidirectional,worst,214.845,6.16,8.325,16932.0,4172.53,2032.44
Detached,DetachedA_39.txt,H1,safe_unidirectional,worst,431.515,7.63,27.45,29199.0,5566.34,2484.04
Semi-detached,Semi-detachedD_0.txt,H1,safe_unidirectional,best,367.329,4.06,20.925,18570.0,5406.43,2275.07
Semi-detached,Semi-detachedD_25.txt,H2,hybrid_bidirectional,best,191.044,3.36,1.8,7920.0,3980.43,1911.86
Semi-detached,Semi-detachedD_30.txt,H1,hybrid_bidirectional,worst,287.448,7.84,25.875,28884.0,5698.76,2590.64
Semi-detached,Semi-detachedD_26.txt,H2,safe_unidirectional,worst,402.743,5.46,20.475,21294.0,3903.79,1893.19
Detached,DetachedA_0.txt,H2,hybrid_bidirectional,best,197.632,3.5,2.25,8430.0,4202.74,2046.07
Semi-detached,Semi-detachedD_21.txt,H2,safe_unidirectional,best,347.884,3.08,12.825,12624.0,3864.4,1737.08
Semi-detached,Semi-detachedD_0.txt,H1,hybrid_bidirectional,worst,262.06,7.56,24.975,27864.0,5481.67,2445.73
Detached,DetachedA_12.txt,H2,safe_unidirectional,worst,413.787,5.46,20.475,21294.0,4078.22,1956.68
Detached,DetachedA_39.txt,H1,safe_unidirectional,best,386.478,4.27,21.15,19119.0,5566.34,2346.05
Semi-detached,Semi-detachedD_30.txt,H1,hybrid_bidirectional,best,227.523,4.83,17.325,18459.0,5682.07,2263.2
Semi-detached,Semi-detachedD_19.txt,H1,safe_unidirectional,worst,424.119,7.84,27.675,29748.0,5494.06,2458.18
Semi-detached,Semi-detachedD_21.txt,H2,hybrid_bidirectional,worst,205.869,6.02,8.1,16530.0,3971.71,1895.96
Semi-detached,Semi-detachedD_26.txt,H2,safe_unidirectional,best,361.749,3.01,13.05,12585.0,3903.79,1799.92
Detached,DetachedA_4.txt,H1,safe_unidirectional,worst,435.137,7.63,27.9,29415.0,5570.11,2500.05
Semi-detached,Semi-detachedD_0.txt,H1,hybrid_bidirectional,best,209.308,4.76,15.75,17556.0,5462.43,2128.41
Detached,DetachedA_39.txt,H1,hybrid_bidirectional,worst,286.05,7.56,25.2,27972.0,5646.05,2545.5
Semi-detached,Semi-detachedD_21.txt,H2,hybrid_bidirectional,best,184.925,3.5,1.8,8214.0,4012.08,1869.84
Detached,DetachedA_12.txt,H2,safe_unidirectional,best,372.668,3.22,11.7,12378.0,4078.22,1864.6
Semi-detached,Semi-detachedD_26.txt,H2,hybrid_bidirectional,worst,209.342,5.88,9.0,16668.0,4029.19,1943.75
Semi-detached,Semi-detachedD_19.txt,H1,safe_unidirectional,best,370.168,4.2,20.925,18864.0,5494.06,2287.31
Semi-detached,Semi-detachedD_30.txt,H2,safe_unidirectional,worst,419.041,5.25,20.7,20961.0,4107.02,1970.93
Detached,DetachedA_39.txt,H1,hybrid_bidirectional,best,223.957,5.11,15.525,18183.0,5621.09,2188.06
Detached,DetachedA_4.txt,H1,safe_unidirectional,best,390.403,4.13,22.05,19257.0,5570.11,2371.94
Detached,DetachedA_12.txt,H2,hybrid_bidirectional,worst,216.528,6.09,8.1,16677.0,4215.12,2012.92
Semi-detached,Semi-detachedD_0.txt,H2,safe_unidirectional,worst,379.646,5.11,19.575,20127.0,3901.52,1850.65
Semi-detached,Semi-detachedD_26.txt,H2,hybrid_bidirectional,best,193.539,3.5,1.8,8214.0,4067.88,1948.87
Semi-detached,Semi-detachedD_19.txt,H1,hybrid_bidirectional,worst,273.267,7.91,24.975,28599.0,5575.42,2510.88
Semi-detached,Semi-detachedD_35.txt,H1,safe_unidirectional,worst,411.685,7.77,27.9,29709.0,5381.29,2411.47
Detached,DetachedA_12.txt,H2,hybrid_bidirectional,best,199.155,3.57,1.575,8253.0,4255.35,2016.44
Semi-detached,Semi-detachedD_30.txt,H2,safe_unidirectional,best,376.244,3.36,12.15,12888.0,4107.02,1852.45
Detached,DetachedA_4.txt,H1,hybrid_bidirectional,worst,277.493,7.56,25.875,28296.0,5654.99,2569.35
Detached,DetachedA_39.txt,H2,safe_unidirectional,worst,405.469,5.32,19.125,20352.0,4061.43,1929.05
Semi-detached,Semi-detachedD_19.txt,H1,hybrid_bidirectional,best,218.99,4.76,16.425,17880.0,5551.85,2191.8
Semi-detached,Semi-detachedD_0.txt,H2,safe_unidirectional,best,338.595,3.29,10.35,11877.0,3901.52,1761.11
Semi-detached,Semi-detachedD_32.txt,H1,safe_unidirectional,worst,419.94,7.42,27.675,28866.0,5455.63,2436.89
Semi-detached,Semi-detachedD_35.txt,H1,safe_unidirectional,best,363.413,4.06,21.825,19002.0,5381.29,2288.18
Semi-detached,Semi-detachedD_30.txt,H2,hybrid_bidirectional,worst,219.146,6.02,8.325,16638.0,4239.34,2046.07
Detached,DetachedA_4.txt,H1,hybrid_bidirectional,best,219.518,4.9,16.65,18282.0,5635.08,2217.21
Detached,DetachedD_1.txt,H1,safe_unidirectional,worst,437.764,7.63,28.575,29739.0,5578.4,2482.23
Semi-detached,Semi-detachedD_0.txt,H2,hybrid_bidirectional,worst,190.843,5.67,8.325,15903.0,4024.84,1911.55
Detached,DetachedA_39.txt,H2,safe_unidirectional,best,369.008,3.36,11.475,12564.0,4061.43,1844.5
Semi-detached,Semi-detachedD_30.txt,H2,hybrid_bidirectional,best,203.249,3.64,1.8,8508.0,4284.95,2061.59
Semi-detached,Semi-detachedD_35.txt,H1,hybrid_bidirectional,worst,276.942,7.84,25.65,28776.0,5457.59,2454.52
Semi-detached,Semi-detachedD_32.txt,H1,safe_unidirectional,best,363.633,4.06,21.15,18678.0,5455.63,2301.83
Semi-detached,Semi-detachedD_19.txt,H2,safe_unidirectional,worst,400.476,5.32,21.15,21324.0,3989.15,1910.88
Semi-detached,Semi-detachedD_0.txt,H2,hybrid_bidirectional,best,183.882,3.43,1.575,7959.0,4061.73,1939.74
Detached,DetachedA_4.txt,H2,safe_unidirectional,worst,407.349,5.32,20.25,20892.0,4065.2,1937.4
Detached,DetachedA_39.txt,H2,hybrid_bidirectional,worst,216.399,5.67,8.55,16011.0,4188.99,1989.01
Detached,DetachedD_1.txt,H1,safe_unidirectional,best,395.937,4.2,22.05,19404.0,5578.4,2362.99
Semi-detached,Semi-detachedD_35.txt,H1,hybrid_bidirectional,best,220.217,4.69,17.1,18057.0,5434.99,2144.92
Semi-detached,Semi-detachedD_32.txt,H1,hybrid_bidirectional,worst,280.868,7.35,26.1,27963.0,5529.25,2477.47
Semi-detached,Semi-detachedD_34.txt,H1,safe_unidirectional,worst,414.82,7.28,27.45,28464.0,5414.61,2415.89
Semi-detached,Semi-detachedD_19.txt,H2,safe_unidirectional,best,361.434,3.22,11.475,12270.0,3989.15,1826.75
Detached,DetachedA_39.txt,H2,hybrid_bidirectional,best,204.07,3.57,1.575,8253.0,4231.74,2021.89
Detached,DetachedD_1.txt,H1,hybrid_bidirectional,worst,285.168,7.56,26.1,28404.0,5663.58,2532.15
Semi-detached,Semi-detachedD_2.txt,H1,safe_unidirectional,worst,412.987,7.49,28.35,29337.0,5326.78,2392.28
Detached,DetachedA_4.txt,H2,safe_unidirectional,best,369.728,3.22,12.15,12594.0,4065.2,1845.11
Semi-detached,Semi-detachedD_32.txt,H1,hybrid_bidirectional,best,222.526,4.62,17.1,17910.0,5511.03,2171.85
Semi-detached,Semi-detachedD_19.txt,H2,hybrid_bidirectional,worst,204.691,6.09,8.325,16785.0,4119.71,1959.4
Semi-detached,Semi-detachedD_35.txt,H2,safe_unidirectional,worst,386.298,5.39,20.7,21255.0,3876.38,1868.78
Semi-detached,Semi-detachedD_34.txt,H1,safe_unidirectional,best,363.885,4.13,21.15,18825.0,5414.61,2265.52
Detached,DetachedD_1.txt,H1,hybrid_bidirectional,best,232.364,4.62,18.0,18342.0,5644.63,2259.62
Detached,DetachedA_4.txt,H2,hybrid_bidirectional,worst,214.481,5.81,8.325,16197.0,4200.17,2011.17
Detached,DetachedA_11.txt,H1,safe_unidirectional,worst,429.94,7.49,27.9,29121.0,5496.81,2487.18
Semi-detached,Semi-detachedD_2.txt,H1,safe_unidirectional,best,361.152,3.99,21.375,18639.0,5326.78,2256.04
Semi-detached,Semi-detachedD_19.txt,H2,hybrid_bidirectional,best,196.531,3.57,1.35,8145.0,4164.4,1996.72
Semi-detached,Semi-detachedD_34.txt,H1,hybrid_bidirectional,worst,275.523,7.14,25.875,27414.0,5487.54,2486.3
Semi-detached,Semi-detachedD_32.txt,H2,safe_unidirectional,worst,397.126,5.11,20.025,20343.0,3950.71,1897.4
Detached,DetachedA_4.txt,H2,hybrid_bidirectional,best,199.971,3.5,2.025,8322.0,4240.26,2022.04
Semi-detached,Semi-detachedD_35.txt,H2,safe_unidirectional,best,352.302,3.08,12.6,12516.0,3876.38,1785.42
Semi-detached,Semi-detachedD_2.txt,H1,hybrid_bidirectional,worst,281.732,7.56,26.1,28404.0,5394.08,2429.84
Detached,DetachedA_11.txt,H1,safe_unidirectional,best,381.487,4.06,21.6,18894.0,5496.81,2335.78
Detached,DetachedD_1.txt,H2,safe_unidirectional,worst,411.173,5.46,20.7,21402.0,4073.48,1919.07
Semi-detached,Semi-detachedD_34.txt,H1,hybrid_bidirectional,best,218.486,4.55,16.875,17655.0,5466.7,2168.95
Semi-detached,Semi-detachedD_35.txt,H2,hybrid_bidirectional,worst,207.476,6.02,8.325,16638.0,3996.63,1927.73
Semi-detached,Semi-detachedA_5.txt,H1,safe_unidirectional,worst,429.079,7.63,27.675,29307.0,5489.84,2472.44
Semi-detached,Semi-detachedD_2.txt,H1,hybrid_bidirectional,best,212.872,4.76,16.425,17880.0,5376.45,2086.16
Semi-detached,Semi-detachedD_32.txt,H2,safe_unidirectional,best,355.786,3.01,12.15,12153.0,3950.71,1801.5
Detached,DetachedA_5.txt,H1,safe_unidirectional,worst,443.598,7.49,27.675,29013.0,5640.99,2532.95
Detached,DetachedA_11.txt,H1,hybrid_bidirectional,worst,292.108,7.42,26.55,28326.0,5574.05,2524.65
Semi-detached,Semi-detachedD_35.txt,H2,hybrid_bidirectional,best,190.742,3.5,1.575,8106.0,4033.38,1914.81
Detached,DetachedD_1.txt,H2,safe_unidirectional,best,370.186,3.5,11.475,12858.0,4073.48,1822.6
Semi-detached,Semi-detachedA_5.txt,H1,safe_unidirectional,best,379.017,4.06,21.825,19002.0,5489.84,2336.26
Semi-detached,Semi-detachedD_32.txt,H2,hybrid_bidirectional,worst,210.148,5.53,9.45,16149.0,4073.93,1948.38
Semi-detached,Semi-detachedD_34.txt,H2,safe_unidirectional,worst,379.651,5.11,18.0,19371.0,3909.7,1827.65
Detached,DetachedA_11.txt,H1,hybrid_bidirectional,best,234.879,4.55,17.55,17979.0,5556.08,2231.36
Detached,DetachedA_5.txt,H1,safe_unidirectional,best,390.619,4.13,20.925,18717.0,5640.99,2382.18
Detached,DetachedD_1.txt,H2,hybrid_bidirectional,worst,212.036,6.02,9.0,16962.0,4210.33,1984.15
Semi-detached,Semi-detachedD_2.txt,H2,safe_unidirectional,worst,389.839,5.11,20.475,20559.0,3821.87,1846.96
Semi-detached,Semi-detachedD_32.txt,H2,hybrid_bidirectional,best,190.851,3.43,1.8,8067.0,4115.59,1941.77
Semi-detached,Semi-detachedD_23.txt,H1,safe_unidirectional,worst,428.748,7.49,27.675,29013.0,5497.54,2457.71
Semi-detached,Semi-detachedA_5.txt,H1,hybrid_bidirectional,worst,274.292,7.7,25.425,28374.0,5571.23,2520.76
Detached,DetachedD_1.txt,H2,hybrid_bidirectional,best,195.475,3.64,1.8,8508.0,4250.39,1998.32
Semi-detached,Semi-detachedD_34.txt,H2,safe_unidirectional,best,348.281,3.08,11.475,11976.0,3909.7,1773.85
Detached,DetachedA_5.txt,H1,hybrid_bidirectional,worst,278.892,7.63,25.65,28335.0,5724.58,2565.37
Detached,DetachedA_11.txt,H2,safe_unidirectional,worst,402.517,5.11,20.7,20667.0,3991.9,1932.93
Semi-detached,Semi-detachedA_5.txt,H1,hybrid_bidirectional,best,218.974,4.76,16.875,18096.0,5547.28,2167.94
Semi-detached,Semi-detachedD_2.txt,H2,safe_unidirectional,best,342.804,3.22,11.475,12270.0,3821.87,1749.87
Semi-detached,Semi-detachedD_23.txt,H1,safe_unidirectional,best,390.968,3.99,21.825,18855.0,5497.54,2400.3
Semi-detached,Semi-detachedA_6.txt,H1,safe_unidirectional,worst,418.773,7.63,27.9,29415.0,5453.35,2445.18
Semi-detached,Semi-detachedD_34.txt,H2,hybrid_bidirectional,worst,194.051,5.32,7.875,14952.0,4035.37,1915.47
Detached,DetachedA_5.txt,H1,hybrid_bidirectional,best,217.601,5.04,14.625,17604.0,5703.86,2239.77
Semi-detached,Semi-detachedD_2.txt,H2,hybrid_bidirectional,worst,196.913,5.81,8.325,16197.0,3931.41,1888.97
Detached,DetachedD_36.txt,H1,safe_unidirectional,worst,460.855,8.05,28.575,30621.0,5698.41,2566.64
Semi-detached,Semi-detachedD_34.txt,H2,hybrid_bidirectional,best,184.608,3.36,1.575,7812.0,4077.87,1952.5
Detached,DetachedA_11.txt,H2,safe_unidirectional,best,358.075,3.22,11.475,12270.0,3991.9,1834.5
Semi-detached,Semi-detachedD_23.txt,H1,hybrid_bidirectional,worst,280.36,7.49,25.65,28041.0,5577.58,2518.22
Semi-detached,Semi-detachedA_5.txt,H2,safe_unidirectional,worst,402.946,5.32,20.025,20784.0,3984.92,1917.45
Semi-detached,Semi-detachedA_6.txt,H1,safe_unidirectional,best,374.197,3.99,21.15,18531.0,5453.35,2332.37
Semi-detached,Semi-detachedD_2.txt,H2,hybrid_bidirectional,best,183.314,3.43,1.575,7959.0,3969.46,1924.12
Detached,DetachedA_5.txt,H2,safe_unidirectional,worst,421.119,5.25,19.35,20313.0,4136.07,1973.92
Detached,DetachedA_11.txt,H2,hybrid_bidirectional,worst,218.209,5.88,8.1,16236.0,4108.27,1986.29
Detached,DetachedD_36.txt,H1,safe_unidirectional,best,397.745,4.41,21.375,19521.0,5698.41,2374.49
Semi-detached,Semi-detachedD_23.txt,H1,hybrid_bidirectional,best,221.306,4.76,16.425,17880.0,5560.52,2205.57
Semi-detached,Semi-detachedA_6.txt,H1,hybrid_bidirectional,worst,276.878,7.56,26.1,28404.0,5532.53,2510.28
Semi-detached,Semi-detachedD_20.txt,H1,safe_unidirectional,worst,448.994,7.49,28.35,29337.0,5566.08,2514.62
Semi-detached,Semi-detachedA_5.txt,H2,safe_unidirectional,best,365.669,3.22,11.925,12486.0,3984.92,1824.29
Detached,DetachedA_11.txt,H2,hybrid_bidirectional,best,203.541,3.57,1.35,8145.0,4153.35,1987.36
Semi-detached,Semi-detachedD_3.txt,H1,safe_unidirectional,worst,429.319,7.35,29.25,29475.0,5429.55,2472.6
Detached,DetachedD_36.txt,H1,hybrid_bidirectional,worst,297.788,7.84,27.0,29424.0,5785.42,2651.85
Detached,DetachedA_5.txt,H2,safe_unidirectional,best,372.615,3.43,10.125,12063.0,4136.07,1878.61
Semi-detached,Semi-detachedA_6.txt,H1,hybrid_bidirectional,best,212.753,4.97,15.075,17673.0,5510.94,2137.29
Semi-detached,Semi-detachedA_5.txt,H2,hybrid_bidirectional,worst,202.832,5.88,8.325,16344.0,4109.89,1985.03
Semi-detached,Semi-detachedD_23.txt,H2,safe_unidirectional,worst,400.279,5.32,18.9,20244.0,3992.63,1896.73
Semi-detached,Semi-detachedD_20.txt,H1,safe_unidirectional,best,400.667,4.13,22.05,19257.0,5566.08,2384.81
Detached,DetachedD_36.txt,H1,hybrid_bidirectional,best,232.247,4.97,16.425,18321.0,5755.71,2279.52
Detached,DetachedA_5.txt,H2,hybrid_bidirectional,worst,217.315,5.81,7.65,15873.0,4265.22,2022.82
Semi-detached,Semi-detachedD_3.txt,H1,safe_unidirectional,best,380.361,4.13,21.825,19149.0,5429.55,2318.51
Detached,DetachedD_2.txt,H1,safe_unidirectional,worst,448.143,7.42,29.025,29514.0,5640.77,2546.67
Semi-detached,Semi-detachedA_5.txt,H2,hybrid_bidirectional,best,194.269,3.57,1.575,8253.0,4151.1,2009.84
Semi-detached,Semi-detachedD_20.txt,H1,hybrid_bidirectional,worst,292.605,7.35,26.775,28287.0,5650.25,2591.7
Semi-detached,Semi-detachedA_6.txt,H2,safe_unidirectional,worst,400.266,5.25,20.475,20853.0,3948.44,1904.0
Detached,DetachedA_5.txt,H2,hybrid_bidirectional,best,208.92,3.57,1.125,8037.0,4311.8,2083.09
Semi-detached,Semi-detachedD_23.txt,H2,safe_unidirectional,best,368.718,3.08,12.15,12300.0,3992.63,1815.32
Semi-detached,Semi-detachedD_3.txt,H1,hybrid_bidirectional,worst,277.733,7.35,26.775,28287.0,5507.79,2534.74
Detached,DetachedD_2.txt,H1,safe_unidirectional,best,396.468,4.2,21.825,19296.0,5640.77,2390.12
Detached,DetachedD_36.txt,H2,safe_unidirectional,worst,430.517,5.74,20.475,21882.0,4193.5,2001.98
Semi-detached,Semi-detachedD_20.txt,H1,hybrid_bidirectional,best,233.117,4.62,18.225,18450.0,5634.75,2255.31
Semi-detached,Semi-detachedD_23.txt,H2,hybrid_bidirectional,worst,206.547,5.81,7.2,15657.0,4118.29,1973.99
Semi-detached,Semi-detachedA_29.txt,H1,safe_unidirectional,worst,424.487,7.42,28.125,29082.0,5439.52,2461.78
Semi-detached,Semi-detachedD_3.txt,H1,hybrid_bidirectional,best,225.996,4.62,18.0,18342.0,5487.48,2205.32
Semi-detached,Semi-detachedA_6.txt,H2,safe_unidirectional,best,357.615,3.15,11.25,12015.0,3948.44,1812.56
Detached,DetachedA_7.txt,H1,safe_unidirectional,worst,444.394,7.49,29.025,29661.0,5592.75,2519.37
Detached,DetachedD_2.txt,H1,hybrid_bidirectional,worst,290.15,7.56,26.775,28728.0,5727.46,2586.08
Semi-detached,Semi-detachedD_23.txt,H2,hybrid_bidirectional,best,191.913,3.43,1.8,8067.0,4153.38,1994.89
Detached,DetachedD_36.txt,H2,safe_unidirectional,best,386.931,3.36,11.7,12672.0,4193.5,1905.59
Semi-detached,Semi-detachedA_6.txt,H2,hybrid_bidirectional,worst,204.112,5.88,7.875,16128.0,4074.94,1948.34
Semi-detached,Semi-detachedA_29.txt,H1,safe_unidirectional,best,367.777,4.2,21.15,18972.0,5439.52,2261.03
Semi-detached,Semi-detachedD_20.txt,H2,safe_unidirectional,worst,423.475,5.39,19.8,20823.0,4061.17,1973.59
Detached,DetachedD_2.txt,H1,hybrid_bidirectional,best,223.0,5.18,15.525,18330.0,5703.66,2244.83
Detached,DetachedA_7.txt,H1,safe_unidirectional,best,394.191,4.06,22.5,19326.0,5592.75,2407.75
Semi-detached,Semi-detachedD_3.txt,H2,safe_unidirectional,worst,391.98,5.32,19.575,20568.0,3924.64,1879.05
Detached,DetachedD_36.txt,H2,hybrid_bidirectional,worst,225.986,6.3,8.325,17226.0,4321.07,2062.53
Semi-detached,Semi-detachedA_6.txt,H2,hybrid_bidirectional,best,189.367,3.36,1.8,7920.0,4111.01,1979.08
Semi-detached,Semi-detachedD_37.txt,H1,safe_unidirectional,worst,443.556,7.77,28.125,29817.0,5557.1,2508.5
Semi-detached,Semi-detachedA_29.txt,H1,hybrid_bidirectional,worst,283.093,7.56,25.65,28188.0,5514.9,2502.22
Detached,DetachedD_36.txt,H2,hybrid_bidirectional,best,212.027,3.57,2.025,8469.0,4362.37,2103.61
Semi-detached,Semi-detachedD_20.txt,H2,safe_unidirectional,best,393.042,3.15,12.825,12771.0,4061.17,1887.86
Detached,DetachedA_7.txt,H1,hybrid_bidirectional,worst,278.292,7.63,26.775,28875.0,5681.12,2560.52
Semi-detached,Semi-detachedA_29.txt,H1,hybrid_bidirectional,best,218.282,4.9,16.2,18066.0,5497.13,2144.13
Detached,DetachedD_2.txt,H2,safe_unidirectional,worst,421.569,5.32,19.8,20676.0,4135.86,1975.94
Semi-detached,Semi-detachedD_3.txt,H2,safe_unidirectional,best,354.743,3.15,12.825,12771.0,3924.64,1782.1
Semi-detached,Semi-detachedD_37.txt,H1,safe_unidirectional,best,384.781,4.2,21.375,19080.0,5557.1,2381.97
Semi-detached,Semi-detachedA_16.txt,H1,safe_unidirectional,worst,437.617,8.12,28.35,30660.0,5419.75,2450.06
Semi-detached,Semi-detachedD_20.txt,H2,hybrid_bidirectional,worst,221.677,5.67,9.225,16335.0,4197.02,2064.37
Detached,DetachedA_7.txt,H1,hybrid_bidirectional,best,216.35,4.83,17.325,18459.0,5660.11,2226.4
Semi-detached,Semi-detachedD_3.txt,H2,hybrid_bidirectional,worst,201.409,5.67,8.775,16119.0,4042.13,1955.86
Detached,DetachedD_22.txt,H1,safe_unidirectional,worst,422.975,7.49,27.675,29013.0,5471.18,2436.26
Detached,DetachedD_2.txt,H2,safe_unidirectional,best,385.865,3.22,12.15,12594.0,4135.86,1896.51
Semi-detached,Semi-detachedD_37.txt,H1,hybrid_bidirectional,worst,284.166,7.7,26.325,28806.0,5649.53,2575.81
Semi-detached,Semi-detachedD_20.txt,H2,hybrid_bidirectional,best,209.627,3.57,2.025,8469.0,4228.37,2065.34
Semi-detached,Semi-detachedA_29.txt,H2,safe_unidirectional,worst,396.275,5.18,20.475,20706.0,3934.6,1891.79
Semi-detached,Semi-detachedA_16.txt,H1,safe_unidirectional,best,383.741,4.2,21.825,19296.0,5419.75,2306.78
Semi-detached,Semi-detachedD_3.txt,H2,hybrid_bidirectional,best,187.421,3.57,1.8,8361.0,4080.73,1938.09
Detached,DetachedA_7.txt,H2,safe_unidirectional,worst,415.016,5.25,21.15,21177.0,4087.84,1945.93
Detached,DetachedD_2.txt,H2,hybrid_bidirectional,worst,216.176,5.81,9.0,16521.0,4278.39,2044.26
Semi-detached,Semi-detachedD_37.txt,H1,hybrid_bidirectional,best,218.129,4.97,16.2,18213.0,5626.32,2214.54
Detached,DetachedD_22.txt,H1,safe_unidirectional,best,375.687,3.99,21.825,18855.0,5471.18,2328.75
Semi-detached,Semi-detachedA_16.txt,H1,hybrid_bidirectional,worst,297.255,8.12,27.0,30012.0,5494.51,2504.97
Semi-detached,Semi-detachedA_0.txt,H1,safe_unidirectional,worst,395.635,7.49,27.9,29121.0,5276.7,2339.98
Semi-detached,Semi-detachedA_29.txt,H2,safe_unidirectional,best,360.586,3.22,11.7,12378.0,3934.6,1811.33
Detached,DetachedD_2.txt,H2,hybrid_bidirectional,best,201.67,3.57,1.8,8361.0,4319.46,2054.56
Semi-detached,Semi-detachedD_7.txt,H1,safe_unidirectional,worst,406.55,7.56,27.675,29160.0,5307.44,2378.25
Detached,DetachedD_22.txt,H1,hybrid_bidirectional,worst,279.423,7.49,26.1,28257.0,5549.12,2491.42
Detached,DetachedA_7.txt,H2,safe_unidirectional,best,373.411,3.36,11.7,12672.0,4087.84,1855.2
Semi-detached,Semi-detachedA_16.txt,H1,hybrid_bidirectional,best,239.365,4.69,18.225,18597.0,5479.94,2216.14
Semi-detached,Semi-detachedA_29.txt,H2,hybrid_bidirectional,worst,215.61,5.74,8.1,15942.0,4052.08,1954.68
Semi-detached,Semi-detachedD_37.txt,H2,safe_unidirectional,worst,415.311,5.53,20.25,21333.0,4052.19,1944.29
Semi-detached,Semi-detachedA_0.txt,H1,safe_unidirectional,best,361.384,3.92,21.6,18600.0,5276.7,2238.32
Detached,DetachedD_22.txt,H1,hybrid_bidirectional,best,224.412,4.62,17.1,17910.0,5526.28,2189.06
Detached,DetachedA_7.txt,H2,hybrid_bidirectional,worst,215.721,5.95,9.225,16923.0,4211.59,2015.14
Semi-detached,Semi-detachedD_7.txt,H1,safe_unidirectional,best,346.886,4.13,21.15,18825.0,5307.44,2195.03
Detached,DetachedD_21.txt,H1,safe_unidirectional,worst,445.622,7.91,29.025,30543.0,5561.19,2516.13
Semi-detached,Semi-detachedA_29.txt,H2,hybrid_bidirectional,best,200.412,3.5,1.575,8106.0,4091.22,1962.76
Semi-detached,Semi-detachedA_0.txt,H1,hybrid_bidirectional,worst,256.464,7.42,26.1,28110.0,5351.22,2405.77
Semi-detached,Semi-detachedA_16.txt,H2,safe_unidirectional,worst,406.337,5.74,21.375,22314.0,3914.83,1904.93
Semi-detached,Semi-detachedD_37.txt,H2,safe_unidirectional,best,373.093,3.36,11.925,12780.0,4052.19,1851.96
Detached,DetachedA_7.txt,H2,hybrid_bidirectional,best,203.277,3.64,1.8,8508.0,4255.89,2053.24
Semi-detached,Semi-detachedD_7.txt,H1,hybrid_bidirectional,worst,262.558,7.49,25.65,28041.0,5387.76,2441.75
Detached,DetachedD_21.txt,H1,safe_unidirectional,best,391.03,4.27,22.05,19551.0,5561.19,2349.13
Detached,DetachedD_22.txt,H2,safe_unidirectional,worst,401.971,5.11,20.025,20343.0,3966.27,1894.35
Semi-detached,Semi-detachedA_0.txt,H1,hybrid_bidirectional,best,204.194,4.76,16.2,17772.0,5331.91,2057.9
Semi-detached,Semi-detachedD_37.txt,H2,hybrid_bidirectional,worst,211.526,6.16,9.0,17256.0,4181.33,1987.39
Semi-detached,Semi-detachedA_15.txt,H1,safe_unidirectional,worst,413.325,7.42,28.35,29190.0,5360.21,2403.37
Semi-detached,Semi-detachedA_16.txt,H2,safe_unidirectional,best,360.916,3.5,12.375,13290.0,3914.83,1794.87
Semi-detached,Semi-detachedD_7.txt,H1,hybrid_bidirectional,best,204.85,4.55,17.325,17871.0,5365.01,2123.93
Detached,DetachedD_40.txt,H1,safe_unidirectional,worst,446.586,7.28,28.575,29004.0,5607.99,2512.59
Detached,DetachedD_21.txt,H1,hybrid_bidirectional,worst,290.599,7.7,27.225,29238.0,5647.93,2579.69
Semi-detached,Semi-detachedD_37.txt,H2,hybrid_bidirectional,best,195.712,3.64,1.8,8508.0,4219.34,2031.03
Detached,DetachedD_22.txt,H2,safe_unidirectional,best,368.758,3.01,12.15,12153.0,3966.27,1831.17
Semi-detached,Semi-detachedA_16.txt,H2,hybrid_bidirectional,worst,216.708,6.44,9.9,18276.0,4014.19,1930.47
Semi-detached,Semi-detachedA_15.txt,H1,safe_unidirectional,best,363.519,3.99,22.05,18963.0,5360.21,2251.32
Semi-detached,Semi-detachedA_0.txt,H2,safe_unidirectional,worst,373.4,5.18,20.25,20598.0,3771.79,1812.43
Detached,DetachedD_21.txt,H1,hybrid_bidirectional,best,227.277,4.83,17.325,18459.0,5628.09,2248.72
Detached,DetachedD_40.txt,H1,safe_unidirectional,best,398.546,4.06,21.825,19002.0,5607.99,2397.53
Semi-detached,Semi-detachedD_7.txt,H2,safe_unidirectional,worst,381.698,5.04,21.375,20844.0,3802.53,1837.44
Detached,DetachedD_22.txt,H2,hybrid_bidirectional,worst,209.989,5.53,9.225,16041.0,4096.07,1972.2
Semi-detached,Semi-detachedA_16.txt,H2,hybrid_bidirectional,best,206.062,3.71,1.8,8655.0,4050.12,1949.6
Semi-detached,Semi-detachedA_3.txt,H1,safe_unidirectional,worst,414.497,7.35,28.35,29043.0,5414.92,2451.53
Semi-detached,Semi-detachedA_15.txt,H1,hybrid_bidirectional,worst,275.871,7.42,26.55,28326.0,5433.78,2445.62
Semi-detached,Semi-detachedA_0.txt,H2,safe_unidirectional,best,330.969,3.01,12.15,12153.0,3771.79,1715.87
Detached,DetachedD_22.txt,H2,hybrid_bidirectional,best,193.411,3.43,1.8,8067.0,4134.99,1962.47
Detached,DetachedD_40.txt,H1,hybrid_bidirectional,worst,291.204,7.49,25.875,28149.0,5687.1,2546.02
Semi-detached,Semi-detachedD_7.txt,H2,safe_unidirectional,best,334.56,3.15,11.925,12339.0,3802.53,1718.71
Semi-detached,Semi-detachedA_15.txt,H1,hybrid_bidirectional,best,215.224,4.76,16.65,17988.0,5413.14,2095.43
Detached,DetachedD_21.txt,H2,safe_unidirectional,worst,419.644,5.6,21.6,22128.0,4056.28,1964.28
Semi-detached,Semi-detachedA_3.txt,H1,safe_unidirectional,best,370.513,3.99,22.05,18963.0,5414.92,2320.31
Semi-detached,Semi-detachedA_17.txt,H1,safe_unidirectional,worst,415.132,7.84,26.775,29316.0,5355.33,2398.67
Semi-detached,Semi-detachedA_0.txt,H2,hybrid_bidirectional,worst,191.682,5.81,8.775,16413.0,3886.09,1870.32
Detached,DetachedD_40.txt,H1,hybrid_bidirectional,best,228.837,4.76,16.65,17988.0,5674.65,2235.21
Semi-detached,Semi-detachedD_7.txt,H2,hybrid_bidirectional,worst,194.928,5.81,8.55,16305.0,3920.41,1884.67
Detached,DetachedA_2.txt,H1,safe_unidirectional,worst,430.667,7.7,28.35,29778.0,5586.35,2503.18
Semi-detached,Semi-detachedA_0.txt,H2,hybrid_bidirectional,best,178.174,3.43,1.575,7959.0,3921.21,1870.5
Semi-detached,Semi-detachedA_3.txt,H1,hybrid_bidirectional,worst,273.825,7.21,26.325,27777.0,5492.16,2522.89
Detached,DetachedD_21.txt,H2,safe_unidirectional,best,365.57,3.57,11.475,13005.0,4056.28,1825.04
Semi-detached,Semi-detachedA_17.txt,H1,safe_unidirectional,best,374.455,3.92,22.05,18816.0,5355.33,2313.24
Semi-detached,Semi-detachedA_15.txt,H2,safe_unidirectional,worst,385.261,5.25,20.25,20745.0,3855.3,1846.27
Semi-detached,Semi-detachedD_7.txt,H2,hybrid_bidirectional,best,182.384,3.5,1.35,7998.0,3961.56,1909.13
Detached,DetachedD_40.txt,H2,safe_unidirectional,worst,425.969,5.18,20.025,20490.0,4103.08,1983.04
Semi-detached,Semi-detachedA_3.txt,H1,hybrid_bidirectional,best,218.593,4.62,17.325,18018.0,5473.26,2164.89
Detached,DetachedD_21.txt,H2,hybrid_bidirectional,worst,218.92,6.3,9.0,17550.0,4186.31,2034.2
Detached,DetachedA_2.txt,H1,safe_unidirectional,best,382.174,4.13,21.825,19149.0,5586.35,2345.18
Semi-detached,Semi-detachedA_17.txt,H1,hybrid_bidirectional,worst,267.839,7.63,25.875,28443.0,5438.93,2467.09
Semi-detached,Semi-detachedA_10.txt,H1,safe_unidirectional,worst,423.97,7.7,27.9,29562.0,5385.06,2413.05
Semi-detached,Semi-detachedA_15.txt,H2,safe_unidirectional,best,342.998,3.22,11.925,12486.0,3855.3,1734.47
Detached,DetachedD_21.txt,H2,hybrid_bidirectional,best,201.234,3.57,2.25,8577.0,4216.03,2020.0
Semi-detached,Semi-detachedD_6.txt,H1,safe_unidirectional,worst,428.792,7.7,28.35,29778.0,5479.21,2460.42
Detached,DetachedA_2.txt,H1,hybrid_bidirectional,worst,279.728,7.7,25.875,28590.0,5669.15,2567.88
Detached,DetachedD_40.txt,H2,safe_unidirectional,best,383.04,3.15,11.925,12339.0,4103.08,1882.64
Semi-detached,Semi-detachedA_17.txt,H1,hybrid_bidirectional,best,212.219,4.69,16.875,17949.0,5419.07,2156.45
Semi-detached,Semi-detachedA_3.txt,H2,safe_unidirectional,worst,382.177,5.25,19.35,20313.0,3910.01,1870.0
Semi-detached,Semi-detachedA_15.txt,H2,hybrid_bidirectional,worst,207.093,5.81,8.775,16413.0,3965.61,1880.74
Semi-detached,Semi-detachedA_10.txt,H1,safe_unidirectional,best,369.984,4.06,21.375,18786.0,5385.06,2296.44
Detached,DetachedA_2.txt,H1,hybrid_bidirectional,best,220.78,4.83,16.65,18135.0,5651.72,2213.77
Semi-detached,Semi-detachedD_6.txt,H1,safe_unidirectional,best,386.238,4.06,21.825,19002.0,5479.21,2375.63
Detached,DetachedD_40.txt,H2,hybrid_bidirectional,worst,219.413,5.67,8.55,16011.0,4229.2,2020.58
Detached,DetachedD_35.txt,H1,safe_unidirectional,worst,460.549,8.05,29.25,30945.0,5655.79,2541.41
Semi-detached,Semi-detachedA_15.txt,H2,hybrid_bidirectional,best,192.699,3.57,1.35,8145.0,4012.21,1924.76
Semi-detached,Semi-detachedA_10.txt,H1,hybrid_bidirectional,worst,276.03,7.7,26.1,28698.0,5459.98,2448.19
Semi-detached,Semi-detachedA_3.txt,H2,safe_unidirectional,best,360.983,3.01,13.05,12585.0,3910.01,1802.34
Semi-detached,Semi-detachedA_17.txt,H2,safe_unidirectional,worst,385.065,5.39,20.025,20931.0,3850.41,1845.38
Detached,DetachedD_40.txt,H2,hybrid_bidirectional,best,204.066,3.5,1.8,8214.0,4269.47,2033.89
Semi-detached,Semi-detachedD_6.txt,H1,hybrid_bidirectional,worst,278.24,7.77,26.1,28845.0,5556.59,2503.92
Detached,DetachedD_35.txt,H1,safe_unidirectional,best,410.836,4.2,22.725,19728.0,5655.79,2415.09
Semi-detached,Semi-detachedA_10.txt,H1,hybrid_bidirectional,best,219.447,4.76,16.425,17880.0,5437.67,2150.02
Semi-detached,Semi-detachedA_3.txt,H2,hybrid_bidirectional,worst,213.022,5.53,8.55,15717.0,4007.84,1944.63
Detached,DetachedA_2.txt,H2,safe_unidirectional,worst,407.99,5.39,20.7,21255.0,4081.44,1960.74
Semi-detached,Semi-detachedA_14.txt,H1,safe_unidirectional,worst,416.451,7.49,28.125,29229.0,5418.55,2429.91
Semi-detached,Semi-detachedA_17.txt,H2,safe_unidirectional,best,349.431,3.15,12.375,12555.0,3850.41,1769.91
Semi-detached,Semi-detachedD_6.txt,H1,hybrid_bidirectional,best,219.725,4.76,17.1,18204.0,5536.23,2218.62
Detached,DetachedA_58.txt,H1,safe_unidirectional,worst,434.424,7.84,28.125,29964.0,5485.54,2459.25
Semi-detached,Semi-detachedA_3.txt,H2,hybrid_bidirectional,best,199.651,3.57,1.35,8145.0,4055.54,1952.1
Detached,DetachedD_35.txt,H1,hybrid_bidirectional,worst,295.301,8.05,26.55,29649.0,5745.56,2612.25
Semi-detached,Semi-detachedA_17.txt,H2,hybrid_bidirectional,worst,204.993,5.95,8.775,16707.0,3967.0,1920.69
Detached,DetachedA_2.txt,H2,safe_unidirectional,best,369.984,3.29,11.7,12525.0,4081.44,1871.82
Semi-detached,Semi-detachedA_14.txt,H1,safe_unidirectional,best,362.397,4.06,21.375,18786.0,5418.55,2268.48
Semi-detached,Semi-detachedA_10.txt,H2,safe_unidirectional,worst,393.514,5.39,20.025,20931.0,3880.14,1868.45
Detached,DetachedD_35.txt,H1,hybrid_bidirectional,best,238.852,4.9,17.775,18822.0,5724.14,2299.27
Detached,DetachedA_58.txt,H1,safe_unidirectional,best,386.733,4.2,21.825,19296.0,5485.54,2307.44
Semi-detached,Semi-detachedD_6.txt,H2,safe_unidirectional,worst,401.339,5.46,20.7,21402.0,3974.29,1910.1
Semi-detached,Semi-detachedA_17.txt,H2,hybrid_bidirectional,best,190.366,3.43,2.025,8175.0,3998.27,1952.03
Detached,DetachedA_2.txt,H2,hybrid_bidirectional,worst,210.916,5.95,8.325,16491.0,4217.38,2018.6
Semi-detached,Semi-detachedA_13.txt,H1,safe_unidirectional,worst,434.194,7.77,27.675,29601.0,5453.64,2463.57
Semi-detached,Semi-detachedA_14.txt,H1,hybrid_bidirectional,worst,269.151,7.35,26.775,28287.0,5503.61,2499.99
Semi-detached,Semi-detachedA_10.txt,H2,safe_unidirectional,best,347.831,3.22,11.7,12378.0,3880.14,1763.52
Detached,DetachedA_2.txt,H2,hybrid_bidirectional,best,196.417,3.57,1.575,8253.0,4260.02,2042.22
Detached,DetachedA_58.txt,H1,hybrid_bidirectional,worst,296.804,7.84,25.65,28776.0,5562.88,2524.77
Semi-detached,Semi-detachedD_6.txt,H2,safe_unidirectional,best,367.292,3.15,12.6,12663.0,3974.29,1835.74
Semi-detached,Semi-detachedA_14.txt,H1,hybrid_bidirectional,best,211.428,4.69,16.875,17949.0,5483.73,2152.9
Detached,DetachedD_35.txt,H2,safe_unidirectional,worst,439.658,5.53,22.05,22197.0,4150.88,2017.62
Semi-detached,Semi-detachedA_13.txt,H1,safe_unidirectional,best,387.126,4.06,22.05,19110.0,5453.64,2311.23
Semi-detached,Semi-detachedA_7.txt,H1,safe_unidirectional,worst,441.283,7.98,28.35,30366.0,5590.85,2508.47
Semi-detached,Semi-detachedA_10.txt,H2,hybrid_bidirectional,worst,216.223,5.95,8.775,16707.0,3994.99,1893.52
Detached,DetachedA_58.txt,H1,hybrid_bidirectional,best,234.143,4.9,17.1,18498.0,5543.44,2199.61
Semi-detached,Semi-detachedD_6.txt,H2,hybrid_bidirectional,worst,208.032,6.09,8.325,16785.0,4101.87,1945.55
Detached,DetachedA_49.txt,H1,safe_unidirectional,worst,432.633,7.77,27.675,29601.0,5529.35,2495.28
Semi-detached,Semi-detachedA_13.txt,H1,hybrid_bidirectional,worst,277.344,7.91,25.425,28815.0,5533.47,2497.87
Semi-detached,Semi-detachedA_10.txt,H2,hybrid_bidirectional,best,199.829,3.5,1.575,8106.0,4033.27,1940.95
Semi-detached,Semi-detachedA_7.txt,H1,safe_unidirectional,best,388.108,4.27,21.375,19227.0,5590.85,2346.57
Detached,DetachedD_35.txt,H2,safe_unidirectional,best,396.958,3.36,13.05,13320.0,4150.88,1896.23
Semi-detached,Semi-detachedA_14.txt,H2,safe_unidirectional,worst,387.161,5.25,19.8,20529.0,3913.64,1859.7
Semi-detached,Semi-detachedD_6.txt,H2,hybrid_bidirectional,best,195.695,3.57,1.575,8253.0,4138.71,1957.29
Semi-detached,Semi-detachedA_13.txt,H1,hybrid_bidirectional,best,221.998,4.9,16.425,18174.0,5517.07,2181.0
Detached,DetachedA_58.txt,H2,safe_unidirectional,worst,413.59,5.32,21.375,21432.0,3980.62,1926.58
Detached,DetachedA_49.txt,H1,safe_unidirectional,best,378.375,4.2,20.925,18864.0,5529.35,2339.64
Detached,DetachedD_35.txt,H2,hybrid_bidirectional,worst,218.963,6.44,9.0,17844.0,4277.22,2052.24
Semi-detached,Semi-detachedA_7.txt,H1,hybrid_bidirectional,worst,296.625,7.84,26.1,28992.0,5672.19,2588.19
Semi-detached,Semi-detachedA_38.txt,H1,safe_unidirectional,worst,425.738,7.49,28.8,29553.0,5457.18,2469.08
Semi-detached,Semi-detachedA_14.txt,H2,safe_unidirectional,best,348.322,3.08,12.15,12300.0,3913.64,1786.06
Semi-detached,Semi-detachedD_40.txt,H1,safe_unidirectional,worst,435.911,7.7,28.575,29886.0,5549.09,2490.58
Detached,DetachedD_35.txt,H2,hybrid_bidirectional,best,205.457,3.78,1.8,8802.0,4320.43,2079.77
Detached,DetachedA_49.txt,H1,hybrid_bidirectional,worst,271.265,7.91,25.2,28707.0,5611.37,2535.06
Semi-detached,Semi-detachedA_7.txt,H1,hybrid_bidirectional,best,244.652,4.62,17.55,18126.0,5652.62,2296.73
Detached,DetachedA_58.txt,H2,safe_unidirectional,best,371.662,3.15,13.275,12987.0,3980.62,1814.93
Semi-detached,Semi-detachedA_13.txt,H2,safe_unidirectional,worst,406.4,5.6,20.25,21480.0,3948.73,1910.4
Semi-detached,Semi-detachedA_14.txt,H2,hybrid_bidirectional,worst,199.912,5.74,8.55,16158.0,4040.97,1930.01
Semi-detached,Semi-detachedA_38.txt,H1,safe_unidirectional,best,362.576,4.2,20.7,18756.0,5457.18,2253.37
Semi-detached,Semi-detachedD_40.txt,H1,safe_unidirectional,best,393.901,4.13,22.05,19257.0,5549.09,2373.9
Detached,DetachedA_49.txt,H1,hybrid_bidirectional,best,212.272,4.9,15.975,17958.0,5591.86,2201.01
Detached,DetachedA_58.txt,H2,hybrid_bidirectional,worst,218.481,6.16,8.1,16824.0,4095.63,1983.47
Detached,DetachedD_23.txt,H1,safe_unidirectional,worst,454.392,8.05,28.35,30513.0,5689.59,2561.07
Semi-detached,Semi-detachedA_14.txt,H2,hybrid_bidirectional,best,188.06,3.5,1.575,8106.0,4083.78,1968.93
Semi-detached,Semi-detachedA_13.txt,H2,safe_unidirectional,best,367.457,3.22,12.375,12702.0,3948.73,1807.85
Semi-detached,Semi-detachedA_38.txt,H1,hybrid_bidirectional,worst,282.344,7.63,26.1,28551.0,5531.6,2508.29
Semi-detached,Semi-detachedA_7.txt,H2,safe_unidirectional,worst,421.183,5.39,21.15,21471.0,4085.94,1987.33
Detached,DetachedA_58.txt,H2,hybrid_bidirectional,best,196.241,3.57,2.25,8577.0,4131.5,1953.82
Semi-detached,Semi-detachedD_40.txt,H1,hybrid_bidirectional,worst,283.752,7.7,26.55,28914.0,5631.05,2546.92
Semi-detached,Semi-detachedA_13.txt,H2,hybrid_bidirectional,worst,206.912,6.16,8.325,16932.0,4068.58,1958.55
Semi-detached,Semi-detachedA_38.txt,H1,hybrid_bidirectional,best,221.182,4.69,16.65,17841.0,5511.89,2150.98
Detached,DetachedD_23.txt,H1,safe_unidirectional,best,407.737,4.27,22.05,19551.0,5689.59,2414.0
Detached,DetachedA_49.txt,H2,safe_unidirectional,worst,401.178,5.39,20.025,20931.0,4024.43,1920.59
Semi-detached,Semi-detachedA_28.txt,H1,safe_unidirectional,worst,428.209,7.49,28.125,29229.0,5434.75,2457.65
Semi-detached,Semi-detachedD_40.txt,H1,hybrid_bidirectional,best,232.655,4.62,18.0,18342.0,5610.26,2268.4
Semi-detached,Semi-detachedA_7.txt,H2,safe_unidirectional,best,371.103,3.36,11.25,12456.0,4085.94,1857.51
Semi-detached,Semi-detachedA_13.txt,H2,hybrid_bidirectional,best,196.739,3.5,2.025,8322.0,4096.69,1961.26
Detached,DetachedA_6.txt,H1,safe_unidirectional,worst,435.237,7.56,27.9,29268.0,5491.02,2476.19
Detached,DetachedD_23.txt,H1,hybrid_bidirectional,worst,296.812,8.05,26.775,29757.0,5778.82,2617.88
Semi-detached,Semi-detachedA_7.txt,H2,hybrid_bidirectional,worst,236.366,6.09,8.775,17001.0,4204.36,1984.87
Detached,DetachedA_49.txt,H2,safe_unidirectional,best,364.509,3.15,12.15,12447.0,4024.43,1846.91
Semi-detached,Semi-detachedA_28.txt,H1,safe_unidirectional,best,373.737,4.13,21.15,18825.0,5434.75,2283.53
Semi-detached,Semi-detachedA_38.txt,H2,safe_unidirectional,worst,397.964,5.39,19.8,20823.0,3952.27,1887.01
Detached,DetachedD_23.txt,H1,hybrid_bidirectional,best,235.763,4.97,17.55,18861.0,5759.77,2304.9
Semi-detached,Semi-detachedD_40.txt,H2,safe_unidirectional,worst,413.303,5.32,20.925,21216.0,4044.17,1950.05
Detached,DetachedA_6.txt,H1,safe_unidirectional,best,382.51,4.06,21.6,18894.0,5491.02,2316.57
Semi-detached,Semi-detachedA_12.txt,H1,safe_unidirectional,worst,413.854,7.35,28.575,29151.0,5389.92,2421.12
Semi-detached,Semi-detachedA_7.txt,H2,hybrid_bidirectional,best,219.349,3.57,1.575,8253.0,4249.23,2028.15
Detached,DetachedA_49.txt,H2,hybrid_bidirectional,worst,203.387,6.09,7.875,16569.0,4148.33,1967.57
Semi-detached,Semi-detachedA_28.txt,H1,hybrid_bidirectional,worst,278.418,7.42,26.325,28218.0,5509.96,2523.19
Semi-detached,Semi-detachedA_38.txt,H2,safe_unidirectional,best,349.026,3.36,10.8,12240.0,3952.27,1797.76
Detached,DetachedA_6.txt,H1,hybrid_bidirectional,worst,286.549,7.56,25.875,28296.0,5567.64,2525.19
Detached,DetachedA_49.txt,H2,hybrid_bidirectional,best,196.787,3.57,1.35,8145.0,4190.96,2017.66
Semi-detached,Semi-detachedD_40.txt,H2,safe_unidirectional,best,371.163,3.29,12.15,12741.0,4044.17,1848.0
Semi-detached,Semi-detachedA_12.txt,H1,safe_unidirectional,best,372.091,3.99,21.825,18855.0,5389.92,2303.05
Semi-detached,Semi-detachedA_28.txt,H1,hybrid_bidirectional,best,219.173,4.9,15.975,17958.0,5491.44,2172.68
Detached,DetachedD_23.txt,H2,safe_unidirectional,worst,431.806,5.74,20.475,21882.0,4184.67,2010.5
Semi-detached,Semi-detachedD_33.txt,H1,safe_unidirectional,worst,421.862,7.42,28.125,29082.0,5447.24,2455.57
Semi-detached,Semi-detachedA_38.txt,H2,hybrid_bidirectional,worst,212.244,6.02,7.65,16314.0,4081.26,1947.97
Detached,DetachedA_6.txt,H1,hybrid_bidirectional,best,231.628,4.48,17.775,17940.0,5549.45,2226.91
Semi-detached,Semi-detachedD_40.txt,H2,hybrid_bidirectional,worst,213.295,5.95,8.775,16707.0,4162.27,1986.6
Semi-detached,Semi-detachedA_12.txt,H1,hybrid_bidirectional,worst,270.916,7.21,27.0,28101.0,5466.66,2478.72
Semi-detached,Semi-detachedA_38.txt,H2,hybrid_bidirectional,best,197.979,3.36,1.8,7920.0,4112.17,1977.75
Detached,DetachedA_48.txt,H1,safe_unidirectional,worst,443.087,7.77,29.25,30357.0,5557.5,2507.85
Semi-detached,Semi-detachedD_33.txt,H1,safe_unidirectional,best,370.72,4.06,21.6,18894.0,5447.24,2308.11
Detached,DetachedD_23.txt,H2,safe_unidirectional,best,389.427,3.43,12.825,13359.0,4184.67,1903.82
Semi-detached,Semi-detachedA_28.txt,H2,safe_unidirectional,worst,398.29,5.18,19.8,20382.0,3929.84,1911.96
Semi-detached,Semi-detachedD_40.txt,H2,hybrid_bidirectional,best,201.056,3.57,1.8,8361.0,4200.49,2006.52
Semi-detached,Semi-detachedA_12.txt,H1,hybrid_bidirectional,best,215.585,4.69,16.875,17949.0,5444.88,2165.31
Detached,DetachedA_6.txt,H2,safe_unidirectional,worst,410.818,5.25,20.475,20853.0,3986.11,1925.23
Detached,DetachedD_23.txt,H2,hybrid_bidirectional,worst,220.732,6.3,9.9,17982.0,4319.92,2070.17
Detached,DetachedA_48.txt,H1,safe_unidirectional,best,396.565,4.06,22.05,19110.0,5557.5,2405.32
Semi-detached,Semi-detachedD_33.txt,H1,hybrid_bidirectional,worst,272.901,7.42,26.325,28218.0,5526.13,2502.71
Semi-detached,Semi-detachedA_39.txt,H1,safe_unidirectional,worst,425.861,7.63,27.9,29415.0,5404.21,2429.24
Semi-detached,Semi-detachedA_28.txt,H2,safe_unidirectional,best,354.785,3.15,11.7,12231.0,3929.84,1810.6
Semi-detached,Semi-detachedD_4.txt,H1,safe_unidirectional,worst,423.912,7.42,27.45,28758.0,5524.99,2474.54
Detached,DetachedD_23.txt,H2,hybrid_bidirectional,best,210.349,3.85,1.575,8841.0,4358.29,2098.45
Semi-detached,Semi-detachedD_33.txt,H1,hybrid_bidirectional,best,216.239,4.62,17.1,17910.0,5505.94,2182.97
Detached,DetachedA_48.txt,H1,hybrid_bidirectional,worst,288.249,7.84,26.55,29208.0,5641.19,2560.78
Detached,DetachedA_6.txt,H2,safe_unidirectional,best,365.796,3.22,11.25,12162.0,3986.11,1814.75
Semi-detached,Semi-detachedA_12.txt,H2,safe_unidirectional,worst,387.436,4.97,20.25,20157.0,3885.01,1874.85
Semi-detached,Semi-detachedA_39.txt,H1,safe_unidirectional,best,373.415,4.06,21.6,18894.0,5404.21,2289.35
Semi-detached,Semi-detachedA_28.txt,H2,hybrid_bidirectional,worst,209.442,5.67,8.1,15795.0,4055.73,1959.38
Semi-detached,Semi-detachedD_4.txt,H1,safe_unidirectional,best,372.751,4.2,21.15,18972.0,5524.99,2290.68
Detached,DetachedA_6.txt,H2,hybrid_bidirectional,worst,211.178,5.81,8.325,16197.0,4108.27,1973.65
Detached,DetachedA_48.txt,H1,hybrid_bidirectional,best,228.686,4.69,17.775,18381.0,5619.9,2264.0
Detached,DetachedD_37.txt,H1,safe_unidirectional,worst,450.29,7.56,27.9,29268.0,5661.24,2520.28
Semi-detached,Semi-detachedA_28.txt,H2,hybrid_bidirectional,best,186.286,3.43,1.8,8067.0,4093.71,1952.0
Semi-detached,Semi-detachedA_12.txt,H2,safe_unidirectional,best,355.924,3.01,12.375,12261.0,3885.01,1795.32
Semi-detached,Semi-detachedA_39.txt,H1,hybrid_bidirectional,worst,285.441,7.56,25.875,28296.0,5478.61,2476.3
Semi-detached,Semi-detachedD_33.txt,H2,safe_unidirectional,worst,389.285,5.18,19.575,20274.0,3942.33,1882.55
Detached,DetachedA_6.txt,H2,hybrid_bidirectional,best,193.296,3.43,1.8,8067.0,4149.96,1980.69
Semi-detached,Semi-detachedD_4.txt,H1,hybrid_bidirectional,worst,279.175,7.56,25.65,28188.0,5600.29,2502.23
Semi-detached,Semi-detachedA_12.txt,H2,hybrid_bidirectional,worst,200.752,5.67,8.1,15795.0,4005.54,1939.32
Semi-detached,Semi-detachedA_39.txt,H1,hybrid_bidirectional,best,225.157,4.9,15.75,17850.0,5451.86,2124.83
Detached,DetachedD_37.txt,H1,safe_unidirectional,best,403.117,4.06,21.6,18894.0,5661.24,2419.02
Detached,DetachedA_48.txt,H2,safe_unidirectional,worst,413.259,5.53,20.7,21549.0,4052.59,1936.43
Semi-detached,Semi-detachedA_4.txt,H1,safe_unidirectional,worst,433.564,7.98,27.675,30042.0,5426.38,2431.34
Semi-detached,Semi-detachedD_4.txt,H1,hybrid_bidirectional,best,220.536,4.83,15.975,17811.0,5577.12,2179.18
Semi-detached,Semi-detachedD_33.txt,H2,safe_unidirectional,best,351.596,3.22,11.25,12162.0,3942.33,1795.1
Semi-detached,Semi-detachedA_12.txt,H2,hybrid_bidirectional,best,189.256,3.5,1.35,7998.0,4051.61,1969.6
Semi-detached,Semi-detachedD_1.txt,H1,safe_unidirectional,worst,447.458,8.12,29.7,31308.0,5498.06,2481.03
Detached,DetachedD_37.txt,H1,hybrid_bidirectional,worst,292.606,7.49,25.425,27933.0,5746.69,2578.11
Detached,DetachedA_48.txt,H2,safe_unidirectional,best,382.162,3.08,12.6,12516.0,4052.59,1875.89
Semi-detached,Semi-detachedD_33.txt,H2,hybrid_bidirectional,worst,204.481,5.67,8.325,15903.0,4070.25,1937.61
Semi-detached,Semi-detachedA_39.txt,H2,safe_unidirectional,worst,400.774,5.18,21.15,21030.0,3899.3,1891.14
Semi-detached,Semi-detachedA_4.txt,H1,safe_unidirectional,best,381.382,3.99,21.375,18639.0,5426.38,2312.71
Semi-detached,Semi-detachedD_4.txt,H2,safe_unidirectional,worst,400.466,5.18,19.35,20166.0,4020.08,1927.77
Detached,DetachedD_37.txt,H1,hybrid_bidirectional,best,230.719,4.76,16.65,17988.0,5720.14,2296.31
Semi-detached,Semi-detachedD_1.txt,H1,safe_unidirectional,best,400.419,4.2,22.5,19620.0,5498.06,2353.69
Semi-detached,Semi-detachedA_2.txt,H1,safe_unidirectional,worst,399.386,7.63,27.675,29307.0,5278.81,2346.86
Semi-detached,Semi-detachedD_33.txt,H2,hybrid_bidirectional,best,192.236,3.43,1.575,7959.0,4113.34,1973.96
Detached,DetachedA_48.txt,H2,hybrid_bidirectional,worst,220.012,5.88,9.675,16992.0,4152.25,2001.42
Semi-detached,Semi-detachedA_4.txt,H1,hybrid_bidirectional,worst,291.598,7.84,26.775,29316.0,5491.73,2474.94
Semi-detached,Semi-detachedA_39.txt,H2,safe_unidirectional,best,367.992,3.01,13.05,12585.0,3899.3,1804.41
Semi-detached,Semi-detachedD_1.txt,H1,hybrid_bidirectional,worst,298.886,8.26,27.0,30306.0,5585.55,2536.28
Detached,DetachedA_48.txt,H2,hybrid_bidirectional,best,202.421,3.57,1.8,8361.0,4191.87,2005.22
Semi-detached,Semi-detachedD_4.txt,H2,safe_unidirectional,best,358.478,3.22,11.475,12270.0,4020.08,1824.67
Semi-detached,Semi-detachedA_2.txt,H1,safe_unidirectional,best,349.978,4.13,20.925,18717.0,5278.81,2190.48
Semi-detached,Semi-detachedA_4.txt,H1,hybrid_bidirectional,best,225.497,4.76,16.65,17988.0,5473.58,2153.95
Detached,DetachedD_37.txt,H2,safe_unidirectional,worst,423.231,5.32,19.8,20676.0,4156.32,1986.22
Semi-detached,Semi-detachedA_39.txt,H2,hybrid_bidirectional,worst,203.595,5.81,8.775,16413.0,4016.71,1941.34
Semi-detached,Semi-detachedD_27.txt,H1,safe_unidirectional,worst,428.739,7.77,28.8,30141.0,5481.77,2484.47
Semi-detached,Semi-detachedD_1.txt,H1,hybrid_bidirectional,best,246.146,4.76,18.675,18960.0,5556.06,2234.01
Semi-detached,Semi-detachedD_4.txt,H2,hybrid_bidirectional,worst,202.905,5.81,7.875,15981.0,4143.77,1995.72
Semi-detached,Semi-detachedA_2.txt,H1,hybrid_bidirectional,worst,264.218,7.49,26.55,28473.0,5353.45,2417.52
Semi-detached,Semi-detachedA_39.txt,H2,hybrid_bidirectional,best,186.165,3.43,1.8,8067.0,4050.15,1938.53
Detached,DetachedA_3.txt,H1,safe_unidirectional,worst,447.045,7.84,28.35,30072.0,5525.09,2498.55
Detached,DetachedD_37.txt,H2,safe_unidirectional,best,395.366,3.01,12.375,12261.0,4156.32,1930.13
Semi-detached,Semi-detachedD_27.txt,H1,safe_unidirectional,best,385.393,4.13,21.6,19041.0,5481.77,2369.89
Semi-detached,Semi-detachedA_4.txt,H2,safe_unidirectional,worst,408.363,5.46,21.15,21618.0,3921.46,1884.71
Semi-detached,Semi-detachedD_4.txt,H2,hybrid_bidirectional,best,188.052,3.36,2.025,8028.0,4178.0,2003.2
Semi-detached,Semi-detachedA_2.txt,H1,hybrid_bidirectional,best,204.589,4.9,15.975,17958.0,5332.09,2064.28
Semi-detached,Semi-detachedD_1.txt,H2,safe_unidirectional,worst,418.176,5.74,22.275,22746.0,3993.14,1934.12
Detached,DetachedD_37.txt,H2,hybrid_bidirectional,worst,233.496,5.81,7.875,15981.0,4282.51,2083.04
Detached,DetachedA_3.txt,H1,safe_unidirectional,best,381.763,4.13,21.15,18825.0,5525.09,2315.33
Semi-detached,Semi-detachedA_11.txt,H1,safe_unidirectional,worst,402.718,7.56,27.9,29268.0,5272.32,2372.87
Semi-detached,Semi-detachedD_27.txt,H1,hybrid_bidirectional,worst,283.11,7.77,25.875,28737.0,5561.63,2558.95
Semi-detached,Semi-detachedA_4.txt,H2,safe_unidirectional,best,361.378,3.08,12.15,12300.0,3921.46,1784.86
Semi-detached,Semi-detachedA_58.txt,H1,safe_unidirectional,worst,434.575,7.91,27.675,29895.0,5456.99,2455.65
Detached,DetachedD_37.txt,H2,hybrid_bidirectional,best,214.448,3.43,2.25,8283.0,4318.5,2074.31
Semi-detached,Semi-detachedA_2.txt,H2,safe_unidirectional,worst,374.836,5.18,20.7,20814.0,3773.9,1820.77
Detached,DetachedA_3.txt,H1,hybrid_bidirectional,worst,292.076,7.7,26.1,28698.0,5607.46,2573.21
Semi-detached,Semi-detachedD_1.txt,H2,safe_unidirectional,best,379.702,3.29,13.95,13605.0,3993.14,1819.5
Semi-detached,Semi-detachedD_27.txt,H1,hybrid_bidirectional,best,224.768,4.83,16.875,18243.0,5541.62,2229.01
Semi-detached,Semi-detachedA_11.txt,H1,safe_unidirectional,best,347.692,4.06,20.7,18462.0,5272.32,2212.84
Semi-detached,Semi-detachedA_4.txt,H2,hybrid_bidirectional,worst,216.95,6.37,8.775,17589.0,4017.92,1915.2
Semi-detached,Semi-detachedA_58.txt,H1,safe_unidirectional,best,380.76,4.06,22.275,19218.0,5456.99,2332.06
Detached,DetachedA_3.txt,H1,hybrid_bidirectional,best,221.511,4.69,16.875,17949.0,5591.56,2208.38
Semi-detached,Semi-detachedD_1.txt,H2,hybrid_bidirectional,worst,224.846,6.58,9.675,18462.0,4116.89,2012.8
Semi-detached,Semi-detachedA_4.txt,H2,hybrid_bidirectional,best,197.596,3.5,1.8,8214.0,4055.73,1915.11
Detached,DetachedD_0.txt,H1,safe_unidirectional,worst,446.789,7.98,28.575,30474.0,5544.29,2481.41
Semi-detached,Semi-detachedA_2.txt,H2,safe_unidirectional,best,337.985,3.08,12.375,12408.0,3773.9,1716.73
Semi-detached,Semi-detachedA_11.txt,H1,hybrid_bidirectional,worst,262.962,7.56,25.65,28188.0,5347.48,2414.77
Semi-detached,Semi-detachedD_27.txt,H2,safe_unidirectional,worst,404.384,5.53,20.475,21441.0,3976.85,1923.66
Semi-detached,Semi-detachedD_1.txt,H2,hybrid_bidirectional,best,209.46,3.78,2.025,8910.0,4149.99,2003.61
Semi-detached,Semi-detachedA_58.txt,H1,hybrid_bidirectional,worst,287.496,7.77,26.1,28845.0,5540.29,2515.36
Semi-detached,Semi-detachedA_2.txt,H2,hybrid_bidirectional,worst,200.491,5.95,7.875,16275.0,3874.42,1872.84
Semi-detached,Semi-detachedA_11.txt,H1,hybrid_bidirectional,best,206.159,4.55,16.65,17547.0,5324.2,2099.0
Detached,DetachedD_0.txt,H1,safe_unidirectional,best,394.689,4.2,22.05,19404.0,5544.29,2358.91
Detached,DetachedA_3.txt,H2,safe_unidirectional,worst,414.121,5.39,21.15,21471.0,4020.18,1928.39
Semi-detached,Semi-detachedD_18.txt,H1,safe_unidirectional,worst,430.098,7.84,27.9,29856.0,5447.83,2441.6
Semi-detached,Semi-detachedA_58.txt,H1,hybrid_bidirectional,best,229.861,4.48,18.45,18264.0,5522.76,2237.7
Semi-detached,Semi-detachedD_27.txt,H2,safe_unidirectional,best,365.909,3.22,12.15,12594.0,3976.85,1840.43
Semi-detached,Semi-detachedA_2.txt,H2,hybrid_bidirectional,best,186.331,3.43,1.8,8067.0,3910.85,1867.87
Semi-detached,Semi-detachedA_49.txt,H1,safe_unidirectional,worst,436.029,7.7,27.9,29562.0,5543.22,2496.05
Detached,DetachedD_0.txt,H1,hybrid_bidirectional,worst,291.848,7.84,27.0,29424.0,5627.69,2561.1
Semi-detached,Semi-detachedD_18.txt,H1,safe_unidirectional,best,383.027,3.99,21.825,18855.0,5447.83,2320.42
Semi-detached,Semi-detachedA_11.txt,H2,safe_unidirectional,worst,378.623,5.18,20.475,20706.0,3767.41,1815.55
Semi-detached,Semi-detachedD_27.txt,H2,hybrid_bidirectional,worst,208.567,6.09,8.55,16893.0,4105.17,1986.39
Detached,DetachedA_3.txt,H2,safe_unidirectional,best,363.904,3.22,11.7,12378.0,4020.18,1820.95
Semi-detached,Semi-detachedA_58.txt,H2,safe_unidirectional,worst,399.304,5.74,20.25,21774.0,3952.08,1905.13
Detached,DetachedD_0.txt,H1,hybrid_bidirectional,best,227.907,4.97,16.875,18537.0,5601.82,2206.29
Semi-detached,Semi-detachedD_36.txt,H1,safe_unidirectional,worst,448.902,7.91,28.125,30111.0,5632.92,2546.12
Semi-detached,Semi-detachedA_49.txt,H1,safe_unidirectional,best,387.368,4.13,21.825,19149.0,5543.22,2351.11
Semi-detached,Semi-detachedD_27.txt,H2,hybrid_bidirectional,best,190.913,3.57,1.8,8361.0,4144.68,1974.77
Detached,DetachedA_3.txt,H2,hybrid_bidirectional,worst,212.347,6.3,8.1,17118.0,4138.43,1972.11
Semi-detached,Semi-detachedD_18.txt,H1,hybrid_bidirectional,worst,284.472,7.91,26.325,29247.0,5522.87,2477.33
Semi-detached,Semi-detachedA_11.txt,H2,safe_unidirectional,best,338.115,3.08,11.475,11976.0,3767.41,1731.17
Semi-detached,Semi-detachedA_49.txt,H1,hybrid_bidirectional,worst,294.737,7.56,26.55,28620.0,5623.27,2559.3
Detached,DetachedA_3.txt,H2,hybrid_bidirectional,best,194.117,3.57,1.575,8253.0,4180.23,1983.83
Semi-detached,Semi-detachedA_58.txt,H2,safe_unidirectional,best,359.304,3.15,12.825,12771.0,3952.08,1802.67
Semi-detached,Semi-detachedD_36.txt,H1,safe_unidirectional,best,393.974,4.27,21.6,19335.0,5632.92,2359.03
Semi-detached,Semi-detachedD_18.txt,H1,hybrid_bidirectional,best,227.798,4.76,16.65,17988.0,5498.58,2160.97
Detached,DetachedD_0.txt,H2,safe_unidirectional,worst,419.237,5.53,21.15,21765.0,4039.38,1944.17
Semi-detached,Semi-detachedA_11.txt,H2,hybrid_bidirectional,worst,193.556,5.88,8.1,16236.0,3888.02,1890.61
Semi-detached,Semi-detachedD_31.txt,H1,safe_unidirectional,worst,414.753,7.42,27.675,28866.0,5405.84,2410.86
Semi-detached,Semi-detachedA_49.txt,H1,hybrid_bidirectional,best,227.0,4.9,16.875,18390.0,5603.94,2194.37
Semi-detached,Semi-detachedA_58.txt,H2,hybrid_bidirectional,worst,217.417,6.3,8.55,17334.0,4082.23,1970.64
Semi-detached,Semi-detachedD_36.txt,H1,hybrid_bidirectional,worst,288.622,7.91,26.1,29139.0,5720.5,2576.5
Semi-detached,Semi-detachedA_11.txt,H2,hybrid_bidirectional,best,176.809,3.36,1.575,7812.0,3920.58,1858.28
Detached,DetachedA_1.txt,H1,safe_unidirectional,worst,432.292,7.7,27.675,29454.0,5575.82,2485.83
Detached,DetachedD_0.txt,H2,safe_unidirectional,best,377.064,3.29,12.375,12849.0,4039.38,1842.22
Semi-detached,Semi-detachedD_18.txt,H2,safe_unidirectional,worst,407.854,5.25,21.825,21501.0,3942.92,1921.98
Semi-detached,Semi-detachedA_58.txt,H2,hybrid_bidirectional,best,199.514,3.5,2.025,8322.0,4117.13,1984.15
Semi-detached,Semi-detachedD_31.txt,H1,safe_unidirectional,best,369.165,3.99,21.6,18747.0,5405.84,2306.45
Semi-detached,Semi-detachedD_36.txt,H1,hybrid_bidirectional,best,233.607,4.62,18.45,18558.0,5700.34,2287.18
Semi-detached,Semi-detachedA_49.txt,H2,safe_unidirectional,worst,406.973,5.46,19.8,20970.0,4038.3,1925.97
Detached,DetachedD_0.txt,H2,hybrid_bidirectional,worst,220.398,6.3,8.55,17334.0,4170.42,2017.94
Detached,DetachedA_1.txt,H1,safe_unidirectional,best,382.424,4.13,21.375,18933.0,5575.82,2378.92
Semi-detached,Semi-detachedA_1.txt,H1,safe_unidirectional,worst,423.22,7.63,28.35,29631.0,5405.9,2438.75
Semi-detached,Semi-detachedD_31.txt,H1,hybrid_bidirectional,worst,282.016,7.42,26.1,28110.0,5480.12,2462.41
Semi-detached,Semi-detachedD_18.txt,H2,safe_unidirectional,best,365.276,3.01,12.375,12261.0,3942.92,1807.96
Semi-detached,Semi-detachedD_5.txt,H1,safe_unidirectional,worst,429.407,7.63,28.35,29631.0,5516.19,2490.82
Detached,DetachedD_0.txt,H2,hybrid_bidirectional,best,203.85,3.71,1.575,8547.0,4210.38,2022.24
Semi-detached,Semi-detachedD_36.txt,H2,safe_unidirectional,worst,418.542,5.53,20.7,21549.0,4128.01,1973.14
Detached,DetachedA_1.txt,H1,hybrid_bidirectional,worst,293.206,7.7,25.2,28266.0,5655.0,2548.02
Semi-detached,Semi-detachedD_31.txt,H1,hybrid_bidirectional,best,225.241,4.55,17.55,17979.0,5465.93,2188.17
Semi-detached,Semi-detachedA_49.txt,H2,safe_unidirectional,best,370.544,3.22,12.375,12702.0,4038.3,1837.83
Semi-detached,Semi-detachedA_1.txt,H1,safe_unidirectional,best,380.102,3.99,21.825,18855.0,5405.9,2315.18
Semi-detached,Semi-detachedD_18.txt,H2,hybrid_bidirectional,worst,212.474,5.95,9.675,17139.0,4064.31,1961.11
Semi-detached,Semi-detachedD_5.txt,H1,safe_unidirectional,best,380.62,4.06,21.6,18894.0,5516.19,2366.8
Semi-detached,Semi-detachedA_49.txt,H2,hybrid_bidirectional,worst,211.004,6.02,8.55,16746.0,4165.18,1972.71
Detached,DetachedA_1.txt,H1,hybrid_bidirectional,best,227.836,4.9,16.425,18174.0,5637.14,2217.63
Detached,DetachedA_13.txt,H1,safe_unidirectional,worst,436.059,7.42,28.575,29298.0,5548.31,2502.9
Semi-detached,Semi-detachedD_18.txt,H2,hybrid_bidirectional,best,197.099,3.5,1.575,8106.0,4104.22,1958.17
Semi-detached,Semi-detachedD_36.txt,H2,safe_unidirectional,best,377.295,3.36,12.15,12888.0,4128.01,1876.2
Semi-detached,Semi-detachedA_1.txt,H1,hybrid_bidirectional,worst,279.284,7.7,26.1,28698.0,5484.09,2494.74
Semi-detached,Semi-detachedD_31.txt,H2,safe_unidirectional,worst,387.044,5.11,20.025,20343.0,3900.93,1864.91
Semi-detached,Semi-detachedA_49.txt,H2,hybrid_bidirectional,best,195.59,3.64,1.8,8508.0,4202.85,1974.89
Semi-detached,Semi-detachedD_5.txt,H1,hybrid_bidirectional,worst,283.712,7.63,26.1,28551.0,5600.72,2556.99
Semi-detached,Semi-detachedD_36.txt,H2,hybrid_bidirectional,worst,222.761,6.23,9.0,17403.0,4252.94,2016.54
Semi-detached,Semi-detachedA_1.txt,H1,hybrid_bidirectional,best,223.869,4.55,17.325,17871.0,5462.62,2172.53
Detached,DetachedA_13.txt,H1,safe_unidirectional,best,384.812,4.13,21.6,19041.0,5548.31,2345.95
Detached,DetachedA_1.txt,H2,safe_unidirectional,worst,407.87,5.25,20.7,20961.0,4070.91,1954.29
Semi-detached,Semi-detachedD_24.txt,H1,safe_unidirectional,worst,427.486,7.14,28.8,28818.0,5595.7,2512.29
Semi-detached,Semi-detachedD_5.txt,H1,hybrid_bidirectional,best,225.298,4.83,16.2,17919.0,5578.45,2221.16
Semi-detached,Semi-detachedD_31.txt,H2,safe_unidirectional,best,348.238,3.29,11.25,12309.0,3900.93,1771.23
Semi-detached,Semi-detachedD_36.txt,H2,hybrid_bidirectional,best,209.518,3.64,1.8,8508.0,4293.85,2057.81
Semi-detached,Semi-detachedA_48.txt,H1,safe_unidirectional,worst,420.247,7.49,27.45,28905.0,5510.33,2454.27
Detached,DetachedA_13.txt,H1,hybrid_bidirectional,worst,280.214,7.56,26.1,28404.0,5629.27,2542.88
Semi-detached,Semi-detachedA_1.txt,H2,safe_unidirectional,worst,391.816,5.32,20.475,21000.0,3900.99,1866.47
Semi-detached,Semi-detachedD_24.txt,H1,safe_unidirectional,best,383.5,4.06,21.825,19002.0,5595.7,2393.7
Semi-detached,Semi-detachedD_31.txt,H2,hybrid_bidirectional,worst,200.636,5.6,8.55,15864.0,4013.05,1938.35
Detached,DetachedA_1.txt,H2,safe_unidirectional,best,373.071,3.08,12.6,12516.0,4070.91,1873.73
Semi-detached,Semi-detachedD_5.txt,H2,safe_unidirectional,worst,407.415,5.25,21.15,21177.0,4011.28,1949.51
Detached,DetachedA_13.txt,H1,hybrid_bidirectional,best,222.09,4.9,16.425,18174.0,5603.64,2198.49
Semi-detached,Semi-detachedA_48.txt,H1,safe_unidirectional,best,374.978,4.06,21.6,18894.0,5510.33,2349.89
Semi-detached,Semi-detachedD_22.txt,H1,safe_unidirectional,worst,405.37,7.28,28.35,28896.0,5381.75,2383.89
Semi-detached,Semi-detachedD_31.txt,H2,hybrid_bidirectional,best,185.856,3.5,1.575,8106.0,4051.05,1960.94
Detached,DetachedA_1.txt,H2,hybrid_bidirectional,worst,212.207,5.95,8.775,16707.0,4195.55,1984.23
Semi-detached,Semi-detachedD_24.txt,H1,hybrid_bidirectional,worst,266.296,7.28,25.425,27492.0,5680.22,2562.59
Semi-detached,Semi-detachedA_1.txt,H2,safe_unidirectional,best,359.348,2.94,12.6,12222.0,3900.99,1794.7
Semi-detached,Semi-detachedA_48.txt,H1,hybrid_bidirectional,worst,277.938,7.42,25.875,28002.0,5591.72,2523.56
Semi-detached,Semi-detachedD_5.txt,H2,safe_unidirectional,best,364.347,3.15,11.7,12231.0,4011.28,1846.5
Detached,DetachedA_1.txt,H2,hybrid_bidirectional,best,196.463,3.5,2.025,8322.0,4235.95,2004.24
Semi-detached,Semi-detachedD_22.txt,H1,safe_unidirectional,best,357.552,4.06,20.925,18570.0,5381.75,2255.86
Semi-detached,Semi-detachedD_24.txt,H1,hybrid_bidirectional,best,217.429,4.48,17.55,17832.0,5661.3,2285.42
Detached,DetachedA_13.txt,H2,safe_unidirectional,worst,400.86,5.39,19.35,20607.0,4043.4,1911.76
Semi-detached,Semi-detachedA_1.txt,H2,hybrid_bidirectional,worst,204.443,5.88,8.1,16236.0,4024.84,1962.22
Semi-detached,Semi-detachedD_25.txt,H1,safe_unidirectional,worst,403.727,7.42,27.9,28974.0,5334.44,2382.02
Semi-detached,Semi-detachedA_48.txt,H1,hybrid_bidirectional,best,225.911,4.62,17.55,18126.0,5573.9,2250.58
Semi-detached,Semi-detachedD_5.txt,H2,hybrid_bidirectional,worst,216.693,5.81,8.775,16413.0,4138.53,1989.13
Semi-detached,Semi-detachedD_22.txt,H1,hybrid_bidirectional,worst,265.692,7.21,26.1,27669.0,5457.9,2455.73
Semi-detached,Semi-detachedA_1.txt,H2,hybrid_bidirectional,best,192.551,3.43,1.575,7959.0,4061.11,1970.28
Detached,DetachedA_0.txt,H1,safe_unidirectional,worst,443.359,7.77,28.35,29925.0,5543.53,2484.24
Detached,DetachedA_13.txt,H2,safe_unidirectional,best,374.127,3.22,11.925,12486.0,4043.4,1856.66
Semi-detached,Semi-detachedD_5.txt,H2,hybrid_bidirectional,best,197.085,3.5,1.575,8106.0,4182.11,2001.56
Semi-detached,Semi-detachedD_25.txt,H1,safe_unidirectional,best,368.021,3.92,21.6,18600.0,5334.44,2277.46
Semi-detached,Semi-detachedD_24.txt,H2,safe_unidirectional,worst,398.274,5.04,19.125,19764.0,4090.78,1933.98
Semi-detached,Semi-detachedD_22.txt,H1,hybrid_bidirectional,best,212.486,4.76,15.75,17556.0,5431.26,2138.91
Semi-detached,Semi-detachedA_48.txt,H2,safe_unidirectional,worst,399.776,5.18,19.575,20274.0,4005.42,1906.48
Detached,DetachedA_13.txt,H2,hybrid_bidirectional,worst,214.304,5.67,8.775,16119.0,4172.71,2018.89
Semi-detached,Semi-detachedD_21.txt,H1,safe_unidirectional,worst,413.53,7.56,28.575,29592.0,5369.31,2398.2
Detached,DetachedA_0.txt,H1,safe_unidirectional,best,381.515,4.2,21.375,19080.0,5543.53,2317.5
Semi-detached,Semi-detachedD_25.txt,H1,hybrid_bidirectional,worst,262.722,7.28,25.875,27708.0,5409.75,2451.63
Semi-detached,Semi-detachedD_24.txt,H2,safe_unidirectional,best,360.687,3.29,10.8,12093.0,4090.78,1854.01
Semi-detached,Semi-detachedD_26.txt,H1,safe_unidirectional,worst,426.272,7.77,27.675,29601.0,5408.7,2438.58
Detached,DetachedA_13.txt,H2,hybrid_bidirectional,best,199.735,3.5,1.8,8214.0,4207.37,2019.59
Semi-detached,Semi-detachedD_22.txt,H2,safe_unidirectional,worst,381.714,4.97,20.025,20049.0,3876.83,1839.15
Semi-detached,Semi-detachedD_25.txt,H1,hybrid_bidirectional,best,211.211,4.62,16.875,17802.0,5388.9,2116.46
Semi-detached,Semi-detachedA_48.txt,H2,safe_unidirectional,best,366.519,3.15,12.15,12447.0,4005.42,1825.1
Detached,DetachedA_0.txt,H1,hybrid_bidirectional,worst,293.368,7.84,26.325,29100.0,5621.44,2529.18
Semi-detached,Semi-detachedD_21.txt,H1,safe_unidirectional,best,358.786,4.13,21.6,19041.0,5369.31,2244.24
Semi-detached,Semi-detachedD_24.txt,H2,hybrid_bidirectional,worst,207.128,5.46,8.325,15462.0,4224.1,1992.39
Semi-detached,Semi-detachedD_26.txt,H1,safe_unidirectional,best,374.246,4.13,21.375,18933.0,5408.7,2275.35
Semi-detached,Semi-detachedA_48.txt,H2,hybrid_bidirectional,worst,199.561,5.74,9.0,16374.0,4127.93,1953.21
Detached,DetachedA_0.txt,H1,hybrid_bidirectional,best,225.964,5.04,16.2,18360.0,5597.44,2151.59
Detached,DetachedA_12.txt,H1,safe_unidirectional,worst,445.258,7.91,27.675,29895.0,5583.13,2514.39
Semi-detached,Semi-detachedD_24.txt,H2,hybrid_bidirectional,best,195.669,3.43,1.8,8067.0,4268.76,2037.9
Semi-detached,Semi-detachedD_21.txt,H1,hybrid_bidirectional,worst,271.836,7.49,26.55,28473.0,5446.97,2465.89
Semi-detached,Semi-detachedD_22.txt,H2,safe_unidirectional,best,336.7,3.08,11.025,11760.0,3876.83,1761.99
Semi-detached,Semi-detachedD_25.txt,H2,safe_unidirectional,worst,376.194,5.11,19.35,20019.0,3829.52,1819.94
Semi-detached,Semi-detachedA_48.txt,H2,hybrid_bidirectional,best,190.383,3.5,2.025,8322.0,4163.32,2002.74
Semi-detached,Semi-detachedD_26.txt,H1,hybrid_bidirectional,worst,279.529,7.77,25.875,28737.0,5487.55,2484.16
Semi-detached,Semi-detachedD_22.txt,H2,hybrid_bidirectional,worst,193.428,5.6,7.65,15432.0,3992.6,1890.26
Semi-detached,Semi-detachedD_21.txt,H1,hybrid_bidirectional,best,211.33,4.9,16.2,18066.0,5421.71,2124.22
Detached,DetachedA_12.txt,H1,safe_unidirectional,best,384.83,4.27,21.15,19119.0,5583.13,2351.54
Detached,DetachedA_0.txt,H2,safe_unidirectional,worst,425.542,5.39,21.6,21687.0,4038.62,1968.47
Semi-detached,Semi-detachedD_30.txt,H1,safe_unidirectional,worst,452.551,7.56,28.575,29592.0,5611.93,2569.22
Semi-detached,Semi-detachedD_26.txt,H1,hybrid_bidirectional,best,221.158,4.62,17.55,18126.0,5465.63,2173.85
Semi-detached,Semi-detachedD_25.txt,H2,safe_unidirectional,best,350.124,3.01,12.15,12153.0,3829.52,1749.23
Semi-detached,Semi-detachedD_22.txt,H2,hybrid_bidirectional,best,183.969,3.29,1.8,7773.0,4029.54,1918.44
Semi-detached,Semi-detachedD_0.txt,H1,safe_unidirectional,worst,408.001,7.49,27.225,28797.0,5406.43,2410.75
Detached,DetachedA_12.txt,H1,hybrid_bidirectional,worst,290.369,7.77,25.65,28629.0,5669.87,2590.32
Semi-detached,Semi-detachedD_21.txt,H2,safe_unidirectional,worst,387.03,5.25,20.25,20745.0,3864.4,1845.25
Semi-detached,Semi-detachedD_25.txt,H2,hybrid_bidirectional,worst,200.416,5.67,8.1,15795.0,3945.76,1884.78
Semi-detached,Semi-detachedA_34.txt,H1,hybrid_bidirectional,best,217.019,4.55,17.325,17871.0,5402.75,2140.06
Semi-detached,Semi-detachedD_30.txt,H1,safe_unidirectional,best,403.78,4.13,22.275,19365.0,5611.93,2430.26
Detached,DetachedA_0.txt,H2,safe_unidirectional,best,378.951,3.22,12.375,12702.0,4038.62,1854.25
Semi-detached,Semi-detachedA_31.txt,H2,hybrid_bidirectional,worst,190.168,5.81,8.1,16089.0,3931.32,1855.12
Semi-detached,Semi-detachedD_13.txt,H1,safe_unidirectional,worst,426.739,7.56,27.675,29160.0,5495.62,2452.63
Semi-detached,Semi-detachedA_51.txt,H2,hybrid_bidirectional,best,190.79,3.43,1.8,8067.0,4058.08,1972.36
Semi-detached,Semi-detachedA_26.txt,H1,safe_unidirectional,best,382.341,3.99,21.6,18747.0,5439.26,2298.51
Semi-detached,Semi-detachedA_31.txt,H2,hybrid_bidirectional,best,177.163,3.36,1.8,7920.0,3967.74,1898.82
Terraced,TerracedD_9.txt,H1,hybrid_bidirectional,worst,269.088,7.28,26.325,27924.0,5293.64,2410.62
Terraced,TerracedA_15.txt,H2,safe_unidirectional,best,317.497,2.94,12.15,12006.0,3639.38,1662.55
Semi-detached,Semi-detachedD_9.txt,H2,safe_unidirectional,worst,402.083,5.25,19.575,20421.0,4041.81,1939.08
Semi-detached,Semi-detachedD_13.txt,H1,safe_unidirectional,best,371.002,4.13,21.15,18825.0,5495.62,2297.82
Semi-detached,Semi-detachedA_34.txt,H2,safe_unidirectional,worst,381.139,5.32,19.575,20568.0,3839.95,1817.38
Semi-detached,Semi-detachedA_26.txt,H1,hybrid_bidirectional,worst,276.739,7.63,25.875,28443.0,5521.0,2488.45
Terraced,TerracedD_9.txt,H1,hybrid_bidirectional,best,211.785,4.48,17.55,17832.0,5279.19,2081.98
Semi-detached,Semi-detachedA_45.txt,H1,safe_unidirectional,worst,420.443,7.98,27.675,30042.0,5423.69,2411.72
Terraced,TerracedA_15.txt,H2,hybrid_bidirectional,worst,185.788,5.53,8.1,15501.0,3750.53,1794.14
Semi-detached,Semi-detachedA_19.txt,H1,safe_unidirectional,worst,406.028,7.42,28.125,29082.0,5353.11,2410.29
Semi-detached,Semi-detachedD_13.txt,H1,hybrid_bidirectional,worst,275.402,7.63,25.2,28119.0,5571.27,2488.77
Semi-detached,Semi-detachedD_9.txt,H2,safe_unidirectional,best,373.593,3.29,11.7,12525.0,4041.81,1858.84
Semi-detached,Semi-detachedA_26.txt,H1,hybrid_bidirectional,best,219.558,4.55,17.775,18087.0,5506.43,2192.44
Semi-detached,Semi-detachedA_34.txt,H2,safe_unidirectional,best,353.124,3.08,11.925,12192.0,3839.95,1760.24
Terraced,TerracedA_15.txt,H2,hybrid_bidirectional,best,173.12,3.36,1.35,7704.0,3789.68,1823.51
Semi-detached,Semi-detachedA_45.txt,H1,safe_unidirectional,best,374.514,4.27,21.15,19119.0,5423.69,2265.19
Semi-detached,Semi-detachedD_13.txt,H1,hybrid_bidirectional,best,214.912,5.04,15.3,17928.0,5547.15,2144.09
Terraced,TerracedD_9.txt,H2,safe_unidirectional,worst,372.123,5.11,20.25,20451.0,3718.79,1805.43
Semi-detached,Semi-detachedD_9.txt,H2,hybrid_bidirectional,worst,209.061,5.6,9.0,16080.0,4170.46,2002.65
Semi-detached,Semi-detachedA_19.txt,H1,safe_unidirectional,best,355.373,4.13,20.7,18609.0,5353.11,2227.44
Semi-detached,Semi-detachedA_34.txt,H2,hybrid_bidirectional,worst,191.836,5.81,8.325,16197.0,3958.76,1868.98
Semi-detached,Semi-detachedA_26.txt,H2,safe_unidirectional,worst,400.483,5.25,19.575,20421.0,3934.35,1879.74
Semi-detached,Semi-detachedD_9.txt,H2,hybrid_bidirectional,best,197.622,3.5,2.025,8322.0,4204.31,2023.78
Semi-detached,Semi-detachedA_45.txt,H1,hybrid_bidirectional,worst,280.366,7.63,26.775,28875.0,5507.83,2504.96
Terraced,TerracedA_29.txt,H1,safe_unidirectional,worst,401.703,7.35,27.675,28719.0,5334.44,2395.24
Semi-detached,Semi-detachedA_34.txt,H2,hybrid_bidirectional,best,181.57,3.5,1.575,8106.0,3996.51,1905.98
Semi-detached,Semi-detachedA_19.txt,H1,hybrid_bidirectional,worst,274.874,7.42,25.875,28002.0,5426.36,2459.91
Terraced,TerracedD_9.txt,H2,safe_unidirectional,best,338.038,2.94,12.6,12222.0,3718.79,1704.52
Semi-detached,Semi-detachedD_13.txt,H2,safe_unidirectional,worst,392.698,5.32,19.35,20460.0,3990.71,1879.21
Semi-detached,Semi-detachedA_45.txt,H1,hybrid_bidirectional,best,222.033,4.83,16.875,18243.0,5484.37,2162.13
Semi-detached,Semi-detachedA_19.txt,H1,hybrid_bidirectional,best,218.858,4.69,16.425,17733.0,5403.62,2138.09
Terraced,TerracedA_29.txt,H1,safe_unidirectional,best,351.629,3.99,20.925,18423.0,5334.44,2235.48
Semi-detached,Semi-detachedA_26.txt,H2,safe_unidirectional,best,368.043,3.08,12.15,12300.0,3934.35,1807.73
Terraced,TerracedD_9.txt,H2,hybrid_bidirectional,worst,189.635,5.74,8.775,16266.0,3835.2,1859.63
Semi-detached,Semi-detachedA_43.txt,H1,safe_unidirectional,worst,426.983,7.7,28.35,29778.0,5431.83,2431.54
Semi-detached,Semi-detachedA_35.txt,H1,safe_unidirectional,worst,414.187,7.63,27.9,29415.0,5410.66,2403.77
Semi-detached,Semi-detachedD_13.txt,H2,safe_unidirectional,best,360.026,3.29,11.7,12525.0,3990.71,1813.07
Semi-detached,Semi-detachedA_26.txt,H2,hybrid_bidirectional,worst,203.399,5.88,8.55,16452.0,4057.12,1927.84
Terraced,TerracedD_9.txt,H2,hybrid_bidirectional,best,177.62,3.43,1.8,8067.0,3871.81,1867.23
Terraced,TerracedA_29.txt,H1,hybrid_bidirectional,worst,265.812,7.28,25.425,27492.0,5400.4,2455.24
Semi-detached,Semi-detachedA_45.txt,H2,safe_unidirectional,worst,395.737,5.46,20.925,21510.0,3918.78,1884.5
Semi-detached,Semi-detachedA_43.txt,H1,safe_unidirectional,best,373.885,4.13,21.6,19041.0,5431.83,2255.46
Semi-detached,Semi-detachedD_13.txt,H2,hybrid_bidirectional,worst,217.027,5.74,8.1,15942.0,4108.15,1970.76
Semi-detached,Semi-detachedA_19.txt,H2,safe_unidirectional,worst,382.516,5.11,20.025,20343.0,3848.2,1859.2
Semi-detached,Semi-detachedA_35.txt,H1,safe_unidirectional,best,377.792,4.13,21.825,19149.0,5410.66,2281.64
Semi-detached,Semi-detachedA_26.txt,H2,hybrid_bidirectional,best,186.423,3.5,1.575,8106.0,4098.37,1957.28
Terraced,TerracedA_29.txt,H1,hybrid_bidirectional,best,208.975,4.62,16.2,17478.0,5379.57,2104.84
Terraced,TerracedA_28.txt,H1,safe_unidirectional,worst,389.601,7.35,27.9,28827.0,5230.27,2331.98
Semi-detached,Semi-detachedD_13.txt,H2,hybrid_bidirectional,best,198.599,3.43,2.025,8175.0,4140.16,1979.71
Semi-detached,Semi-detachedA_43.txt,H1,hybrid_bidirectional,worst,279.086,7.84,25.65,28776.0,5510.36,2484.02
Semi-detached,Semi-detachedA_45.txt,H2,safe_unidirectional,best,354.334,3.36,11.925,12780.0,3918.78,1771.29
Semi-detached,Semi-detachedA_35.txt,H1,hybrid_bidirectional,worst,275.434,7.63,25.425,28227.0,5479.56,2449.5
Semi-detached,Semi-detachedA_19.txt,H2,safe_unidirectional,best,345.419,3.15,11.7,12231.0,3848.2,1757.2
Semi-detached,Semi-detachedA_27.txt,H1,safe_unidirectional,worst,411.77,7.42,27.9,28974.0,5453.83,2422.14
Semi-detached,Semi-detachedA_43.txt,H1,hybrid_bidirectional,best,222.057,4.69,17.325,18165.0,5490.33,2143.81
Semi-detached,Semi-detachedA_45.txt,H2,hybrid_bidirectional,worst,214.914,6.09,8.775,17001.0,4041.5,1948.17
Terraced,TerracedA_29.txt,H2,safe_unidirectional,worst,374.208,5.18,19.575,20274.0,3829.53,1821.22
Terraced,TerracedA_28.txt,H1,safe_unidirectional,best,343.47,4.06,20.7,18462.0,5230.27,2197.42
Semi-detached,Semi-detachedA_35.txt,H1,hybrid_bidirectional,best,225.227,4.9,16.425,18174.0,5461.18,2151.43
Semi-detached,Semi-detachedA_19.txt,H2,hybrid_bidirectional,worst,193.736,5.88,7.65,16020.0,3970.1,1896.04
Semi-detached,Semi-detachedA_37.txt,H1,safe_unidirectional,worst,405.844,7.49,27.225,28797.0,5357.25,2403.84
Semi-detached,Semi-detachedA_45.txt,H2,hybrid_bidirectional,best,198.439,3.57,1.8,8361.0,4073.95,1925.8
Semi-detached,Semi-detachedA_27.txt,H1,safe_unidirectional,best,361.149,4.2,20.925,18864.0,5453.83,2267.72
Terraced,TerracedA_28.txt,H1,hybrid_bidirectional,worst,261.896,7.42,25.425,27786.0,5300.34,2378.55
Semi-detached,Semi-detachedA_19.txt,H2,hybrid_bidirectional,best,186.459,3.36,1.8,7920.0,4000.39,1943.32
Terraced,TerracedA_29.txt,H2,safe_unidirectional,best,339.604,3.08,11.475,11976.0,3829.53,1739.36
Semi-detached,Semi-detachedA_43.txt,H2,safe_unidirectional,worst,396.395,5.53,19.8,21117.0,3926.92,1878.34
Semi-detached,Semi-detachedA_37.txt,H1,safe_unidirectional,best,349.035,4.06,20.475,18354.0,5357.25,2198.07
Semi-detached,Semi-detachedA_35.txt,H2,safe_unidirectional,worst,390.421,5.25,20.25,20745.0,3905.75,1867.99
Semi-detached,Semi-detachedA_27.txt,H1,hybrid_bidirectional,worst,269.182,7.49,25.425,27933.0,5529.64,2467.04
Terraced,TerracedA_28.txt,H1,hybrid_bidirectional,best,210.061,4.48,17.1,17616.0,5277.51,2102.07
Terraced,TerracedA_29.txt,H2,hybrid_bidirectional,worst,201.023,5.67,7.2,15363.0,3934.01,1888.06
Semi-detached,Semi-detachedA_44.txt,H1,safe_unidirectional,worst,412.627,7.21,27.675,28425.0,5429.07,2424.19
Semi-detached,Semi-detachedA_18.txt,H1,safe_unidirectional,worst,439.765,7.84,28.125,29964.0,5531.25,2515.76
Semi-detached,Semi-detachedA_37.txt,H1,hybrid_bidirectional,worst,266.748,7.42,26.325,28218.0,5430.66,2452.24
Semi-detached,Semi-detachedA_43.txt,H2,safe_unidirectional,best,356.249,3.15,12.375,12555.0,3926.92,1778.86
Semi-detached,Semi-detachedA_27.txt,H1,hybrid_bidirectional,best,215.504,4.83,15.975,17811.0,5507.09,2164.97
Semi-detached,Semi-detachedA_35.txt,H2,safe_unidirectional,best,357.086,3.22,12.375,12702.0,3905.75,1774.43
Terraced,TerracedA_29.txt,H2,hybrid_bidirectional,best,191.231,3.29,1.575,7665.0,3972.76,1915.76
Semi-detached,Semi-detachedA_37.txt,H1,hybrid_bidirectional,best,209.285,4.76,15.525,17448.0,5403.55,2084.24
Semi-detached,Semi-detachedA_44.txt,H1,safe_unidirectional,best,369.328,3.99,21.375,18639.0,5429.07,2317.64
Terraced,TerracedA_28.txt,H2,safe_unidirectional,worst,365.178,4.97,20.25,20157.0,3725.35,1772.41
Semi-detached,Semi-detachedA_43.txt,H2,hybrid_bidirectional,worst,205.84,6.16,8.55,17040.0,4054.58,1933.86
Semi-detached,Semi-detachedA_18.txt,H1,safe_unidirectional,best,383.226,4.34,21.15,19266.0,5531.25,2337.36
Semi-detached,Semi-detachedA_35.txt,H2,hybrid_bidirectional,worst,211.242,6.02,7.875,16422.0,4014.45,1919.63
Semi-detached,Semi-detachedA_27.txt,H2,safe_unidirectional,worst,390.62,5.18,19.35,20166.0,3948.92,1903.87
Semi-detached,Semi-detachedA_43.txt,H2,hybrid_bidirectional,best,192.976,3.57,1.575,8253.0,4093.63,1947.94
Terraced,TerracedD_8.txt,H1,safe_unidirectional,worst,406.512,7.35,28.35,29043.0,5307.47,2378.37
Semi-detached,Semi-detachedA_44.txt,H1,hybrid_bidirectional,worst,274.258,7.21,25.65,27453.0,5504.36,2480.45
Semi-detached,Semi-detachedA_35.txt,H2,hybrid_bidirectional,best,196.575,3.5,2.025,8322.0,4049.95,1909.16
Terraced,TerracedA_28.txt,H2,safe_unidirectional,best,326.784,3.01,11.7,11937.0,3725.35,1684.12
Semi-detached,Semi-detachedA_18.txt,H1,hybrid_bidirectional,worst,293.611,7.63,26.55,28767.0,5614.16,2590.39
Semi-detached,Semi-detachedA_37.txt,H2,safe_unidirectional,worst,378.68,5.18,19.8,20382.0,3852.34,1855.02
Semi-detached,Semi-detachedA_44.txt,H1,hybrid_bidirectional,best,215.635,4.69,16.2,17625.0,5481.1,2173.37
Terraced,TerracedA_28.txt,H2,hybrid_bidirectional,worst,184.197,5.67,7.65,15579.0,3838.78,1820.74
Terraced,TerracedD_8.txt,H1,safe_unidirectional,best,362.585,3.99,21.15,18531.0,5307.47,2240.69
Semi-detached,Semi-detachedA_27.txt,H2,safe_unidirectional,best,351.329,3.29,11.25,12309.0,3948.92,1793.65
Semi-detached,Semi-detachedA_18.txt,H1,hybrid_bidirectional,best,226.208,4.76,17.1,18204.0,5596.32,2227.66
Semi-detached,Semi-detachedA_57.txt,H1,safe_unidirectional,worst,414.771,7.63,28.125,29523.0,5410.8,2401.28
Semi-detached,Semi-detachedA_21.txt,H1,safe_unidirectional,worst,421.436,7.7,27.9,29562.0,5394.44,2406.07
Semi-detached,Semi-detachedA_37.txt,H2,safe_unidirectional,best,342.038,3.01,11.475,11829.0,3852.34,1764.13
Terraced,TerracedA_28.txt,H2,hybrid_bidirectional,best,176.084,3.36,1.35,7704.0,3878.95,1871.48
Semi-detached,Semi-detachedA_27.txt,H2,hybrid_bidirectional,worst,205.861,5.67,8.55,16011.0,4070.82,1951.1
Terraced,TerracedD_8.txt,H1,hybrid_bidirectional,worst,279.714,7.14,26.55,27738.0,5375.92,2453.69
Semi-detached,Semi-detachedA_44.txt,H2,safe_unidirectional,worst,383.948,5.04,18.9,19656.0,3924.16,1866.05
Semi-detached,Semi-detachedA_57.txt,H1,safe_unidirectional,best,359.231,4.2,21.15,18972.0,5410.8,2227.58
Semi-detached,Semi-detachedA_37.txt,H2,hybrid_bidirectional,worst,199.875,5.81,7.875,15981.0,3973.46,1897.15
Semi-detached,Semi-detachedA_18.txt,H2,safe_unidirectional,worst,414.235,5.39,20.7,21255.0,4026.34,1953.47
Semi-detached,Semi-detachedA_21.txt,H1,safe_unidirectional,best,363.583,4.06,21.6,18894.0,5394.44,2254.38
Semi-detached,Semi-detachedA_27.txt,H2,hybrid_bidirectional,best,188.532,3.5,1.575,8106.0,4115.53,1960.8
Terraced,TerracedD_8.txt,H1,hybrid_bidirectional,best,224.398,4.41,17.775,17793.0,5354.44,2133.93
Terraced,TerracedA_14.txt,H1,safe_unidirectional,worst,388.475,7.56,27.45,29052.0,5163.69,2313.75
Semi-detached,Semi-detachedA_37.txt,H2,hybrid_bidirectional,best,194.591,3.36,1.35,7704.0,4012.56,1957.15
Semi-detached,Semi-detachedA_57.txt,H1,hybrid_bidirectional,worst,270.071,7.63,26.1,28551.0,5487.05,2448.82
Semi-detached,Semi-detachedA_44.txt,H2,safe_unidirectional,best,344.566,3.15,10.8,11799.0,3924.16,1793.34
Semi-detached,Semi-detachedA_21.txt,H1,hybrid_bidirectional,worst,282.177,7.7,26.1,28698.0,5463.03,2445.91
Semi-detached,Semi-detachedA_18.txt,H2,safe_unidirectional,best,370.184,3.36,11.925,12780.0,4026.34,1846.48
Semi-detached,Semi-detachedA_33.txt,H1,safe_unidirectional,worst,425.384,7.49,29.475,29877.0,5474.94,2454.57
Semi-detached,Semi-detachedA_57.txt,H1,hybrid_bidirectional,best,212.759,4.76,16.875,18096.0,5465.23,2120.72
Terraced,TerracedA_14.txt,H1,safe_unidirectional,best,344.451,3.85,21.6,18453.0,5163.69,2216.57
Semi-detached,Semi-detachedA_44.txt,H2,hybrid_bidirectional,worst,202.943,5.53,8.1,15501.0,4040.05,1912.85
Terraced,TerracedD_8.txt,H2,safe_unidirectional,worst,377.314,4.97,20.025,20049.0,3802.56,1815.92
Semi-detached,Semi-detachedA_21.txt,H1,hybrid_bidirectional,best,214.549,4.83,16.425,18027.0,5446.17,2101.36
Semi-detached,Semi-detachedA_23.txt,H1,safe_unidirectional,worst,394.729,7.42,27.9,28974.0,5259.49,2357.39
Semi-detached,Semi-detachedA_18.txt,H2,hybrid_bidirectional,worst,215.662,6.16,8.55,17040.0,4155.63,1969.4
Semi-detached,Semi-detachedA_44.txt,H2,hybrid_bidirectional,best,189.916,3.36,1.575,7812.0,4080.53,1964.63
Semi-detached,Semi-detachedA_33.txt,H1,safe_unidirectional,best,374.572,4.2,21.6,19188.0,5474.94,2311.48
Terraced,TerracedA_14.txt,H1,hybrid_bidirectional,worst,263.342,7.56,25.425,28080.0,5231.86,2365.34
Semi-detached,Semi-detachedA_18.txt,H2,hybrid_bidirectional,best,198.778,3.64,1.575,8400.0,4195.2,2001.24
Terraced,TerracedD_8.txt,H2,safe_unidirectional,best,339.973,3.08,11.7,12084.0,3802.56,1730.0
Semi-detached,Semi-detachedA_57.txt,H2,safe_unidirectional,worst,386.47,5.39,20.025,20931.0,3905.89,1842.82
Semi-detached,Semi-detachedA_23.txt,H1,safe_unidirectional,best,345.413,3.99,21.15,18531.0,5259.49,2204.31
Semi-detached,Semi-detachedA_21.txt,H2,safe_unidirectional,worst,400.719,5.32,20.7,21108.0,3889.52,1873.85
Terraced,TerracedA_14.txt,H1,hybrid_bidirectional,best,209.789,4.69,15.975,17517.0,5209.82,2054.23
Semi-detached,Semi-detachedA_33.txt,H1,hybrid_bidirectional,worst,278.285,7.49,26.55,28473.0,5558.65,2523.38
Terraced,TerracedD_8.txt,H2,hybrid_bidirectional,worst,200.125,5.6,8.325,15756.0,3907.62,1874.85
Semi-detached,Semi-detachedA_50.txt,H1,safe_unidirectional,worst,433.272,7.91,28.8,30435.0,5456.34,2467.53
Semi-detached,Semi-detachedA_23.txt,H1,hybrid_bidirectional,worst,261.703,7.35,25.875,27855.0,5331.36,2404.59
Semi-detached,Semi-detachedA_30.txt,H1,safe_unidirectional,worst,427.701,7.63,28.35,29631.0,5487.82,2468.52
Semi-detached,Semi-detachedA_57.txt,H2,safe_unidirectional,best,350.084,3.22,11.925,12486.0,3905.89,1770.46
Semi-detached,Semi-detachedA_33.txt,H1,hybrid_bidirectional,best,220.89,4.97,16.2,18213.0,5533.64,2172.36
Terraced,TerracedD_8.txt,H2,hybrid_bidirectional,best,185.022,3.36,1.8,7920.0,3946.02,1862.55
Semi-detached,Semi-detachedA_21.txt,H2,safe_unidirectional,best,360.454,3.15,11.925,12339.0,3889.52,1785.61
Semi-detached,Semi-detachedA_23.txt,H1,hybrid_bidirectional,best,206.097,4.62,16.425,17586.0,5313.1,2069.26
Terraced,TerracedA_14.txt,H2,safe_unidirectional,worst,363.3,5.18,20.25,20598.0,3658.78,1765.5
Semi-detached,Semi-detachedA_50.txt,H1,safe_unidirectional,best,379.193,4.34,21.375,19374.0,5456.34,2268.27
Semi-detached,Semi-detachedA_57.txt,H2,hybrid_bidirectional,worst,198.703,5.95,8.55,16599.0,4012.03,1907.08
Semi-detached,Semi-detachedA_30.txt,H1,safe_unidirectional,best,381.446,4.2,21.15,18972.0,5487.82,2315.85
Semi-detached,Semi-detachedA_21.txt,H2,hybrid_bidirectional,worst,206.717,5.88,9.0,16668.0,4002.4,1926.75
Terraced,TerracedA_17.txt,H1,safe_unidirectional,worst,398.336,7.21,27.9,28533.0,5355.54,2401.42
Semi-detached,Semi-detachedA_33.txt,H2,safe_unidirectional,worst,401.258,5.18,20.7,20814.0,3970.03,1913.05
Semi-detached,Semi-detachedA_57.txt,H2,hybrid_bidirectional,best,186.053,3.5,1.8,8214.0,4052.15,1924.47
Semi-detached,Semi-detachedA_50.txt,H1,hybrid_bidirectional,worst,281.546,8.05,25.875,29325.0,5531.4,2501.96
Terraced,TerracedA_14.txt,H2,safe_unidirectional,best,319.637,3.01,12.15,12153.0,3658.78,1665.17
Semi-detached,Semi-detachedA_21.txt,H2,hybrid_bidirectional,best,190.144,3.5,1.575,8106.0,4043.24,1948.09
Semi-detached,Semi-detachedA_30.txt,H1,hybrid_bidirectional,worst,276.181,7.49,26.55,28473.0,5568.8,2517.0
Semi-detached,Semi-detachedA_23.txt,H2,safe_unidirectional,worst,364.16,5.04,20.25,20304.0,3754.58,1788.03
Semi-detached,Semi-detachedA_50.txt,H1,hybrid_bidirectional,best,224.39,4.9,17.1,18498.0,5508.56,2158.67
Terraced,TerracedA_17.txt,H1,safe_unidirectional,best,361.592,3.92,21.6,18600.0,5355.54,2307.91
Terraced,TerracedA_14.txt,H2,hybrid_bidirectional,worst,190.26,6.02,7.425,16206.0,3757.57,1793.73
Semi-detached,Semi-detachedA_33.txt,H2,safe_unidirectional,best,360.442,3.22,12.375,12702.0,3970.03,1810.85
Semi-detached,Semi-detachedA_30.txt,H1,hybrid_bidirectional,best,218.563,4.9,15.975,17958.0,5543.4,2167.3
Semi-detached,Semi-detachedA_56.txt,H1,safe_unidirectional,worst,403.085,7.28,27.0,28248.0,5373.04,2382.4
Semi-detached,Semi-detachedD_39.txt,H1,safe_unidirectional,worst,418.796,7.7,27.675,29454.0,5375.6,2399.78
Semi-detached,Semi-detachedA_23.txt,H2,safe_unidirectional,best,324.571,3.15,11.475,12123.0,3754.58,1695.73
Terraced,TerracedA_14.txt,H2,hybrid_bidirectional,best,179.019,3.36,1.35,7704.0,3795.42,1826.98
Semi-detached,Semi-detachedA_33.txt,H2,hybrid_bidirectional,worst,213.772,5.88,8.55,16452.0,4102.86,1961.9
Terraced,TerracedA_17.txt,H1,hybrid_bidirectional,worst,269.161,7.14,26.325,27630.0,5426.34,2457.74
Semi-detached,Semi-detachedA_56.txt,H1,safe_unidirectional,best,357.897,3.92,20.925,18276.0,5373.04,2272.57
Semi-detached,Semi-detachedA_50.txt,H2,safe_unidirectional,worst,405.204,5.53,20.925,21657.0,3951.43,1905.05
Semi-detached,Semi-detachedA_23.txt,H2,hybrid_bidirectional,worst,196.316,5.6,8.1,15648.0,3870.92,1854.71
Semi-detached,Semi-detachedA_30.txt,H2,safe_unidirectional,worst,400.312,5.39,20.475,21147.0,3982.91,1909.89
Semi-detached,Semi-detachedD_39.txt,H1,safe_unidirectional,best,362.609,4.13,21.15,18825.0,5375.6,2242.03
Semi-detached,Semi-detachedA_33.txt,H2,hybrid_bidirectional,best,195.994,3.5,2.025,8322.0,4136.99,1951.41
Terraced,TerracedA_17.txt,H1,hybrid_bidirectional,best,221.304,4.55,17.1,17763.0,5404.06,2154.73
Terraced,TerracedD_30.txt,H1,safe_unidirectional,worst,415.305,7.77,27.9,29709.0,5296.35,2382.69
Semi-detached,Semi-detachedA_23.txt,H2,hybrid_bidirectional,best,184.534,3.43,1.125,7743.0,3915.39,1901.4
Semi-detached,Semi-detachedA_56.txt,H1,hybrid_bidirectional,worst,265.895,7.14,25.425,27198.0,5441.11,2441.28
Semi-detached,Semi-detachedA_50.txt,H2,safe_unidirectional,best,371.637,3.08,13.5,12948.0,3951.43,1807.6
Semi-detached,Semi-detachedD_39.txt,H1,hybrid_bidirectional,worst,267.611,7.63,26.1,28551.0,5452.42,2442.35
Semi-detached,Semi-detachedA_30.txt,H2,safe_unidirectional,best,364.872,3.22,11.925,12486.0,3982.91,1807.31
Semi-detached,Semi-detachedD_17.txt,H1,safe_unidirectional,worst,421.616,7.49,27.9,29121.0,5492.9,2443.67
Semi-detached,Semi-detachedA_56.txt,H1,hybrid_bidirectional,best,212.556,4.55,16.2,17331.0,5421.11,2130.42
Terraced,TerracedD_30.txt,H1,safe_unidirectional,best,365.802,4.06,21.825,19002.0,5296.35,2270.32
Terraced,TerracedA_17.txt,H2,safe_unidirectional,worst,370.182,5.11,19.35,20019.0,3850.63,1832.8
Semi-detached,Semi-detachedA_50.txt,H2,hybrid_bidirectional,worst,216.716,6.37,8.325,17373.0,4055.48,1935.99
Semi-detached,Semi-detachedD_39.txt,H1,hybrid_bidirectional,best,207.108,4.83,16.2,17919.0,5431.32,2096.94
Semi-detached,Semi-detachedA_22.txt,H1,safe_unidirectional,worst,423.689,7.07,28.35,28455.0,5490.68,2480.88
Semi-detached,Semi-detachedA_30.txt,H2,hybrid_bidirectional,worst,208.053,6.16,8.1,16824.0,4101.47,1959.45
Semi-detached,Semi-detachedA_50.txt,H2,hybrid_bidirectional,best,201.852,3.71,1.575,8547.0,4099.45,1956.14
Semi-detached,Semi-detachedD_17.txt,H1,safe_unidirectional,best,381.566,4.06,21.6,18894.0,5492.9,2324.03
Terraced,TerracedD_30.txt,H1,hybrid_bidirectional,worst,268.145,7.91,25.875,29031.0,5373.93,2418.77
Semi-detached,Semi-detachedA_30.txt,H2,hybrid_bidirectional,best,188.463,3.43,2.025,8175.0,4137.67,1964.61
Terraced,TerracedA_17.txt,H2,safe_unidirectional,best,336.55,3.08,11.7,12084.0,3850.63,1754.03
Semi-detached,Semi-detachedA_56.txt,H2,safe_unidirectional,worst,375.23,5.11,18.45,19587.0,3868.13,1820.54
Semi-detached,Semi-detachedA_22.txt,H1,safe_unidirectional,best,369.002,4.06,20.7,18462.0,5490.68,2333.08
Semi-detached,Semi-detachedD_39.txt,H2,safe_unidirectional,worst,388.608,5.39,20.25,21039.0,3870.69,1834.43
Terraced,TerracedD_30.txt,H1,hybrid_bidirectional,best,210.612,4.76,16.875,18096.0,5353.67,2138.57
Semi-detached,Semi-detachedD_17.txt,H1,hybrid_bidirectional,worst,275.861,7.49,26.325,28365.0,5572.68,2503.58
Terraced,TerracedA_17.txt,H2,hybrid_bidirectional,worst,200.461,5.53,8.1,15501.0,3972.6,1923.03
Terraced,TerracedA_48.txt,H1,safe_unidirectional,worst,401.724,7.63,27.225,29091.0,5263.24,2363.02
Semi-detached,Semi-detachedA_22.txt,H1,hybrid_bidirectional,worst,271.926,7.28,25.65,27600.0,5568.66,2492.86
Semi-detached,Semi-detachedA_56.txt,H2,safe_unidirectional,best,342.203,3.01,11.25,11721.0,3868.13,1772.51
Semi-detached,Semi-detachedA_24.txt,H1,safe_unidirectional,worst,421.566,7.77,28.35,29925.0,5503.85,2447.32
Semi-detached,Semi-detachedD_17.txt,H1,hybrid_bidirectional,best,230.196,4.76,16.875,18096.0,5549.51,2179.45
Terraced,TerracedA_17.txt,H2,hybrid_bidirectional,best,188.392,3.43,1.575,7959.0,4012.32,1963.46
Semi-detached,Semi-detachedD_39.txt,H2,safe_unidirectional,best,347.455,3.22,11.7,12378.0,3870.69,1735.44
Semi-detached,Semi-detachedA_22.txt,H1,hybrid_bidirectional,best,213.838,4.9,15.075,17526.0,5542.46,2156.37
Terraced,TerracedD_30.txt,H2,safe_unidirectional,worst,383.03,5.32,20.475,21000.0,3791.43,1829.52
Semi-detached,Semi-detachedA_56.txt,H2,hybrid_bidirectional,worst,186.148,5.67,6.75,15147.0,3982.0,1898.96
Terraced,TerracedA_48.txt,H1,safe_unidirectional,best,355.526,3.99,21.15,18531.0,5263.24,2230.05
Semi-detached,Semi-detachedA_24.txt,H1,safe_unidirectional,best,378.086,4.06,22.05,19110.0,5503.85,2316.4
Semi-detached,Semi-detachedD_39.txt,H2,hybrid_bidirectional,worst,194.945,5.95,8.55,16599.0,3991.88,1888.66
Semi-detached,Semi-detachedA_56.txt,H2,hybrid_bidirectional,best,176.659,3.36,1.35,7704.0,4021.01,1909.48
Terraced,TerracedD_27.txt,H1,safe_unidirectional,worst,386.051,7.0,27.0,27660.0,5196.5,2326.83
Semi-detached,Semi-detachedD_17.txt,H2,safe_unidirectional,worst,406.436,5.11,20.475,20559.0,3987.99,1922.32
Terraced,TerracedA_48.txt,H1,hybrid_bidirectional,worst,274.296,7.7,25.2,28266.0,5330.29,2404.95
Semi-detached,Semi-detachedD_39.txt,H2,hybrid_bidirectional,best,184.108,3.5,1.575,8106.0,4028.02,1912.34
Terraced,TerracedD_30.txt,H2,safe_unidirectional,best,335.48,3.29,12.15,12741.0,3791.43,1706.14
Semi-detached,Semi-detachedA_24.txt,H1,hybrid_bidirectional,worst,280.515,7.84,25.425,28668.0,5582.26,2496.53
Semi-detached,Semi-detachedA_22.txt,H2,safe_unidirectional,worst,398.059,5.18,18.675,19842.0,3985.77,1891.65
Terraced,TerracedA_48.txt,H1,hybrid_bidirectional,best,220.578,4.48,17.55,17832.0,5308.9,2120.74
Terraced,TerracedD_27.txt,H1,safe_unidirectional,best,339.395,3.99,20.7,18315.0,5196.5,2163.3
Terraced,TerracedD_30.txt,H2,hybrid_bidirectional,worst,201.494,5.95,9.0,16815.0,3900.88,1891.57
Semi-detached,Semi-detachedA_42.txt,H1,safe_unidirectional,worst,419.314,7.56,27.9,29268.0,5450.78,2449.35
Semi-detached,Semi-detachedD_17.txt,H2,safe_unidirectional,best,370.234,3.22,11.7,12378.0,3987.99,1836.36
Semi-detached,Semi-detachedA_24.txt,H1,hybrid_bidirectional,best,225.228,4.76,16.875,18096.0,5562.8,2187.92
Semi-detached,Semi-detachedD_11.txt,H1,safe_unidirectional,worst,427.745,7.56,27.9,29268.0,5427.26,2463.52
Semi-detached,Semi-detachedA_22.txt,H2,safe_unidirectional,best,359.178,3.01,11.7,11937.0,3985.77,1818.32
Terraced,TerracedD_30.txt,H2,hybrid_bidirectional,best,186.688,3.57,1.575,8253.0,3942.71,1907.53
Terraced,TerracedD_27.txt,H1,hybrid_bidirectional,worst,260.466,6.79,25.875,26679.0,5265.67,2391.47
Semi-detached,Semi-detachedD_17.txt,H2,hybrid_bidirectional,worst,211.863,5.81,8.1,16089.0,4106.0,1987.17
Semi-detached,Semi-detachedA_42.txt,H1,safe_unidirectional,best,379.217,4.06,21.825,19002.0,5450.78,2312.21
Terraced,TerracedA_48.txt,H2,safe_unidirectional,worst,377.737,5.18,20.25,20598.0,3758.33,1820.88
Semi-detached,Semi-detachedA_22.txt,H2,hybrid_bidirectional,worst,203.625,5.53,8.1,15501.0,4107.8,1940.87
Semi-detached,Semi-detachedD_11.txt,H1,safe_unidirectional,best,376.806,4.06,21.6,18894.0,5427.26,2329.17
Semi-detached,Semi-detachedA_24.txt,H2,safe_unidirectional,worst,399.058,5.53,20.025,21225.0,3998.93,1887.39
Semi-detached,Semi-detachedD_17.txt,H2,hybrid_bidirectional,best,201.119,3.57,1.575,8253.0,4147.57,1992.66
Terraced,TerracedD_27.txt,H1,hybrid_bidirectional,best,205.182,4.55,16.2,17331.0,5246.61,2047.89
Terraced,TerracedD_24.txt,H1,safe_unidirectional,worst,416.472,7.56,28.8,29700.0,5305.79,2391.95
Semi-detached,Semi-detachedA_22.txt,H2,hybrid_bidirectional,best,194.907,3.43,1.35,7851.0,4153.49,1988.85
Semi-detached,Semi-detachedA_42.txt,H1,hybrid_bidirectional,worst,275.666,7.49,25.425,27933.0,5531.13,2516.69
Terraced,TerracedA_48.txt,H2,safe_unidirectional,best,341.501,3.01,12.375,12261.0,3758.33,1730.33
Semi-detached,Semi-detachedD_11.txt,H1,hybrid_bidirectional,worst,276.014,7.56,25.65,28188.0,5510.33,2518.54
Semi-detached,Semi-detachedA_24.txt,H2,safe_unidirectional,best,361.233,3.29,12.15,12741.0,3998.93,1786.28
Semi-detached,Semi-detachedD_8.txt,H1,safe_unidirectional,worst,420.89,7.56,27.9,29268.0,5421.46,2429.46
Semi-detached,Semi-detachedA_42.txt,H1,hybrid_bidirectional,best,229.628,4.62,17.325,18018.0,5507.2,2206.13
Terraced,TerracedD_27.txt,H2,safe_unidirectional,worst,356.774,4.76,18.9,19068.0,3691.59,1765.99
Terraced,TerracedD_24.txt,H1,safe_unidirectional,best,377.724,3.99,21.6,18747.0,5305.79,2291.67
Terraced,TerracedA_48.txt,H2,hybrid_bidirectional,worst,211.585,5.95,7.425,16059.0,3856.77,1864.6
Semi-detached,Semi-detachedD_11.txt,H1,hybrid_bidirectional,best,217.495,4.76,16.65,17988.0,5485.42,2180.11
Semi-detached,Semi-detachedA_36.txt,H1,safe_unidirectional,worst,427.45,7.63,28.125,29523.0,5437.11,2435.46
Semi-detached,Semi-detachedA_24.txt,H2,hybrid_bidirectional,worst,210.591,6.02,9.0,16962.0,4130.32,1979.02
Terraced,TerracedA_48.txt,H2,hybrid_bidirectional,best,196.557,3.29,2.025,7881.0,3885.18,1888.54
Semi-detached,Semi-detachedD_8.txt,H1,safe_unidirectional,best,378.546,4.06,21.6,18894.0,5421.46,2298.32
Terraced,TerracedD_24.txt,H1,hybrid_bidirectional,worst,268.711,7.56,27.0,28836.0,5384.71,2424.18
Terraced,TerracedD_27.txt,H2,safe_unidirectional,best,330.265,2.94,11.7,11790.0,3691.59,1683.61
Semi-detached,Semi-detachedA_42.txt,H2,safe_unidirectional,worst,391.346,5.39,19.8,20823.0,3945.87,1866.68
Semi-detached,Semi-detachedA_24.txt,H2,hybrid_bidirectional,best,195.831,3.57,1.8,8361.0,4168.46,1986.61
Semi-detached,Semi-detachedA_36.txt,H1,safe_unidirectional,best,379.6,4.2,20.925,18864.0,5437.11,2278.54
Semi-detached,Semi-detachedD_11.txt,H2,safe_unidirectional,worst,401.009,5.25,20.25,20745.0,3922.34,1899.37
Terraced,TerracedD_24.txt,H1,hybrid_bidirectional,best,212.573,4.62,17.55,18126.0,5365.4,2134.48
Terraced,TerracedD_27.txt,H2,hybrid_bidirectional,worst,186.933,5.25,7.875,14805.0,3788.69,1785.99
Semi-detached,Semi-detachedD_8.txt,H1,hybrid_bidirectional,worst,280.386,7.49,26.775,28581.0,5499.39,2491.84
Terraced,TerracedA_49.txt,H1,safe_unidirectional,worst,399.524,7.56,27.45,29052.0,5266.77,2355.91
Semi-detached,Semi-detachedA_36.txt,H1,hybrid_bidirectional,worst,276.911,7.35,26.55,28179.0,5518.61,2515.85
Semi-detached,Semi-detachedA_42.txt,H2,safe_unidirectional,best,362.288,3.29,11.475,12417.0,3945.87,1795.21
Terraced,TerracedD_27.txt,H2,hybrid_bidirectional,best,177.695,3.29,1.35,7557.0,3832.02,1826.14
Semi-detached,Semi-detachedA_8.txt,H1,safe_unidirectional,worst,432.66,7.77,27.9,29709.0,5535.22,2486.73
Semi-detached,Semi-detachedD_11.txt,H2,safe_unidirectional,best,358.679,3.15,12.15,12447.0,3922.34,1807.94
Semi-detached,Semi-detachedD_8.txt,H1,hybrid_bidirectional,best,230.529,4.69,17.55,18273.0,5473.02,2167.94
Semi-detached,Semi-detachedA_36.txt,H1,hybrid_bidirectional,best,225.643,4.62,17.1,17910.0,5492.21,2178.19
Semi-detached,Semi-detachedA_42.txt,H2,hybrid_bidirectional,worst,206.17,5.95,8.1,16383.0,4071.92,1921.91
Terraced,TerracedD_24.txt,H2,safe_unidirectional,worst,388.989,5.25,21.15,21177.0,3800.88,1846.4
Terraced,TerracedA_49.txt,H1,safe_unidirectional,best,357.948,3.99,20.925,18423.0,5266.77,2238.8
Semi-detached,Semi-detachedD_11.txt,H2,hybrid_bidirectional,worst,200.046,5.81,8.1,16089.0,4051.35,1956.42
Semi-detached,Semi-detachedA_8.txt,H1,safe_unidirectional,best,383.197,4.2,21.6,19188.0,5535.22,2333.56
Terraced,TerracedD_33.txt,H1,safe_unidirectional,worst,390.347,7.42,27.45,28758.0,5214.41,2333.34
Semi-detached,Semi-detachedA_42.txt,H2,hybrid_bidirectional,best,196.271,3.5,1.575,8106.0,4105.77,1971.55
Semi-detached,Semi-detachedD_8.txt,H2,safe_unidirectional,worst,393.707,5.25,19.8,20529.0,3916.55,1875.02
Terraced,TerracedA_49.txt,H1,hybrid_bidirectional,worst,262.108,7.42,25.425,27786.0,5342.04,2425.86
Semi-detached,Semi-detachedD_11.txt,H2,hybrid_bidirectional,best,190.104,3.5,1.35,7998.0,4091.98,2005.03
Terraced,TerracedD_24.txt,H2,safe_unidirectional,best,348.322,3.08,12.6,12516.0,3800.88,1742.68
Semi-detached,Semi-detachedA_36.txt,H2,safe_unidirectional,worst,403.729,5.18,20.475,20706.0,3932.19,1897.52
Semi-detached,Semi-detachedA_8.txt,H1,hybrid_bidirectional,worst,278.335,7.77,26.1,28845.0,5618.85,2552.32
Terraced,TerracedA_49.txt,H1,hybrid_bidirectional,best,206.761,4.69,15.975,17517.0,5322.58,2106.08
Terraced,TerracedD_33.txt,H1,safe_unidirectional,best,345.166,3.99,20.925,18423.0,5214.41,2201.72
Terraced,TerracedD_24.txt,H2,hybrid_bidirectional,worst,197.517,5.81,9.45,16737.0,3915.57,1898.93
Semi-detached,Semi-detachedA_46.txt,H1,safe_unidirectional,worst,407.129,7.42,27.9,28974.0,5314.03,2399.89
Semi-detached,Semi-detachedD_8.txt,H2,safe_unidirectional,best,356.06,3.15,12.15,12447.0,3916.55,1786.42
Semi-detached,Semi-detachedA_8.txt,H1,hybrid_bidirectional,best,226.243,4.62,17.55,18126.0,5602.09,2268.33
Semi-detached,Semi-detachedD_29.txt,H1,safe_unidirectional,worst,425.492,7.63,28.575,29739.0,5482.52,2461.13
Semi-detached,Semi-detachedA_36.txt,H2,safe_unidirectional,best,369.484,3.08,12.375,12408.0,3932.19,1812.23
Terraced,TerracedD_33.txt,H1,hybrid_bidirectional,worst,252.988,7.28,26.325,27924.0,5285.39,2389.98
Terraced,TerracedD_24.txt,H2,hybrid_bidirectional,best,181.751,3.57,1.575,8253.0,3952.7,1906.59
Semi-detached,Semi-detachedD_8.txt,H2,hybrid_bidirectional,worst,212.075,5.81,8.1,16089.0,4027.82,1922.92
Semi-detached,Semi-detachedA_46.txt,H1,safe_unidirectional,best,358.372,3.99,20.925,18423.0,5314.03,2270.51
Terraced,TerracedA_49.txt,H2,safe_unidirectional,worst,375.252,5.11,20.25,20451.0,3761.86,1820.41
Semi-detached,Semi-detachedA_36.txt,H2,hybrid_bidirectional,worst,207.331,5.81,8.325,16197.0,4060.03,1964.97
Semi-detached,Semi-detachedD_29.txt,H1,safe_unidirectional,best,373.014,4.2,20.925,18864.0,5482.52,2295.12
Terraced,TerracedD_33.txt,H1,hybrid_bidirectional,best,206.774,4.34,17.775,17646.0,5266.33,2125.68
Semi-detached,Semi-detachedD_8.txt,H2,hybrid_bidirectional,best,199.081,3.5,1.8,8214.0,4067.35,1939.95
Semi-detached,Semi-detachedA_8.txt,H2,safe_unidirectional,worst,405.524,5.53,19.8,21117.0,4030.31,1930.58
Terraced,TerracedD_18.txt,H1,safe_unidirectional,worst,414.409,7.7,28.125,29670.0,5292.59,2393.97
Semi-detached,Semi-detachedA_46.txt,H1,hybrid_bidirectional,worst,267.01,7.21,26.325,27777.0,5387.47,2454.24
Semi-detached,Semi-detachedA_36.txt,H2,hybrid_bidirectional,best,192.372,3.5,1.35,7998.0,4103.28,1956.37
Terraced,TerracedA_49.txt,H2,safe_unidirectional,best,333.819,3.01,11.925,12045.0,3761.86,1720.86
Semi-detached,Semi-detachedD_29.txt,H1,hybrid_bidirectional,worst,278.807,7.56,25.875,28296.0,5561.25,2519.09
Semi-detached,Semi-detachedA_46.txt,H1,hybrid_bidirectional,best,213.282,4.41,17.1,17469.0,5371.15,2163.41
Semi-detached,Semi-detachedA_8.txt,H2,safe_unidirectional,best,367.793,3.15,12.15,12447.0,4030.31,1845.98
Terraced,TerracedD_33.txt,H2,safe_unidirectional,worst,357.795,5.11,19.8,20235.0,3709.49,1768.87
Semi-detached,Semi-detachedA_54.txt,H1,safe_unidirectional,worst,407.81,7.35,28.575,29151.0,5325.33,2372.29
Terraced,TerracedD_18.txt,H1,safe_unidirectional,best,373.924,3.99,22.5,19179.0,5292.59,2302.27
Terraced,TerracedA_49.txt,H2,hybrid_bidirectional,worst,192.157,5.67,8.775,16119.0,3880.31,1867.75
Semi-detached,Semi-detachedD_29.txt,H1,hybrid_bidirectional,best,217.14,4.76,16.425,17880.0,5537.64,2162.92
Semi-detached,Semi-detachedD_12.txt,H1,safe_unidirectional,worst,418.364,7.35,28.575,29151.0,5523.74,2469.03
Semi-detached,Semi-detachedA_8.txt,H2,hybrid_bidirectional,worst,210.526,6.02,8.325,16638.0,4160.54,2002.31
Terraced,TerracedA_49.txt,H2,hybrid_bidirectional,best,186.585,3.36,1.575,7812.0,3911.86,1879.42
Semi-detached,Semi-detachedA_54.txt,H1,safe_unidirectional,best,356.909,4.06,21.6,18894.0,5325.33,2233.87
Terraced,TerracedD_18.txt,H1,hybrid_bidirectional,worst,266.68,7.84,25.65,28776.0,5372.76,2445.78
Terraced,TerracedD_33.txt,H2,safe_unidirectional,best,328.026,3.15,11.25,12015.0,3709.49,1691.09
Semi-detached,Semi-detachedA_46.txt,H2,safe_unidirectional,worst,380.561,4.97,20.25,20157.0,3809.12,1856.32
Semi-detached,Semi-detachedA_8.txt,H2,hybrid_bidirectional,best,197.713,3.5,1.8,8214.0,4198.58,2033.06
Semi-detached,Semi-detachedD_12.txt,H1,safe_unidirectional,best,370.296,4.06,21.375,18786.0,5523.74,2345.96
Semi-detached,Semi-detachedD_29.txt,H2,safe_unidirectional,worst,394.201,5.46,19.8,20970.0,3977.61,1863.2
Terraced,TerracedD_18.txt,H1,hybrid_bidirectional,best,213.277,4.76,17.325,18312.0,5354.23,2145.81
Terraced,TerracedD_33.txt,H2,hybrid_bidirectional,worst,185.204,5.6,8.775,15972.0,3822.87,1848.61
Semi-detached,Semi-detachedA_54.txt,H1,hybrid_bidirectional,worst,265.51,7.42,25.875,28002.0,5397.8,2423.31
Terraced,TerracedA_8.txt,H1,safe_unidirectional,worst,403.171,7.35,27.675,28719.0,5305.82,2353.85
Semi-detached,Semi-detachedA_46.txt,H2,safe_unidirectional,best,330.59,3.15,10.8,11799.0,3809.12,1731.02
Semi-detached,Semi-detachedD_12.txt,H1,hybrid_bidirectional,worst,273.48,7.42,25.875,28002.0,5602.87,2516.19
Terraced,TerracedD_33.txt,H2,hybrid_bidirectional,best,174.668,3.43,1.575,7959.0,3861.76,1866.97
Semi-detached,Semi-detachedD_14.txt,H1,safe_unidirectional,worst,420.592,7.7,28.125,29670.0,5425.1,2428.84
Semi-detached,Semi-detachedD_29.txt,H2,safe_unidirectional,best,358.095,3.15,11.7,12231.0,3977.61,1795.8
Semi-detached,Semi-detachedA_54.txt,H1,hybrid_bidirectional,best,208.416,4.62,16.875,17802.0,5378.16,2113.97
Terraced,TerracedD_18.txt,H2,safe_unidirectional,worst,386.627,5.46,20.7,21402.0,3787.67,1839.58
Semi-detached,Semi-detachedA_46.txt,H2,hybrid_bidirectional,worst,194.958,5.6,8.1,15648.0,3919.39,1913.77
Terraced,TerracedA_8.txt,H1,safe_unidirectional,best,364.238,3.92,21.6,18600.0,5305.82,2254.52
Semi-detached,Semi-detachedD_12.txt,H1,hybrid_bidirectional,best,213.67,4.9,15.3,17634.0,5579.15,2185.99
Semi-detached,Semi-detachedD_29.txt,H2,hybrid_bidirectional,worst,204.16,5.88,8.55,16452.0,4114.22,1933.56
Semi-detached,Semi-detachedD_14.txt,H1,safe_unidirectional,best,366.205,4.13,21.15,18825.0,5425.1,2282.74
Terraced,TerracedD_32.txt,H1,safe_unidirectional,worst,384.722,7.07,27.225,27915.0,5242.25,2356.98
Semi-detached,Semi-detachedA_46.txt,H2,hybrid_bidirectional,best,182.62,3.22,2.025,7734.0,3950.11,1926.89
Terraced,TerracedA_8.txt,H1,hybrid_bidirectional,worst,263.916,7.21,25.65,27453.0,5375.05,2414.93
Semi-detached,Semi-detachedA_54.txt,H2,safe_unidirectional,worst,383.903,5.11,20.025,20343.0,3820.41,1832.35
Terraced,TerracedD_18.txt,H2,safe_unidirectional,best,356.175,3.22,13.275,13134.0,3787.67,1748.81
Semi-detached,Semi-detachedD_29.txt,H2,hybrid_bidirectional,best,187.243,3.5,1.575,8106.0,4150.36,1947.93
Semi-detached,Semi-detachedD_12.txt,H2,safe_unidirectional,worst,388.217,5.11,19.575,20127.0,4018.82,1896.8
Semi-detached,Semi-detachedD_14.txt,H1,hybrid_bidirectional,worst,274.295,7.7,26.55,28914.0,5504.91,2475.47
Terraced,TerracedA_8.txt,H1,hybrid_bidirectional,best,210.883,4.69,16.2,17625.0,5361.3,2094.79
Terraced,TerracedD_32.txt,H1,safe_unidirectional,best,346.164,3.92,20.7,18168.0,5242.25,2229.23
Terraced,TerracedD_18.txt,H2,hybrid_bidirectional,worst,197.021,6.16,8.1,16824.0,3910.19,1897.56
Semi-detached,Semi-detachedA_52.txt,H1,safe_unidirectional,worst,439.909,7.98,28.35,30366.0,5488.17,2485.63
Semi-detached,Semi-detachedA_54.txt,H2,safe_unidirectional,best,339.952,3.15,11.475,12123.0,3820.41,1743.2
Semi-detached,Semi-detachedD_14.txt,H1,hybrid_bidirectional,best,211.333,4.9,15.975,17958.0,5478.16,2129.5
Semi-detached,Semi-detachedD_15.txt,H1,safe_unidirectional,worst,438.727,7.7,27.9,29562.0,5499.81,2473.19
Semi-detached,Semi-detachedD_12.txt,H2,safe_unidirectional,best,351.209,3.22,11.025,12054.0,4018.82,1821.45
Terraced,TerracedD_18.txt,H2,hybrid_bidirectional,best,186.065,3.57,1.8,8361.0,3935.75,1884.25
Terraced,TerracedD_32.txt,H1,hybrid_bidirectional,worst,248.936,7.07,25.65,27159.0,5307.64,2392.86
Semi-detached,Semi-detachedA_54.txt,H2,hybrid_bidirectional,worst,194.92,5.67,8.1,15795.0,3940.14,1906.81
Terraced,TerracedA_8.txt,H2,safe_unidirectional,worst,377.007,5.04,19.575,19980.0,3800.91,1809.25
Semi-detached,Semi-detachedA_52.txt,H1,safe_unidirectional,best,389.619,4.2,22.05,19404.0,5488.17,2349.42
Semi-detached,Semi-detachedD_12.txt,H2,hybrid_bidirectional,worst,207.092,5.67,8.325,15903.0,4149.62,1965.66
Semi-detached,Semi-detachedD_15.txt,H1,safe_unidirectional,best,390.996,4.06,21.825,19002.0,5499.81,2355.7
Terraced,TerracedD_32.txt,H1,hybrid_bidirectional,best,202.941,4.48,16.2,17184.0,5289.32,2089.97
Semi-detached,Semi-detachedD_14.txt,H2,safe_unidirectional,worst,390.952,5.39,20.475,21147.0,3920.18,1883.79
Semi-detached,Semi-detachedA_54.txt,H2,hybrid_bidirectional,best,180.208,3.43,1.575,7959.0,3979.54,1893.14
Terraced,TerracedD_19.txt,H1,safe_unidirectional,worst,420.35,7.56,28.8,29700.0,5387.51,2427.63
Semi-detached,Semi-detachedA_52.txt,H1,hybrid_bidirectional,worst,285.728,7.98,27.0,29718.0,5569.88,2535.97
Semi-detached,Semi-detachedD_12.txt,H2,hybrid_bidirectional,best,191.538,3.43,1.575,7959.0,4199.22,2009.51
Terraced,TerracedA_8.txt,H2,safe_unidirectional,best,336.518,3.15,11.475,12123.0,3800.91,1717.09
Semi-detached,Semi-detachedD_15.txt,H1,hybrid_bidirectional,worst,287.692,7.49,26.55,28473.0,5582.2,2553.91
Semi-detached,Semi-detachedA_52.txt,H1,hybrid_bidirectional,best,220.824,5.11,16.425,18615.0,5546.27,2176.27
Semi-detached,Semi-detachedD_14.txt,H2,safe_unidirectional,best,352.314,3.08,12.375,12408.0,3920.18,1800.44
Terraced,TerracedD_19.txt,H1,safe_unidirectional,best,371.178,4.13,21.6,19041.0,5387.51,2269.38
Terraced,TerracedD_32.txt,H2,safe_unidirectional,worst,357.713,4.9,18.45,19146.0,3737.33,1797.29
Semi-detached,Semi-detachedA_40.txt,H1,safe_unidirectional,worst,428.961,7.63,28.575,29739.0,5472.49,2466.27
Terraced,TerracedA_8.txt,H2,hybrid_bidirectional,worst,206.85,5.6,8.1,15648.0,3907.49,1855.05
Semi-detached,Semi-detachedD_15.txt,H1,hybrid_bidirectional,best,229.982,4.55,18.225,18303.0,5564.98,2232.41
Semi-detached,Semi-detachedD_10.txt,H1,safe_unidirectional,worst,421.734,7.49,27.9,29121.0,5420.74,2428.52
Semi-detached,Semi-detachedD_14.txt,H2,hybrid_bidirectional,worst,203.564,6.09,8.55,16893.0,4047.85,1943.8
Terraced,TerracedA_8.txt,H2,hybrid_bidirectional,best,191.453,3.43,1.575,7959.0,3950.68,1880.15
Terraced,TerracedD_19.txt,H1,hybrid_bidirectional,worst,270.076,7.49,26.775,28581.0,5471.19,2492.63
Semi-detached,Semi-detachedA_40.txt,H1,safe_unidirectional,best,385.767,4.06,21.6,18894.0,5472.49,2346.86
Terraced,TerracedD_32.txt,H2,safe_unidirectional,best,321.79,2.94,10.8,11358.0,3737.33,1719.24
Semi-detached,Semi-detachedA_52.txt,H2,safe_unidirectional,worst,414.162,5.53,21.375,21873.0,3983.26,1932.22
Semi-detached,Semi-detachedD_14.txt,H2,hybrid_bidirectional,best,193.213,3.43,2.025,8175.0,4078.95,1956.56
Semi-detached,Semi-detachedD_10.txt,H1,safe_unidirectional,best,373.625,3.99,22.05,18963.0,5420.74,2298.83
Semi-detached,Semi-detachedD_15.txt,H2,safe_unidirectional,worst,406.892,5.32,20.25,20892.0,3994.9,1917.26
Terraced,TerracedD_19.txt,H1,hybrid_bidirectional,best,218.066,4.69,17.775,18381.0,5451.03,2155.31
Terraced,TerracedD_32.txt,H2,hybrid_bidirectional,worst,185.753,5.32,7.65,14844.0,3848.38,1845.86
Semi-detached,Semi-detachedA_40.txt,H1,hybrid_bidirectional,worst,287.866,7.63,26.1,28551.0,5547.29,2518.1
Terraced,TerracedD_40.txt,H1,safe_unidirectional,worst,412.916,7.49,27.9,29121.0,5335.97,2413.23
Semi-detached,Semi-detachedA_52.txt,H2,safe_unidirectional,best,362.506,3.43,12.375,13143.0,3983.26,1795.4
Semi-detached,Semi-detachedD_10.txt,H1,hybrid_bidirectional,worst,271.715,7.56,25.65,28188.0,5497.96,2455.97
Terraced,TerracedD_32.txt,H2,hybrid_bidirectional,best,178.327,3.22,1.575,7518.0,3884.33,1877.49
Semi-detached,Semi-detachedD_28.txt,H1,safe_unidirectional,worst,432.833,7.49,28.125,29229.0,5521.06,2471.95
Semi-detached,Semi-detachedD_15.txt,H2,safe_unidirectional,best,369.563,3.15,12.375,12555.0,3994.9,1835.83
Semi-detached,Semi-detachedA_40.txt,H1,hybrid_bidirectional,best,224.095,4.9,16.2,18066.0,5533.48,2175.07
Terraced,TerracedD_19.txt,H2,safe_unidirectional,worst,388.075,5.25,20.925,21069.0,3882.6,1853.96
Terraced,TerracedD_40.txt,H1,safe_unidirectional,best,352.773,4.06,21.375,18786.0,5335.97,2231.2
Semi-detached,Semi-detachedA_52.txt,H2,hybrid_bidirectional,worst,222.701,6.16,9.9,17688.0,4099.92,2004.2
Semi-detached,Semi-detachedD_10.txt,H1,hybrid_bidirectional,best,212.708,4.69,16.875,17949.0,5477.76,2124.83
Semi-detached,Semi-detachedD_15.txt,H2,hybrid_bidirectional,worst,213.273,5.88,9.0,16668.0,4094.0,1934.15
Semi-detached,Semi-detachedD_28.txt,H1,safe_unidirectional,best,382.668,4.13,21.825,19149.0,5521.06,2323.96
Terraced,TerracedD_26.txt,H1,safe_unidirectional,worst,401.238,7.63,27.45,29199.0,5321.71,2384.42
Semi-detached,Semi-detachedA_52.txt,H2,hybrid_bidirectional,best,204.751,3.64,2.025,8616.0,4138.49,2002.15
Terraced,TerracedD_40.txt,H1,hybrid_bidirectional,worst,268.162,7.56,25.875,28296.0,5414.23,2461.89
Semi-detached,Semi-detachedA_40.txt,H2,safe_unidirectional,worst,402.567,5.32,20.25,20892.0,3967.57,1927.4
Terraced,TerracedD_19.txt,H2,safe_unidirectional,best,349.265,3.15,12.825,12771.0,3882.6,1762.4
Semi-detached,Semi-detachedD_15.txt,H2,hybrid_bidirectional,best,194.09,3.5,2.025,8322.0,4132.93,1957.53
Semi-detached,Semi-detachedD_10.txt,H2,safe_unidirectional,worst,397.509,5.18,20.7,20814.0,3915.83,1886.13
Semi-detached,Semi-detachedD_28.txt,H1,hybrid_bidirectional,worst,278.875,7.42,25.875,28002.0,5602.36,2541.25
Terraced,TerracedD_40.txt,H1,hybrid_bidirectional,best,213.64,4.62,17.1,17910.0,5393.03,2127.07
Terraced,TerracedD_26.txt,H1,safe_unidirectional,best,361.531,3.92,21.825,18708.0,5321.71,2289.1
Terraced,TerracedD_19.txt,H2,hybrid_bidirectional,worst,201.425,5.67,9.9,16659.0,4004.91,1930.5
Semi-detached,Semi-detachedA_53.txt,H1,safe_unidirectional,worst,419.683,7.77,28.125,29817.0,5445.77,2430.75
Semi-detached,Semi-detachedA_40.txt,H2,safe_unidirectional,best,360.135,3.22,12.15,12594.0,3967.57,1819.0
Semi-detached,Semi-detachedD_28.txt,H1,hybrid_bidirectional,best,227.904,4.62,17.55,18126.0,5582.52,2204.63
Semi-detached,Semi-detachedA_9.txt,H1,safe_unidirectional,worst,410.048,7.28,27.675,28572.0,5337.91,2405.17
Terraced,TerracedD_19.txt,H2,hybrid_bidirectional,best,184.628,3.5,2.025,8322.0,4042.02,1941.35
Semi-detached,Semi-detachedD_10.txt,H2,safe_unidirectional,best,354.758,3.29,11.7,12525.0,3915.83,1763.55
Terraced,TerracedD_26.txt,H1,hybrid_bidirectional,worst,266.087,7.49,25.65,28041.0,5397.11,2450.02
Semi-detached,Semi-detachedA_40.txt,H2,hybrid_bidirectional,worst,219.36,5.88,8.55,16452.0,4074.21,1953.43
Terraced,TerracedD_40.txt,H2,safe_unidirectional,worst,381.854,5.32,20.025,20784.0,3831.06,1846.6
Semi-detached,Semi-detachedA_53.txt,H1,safe_unidirectional,best,375.854,3.99,22.05,18963.0,5445.77,2338.26
Semi-detached,Semi-detachedD_10.txt,H2,hybrid_bidirectional,worst,196.987,5.81,9.0,16521.0,4026.46,1922.9
Semi-detached,Semi-detachedA_9.txt,H1,safe_unidirectional,best,356.726,3.99,20.7,18315.0,5337.91,2268.53
Terraced,TerracedD_26.txt,H1,hybrid_bidirectional,best,209.338,4.83,15.975,17811.0,5375.22,2101.14
Semi-detached,Semi-detachedA_40.txt,H2,hybrid_bidirectional,best,195.932,3.5,1.8,8214.0,4117.4,1955.8
Semi-detached,Semi-detachedD_28.txt,H2,safe_unidirectional,worst,403.34,5.32,19.35,20460.0,4016.14,1913.96
Terraced,TerracedD_25.txt,H1,safe_unidirectional,worst,377.468,7.21,27.45,28317.0,5146.57,2292.79
Semi-detached,Semi-detachedA_53.txt,H1,hybrid_bidirectional,worst,275.078,7.84,25.2,28560.0,5521.66,2468.77
Semi-detached,Semi-detachedD_10.txt,H2,hybrid_bidirectional,best,179.522,3.43,2.25,8283.0,4059.06,1918.82
Terraced,TerracedD_40.txt,H2,safe_unidirectional,best,337.611,3.22,11.925,12486.0,3831.06,1736.13
Semi-detached,Semi-detachedA_9.txt,H1,hybrid_bidirectional,worst,268.216,7.28,25.875,27708.0,5410.34,2455.83
Semi-detached,Semi-detachedA_53.txt,H1,hybrid_bidirectional,best,223.446,4.76,16.65,17988.0,5498.96,2189.22
Terraced,TerracedD_25.txt,H1,safe_unidirectional,best,334.568,3.92,20.925,18276.0,5146.57,2155.48
Semi-detached,Semi-detachedD_28.txt,H2,safe_unidirectional,best,375.03,3.08,12.6,12516.0,4016.14,1838.28
Semi-detached,Semi-detachedA_41.txt,H1,safe_unidirectional,worst,425.517,7.7,28.125,29670.0,5426.85,2427.95
Terraced,TerracedD_26.txt,H2,safe_unidirectional,worst,367.735,5.39,19.575,20715.0,3816.8,1811.09
Terraced,TerracedD_40.txt,H2,hybrid_bidirectional,worst,199.244,5.81,8.775,16413.0,3954.02,1908.8
Semi-detached,Semi-detachedA_9.txt,H1,hybrid_bidirectional,best,205.564,4.62,16.2,17478.0,5395.14,2128.6
Semi-detached,Semi-detachedD_38.txt,H1,safe_unidirectional,worst,383.118,7.21,27.675,28425.0,5185.17,2315.86
Semi-detached,Semi-detachedD_28.txt,H2,hybrid_bidirectional,worst,206.312,5.53,8.775,15825.0,4146.48,2002.65
Terraced,TerracedD_40.txt,H2,hybrid_bidirectional,best,181.723,3.5,1.575,8106.0,3994.23,1911.55
Terraced,TerracedD_25.txt,H1,hybrid_bidirectional,worst,254.319,7.14,24.975,26982.0,5207.94,2344.48
Semi-detached,Semi-detachedA_41.txt,H1,safe_unidirectional,best,382.869,3.99,22.05,18963.0,5426.85,2325.94
Terraced,TerracedD_26.txt,H2,safe_unidirectional,best,339.828,2.94,12.825,12330.0,3816.8,1726.63
Semi-detached,Semi-detachedA_53.txt,H2,safe_unidirectional,worst,389.086,5.46,20.025,21078.0,3940.86,1878.91
Semi-detached,Semi-detachedD_38.txt,H1,safe_unidirectional,best,339.986,3.85,20.7,18021.0,5185.17,2200.96
Semi-detached,Semi-detachedD_28.txt,H2,hybrid_bidirectional,best,195.01,3.5,1.8,8214.0,4184.69,2001.67
Semi-detached,Semi-detachedA_9.txt,H2,safe_unidirectional,worst,381.904,5.11,19.125,19911.0,3833.0,1837.69
Terraced,TerracedD_25.txt,H1,hybrid_bidirectional,best,203.914,4.41,16.65,17253.0,5189.05,2043.56
Terraced,TerracedD_26.txt,H2,hybrid_bidirectional,worst,195.689,5.95,8.325,16491.0,3931.25,1878.96
Semi-detached,Semi-detachedA_41.txt,H1,hybrid_bidirectional,worst,277.342,7.7,26.1,28698.0,5504.06,2475.39
Terraced,TerracedA_9.txt,H1,safe_unidirectional,worst,366.113,7.14,27.45,28170.0,5073.93,2258.36
Semi-detached,Semi-detachedA_53.txt,H2,safe_unidirectional,best,354.011,3.15,12.15,12447.0,3940.86,1791.08
Semi-detached,Semi-detachedD_38.txt,H1,hybrid_bidirectional,worst,257.426,7.21,25.425,27345.0,5250.64,2358.13
Terraced,TerracedD_26.txt,H2,hybrid_bidirectional,best,186.676,3.43,1.8,8067.0,3966.18,1899.15
Semi-detached,Semi-detachedA_9.txt,H2,safe_unidirectional,best,346.554,2.94,11.7,11790.0,3833.0,1786.4
Semi-detached,Semi-detachedD_16.txt,H1,safe_unidirectional,worst,417.388,7.49,28.575,29445.0,5430.95,2431.03
Semi-detached,Semi-detachedA_41.txt,H1,hybrid_bidirectional,best,226.323,4.62,17.325,18018.0,5481.67,2187.87
Terraced,TerracedD_25.txt,H2,safe_unidirectional,worst,344.921,4.97,19.125,19617.0,3641.66,1716.21
Terraced,TerracedA_9.txt,H1,safe_unidirectional,best,312.925,3.92,20.925,18276.0,5073.93,2107.34
Semi-detached,Semi-detachedA_53.txt,H2,hybrid_bidirectional,worst,210.439,6.02,7.875,16422.0,4057.73,1931.43
Semi-detached,Semi-detachedD_38.txt,H1,hybrid_bidirectional,best,204.319,4.48,16.425,17292.0,5229.53,2053.44
Semi-detached,Semi-detachedA_9.txt,H2,hybrid_bidirectional,worst,202.3,5.46,8.1,15354.0,3946.51,1914.44
Semi-detached,Semi-detachedD_16.txt,H1,safe_unidirectional,best,373.135,3.99,22.05,18963.0,5430.95,2331.9
Semi-detached,Semi-detachedA_53.txt,H2,hybrid_bidirectional,best,192.026,3.5,1.575,8106.0,4097.26,1929.57
Terraced,TerracedA_16.txt,H1,safe_unidirectional,worst,395.948,7.42,27.225,28650.0,5320.0,2379.53
Terraced,TerracedA_9.txt,H1,hybrid_bidirectional,worst,242.939,7.07,25.425,27051.0,5138.29,2302.97
Terraced,TerracedD_25.txt,H2,safe_unidirectional,best,312.053,2.94,11.475,11682.0,3641.66,1635.28
Semi-detached,Semi-detachedA_41.txt,H2,safe_unidirectional,worst,399.827,5.32,20.7,21108.0,3921.94,1877.83
Semi-detached,Semi-detachedA_9.txt,H2,hybrid_bidirectional,best,187.88,3.22,2.025,7734.0,3971.36,1894.11
Semi-detached,Semi-detachedD_38.txt,H2,safe_unidirectional,worst,353.569,4.83,20.025,19755.0,3680.26,1759.96
Semi-detached,Semi-detachedD_16.txt,H1,hybrid_bidirectional,worst,270.475,7.56,26.55,28620.0,5511.13,2477.72
Terraced,TerracedA_9.txt,H1,hybrid_bidirectional,best,188.585,4.48,15.975,17076.0,5116.3,1983.84
Terraced,TerracedD_25.txt,H2,hybrid_bidirectional,worst,183.194,5.39,8.1,15207.0,3761.09,1781.57
Terraced,TerracedA_16.txt,H1,safe_unidirectional,best,348.518,3.99,21.15,18531.0,5320.0,2250.41
Semi-detached,Semi-detachedA_47.txt,H1,safe_unidirectional,worst,388.225,7.28,27.225,28356.0,5344.31,2350.9
Semi-detached,Semi-detachedA_41.txt,H2,safe_unidirectional,best,355.834,3.22,11.475,12270.0,3921.94,1784.96
Semi-detached,Semi-detachedA_25.txt,H1,safe_unidirectional,worst,431.773,7.84,27.9,29856.0,5463.54,2473.52
Semi-detached,Semi-detachedD_16.txt,H1,hybrid_bidirectional,best,217.739,4.62,17.775,18234.0,5491.77,2199.41
Terraced,TerracedD_25.txt,H2,hybrid_bidirectional,best,173.018,3.22,1.575,7518.0,3791.13,1801.72
Semi-detached,Semi-detachedD_38.txt,H2,safe_unidirectional,best,316.115,3.01,10.8,11505.0,3680.26,1666.33
Terraced,TerracedA_16.txt,H1,hybrid_bidirectional,worst,262.514,7.49,25.2,27825.0,5391.87,2423.16
Semi-detached,Semi-detachedA_41.txt,H2,hybrid_bidirectional,worst,211.128,5.95,8.55,16599.0,4026.32,1924.31
Terraced,TerracedA_9.txt,H2,safe_unidirectional,worst,339.687,4.83,19.575,19539.0,3569.02,1716.2
Semi-detached,Semi-detachedA_47.txt,H1,safe_unidirectional,best,349.085,3.92,20.925,18276.0,5344.31,2253.89
Semi-detached,Semi-detachedD_38.txt,H2,hybrid_bidirectional,worst,187.534,5.46,7.65,15138.0,3788.89,1816.14
Semi-detached,Semi-detachedA_25.txt,H1,safe_unidirectional,best,388.158,4.13,22.05,19257.0,5463.54,2344.82
Terraced,TerracedA_16.txt,H1,hybrid_bidirectional,best,203.91,4.76,15.75,17556.0,5373.38,2098.58
Semi-detached,Semi-detachedA_41.txt,H2,hybrid_bidirectional,best,196.696,3.5,1.575,8106.0,4067.5,1931.82
Terraced,TerracedD_31.txt,H1,safe_unidirectional,worst,427.29,7.7,29.025,30102.0,5455.18,2455.15
Semi-detached,Semi-detachedD_16.txt,H2,safe_unidirectional,worst,394.671,5.18,20.475,20706.0,3926.04,1914.92
Semi-detached,Semi-detachedA_47.txt,H1,hybrid_bidirectional,worst,255.849,7.21,25.875,27561.0,5416.0,2405.04
Semi-detached,Semi-detachedD_38.txt,H2,hybrid_bidirectional,best,173.541,3.29,1.35,7557.0,3829.99,1833.65
Terraced,TerracedA_9.txt,H2,safe_unidirectional,best,293.871,3.01,10.8,11505.0,3569.02,1618.58
Semi-detached,Semi-detachedA_25.txt,H1,hybrid_bidirectional,worst,289.378,7.84,26.325,29100.0,5538.81,2515.59
Semi-detached,Semi-detachedA_47.txt,H1,hybrid_bidirectional,best,201.492,4.55,16.65,17547.0,5398.68,2103.29
Terraced,TerracedD_31.txt,H1,safe_unidirectional,best,379.77,4.2,21.825,19296.0,5455.18,2305.44
Terraced,TerracedA_16.txt,H2,safe_unidirectional,worst,369.366,5.11,20.25,20451.0,3815.09,1833.46
Terraced,TerracedA_9.txt,H2,hybrid_bidirectional,worst,180.754,5.32,7.875,14952.0,3668.09,1752.86
Semi-detached,Semi-detachedD_16.txt,H2,safe_unidirectional,best,355.853,3.08,12.375,12408.0,3926.04,1805.42
Semi-detached,Semi-detachedA_55.txt,H1,safe_unidirectional,worst,439.031,7.84,28.125,29964.0,5481.93,2460.0
Semi-detached,Semi-detachedA_25.txt,H1,hybrid_bidirectional,best,230.153,4.83,17.1,18351.0,5520.73,2218.69
Semi-detached,Semi-detachedA_20.txt,H1,safe_unidirectional,worst,421.591,7.63,27.675,29307.0,5462.57,2417.84
Terraced,TerracedA_9.txt,H2,hybrid_bidirectional,best,167.99,3.22,1.35,7410.0,3702.41,1770.88
Semi-detached,Semi-detachedD_16.txt,H2,hybrid_bidirectional,worst,205.948,5.81,8.775,16413.0,4041.0,1933.11
Terraced,TerracedD_31.txt,H1,hybrid_bidirectional,worst,280.458,7.63,26.55,28767.0,5535.67,2514.29
Terraced,TerracedA_16.txt,H2,safe_unidirectional,best,333.444,3.08,11.7,12084.0,3815.09,1745.38
Semi-detached,Semi-detachedA_55.txt,H1,safe_unidirectional,best,389.916,4.13,21.6,19041.0,5481.93,2349.65
Semi-detached,Semi-detachedA_47.txt,H2,safe_unidirectional,worst,366.675,5.11,19.575,20127.0,3839.4,1820.95
Semi-detached,Semi-detachedA_20.txt,H1,safe_unidirectional,best,370.251,4.27,20.925,19011.0,5462.57,2263.11
Semi-detached,Semi-detachedD_16.txt,H2,hybrid_bidirectional,best,196.336,3.5,1.8,8214.0,4078.35,1969.66
Semi-detached,Semi-detachedA_25.txt,H2,safe_unidirectional,worst,401.892,5.67,20.25,21627.0,3958.63,1908.64
Terraced,TerracedD_31.txt,H1,hybrid_bidirectional,best,227.007,4.62,18.225,18450.0,5512.76,2213.6
Terraced,TerracedA_16.txt,H2,hybrid_bidirectional,worst,201.825,5.67,7.65,15579.0,3931.25,1913.41
Terraced,TerracedA_58.txt,H1,safe_unidirectional,worst,393.626,7.28,27.675,28572.0,5294.32,2388.56
Semi-detached,Semi-detachedA_55.txt,H1,hybrid_bidirectional,worst,288.406,7.77,26.1,28845.0,5560.19,2524.71
Semi-detached,Semi-detachedA_47.txt,H2,safe_unidirectional,best,336.778,2.94,11.925,11898.0,3839.4,1755.89
Semi-detached,Semi-detachedA_20.txt,H1,hybrid_bidirectional,worst,268.773,7.42,25.65,27894.0,5543.44,2504.08
Terraced,TerracedA_16.txt,H2,hybrid_bidirectional,best,185.226,3.36,1.575,7812.0,3967.67,1904.96
Semi-detached,Semi-detachedA_25.txt,H2,safe_unidirectional,best,367.126,3.43,11.925,12927.0,3958.63,1812.63
Semi-detached,Semi-detachedA_32.txt,H1,safe_unidirectional,worst,416.724,7.56,27.675,29160.0,5439.59,2434.12
Semi-detached,Semi-detachedA_55.txt,H1,hybrid_bidirectional,best,231.772,4.69,17.775,18381.0,5544.46,2229.77
Terraced,TerracedD_31.txt,H2,safe_unidirectional,worst,403.486,5.25,21.6,21393.0,3950.26,1910.42
Terraced,TerracedA_58.txt,H1,safe_unidirectional,best,353.573,3.99,21.375,18639.0,5294.32,2273.9
Semi-detached,Semi-detachedA_47.txt,H2,hybrid_bidirectional,worst,193.243,5.46,8.775,15678.0,3961.76,1900.48
Semi-detached,Semi-detachedA_20.txt,H1,hybrid_bidirectional,best,212.057,4.9,16.2,18066.0,5519.66,2152.62
Semi-detached,Semi-detachedA_25.txt,H2,hybrid_bidirectional,worst,214.673,6.3,8.325,17226.0,4071.17,1954.52
Semi-detached,Semi-detachedA_47.txt,H2,hybrid_bidirectional,best,177.238,3.29,1.8,7773.0,3997.76,1887.54
Semi-detached,Semi-detachedA_32.txt,H1,safe_unidirectional,best,366.755,4.06,21.6,18894.0,5439.59,2299.1
Terraced,TerracedA_12.txt,H1,safe_unidirectional,worst,383.414,7.49,27.45,28905.0,5084.88,2263.05
Terraced,TerracedA_58.txt,H1,hybrid_bidirectional,worst,263.638,7.35,25.875,27855.0,5368.44,2426.25
Terraced,TerracedD_31.txt,H2,safe_unidirectional,best,361.166,3.22,12.825,12918.0,3950.26,1809.24
Semi-detached,Semi-detachedA_25.txt,H2,hybrid_bidirectional,best,201.789,3.5,2.475,8538.0,4100.31,1988.13
Semi-detached,Semi-detachedA_55.txt,H2,safe_unidirectional,worst,409.306,5.32,20.7,21108.0,3977.01,1924.61
Semi-detached,Semi-detachedA_20.txt,H2,safe_unidirectional,worst,390.882,5.32,18.9,20244.0,3957.65,1865.08
Semi-detached,Semi-detachedA_32.txt,H1,hybrid_bidirectional,worst,268.75,7.56,25.875,28296.0,5521.3,2463.08
Terraced,TerracedA_58.txt,H1,hybrid_bidirectional,best,208.238,4.69,16.2,17625.0,5347.65,2123.18
Terraced,TerracedA_12.txt,H1,safe_unidirectional,best,345.338,3.99,21.15,18531.0,5084.88,2151.5
Terraced,TerracedD_31.txt,H2,hybrid_bidirectional,worst,210.883,6.02,8.1,16530.0,4075.14,1998.97
Semi-detached,Semi-detachedA_51.txt,H1,safe_unidirectional,worst,411.297,7.49,27.9,29121.0,5408.74,2451.25
Semi-detached,Semi-detachedA_55.txt,H2,safe_unidirectional,best,366.012,3.22,12.6,12810.0,3977.01,1802.91
Semi-detached,Semi-detachedA_31.txt,H1,safe_unidirectional,worst,405.239,7.56,27.225,28944.0,5319.45,2383.5
Semi-detached,Semi-detachedA_32.txt,H1,hybrid_bidirectional,best,210.044,4.83,16.425,18027.0,5498.83,2138.58
Semi-detached,Semi-detachedA_20.txt,H2,safe_unidirectional,best,358.098,3.22,11.925,12486.0,3957.65,1793.47
Terraced,TerracedD_31.txt,H2,hybrid_bidirectional,best,197.55,3.57,1.8,8361.0,4114.89,1997.98
Terraced,TerracedA_12.txt,H1,hybrid_bidirectional,worst,257.111,7.28,26.325,27924.0,5150.71,2325.9
Semi-detached,Semi-detachedA_51.txt,H1,safe_unidirectional,best,355.954,4.06,21.375,18786.0,5408.74,2315.07
Terraced,TerracedA_58.txt,H2,safe_unidirectional,worst,362.301,5.04,19.8,20088.0,3789.4,1807.07
Semi-detached,Semi-detachedA_55.txt,H2,hybrid_bidirectional,worst,210.305,5.95,9.225,16923.0,4087.34,1968.46
Semi-detached,Semi-detachedA_20.txt,H2,hybrid_bidirectional,worst,203.405,5.81,8.1,16089.0,4081.76,1936.92
Semi-detached,Semi-detachedA_31.txt,H1,safe_unidirectional,best,361.385,3.99,21.15,18531.0,5319.45,2267.15
Terraced,TerracedA_12.txt,H1,hybrid_bidirectional,best,205.509,4.55,16.875,17655.0,5133.41,2031.14
Semi-detached,Semi-detachedA_32.txt,H2,safe_unidirectional,worst,390.225,5.32,20.025,20784.0,3934.67,1899.39
Semi-detached,Semi-detachedA_55.txt,H2,hybrid_bidirectional,best,191.798,3.64,1.8,8508.0,4123.31,1969.84
Terraced,TerracedA_15.txt,H1,safe_unidirectional,worst,382.33,7.35,27.675,28719.0,5144.29,2286.7
Semi-detached,Semi-detachedA_51.txt,H1,hybrid_bidirectional,worst,279.225,7.49,25.875,28149.0,5483.14,2497.99
Semi-detached,Semi-detachedA_20.txt,H2,hybrid_bidirectional,best,190.696,3.57,1.575,8253.0,4121.77,1975.24
Terraced,TerracedA_58.txt,H2,safe_unidirectional,best,321.528,3.36,11.025,12348.0,3789.4,1716.76
Semi-detached,Semi-detachedA_31.txt,H1,hybrid_bidirectional,worst,264.478,7.56,25.425,28080.0,5392.54,2418.46
Semi-detached,Semi-detachedA_51.txt,H1,hybrid_bidirectional,best,211.038,4.97,15.3,17781.0,5462.01,2151.42
Terraced,TerracedA_58.txt,H2,hybrid_bidirectional,worst,185.048,5.74,7.65,15726.0,3910.57,1860.1
Semi-detached,Semi-detachedA_32.txt,H2,safe_unidirectional,best,352.091,3.15,12.375,12555.0,3934.67,1806.35
Terraced,TerracedA_12.txt,H2,safe_unidirectional,worst,351.261,5.11,20.025,20343.0,3579.96,1715.47
Terraced,TerracedA_15.txt,H1,safe_unidirectional,best,324.264,3.99,20.7,18315.0,5144.29,2146.6
Semi-detached,Semi-detachedD_9.txt,H1,safe_unidirectional,worst,427.142,7.49,28.35,29337.0,5546.72,2495.43
Semi-detached,Semi-detachedA_31.txt,H1,hybrid_bidirectional,best,216.609,4.41,17.325,17577.0,5372.87,2161.97
Semi-detached,Semi-detachedA_34.txt,H1,safe_unidirectional,worst,412.216,7.56,27.9,29268.0,5344.87,2381.95
Terraced,TerracedA_58.txt,H2,hybrid_bidirectional,best,174.45,3.36,1.8,7920.0,3942.76,1892.13
Semi-detached,Semi-detachedA_32.txt,H2,hybrid_bidirectional,worst,210.996,5.81,8.325,16197.0,4062.35,1962.37
Terraced,TerracedA_15.txt,H1,hybrid_bidirectional,worst,252.005,7.21,26.325,27777.0,5214.81,2351.7
Terraced,TerracedA_12.txt,H2,safe_unidirectional,best,321.558,2.94,13.05,12438.0,3579.96,1630.57
Semi-detached,Semi-detachedA_51.txt,H2,safe_unidirectional,worst,383.811,5.25,19.575,20421.0,3903.82,1890.84
Semi-detached,Semi-detachedD_9.txt,H1,safe_unidirectional,best,391.295,4.2,21.6,19188.0,5546.72,2359.38
Semi-detached,Semi-detachedA_32.txt,H2,hybrid_bidirectional,best,193.288,3.5,1.8,8214.0,4094.82,1959.28
Semi-detached,Semi-detachedA_34.txt,H1,safe_unidirectional,best,373.125,3.99,21.6,18747.0,5344.87,2285.41
Semi-detached,Semi-detachedA_31.txt,H2,safe_unidirectional,worst,378.111,5.11,20.475,20559.0,3814.54,1835.27
Terraced,TerracedA_15.txt,H1,hybrid_bidirectional,best,188.727,4.55,16.425,17439.0,5196.04,2020.58
Terraced,TerracedA_12.txt,H2,hybrid_bidirectional,worst,195.14,5.6,9.225,16188.0,3667.8,1763.17
Terraced,TerracedD_9.txt,H1,safe_unidirectional,worst,399.607,7.42,27.9,28974.0,5223.7,2363.07
Semi-detached,Semi-detachedD_9.txt,H1,hybrid_bidirectional,worst,279.804,7.35,26.55,28179.0,5626.77,2580.91
Semi-detached,Semi-detachedA_51.txt,H2,safe_unidirectional,best,333.71,3.29,11.475,12417.0,3903.82,1773.87
Semi-detached,Semi-detachedA_34.txt,H1,hybrid_bidirectional,worst,269.502,7.49,25.875,28149.0,5420.29,2439.3
Terraced,TerracedA_12.txt,H2,hybrid_bidirectional,best,179.733,3.36,1.8,7920.0,3700.75,1760.01
Semi-detached,Semi-detachedA_31.txt,H2,safe_unidirectional,best,334.492,3.08,11.475,11976.0,3814.54,1732.42
Semi-detached,Semi-detachedA_26.txt,H1,safe_unidirectional,worst,430.862,7.56,28.125,29376.0,5439.26,2435.12
Terraced,TerracedA_15.txt,H2,safe_unidirectional,worst,357.263,4.9,20.25,20010.0,3639.38,1753.85
Terraced,TerracedD_9.txt,H1,safe_unidirectional,best,349.53,4.13,20.925,18717.0,5223.7,2181.45
Semi-detached,Semi-detachedA_51.txt,H2,hybrid_bidirectional,worst,207.853,5.81,8.325,16197.0,4021.87,1948.38
Semi-detached,Semi-detachedD_9.txt,H1,hybrid_bidirectional,best,221.303,4.9,16.425,18174.0,5617.18,2243.35
Terraced,TerracedD_20.txt,H1,hybrid_bidirectional,best,214.77,4.62,16.875,17802.0,5396.65,2130.62
Terraced,TerracedD_38.txt,H2,hybrid_bidirectional,worst,200.515,5.6,9.225,16188.0,3890.97,1877.05
Terraced,TerracedD_22.txt,H1,safe_unidirectional,worst,409.221,7.98,27.45,29934.0,5385.62,2409.55
Terraced,TerracedA_23.txt,H1,safe_unidirectional,best,345.383,3.92,20.925,18276.0,5202.9,2215.24
Terraced,TerracedD_29.txt,H2,hybrid_bidirectional,best,192.255,3.43,2.025,8175.0,4024.65,1912.21
Terraced,TerracedA_43.txt,H1,hybrid_bidirectional,worst,266.209,7.42,26.1,28110.0,5432.97,2451.77
Terraced,TerracedA_1.txt,H2,safe_unidirectional,best,342.192,2.87,13.5,12507.0,3748.43,1720.37
Terraced,TerracedD_38.txt,H2,hybrid_bidirectional,best,187.764,3.43,1.8,8067.0,3929.56,1893.43
Terraced,TerracedA_32.txt,H2,safe_unidirectional,worst,380.08,5.25,21.15,21177.0,3763.36,1833.81
Terraced,TerracedA_23.txt,H1,hybrid_bidirectional,worst,255.236,6.93,26.1,27081.0,5272.23,2378.51
Terraced,TerracedD_22.txt,H1,safe_unidirectional,best,380.315,3.99,22.275,19071.0,5385.62,2312.28
Terraced,TerracedA_43.txt,H1,hybrid_bidirectional,best,211.831,4.69,16.425,17733.0,5413.29,2151.58
Terraced,TerracedD_20.txt,H2,safe_unidirectional,worst,379.689,5.18,20.25,20598.0,3836.01,1835.36
Terraced,TerracedA_1.txt,H2,hybrid_bidirectional,worst,195.054,5.95,7.875,16275.0,3860.92,1842.23
Terraced,TerracedA_19.txt,H1,safe_unidirectional,worst,411.311,7.35,28.125,28935.0,5336.73,2392.98
Terraced,TerracedA_23.txt,H1,hybrid_bidirectional,best,205.189,4.41,16.65,17253.0,5248.78,2078.96
Terraced,TerracedD_10.txt,H1,safe_unidirectional,worst,414.675,7.77,27.675,29601.0,5276.7,2378.14
Terraced,TerracedA_32.txt,H2,safe_unidirectional,best,340.386,3.15,12.375,12555.0,3763.36,1719.05
Terraced,TerracedD_22.txt,H1,hybrid_bidirectional,worst,270.658,7.91,25.2,28707.0,5455.5,2463.56
Terraced,TerracedA_1.txt,H2,hybrid_bidirectional,best,179.888,3.43,1.8,8067.0,3898.08,1863.05
Terraced,TerracedD_20.txt,H2,safe_unidirectional,best,338.984,3.01,12.375,12261.0,3836.01,1748.83
Terraced,TerracedA_19.txt,H1,safe_unidirectional,best,370.223,3.85,21.825,18561.0,5336.73,2290.15
Terraced,TerracedA_43.txt,H2,safe_unidirectional,worst,375.465,5.18,20.025,20490.0,3851.43,1835.05
Terraced,TerracedA_32.txt,H2,hybrid_bidirectional,worst,195.871,5.81,9.9,16953.0,3881.08,1869.12
Terraced,TerracedD_22.txt,H1,hybrid_bidirectional,best,223.106,4.62,17.55,18126.0,5438.21,2172.82
Terraced,TerracedD_10.txt,H1,safe_unidirectional,best,370.968,3.99,21.825,18855.0,5276.7,2264.46
Terraced,TerracedD_20.txt,H2,hybrid_bidirectional,worst,205.98,5.74,8.325,16050.0,3953.65,1917.86
Terraced,TerracedA_23.txt,H2,safe_unidirectional,worst,354.52,4.9,19.575,19686.0,3697.99,1754.88
Terraced,TerracedA_0.txt,H1,safe_unidirectional,worst,391.567,7.21,27.9,28533.0,5282.0,2357.15
Terraced,TerracedA_19.txt,H1,hybrid_bidirectional,worst,274.423,7.35,26.325,28071.0,5405.25,2426.36
Terraced,TerracedA_32.txt,H2,hybrid_bidirectional,best,182.255,3.5,1.575,8106.0,3915.38,1887.55
Terraced,TerracedA_43.txt,H2,safe_unidirectional,best,336.543,3.15,11.7,12231.0,3851.43,1768.88
Terraced,TerracedD_20.txt,H2,hybrid_bidirectional,best,185.946,3.43,1.8,8067.0,3989.78,1893.54
Terraced,TerracedD_10.txt,H1,hybrid_bidirectional,worst,273.253,7.63,26.1,28551.0,5352.9,2433.3
Terraced,TerracedD_22.txt,H2,safe_unidirectional,worst,384.539,5.67,20.025,21519.0,3880.7,1851.7
Terraced,TerracedA_19.txt,H1,hybrid_bidirectional,best,226.231,4.55,16.875,17655.0,5383.89,2122.8
Terraced,TerracedA_23.txt,H2,safe_unidirectional,best,324.036,2.87,11.7,11643.0,3697.99,1702.43
Terraced,TerracedA_43.txt,H2,hybrid_bidirectional,worst,201.08,5.81,8.1,16089.0,3973.11,1902.58
Terraced,TerracedA_0.txt,H1,safe_unidirectional,best,339.08,3.99,20.7,18315.0,5282.0,2199.11
Terraced,TerracedD_10.txt,H1,hybrid_bidirectional,best,222.773,4.62,17.1,17910.0,5333.79,2150.71
Terraced,TerracedD_7.txt,H1,safe_unidirectional,worst,381.952,7.21,27.45,28317.0,5226.67,2322.98
Terraced,TerracedA_23.txt,H2,hybrid_bidirectional,worst,194.524,5.25,8.1,14913.0,3801.98,1840.63
Terraced,TerracedD_34.txt,H1,safe_unidirectional,worst,410.878,7.28,27.9,28680.0,5324.41,2418.23
Terraced,TerracedA_43.txt,H2,hybrid_bidirectional,best,188.519,3.43,1.575,7959.0,4009.15,1927.43
Terraced,TerracedA_0.txt,H1,hybrid_bidirectional,worst,252.004,7.35,25.2,27531.0,5352.15,2381.13
Terraced,TerracedD_22.txt,H2,safe_unidirectional,best,347.336,3.22,12.6,12810.0,3880.7,1744.5
Terraced,TerracedA_19.txt,H2,safe_unidirectional,worst,381.188,5.04,20.25,20304.0,3831.81,1851.76
Terraced,TerracedD_7.txt,H1,safe_unidirectional,best,343.245,3.85,21.15,18237.0,5226.67,2213.73
Terraced,TerracedA_23.txt,H2,hybrid_bidirectional,best,182.487,3.22,1.575,7518.0,3836.26,1852.74
Terraced,TerracedD_10.txt,H2,safe_unidirectional,worst,384.441,5.39,20.7,21255.0,3771.79,1825.93
Terraced,TerracedA_0.txt,H1,hybrid_bidirectional,best,203.616,4.48,16.65,17400.0,5334.55,2095.37
Terraced,TerracedD_34.txt,H1,safe_unidirectional,best,351.786,4.06,21.375,18786.0,5324.41,2221.9
Terraced,TerracedD_22.txt,H2,hybrid_bidirectional,worst,198.654,6.16,8.775,17148.0,3993.53,1868.43
Terraced,TerracedA_55.txt,H1,safe_unidirectional,worst,388.872,7.49,26.775,28581.0,5274.47,2336.47
Terraced,TerracedD_7.txt,H1,hybrid_bidirectional,worst,247.384,7.28,25.425,27492.0,5300.48,2348.69
Terraced,TerracedA_19.txt,H2,safe_unidirectional,best,340.502,3.08,11.7,12084.0,3831.81,1742.78
Terraced,TerracedD_22.txt,H2,hybrid_bidirectional,best,184.392,3.57,1.8,8361.0,4028.47,1868.41
Terraced,TerracedA_37.txt,H1,safe_unidirectional,worst,386.992,7.49,27.675,29013.0,5214.8,2332.0
Terraced,TerracedD_34.txt,H1,hybrid_bidirectional,worst,275.506,7.35,25.875,27855.0,5392.7,2446.38
Terraced,TerracedD_10.txt,H2,safe_unidirectional,best,343.156,3.36,11.475,12564.0,3771.79,1723.02
Terraced,TerracedD_7.txt,H1,hybrid_bidirectional,best,197.141,4.48,16.425,17292.0,5274.42,2063.41
Terraced,TerracedA_19.txt,H2,hybrid_bidirectional,worst,201.77,5.6,8.325,15756.0,3944.48,1902.19
Terraced,TerracedA_55.txt,H1,safe_unidirectional,best,348.36,3.99,20.925,18423.0,5274.47,2208.42
Terraced,TerracedA_0.txt,H2,safe_unidirectional,worst,367.757,4.97,20.25,20157.0,3777.09,1808.95
Terraced,TerracedD_34.txt,H1,hybrid_bidirectional,best,218.015,4.83,15.75,17703.0,5372.42,2098.74
Terraced,TerracedD_10.txt,H2,hybrid_bidirectional,worst,194.035,6.16,8.325,16932.0,3891.86,1876.76
Terraced,TerracedA_37.txt,H1,safe_unidirectional,best,340.502,3.99,21.15,18531.0,5214.8,2186.66
Terraced,TerracedD_36.txt,H1,safe_unidirectional,worst,396.011,7.42,27.45,28758.0,5294.93,2358.26
Terraced,TerracedA_19.txt,H2,hybrid_bidirectional,best,189.658,3.29,2.025,7881.0,3976.14,1885.57
Terraced,TerracedA_55.txt,H1,hybrid_bidirectional,worst,267.067,7.28,24.75,27168.0,5337.45,2400.05
Terraced,TerracedD_10.txt,H2,hybrid_bidirectional,best,185.165,3.57,1.35,8145.0,3925.98,1876.86
Terraced,TerracedA_0.txt,H2,safe_unidirectional,best,335.153,2.94,11.7,11790.0,3777.09,1724.26
Terraced,TerracedD_7.txt,H2,safe_unidirectional,worst,354.961,5.04,19.125,19764.0,3721.76,1761.26
Terraced,TerracedA_37.txt,H1,hybrid_bidirectional,worst,256.729,7.56,25.2,27972.0,5284.52,2371.08
Terraced,TerracedA_55.txt,H1,hybrid_bidirectional,best,208.675,4.83,15.075,17379.0,5313.81,2060.07
Terraced,TerracedD_36.txt,H1,safe_unidirectional,best,341.855,3.99,20.925,18423.0,5294.93,2192.29
Terraced,TerracedD_34.txt,H2,safe_unidirectional,worst,377.597,5.11,19.575,20127.0,3819.49,1828.62
Terraced,TerracedA_0.txt,H2,hybrid_bidirectional,worst,191.466,5.6,7.875,15540.0,3895.93,1869.91
Terraced,TerracedA_31.txt,H1,safe_unidirectional,worst,400.254,7.28,27.0,28248.0,5249.87,2359.24
Terraced,TerracedA_37.txt,H1,hybrid_bidirectional,best,203.066,4.69,16.2,17625.0,5261.38,2044.61
Terraced,TerracedD_7.txt,H2,safe_unidirectional,best,322.604,2.87,11.925,11751.0,3721.76,1711.97
Terraced,TerracedA_34.txt,H1,safe_unidirectional,worst,381.818,7.49,27.225,28797.0,5111.51,2295.9
Terraced,TerracedD_36.txt,H1,hybrid_bidirectional,worst,264.843,7.28,25.875,27708.0,5367.22,2416.27
Terraced,TerracedA_0.txt,H2,hybrid_bidirectional,best,180.973,3.29,1.575,7665.0,3936.7,1892.29
Terraced,TerracedD_34.txt,H2,safe_unidirectional,best,341.143,3.01,12.15,12153.0,3819.49,1747.57
Terraced,TerracedA_31.txt,H1,safe_unidirectional,best,359.365,3.92,21.15,18384.0,5249.87,2254.23
Terraced,TerracedA_55.txt,H2,safe_unidirectional,worst,365.242,5.11,19.575,20127.0,3769.56,1785.33
Terraced,TerracedD_7.txt,H2,hybrid_bidirectional,worst,190.103,5.6,8.325,15756.0,3833.27,1805.9
Terraced,TerracedD_36.txt,H1,hybrid_bidirectional,best,207.729,4.55,16.2,17331.0,5343.58,2083.62
Terraced,TerracedA_34.txt,H1,safe_unidirectional,best,339.574,3.85,21.15,18237.0,5111.51,2181.68
Terraced,TerracedD_34.txt,H2,hybrid_bidirectional,worst,198.749,5.53,8.325,15609.0,3939.51,1887.01
Terraced,TerracedA_37.txt,H2,safe_unidirectional,worst,362.054,5.18,20.025,20490.0,3709.88,1777.67
Terraced,TerracedD_7.txt,H2,hybrid_bidirectional,best,178.45,3.22,1.8,7626.0,3865.49,1852.85
Terraced,TerracedA_45.txt,H1,safe_unidirectional,worst,413.905,7.77,28.35,29925.0,5285.0,2378.09
Terraced,TerracedA_31.txt,H1,hybrid_bidirectional,worst,260.462,7.21,25.2,27237.0,5323.69,2420.87
Terraced,TerracedA_55.txt,H2,safe_unidirectional,best,332.034,3.08,11.475,11976.0,3769.56,1701.79
Terraced,TerracedD_34.txt,H2,hybrid_bidirectional,best,190.759,3.36,1.575,7812.0,3975.74,1937.68
Terraced,TerracedA_34.txt,H1,hybrid_bidirectional,worst,248.324,7.49,25.2,27825.0,5180.97,2326.81
Terraced,TerracedA_37.txt,H2,safe_unidirectional,best,324.034,3.01,12.15,12153.0,3709.88,1689.44
Terraced,TerracedD_36.txt,H2,safe_unidirectional,worst,369.156,5.11,19.575,20127.0,3790.02,1798.97
Terraced,TerracedA_31.txt,H1,hybrid_bidirectional,best,201.335,4.62,16.2,17478.0,5302.32,2102.13
Terraced,TerracedA_55.txt,H2,hybrid_bidirectional,worst,189.227,5.46,8.325,15462.0,3875.6,1846.71
Terraced,TerracedA_45.txt,H1,safe_unidirectional,best,369.711,4.06,22.275,19218.0,5285.0,2245.55
Terraced,TerracedA_34.txt,H1,hybrid_bidirectional,best,194.319,4.62,15.975,17370.0,5156.04,1998.82
Terraced,TerracedD_5.txt,H1,safe_unidirectional,worst,404.202,7.56,27.45,29052.0,5251.53,2349.17
Terraced,TerracedA_37.txt,H2,hybrid_bidirectional,worst,187.345,5.67,8.55,16011.0,3820.93,1824.78
Terraced,TerracedA_55.txt,H2,hybrid_bidirectional,best,175.778,3.36,1.35,7704.0,3916.27,1877.09
Terraced,TerracedA_38.txt,H1,safe_unidirectional,worst,415.701,7.63,28.8,29847.0,5221.98,2370.01
Terraced,TerracedD_36.txt,H2,safe_unidirectional,best,332.717,3.01,11.025,11613.0,3790.02,1734.45
Terraced,TerracedA_45.txt,H1,hybrid_bidirectional,worst,275.317,7.63,26.325,28659.0,5355.98,2431.41
Terraced,TerracedA_31.txt,H2,safe_unidirectional,worst,366.529,5.11,19.35,20019.0,3744.96,1801.98
Terraced,TerracedD_5.txt,H1,safe_unidirectional,best,345.616,4.06,21.375,18786.0,5251.53,2194.26
Terraced,TerracedA_37.txt,H2,hybrid_bidirectional,best,178.868,3.43,1.125,7743.0,3861.73,1857.03
Terraced,TerracedA_34.txt,H2,safe_unidirectional,worst,351.183,5.04,20.475,20412.0,3606.59,1731.22
Terraced,TerracedD_36.txt,H2,hybrid_bidirectional,worst,189.413,5.53,7.65,15285.0,3910.33,1887.17
Terraced,TerracedA_38.txt,H1,safe_unidirectional,best,361.486,3.92,21.825,18708.0,5221.98,2251.58
Terraced,TerracedA_45.txt,H1,hybrid_bidirectional,best,224.216,4.76,17.55,18420.0,5338.24,2131.27
Terraced,TerracedA_41.txt,H1,safe_unidirectional,worst,393.316,7.63,26.775,28875.0,5217.09,2314.46
Terraced,TerracedD_5.txt,H1,hybrid_bidirectional,worst,277.035,7.49,25.875,28149.0,5316.99,2397.77
Terraced,TerracedA_31.txt,H2,safe_unidirectional,best,332.494,3.08,11.475,11976.0,3744.96,1724.33
Terraced,TerracedD_36.txt,H2,hybrid_bidirectional,best,179.868,3.29,1.35,7557.0,3952.0,1915.47
Terraced,TerracedD_2.txt,H1,safe_unidirectional,worst,396.244,7.7,27.675,29454.0,5218.94,2355.64
Terraced,TerracedA_34.txt,H2,safe_unidirectional,best,313.751,2.94,12.375,12114.0,3606.59,1644.37
Terraced,TerracedA_38.txt,H1,hybrid_bidirectional,worst,266.092,7.63,26.325,28659.0,5299.18,2427.6
Terraced,TerracedA_41.txt,H1,safe_unidirectional,best,355.618,3.78,21.825,18414.0,5217.09,2250.4
Terraced,TerracedD_5.txt,H1,hybrid_bidirectional,best,215.859,4.62,16.875,17802.0,5300.99,2088.78
Terraced,TerracedA_31.txt,H2,hybrid_bidirectional,worst,194.661,5.39,8.55,15423.0,3833.99,1835.66
Terraced,TerracedA_45.txt,H2,safe_unidirectional,worst,385.332,5.25,20.925,21069.0,3780.09,1828.48
Terraced,TerracedA_34.txt,H2,hybrid_bidirectional,worst,179.096,5.74,7.875,15834.0,3705.93,1766.82
Terraced,TerracedA_38.txt,H1,hybrid_bidirectional,best,213.988,4.48,18.0,18048.0,5280.45,2141.19
Terraced,TerracedD_2.txt,H1,safe_unidirectional,best,344.976,3.99,21.15,18531.0,5218.94,2205.14
Terraced,TerracedD_37.txt,H1,safe_unidirectional,worst,383.757,7.28,27.225,28356.0,5147.0,2290.95
Terraced,TerracedA_31.txt,H2,hybrid_bidirectional,best,178.819,3.36,1.575,7812.0,3863.1,1822.28
Terraced,TerracedA_41.txt,H1,hybrid_bidirectional,worst,255.661,7.35,25.65,27747.0,5288.7,2370.43
Terraced,TerracedA_34.txt,H2,hybrid_bidirectional,best,166.792,3.22,1.8,7626.0,3738.31,1783.24
Terraced,TerracedA_45.txt,H2,safe_unidirectional,best,346.339,3.15,13.5,13095.0,3780.09,1709.6
Terraced,TerracedD_5.txt,H2,safe_unidirectional,worst,369.972,5.32,20.025,20784.0,3746.61,1794.44
Terraced,TerracedD_2.txt,H1,hybrid_bidirectional,worst,264.661,7.56,25.875,28296.0,5290.3,2421.43
Terraced,TerracedA_41.txt,H1,hybrid_bidirectional,best,200.333,4.62,16.425,17586.0,5272.14,2055.36
Terraced,TerracedD_37.txt,H1,safe_unidirectional,best,345.485,3.85,21.15,18237.0,5147.0,2194.83
Terraced,TerracedA_38.txt,H2,safe_unidirectional,worst,383.999,5.46,20.925,21510.0,3717.07,1814.17
Terraced,TerracedA_45.txt,H2,hybrid_bidirectional,worst,206.861,5.88,9.45,16884.0,3894.06,1901.53
Terraced,TerracedA_25.txt,H1,safe_unidirectional,worst,429.232,7.91,27.9,30003.0,5416.26,2415.82
Terraced,TerracedD_2.txt,H1,hybrid_bidirectional,best,205.529,4.41,17.775,17793.0,5267.21,2111.94
Terraced,TerracedA_20.txt,H1,safe_unidirectional,worst,396.118,7.49,27.675,29013.0,5173.95,2337.44
Terraced,TerracedD_5.txt,H2,safe_unidirectional,best,327.226,3.15,11.925,12339.0,3746.61,1693.51
Terraced,TerracedD_37.txt,H1,hybrid_bidirectional,worst,257.332,7.14,25.65,27306.0,5215.56,2329.89
Terraced,TerracedA_45.txt,H2,hybrid_bidirectional,best,190.428,3.64,1.8,8508.0,3927.73,1881.61
Terraced,TerracedA_38.txt,H2,safe_unidirectional,best,333.841,3.22,12.6,12810.0,3717.07,1675.76
Terraced,TerracedA_41.txt,H2,safe_unidirectional,worst,365.581,5.04,19.8,20088.0,3712.18,1775.26
Terraced,TerracedA_25.txt,H1,safe_unidirectional,best,385.908,3.99,22.725,19287.0,5416.26,2316.6
Terraced,TerracedD_5.txt,H2,hybrid_bidirectional,worst,192.469,5.74,8.55,16158.0,3864.71,1872.3
Terraced,TerracedA_20.txt,H1,safe_unidirectional,best,345.368,3.92,20.925,18276.0,5173.95,2201.19
Terraced,TerracedD_37.txt,H1,hybrid_bidirectional,best,203.449,4.41,16.65,17253.0,5197.74,2045.18
Terraced,TerracedD_2.txt,H2,safe_unidirectional,worst,364.887,5.39,20.475,21147.0,3714.03,1797.69
Terraced,TerracedA_38.txt,H2,hybrid_bidirectional,worst,201.432,6.16,9.45,17472.0,3825.21,1812.66
Terraced,TerracedD_5.txt,H2,hybrid_bidirectional,best,174.781,3.43,1.8,8067.0,3893.57,1847.7
Terraced,TerracedA_51.txt,H1,safe_unidirectional,worst,370.022,7.0,27.675,27984.0,5116.83,2291.31
Terraced,TerracedA_41.txt,H2,safe_unidirectional,best,330.561,2.94,12.15,12006.0,3712.18,1712.28
Terraced,TerracedA_25.txt,H1,hybrid_bidirectional,worst,281.295,7.84,26.1,28992.0,5496.19,2480.97
Terraced,TerracedA_20.txt,H1,hybrid_bidirectional,worst,261.429,7.49,26.325,28365.0,5242.96,2386.34
Terraced,TerracedA_38.txt,H2,hybrid_bidirectional,best,181.925,3.43,2.25,8283.0,3848.76,1814.54
Terraced,TerracedD_37.txt,H2,safe_unidirectional,worst,355.743,4.9,20.025,19902.0,3642.08,1738.88
Terraced,TerracedD_2.txt,H2,safe_unidirectional,best,334.96,2.94,12.6,12222.0,3714.03,1727.77
Terraced,TerracedA_41.txt,H2,hybrid_bidirectional,worst,191.452,5.6,8.55,15864.0,3828.58,1811.02
Terraced,TerracedA_25.txt,H1,hybrid_bidirectional,best,220.313,4.9,16.875,18390.0,5473.68,2153.34
Terraced,TerracedA_51.txt,H1,safe_unidirectional,best,325.902,3.85,21.375,18345.0,5116.83,2159.71
Terraced,TerracedA_20.txt,H1,hybrid_bidirectional,best,207.929,4.41,17.325,17577.0,5226.83,2083.87
Terraced,TerracedA_24.txt,H1,safe_unidirectional,worst,393.126,7.42,28.575,29298.0,5230.07,2353.41
Terraced,TerracedD_2.txt,H2,hybrid_bidirectional,worst,187.874,5.81,8.775,16413.0,3827.7,1830.54
Terraced,TerracedA_41.txt,H2,hybrid_bidirectional,best,176.431,3.22,2.025,7734.0,3854.42,1822.32
Terraced,TerracedA_10.txt,H1,safe_unidirectional,worst,377.261,7.21,27.675,28425.0,5141.46,2283.03
Terraced,TerracedD_37.txt,H2,safe_unidirectional,best,312.051,3.01,11.7,11937.0,3642.08,1651.77
Terraced,TerracedA_51.txt,H1,hybrid_bidirectional,worst,246.926,7.07,25.2,26943.0,5182.07,2333.12
Terraced,TerracedA_25.txt,H2,safe_unidirectional,worst,401.439,5.46,20.7,21402.0,3911.35,1887.46
Terraced,TerracedD_2.txt,H2,hybrid_bidirectional,best,182.016,3.43,1.35,7851.0,3865.28,1866.13
Terraced,TerracedA_24.txt,H1,safe_unidirectional,best,345.982,3.99,21.825,18855.0,5230.07,2210.58
Terraced,TerracedA_20.txt,H2,safe_unidirectional,worst,363.648,5.18,20.25,20598.0,3669.04,1773.24
Terraced,TerracedD_37.txt,H2,hybrid_bidirectional,worst,190.767,5.6,7.425,15324.0,3749.92,1767.98
Terraced,TerracedA_10.txt,H1,safe_unidirectional,best,331.912,3.92,20.7,18168.0,5141.46,2165.19
Terraced,TerracedA_4.txt,H1,safe_unidirectional,worst,397.911,7.35,27.225,28503.0,5292.49,2367.84
Terraced,TerracedA_51.txt,H1,hybrid_bidirectional,best,197.305,4.34,17.1,17322.0,5165.55,2036.85
Terraced,TerracedA_24.txt,H1,hybrid_bidirectional,worst,263.193,7.35,25.875,27855.0,5304.82,2412.79
Terraced,TerracedD_37.txt,H2,hybrid_bidirectional,best,178.248,3.29,1.35,7557.0,3786.21,1801.52
Terraced,TerracedA_25.txt,H2,safe_unidirectional,best,355.587,3.36,12.375,12996.0,3911.35,1770.11
Terraced,TerracedD_6.txt,H1,safe_unidirectional,worst,400.842,7.49,27.9,29121.0,5319.66,2391.28
Terraced,TerracedA_10.txt,H1,hybrid_bidirectional,worst,250.795,7.35,25.2,27531.0,5206.89,2326.08
Terraced,TerracedA_20.txt,H2,safe_unidirectional,best,329.522,2.8,12.825,12036.0,3669.04,1697.99
Terraced,TerracedA_4.txt,H1,safe_unidirectional,best,353.524,4.06,21.375,18786.0,5292.49,2204.83
Terraced,TerracedA_24.txt,H1,hybrid_bidirectional,best,208.619,4.69,16.875,17949.0,5279.02,2081.06
Terraced,TerracedA_51.txt,H2,safe_unidirectional,worst,347.225,4.62,19.8,19206.0,3611.91,1747.03
Terraced,TerracedA_25.txt,H2,hybrid_bidirectional,worst,211.031,6.23,8.55,17187.0,4035.91,1933.78
Terraced,TerracedA_10.txt,H1,hybrid_bidirectional,best,201.333,4.55,16.425,17439.0,5185.06,2032.83
Terraced,TerracedA_20.txt,H2,hybrid_bidirectional,worst,199.477,5.95,7.65,16167.0,3771.38,1829.92
Terraced,TerracedD_23.txt,H1,safe_unidirectional,worst,381.856,7.21,27.675,28425.0,5151.5,2308.56
Terraced,TerracedD_6.txt,H1,safe_unidirectional,best,360.604,3.99,22.05,18963.0,5319.66,2257.83
Terraced,TerracedA_4.txt,H1,hybrid_bidirectional,worst,259.084,7.21,25.65,27453.0,5368.75,2428.62
Terraced,TerracedA_25.txt,H2,hybrid_bidirectional,best,196.74,3.5,2.25,8430.0,4065.7,1947.08
Terraced,TerracedA_20.txt,H2,hybrid_bidirectional,best,185.588,3.29,1.575,7665.0,3802.66,1822.67
Terraced,TerracedA_51.txt,H2,safe_unidirectional,best,309.108,2.87,11.925,11751.0,3611.91,1629.96
Terraced,TerracedA_24.txt,H2,safe_unidirectional,worst,361.557,5.18,20.025,20490.0,3725.16,1781.31
Terraced,TerracedD_6.txt,H1,hybrid_bidirectional,worst,269.021,7.49,26.1,28257.0,5394.53,2447.86
Terraced,TerracedA_4.txt,H1,hybrid_bidirectional,best,211.528,4.48,17.775,17940.0,5350.7,2106.8
Terraced,TerracedD_23.txt,H1,safe_unidirectional,best,334.539,3.99,20.925,18423.0,5151.5,2125.13
Terraced,TerracedA_10.txt,H2,safe_unidirectional,worst,348.273,4.9,19.575,19686.0,3636.55,1737.51
Terraced,TerracedA_51.txt,H2,hybrid_bidirectional,worst,179.251,5.32,7.425,14736.0,3720.15,1776.16
Terraced,TerracedD_4.txt,H1,safe_unidirectional,worst,386.193,7.07,26.775,27699.0,5239.89,2345.06
Terraced,TerracedD_6.txt,H1,hybrid_bidirectional,best,214.468,4.62,17.325,18018.0,5374.44,2127.51
Terraced,TerracedD_1.txt,H1,safe_unidirectional,worst,374.287,7.14,26.55,27738.0,5164.58,2293.01
Terraced,TerracedA_24.txt,H2,safe_unidirectional,best,322.301,3.22,12.15,12594.0,3725.16,1678.38
Terraced,TerracedD_23.txt,H1,hybrid_bidirectional,worst,244.955,7.28,25.2,27384.0,5220.27,2336.34
Terraced,TerracedA_51.txt,H2,hybrid_bidirectional,best,170.324,3.22,1.575,7518.0,3754.73,1793.83
Terraced,TerracedA_4.txt,H2,safe_unidirectional,worst,371.516,5.11,19.125,19911.0,3787.58,1802.86
Terraced,TerracedA_10.txt,H2,safe_unidirectional,best,311.458,3.01,11.7,11937.0,3636.55,1651.98
Terraced,TerracedD_4.txt,H1,safe_unidirectional,best,337.595,3.85,21.15,18237.0,5239.89,2205.44
Terraced,TerracedA_24.txt,H2,hybrid_bidirectional,worst,191.114,5.67,8.1,15795.0,3836.78,1849.61
Terraced,TerracedD_23.txt,H1,hybrid_bidirectional,best,196.883,4.55,16.425,17439.0,5198.87,2029.57
Terraced,TerracedD_1.txt,H1,safe_unidirectional,best,332.215,3.85,20.475,17913.0,5164.58,2175.86
Terraced,TerracedD_6.txt,H2,safe_unidirectional,worst,378.075,5.18,20.25,20598.0,3814.74,1842.82
Terraced,TerracedA_10.txt,H2,hybrid_bidirectional,worst,185.39,5.46,7.875,15246.0,3729.47,1794.16
Terraced,TerracedA_24.txt,H2,hybrid_bidirectional,best,179.174,3.43,1.8,8067.0,3867.0,1836.22
Terraced,TerracedA_47.txt,H1,safe_unidirectional,worst,399.678,7.35,27.675,28719.0,5255.82,2352.0
Terraced,TerracedA_4.txt,H2,safe_unidirectional,best,344.569,2.87,13.275,12399.0,3787.58,1723.14
Terraced,TerracedD_4.txt,H1,hybrid_bidirectional,worst,254.045,7.0,24.975,26688.0,5305.21,2387.03
Terraced,TerracedD_1.txt,H1,hybrid_bidirectional,worst,244.216,7.21,25.2,27237.0,5229.36,2329.22
Terraced,TerracedA_10.txt,H2,hybrid_bidirectional,best,169.852,3.22,1.8,7626.0,3761.35,1784.3
Terraced,TerracedD_23.txt,H2,safe_unidirectional,worst,353.282,4.9,19.575,19686.0,3646.58,1751.04
Terraced,TerracedD_6.txt,H2,safe_unidirectional,best,335.257,3.15,12.375,12555.0,3814.74,1721.5
Terraced,TerracedA_4.txt,H2,hybrid_bidirectional,worst,192.802,5.6,7.425,15324.0,3900.21,1880.78
Terraced,TerracedD_4.txt,H1,hybrid_bidirectional,best,200.483,4.62,15.3,17046.0,5281.45,2061.93
Terraced,TerracedA_47.txt,H1,safe_unidirectional,best,351.121,3.92,21.15,18384.0,5255.82,2237.53
Terraced,TerracedA_30.txt,H1,safe_unidirectional,worst,406.686,7.56,27.675,29160.0,5250.48,2356.41
Terraced,TerracedD_1.txt,H1,hybrid_bidirectional,best,197.778,4.41,16.425,17145.0,5207.08,2044.01
Terraced,TerracedD_6.txt,H2,hybrid_bidirectional,worst,196.402,5.74,9.45,16590.0,3931.35,1891.78
Terraced,TerracedA_4.txt,H2,hybrid_bidirectional,best,183.205,3.36,2.025,8028.0,3932.45,1874.67
Terraced,TerracedD_0.txt,H1,safe_unidirectional,worst,389.345,7.21,27.675,28425.0,5230.55,2335.94
Terraced,TerracedD_23.txt,H2,safe_unidirectional,best,313.713,3.01,11.7,11937.0,3646.58,1649.6
Terraced,TerracedA_47.txt,H1,hybrid_bidirectional,worst,262.141,7.42,25.875,28002.0,5325.31,2387.91
Terraced,TerracedD_4.txt,H2,safe_unidirectional,worst,356.107,4.69,19.35,19137.0,3734.98,1780.0
Terraced,TerracedA_30.txt,H1,safe_unidirectional,best,354.855,4.06,21.375,18786.0,5250.48,2197.09
Terraced,TerracedD_6.txt,H2,hybrid_bidirectional,best,184.632,3.57,1.35,8145.0,3977.34,1917.91
Terraced,TerracedD_23.txt,H2,hybrid_bidirectional,worst,179.11,5.39,8.55,15423.0,3757.91,1817.54
Terraced,TerracedD_1.txt,H2,safe_unidirectional,worst,346.461,5.04,18.675,19548.0,3659.66,1739.27
Terraced,TerracedD_0.txt,H1,safe_unidirectional,best,344.705,3.92,21.375,18492.0,5230.55,2220.4
Terraced,TerracedA_47.txt,H1,hybrid_bidirectional,best,213.623,4.41,17.55,17685.0,5305.86,2115.9
Terraced,TerracedA_5.txt,H1,safe_unidirectional,worst,388.922,7.21,27.225,28209.0,5197.01,2329.56
Terraced,TerracedA_30.txt,H1,hybrid_bidirectional,worst,267.163,7.42,26.1,28110.0,5326.69,2405.73
Terraced,TerracedD_23.txt,H2,hybrid_bidirectional,best,169.039,3.36,1.35,7704.0,3795.25,1845.01
Terraced,TerracedD_4.txt,H2,safe_unidirectional,best,323.695,2.87,11.7,11643.0,3734.98,1700.06
Terraced,TerracedA_33.txt,H1,safe_unidirectional,worst,397.406,7.49,27.9,29121.0,5217.38,2349.32
Terraced,TerracedD_1.txt,H2,safe_unidirectional,best,320.325,2.73,11.925,11457.0,3659.66,1695.82
Terraced,TerracedD_0.txt,H1,hybrid_bidirectional,worst,261.204,7.14,25.875,27414.0,5295.59,2381.95
Terraced,TerracedA_5.txt,H1,safe_unidirectional,best,348.837,3.78,21.375,18198.0,5197.01,2264.79
Terraced,TerracedA_30.txt,H1,hybrid_bidirectional,best,211.149,4.76,16.425,17880.0,5301.07,2069.28
Terraced,TerracedD_4.txt,H2,hybrid_bidirectional,worst,191.601,5.18,7.65,14550.0,3845.66,1825.88
Terraced,TerracedA_47.txt,H2,safe_unidirectional,worst,369.597,5.04,20.475,20412.0,3750.9,1797.84
Terraced,TerracedD_1.txt,H2,hybrid_bidirectional,worst,179.926,5.53,6.975,14961.0,3765.79,1806.68
Terraced,TerracedD_0.txt,H1,hybrid_bidirectional,best,203.677,4.69,15.975,17517.0,5273.03,2074.94
Terraced,TerracedA_13.txt,H1,safe_unidirectional,worst,417.315,7.98,28.125,30258.0,5344.75,2403.63
Terraced,TerracedA_33.txt,H1,safe_unidirectional,best,356.589,3.99,21.15,18531.0,5217.38,2227.37
Terraced,TerracedD_4.txt,H2,hybrid_bidirectional,best,182.045,3.22,1.35,7410.0,3884.37,1878.33
Terraced,TerracedA_5.txt,H1,hybrid_bidirectional,worst,256.595,7.07,25.875,27267.0,5266.07,2379.06
Terraced,TerracedD_1.txt,H2,hybrid_bidirectional,best,168.725,3.15,1.575,7371.0,3797.76,1827.33
Terraced,TerracedA_47.txt,H2,safe_unidirectional,best,334.158,3.01,11.7,11937.0,3750.9,1706.15
Terraced,TerracedA_30.txt,H2,safe_unidirectional,worst,377.268,5.11,20.475,20559.0,3745.57,1809.3
Terraced,TerracedA_33.txt,H1,hybrid_bidirectional,worst,258.211,7.56,25.65,28188.0,5291.17,2387.37
Terraced,TerracedA_13.txt,H1,safe_unidirectional,best,384.113,4.06,22.05,19110.0,5344.75,2310.55
Terraced,TerracedA_5.txt,H1,hybrid_bidirectional,best,200.09,4.41,17.1,17469.0,5249.47,2081.94
Terraced,TerracedD_0.txt,H2,safe_unidirectional,worst,360.625,4.9,19.8,19794.0,3725.64,1782.83
Terraced,TerracedA_42.txt,H1,safe_unidirectional,worst,386.122,7.21,27.0,28101.0,5180.7,2316.81
Terraced,TerracedA_47.txt,H2,hybrid_bidirectional,worst,200.012,5.67,7.875,15687.0,3859.38,1859.34
Terraced,TerracedA_33.txt,H1,hybrid_bidirectional,best,207.77,4.48,17.325,17724.0,5275.44,2103.93
Terraced,TerracedD_3.txt,H1,safe_unidirectional,worst,403.981,7.35,27.9,28827.0,5314.07,2361.41
Terraced,TerracedA_30.txt,H2,safe_unidirectional,best,332.628,3.08,12.375,12408.0,3745.57,1693.76
Terraced,TerracedA_13.txt,H1,hybrid_bidirectional,worst,274.985,7.91,26.325,29247.0,5421.25,2454.82
Terraced,TerracedA_47.txt,H2,hybrid_bidirectional,best,183.101,3.29,1.8,7773.0,3891.95,1849.58
Terraced,TerracedA_5.txt,H2,safe_unidirectional,worst,359.473,4.9,19.575,19686.0,3692.1,1770.09
Terraced,TerracedD_0.txt,H2,safe_unidirectional,best,325.183,3.01,11.7,11937.0,3725.64,1696.29
Terraced,TerracedA_42.txt,H1,safe_unidirectional,best,341.53,3.92,20.7,18168.0,5180.7,2192.09
Terraced,TerracedA_30.txt,H2,hybrid_bidirectional,worst,208.502,5.81,8.55,16305.0,3858.68,1881.88
Terraced,TerracedA_13.txt,H1,hybrid_bidirectional,best,221.552,4.76,17.775,18528.0,5406.72,2161.23
Terraced,TerracedD_3.txt,H1,safe_unidirectional,best,356.667,3.99,20.925,18423.0,5314.07,2219.83
Terraced,TerracedA_33.txt,H2,safe_unidirectional,worst,368.992,5.25,20.025,20637.0,3712.46,1790.79
Terraced,TerracedD_0.txt,H2,hybrid_bidirectional,worst,188.766,5.46,7.875,15246.0,3833.48,1851.19
Terraced,TerracedA_30.txt,H2,hybrid_bidirectional,best,188.885,3.43,1.8,8067.0,3893.35,1859.87
Terraced,TerracedA_42.txt,H1,hybrid_bidirectional,worst,246.674,7.0,26.325,27336.0,5255.56,2383.65
Terraced,TerracedA_53.txt,H1,safe_unidirectional,worst,393.893,7.21,27.45,28317.0,5238.71,2346.58
Terraced,TerracedA_5.txt,H2,safe_unidirectional,best,320.147,2.94,11.7,11790.0,3692.1,1677.08
Terraced,TerracedD_3.txt,H1,hybrid_bidirectional,worst,262.568,7.28,25.425,27492.0,5387.41,2421.06
Terraced,TerracedD_0.txt,H2,hybrid_bidirectional,best,178.604,3.29,1.575,7665.0,3869.65,1875.4
Terraced,TerracedA_13.txt,H2,safe_unidirectional,worst,385.721,5.6,20.25,21480.0,3839.84,1827.04
Terraced,TerracedA_42.txt,H1,hybrid_bidirectional,best,188.362,4.62,15.75,17262.0,5233.97,2039.42
Terraced,TerracedA_33.txt,H2,safe_unidirectional,best,332.703,3.01,12.15,12153.0,3712.46,1696.78
Terraced,TerracedA_5.txt,H2,hybrid_bidirectional,worst,190.085,5.39,8.325,15315.0,3795.2,1815.83
Terraced,TerracedA_53.txt,H1,safe_unidirectional,best,354.451,3.78,21.375,18198.0,5238.71,2276.67
Terraced,TerracedD_3.txt,H1,hybrid_bidirectional,best,212.665,4.55,16.65,17547.0,5362.26,2107.29
Terraced,TerracedA_18.txt,H1,safe_unidirectional,worst,406.161,7.28,27.45,28464.0,5274.55,2379.78
Terraced,TerracedA_5.txt,H2,hybrid_bidirectional,best,180.104,3.36,1.125,7596.0,3839.49,1842.28
Terraced,TerracedA_33.txt,H2,hybrid_bidirectional,worst,193.703,5.67,8.775,16119.0,3828.52,1862.31
Terraced,TerracedA_21.txt,H1,safe_unidirectional,worst,415.864,7.7,28.575,29886.0,5370.29,2392.67
Terraced,TerracedA_13.txt,H2,safe_unidirectional,best,354.522,3.08,13.725,13056.0,3839.84,1735.39
Terraced,TerracedA_53.txt,H1,hybrid_bidirectional,worst,262.974,7.14,25.65,27306.0,5304.91,2389.75
Terraced,TerracedA_42.txt,H2,safe_unidirectional,worst,364.718,4.97,19.125,19617.0,3675.78,1778.75
Terraced,TerracedA_18.txt,H1,safe_unidirectional,best,355.614,3.99,20.7,18315.0,5274.55,2229.11
Terraced,TerracedA_33.txt,H2,hybrid_bidirectional,best,176.992,3.29,2.025,7881.0,3853.26,1853.56
Terraced,TerracedD_3.txt,H2,safe_unidirectional,worst,376.071,5.04,20.025,20196.0,3809.16,1816.15
Terraced,TerracedA_13.txt,H2,hybrid_bidirectional,worst,197.415,6.16,9.675,17580.0,3956.89,1884.53
Terraced,TerracedA_53.txt,H1,hybrid_bidirectional,best,207.9,4.69,15.75,17409.0,5279.81,2067.5
Terraced,TerracedA_40.txt,H1,safe_unidirectional,worst,413.183,7.49,28.125,29229.0,5341.2,2393.3
Terraced,TerracedA_21.txt,H1,safe_unidirectional,best,372.64,3.99,22.05,18963.0,5370.29,2281.72
Terraced,TerracedA_18.txt,H1,hybrid_bidirectional,worst,269.04,7.28,25.65,27600.0,5343.24,2410.47
Terraced,TerracedA_42.txt,H2,safe_unidirectional,best,319.343,3.01,11.25,11721.0,3675.78,1683.33
Terraced,TerracedA_13.txt,H2,hybrid_bidirectional,best,177.727,3.57,2.25,8577.0,3989.67,1865.42
Terraced,TerracedA_27.txt,H1,safe_unidirectional,worst,400.767,7.56,27.225,28944.0,5258.64,2348.92
Terraced,TerracedD_3.txt,H2,safe_unidirectional,best,341.264,2.94,11.925,11898.0,3809.16,1751.38
Terraced,TerracedA_21.txt,H1,hybrid_bidirectional,worst,277.676,7.77,26.55,29061.0,5443.53,2436.53
Terraced,TerracedA_40.txt,H1,safe_unidirectional,best,356.891,4.13,20.925,18717.0,5341.2,2249.4
Terraced,TerracedA_18.txt,H1,hybrid_bidirectional,best,209.55,4.62,16.2,17478.0,5322.09,2088.19
Terraced,TerracedA_42.txt,H2,hybrid_bidirectional,worst,183.06,5.32,8.775,15384.0,3768.09,1823.39
Terraced,TerracedA_53.txt,H2,safe_unidirectional,worst,365.78,4.9,19.8,19794.0,3733.8,1782.65
Terraced,TerracedD_3.txt,H2,hybrid_bidirectional,worst,197.014,5.6,8.55,15864.0,3915.4,1858.56
Terraced,TerracedA_21.txt,H1,hybrid_bidirectional,best,222.067,4.76,17.325,18312.0,5425.77,2133.09
Terraced,TerracedA_11.txt,H1,safe_unidirectional,worst,405.844,7.28,28.35,28896.0,5281.93,2373.3
Terraced,TerracedA_27.txt,H1,safe_unidirectional,best,364.072,3.85,21.825,18561.0,5258.64,2274.19
Terraced,TerracedA_42.txt,H2,hybrid_bidirectional,best,165.959,3.22,1.575,7518.0,3803.35,1825.54
Terraced,TerracedA_40.txt,H1,hybrid_bidirectional,worst,268.351,7.7,26.1,28698.0,5418.12,2430.24
Terraced,TerracedD_3.txt,H2,hybrid_bidirectional,best,184.84,3.43,1.575,7959.0,3953.93,1893.21
Terraced,TerracedA_53.txt,H2,safe_unidirectional,best,333.998,2.94,11.7,11790.0,3733.8,1714.02
Terraced,TerracedA_18.txt,H2,safe_unidirectional,worst,374.079,5.11,19.35,20019.0,3769.64,1806.61
Terraced,TerracedA_27.txt,H1,hybrid_bidirectional,worst,264.21,7.42,25.875,28002.0,5329.41,2401.63
Terraced,TerracedA_40.txt,H1,hybrid_bidirectional,best,209.336,5.04,15.075,17820.0,5392.51,2112.37
Terraced,TerracedA_11.txt,H1,safe_unidirectional,best,358.612,3.99,21.6,18747.0,5281.93,2219.82
Terraced,TerracedA_21.txt,H2,safe_unidirectional,worst,392.03,5.46,20.7,21402.0,3865.37,1852.05
Terraced,TerracedA_56.txt,H1,safe_unidirectional,worst,412.951,7.49,27.45,28905.0,5322.29,2397.68
Terraced,TerracedA_53.txt,H2,hybrid_bidirectional,worst,195.849,5.25,8.55,15129.0,3836.45,1859.26
Terraced,TerracedA_27.txt,H1,hybrid_bidirectional,best,210.607,4.69,16.425,17733.0,5314.98,2081.0
Terraced,TerracedA_36.txt,H1,safe_unidirectional,worst,422.963,7.63,27.45,29199.0,5393.18,2406.48
Terraced,TerracedA_18.txt,H2,safe_unidirectional,best,336.951,2.94,11.925,11898.0,3769.64,1720.11
Terraced,TerracedA_11.txt,H1,hybrid_bidirectional,worst,269.779,7.14,27.0,27954.0,5359.57,2448.87
Terraced,TerracedA_53.txt,H2,hybrid_bidirectional,best,184.556,3.22,1.8,7626.0,3872.9,1890.76
Terraced,TerracedA_40.txt,H2,safe_unidirectional,worst,381.473,5.25,19.8,20529.0,3836.28,1840.53
Terraced,TerracedA_21.txt,H2,safe_unidirectional,best,355.21,3.08,13.275,12840.0,3865.37,1765.75
Terraced,TerracedA_56.txt,H1,safe_unidirectional,best,358.341,4.06,21.15,18678.0,5322.29,2229.4
Terraced,TerracedA_18.txt,H2,hybrid_bidirectional,worst,197.124,5.74,7.425,15618.0,3886.93,1868.4
Terraced,TerracedA_11.txt,H1,hybrid_bidirectional,best,215.238,4.62,17.1,17910.0,5335.83,2099.94
Terraced,TerracedA_36.txt,H1,safe_unidirectional,best,379.01,3.99,21.825,18855.0,5393.18,2302.92
Terraced,TerracedA_27.txt,H2,safe_unidirectional,worst,375.964,5.11,20.475,20559.0,3753.73,1815.65
Terraced,TerracedA_21.txt,H2,hybrid_bidirectional,worst,202.134,5.88,10.125,17208.0,3973.09,1897.6
Terraced,TerracedA_18.txt,H2,hybrid_bidirectional,best,178.389,3.36,1.575,7812.0,3923.17,1886.39
Terraced,TerracedA_2.txt,H1,safe_unidirectional,worst,412.726,7.42,28.575,29298.0,5269.52,2382.82
Terraced,TerracedA_56.txt,H1,hybrid_bidirectional,worst,276.3,7.21,26.55,27885.0,5393.62,2465.78
Terraced,TerracedA_40.txt,H2,safe_unidirectional,best,346.537,3.08,12.15,12300.0,3836.28,1774.99
Terraced,TerracedA_36.txt,H1,hybrid_bidirectional,worst,281.747,7.56,26.325,28512.0,5468.51,2461.39
Terraced,TerracedA_21.txt,H2,hybrid_bidirectional,best,190.479,3.5,2.25,8430.0,3998.75,1898.18
Terraced,TerracedA_11.txt,H2,safe_unidirectional,worst,377.729,5.04,20.25,20304.0,3777.02,1808.53
Terraced,TerracedA_27.txt,H2,safe_unidirectional,best,339.683,3.08,12.375,12408.0,3753.73,1715.5
Terraced,TerracedA_56.txt,H1,hybrid_bidirectional,best,216.761,4.62,16.65,17694.0,5372.55,2121.64
Terraced,TerracedA_40.txt,H2,hybrid_bidirectional,worst,200.845,5.81,9.0,16521.0,3955.73,1911.92
Terraced,TerracedA_2.txt,H1,safe_unidirectional,best,355.095,3.99,21.375,18639.0,5269.52,2228.97
Terraced,TerracedA_36.txt,H1,hybrid_bidirectional,best,229.727,4.69,17.325,18165.0,5448.34,2167.28
Terraced,TerracedD_28.txt,H1,safe_unidirectional,worst,392.1,7.28,27.225,28356.0,5221.38,2364.51
Terraced,TerracedA_27.txt,H2,hybrid_bidirectional,worst,191.866,5.81,8.1,16089.0,3865.92,1885.66
Terraced,TerracedA_40.txt,H2,hybrid_bidirectional,best,186.703,3.36,2.025,8028.0,3988.65,1941.6
Terraced,TerracedA_35.txt,H1,safe_unidirectional,worst,391.901,7.28,27.9,28680.0,5228.08,2313.44
Terraced,TerracedA_11.txt,H2,safe_unidirectional,best,344.52,2.94,12.825,12330.0,3777.02,1734.82
Terraced,TerracedA_2.txt,H1,hybrid_bidirectional,worst,276.995,7.35,26.55,28179.0,5340.41,2425.53
Terraced,TerracedA_56.txt,H2,safe_unidirectional,worst,377.255,5.25,19.575,20421.0,3817.38,1818.02
Terraced,TerracedD_28.txt,H1,safe_unidirectional,best,344.034,3.99,20.475,18207.0,5221.38,2202.26
Terraced,TerracedA_27.txt,H2,hybrid_bidirectional,best,180.092,3.43,1.575,7959.0,3900.96,1902.61
Terraced,TerracedA_36.txt,H2,safe_unidirectional,worst,393.282,5.32,20.25,20892.0,3888.27,1851.92
Terraced,TerracedA_11.txt,H2,hybrid_bidirectional,worst,194.02,5.6,8.775,15972.0,3887.89,1882.61
Terraced,TerracedA_2.txt,H1,hybrid_bidirectional,best,223.151,4.55,17.325,17871.0,5319.69,2113.05
Terraced,TerracedA_54.txt,H1,safe_unidirectional,worst,412.971,7.56,28.125,29376.0,5331.08,2389.98
Terraced,TerracedA_35.txt,H1,safe_unidirectional,best,344.609,4.06,21.15,18678.0,5228.08,2184.46
Terraced,TerracedD_28.txt,H1,hybrid_bidirectional,worst,263.135,7.28,25.2,27384.0,5290.42,2378.03
Terraced,TerracedA_11.txt,H2,hybrid_bidirectional,best,181.04,3.43,1.8,8067.0,3921.89,1877.14
Terraced,TerracedA_56.txt,H2,safe_unidirectional,best,338.864,3.15,11.475,12123.0,3817.38,1733.08
Terraced,TerracedD_17.txt,H1,safe_unidirectional,worst,395.265,7.28,27.225,28356.0,5259.25,2345.69
Terraced,TerracedA_36.txt,H2,safe_unidirectional,best,360.172,3.01,12.825,12477.0,3888.27,1792.75
Terraced,TerracedA_35.txt,H1,hybrid_bidirectional,worst,261.921,7.21,25.65,27453.0,5301.05,2369.19
Terraced,TerracedA_54.txt,H1,safe_unidirectional,best,364.242,4.06,21.6,18894.0,5331.08,2230.85
Terraced,TerracedD_28.txt,H1,hybrid_bidirectional,best,212.788,4.41,16.875,17361.0,5274.21,2099.17
Terraced,TerracedA_56.txt,H2,hybrid_bidirectional,worst,205.434,5.81,7.875,15981.0,3929.72,1910.76
Terraced,TerracedA_2.txt,H2,safe_unidirectional,worst,380.761,4.9,21.375,20550.0,3764.61,1819.03
Terraced,TerracedA_36.txt,H2,hybrid_bidirectional,worst,204.679,6.02,8.1,16530.0,3999.74,1909.91
Terraced,TerracedA_35.txt,H1,hybrid_bidirectional,best,208.863,4.69,16.425,17733.0,5277.97,2049.13
Terraced,TerracedD_17.txt,H1,safe_unidirectional,best,359.334,3.92,21.375,18492.0,5259.25,2232.88
Terraced,TerracedA_39.txt,H1,safe_unidirectional,worst,412.433,7.63,28.125,29523.0,5273.71,2377.38
Terraced,TerracedA_54.txt,H1,hybrid_bidirectional,worst,269.549,7.56,25.875,28296.0,5403.57,2439.28
Terraced,TerracedA_56.txt,H2,hybrid_bidirectional,best,194.773,3.43,1.35,7851.0,3968.56,1930.02
Terraced,TerracedA_36.txt,H2,hybrid_bidirectional,best,196.876,3.5,1.8,8214.0,4033.15,1958.1
Terraced,TerracedD_28.txt,H2,safe_unidirectional,worst,358.175,5.18,19.125,20058.0,3716.47,1773.07
Terraced,TerracedA_2.txt,H2,safe_unidirectional,best,338.532,3.08,11.925,12192.0,3764.61,1720.81
Terraced,TerracedD_17.txt,H1,hybrid_bidirectional,worst,259.107,7.35,24.975,27423.0,5330.78,2373.65
Terraced,TerracedA_54.txt,H1,hybrid_bidirectional,best,224.237,4.41,18.225,18009.0,5386.27,2163.78
Terraced,TerracedA_39.txt,H1,safe_unidirectional,best,368.864,3.99,22.05,18963.0,5273.71,2260.48
Terraced,TerracedA_35.txt,H2,safe_unidirectional,worst,372.8,4.97,19.8,19941.0,3723.17,1784.26
Terraced,TerracedA_2.txt,H2,hybrid_bidirectional,worst,203.491,5.6,9.0,16080.0,3881.79,1890.58
Terraced,TerracedA_7.txt,H1,safe_unidirectional,worst,398.373,7.63,27.45,29199.0,5240.92,2346.72
Terraced,TerracedD_17.txt,H1,hybrid_bidirectional,best,206.226,4.62,16.65,17694.0,5312.47,2072.83
Terraced,TerracedA_22.txt,H1,safe_unidirectional,worst,381.602,7.14,27.225,28062.0,5119.45,2315.44
Terraced,TerracedD_28.txt,H2,safe_unidirectional,best,320.931,3.08,11.25,11868.0,3716.47,1689.39
Terraced,TerracedA_39.txt,H1,hybrid_bidirectional,worst,268.984,7.7,26.1,28698.0,5349.93,2424.61
Terraced,TerracedA_2.txt,H2,hybrid_bidirectional,best,187.122,3.36,1.8,7920.0,3915.89,1874.49
Terraced,TerracedA_54.txt,H2,safe_unidirectional,worst,383.928,5.18,20.7,20814.0,3826.17,1844.17
Terraced,TerracedA_35.txt,H2,safe_unidirectional,best,325.162,3.22,11.7,12378.0,3723.17,1666.41
Terraced,TerracedD_28.txt,H2,hybrid_bidirectional,worst,193.193,5.46,8.325,15462.0,3834.52,1863.8
Terraced,TerracedA_7.txt,H1,safe_unidirectional,best,354.147,3.92,21.825,18708.0,5240.92,2257.98
Terraced,TerracedA_39.txt,H1,hybrid_bidirectional,best,214.967,4.69,18.0,18489.0,5331.65,2124.33
Terraced,TerracedA_22.txt,H1,safe_unidirectional,best,330.095,3.78,21.375,18198.0,5119.45,2186.3
Terraced,TerracedD_17.txt,H2,safe_unidirectional,worst,365.903,5.04,18.9,19656.0,3754.34,1783.35
Terraced,TerracedA_35.txt,H2,hybrid_bidirectional,worst,199.997,5.39,9.0,15639.0,3837.9,1838.69
Terraced,TerracedD_28.txt,H2,hybrid_bidirectional,best,180.406,3.29,1.575,7665.0,3867.62,1859.64
Terraced,TerracedA_3.txt,H1,safe_unidirectional,worst,376.523,7.14,27.45,28170.0,5144.8,2303.96
Terraced,TerracedA_7.txt,H1,hybrid_bidirectional,worst,269.454,7.56,25.425,28080.0,5314.23,2407.85
Terraced,TerracedA_54.txt,H2,safe_unidirectional,best,351.927,3.01,12.825,12477.0,3826.17,1758.44
Terraced,TerracedA_22.txt,H1,hybrid_bidirectional,worst,252.845,7.21,25.2,27237.0,5186.64,2345.7
Terraced,TerracedA_35.txt,H2,hybrid_bidirectional,best,184.552,3.43,1.8,8067.0,3871.93,1829.61
Terraced,TerracedA_39.txt,H2,safe_unidirectional,worst,383.474,5.46,20.25,21186.0,3768.8,1819.16
Terraced,TerracedD_17.txt,H2,safe_unidirectional,best,337.762,3.01,12.15,12153.0,3754.34,1717.83
Terraced,TerracedA_7.txt,H1,hybrid_bidirectional,best,207.712,4.69,16.65,17841.0,5291.65,2092.7
Terraced,TerracedA_54.txt,H2,hybrid_bidirectional,worst,195.816,5.88,7.875,16128.0,3941.22,1887.92
Terraced,TerracedA_3.txt,H1,safe_unidirectional,best,331.275,3.92,20.925,18276.0,5144.8,2181.97
Terraced,TerracedA_22.txt,H1,hybrid_bidirectional,best,197.112,4.55,15.975,17223.0,5169.0,2026.65
Terraced,TerracedD_14.txt,H1,safe_unidirectional,worst,372.332,7.07,27.0,27807.0,5135.29,2268.5
Terraced,TerracedD_17.txt,H2,hybrid_bidirectional,worst,191.372,5.32,8.775,15384.0,3871.98,1875.67
Terraced,TerracedA_54.txt,H2,hybrid_bidirectional,best,186.427,3.5,1.575,8106.0,3979.34,1893.75
Terraced,TerracedD_11.txt,H1,safe_unidirectional,worst,403.216,7.63,28.125,29523.0,5346.71,2382.03
Terraced,TerracedA_39.txt,H2,safe_unidirectional,best,354.162,3.01,13.95,13017.0,3768.8,1731.04
Terraced,TerracedA_3.txt,H1,hybrid_bidirectional,worst,244.581,6.93,25.425,26757.0,5217.54,2350.95
Terraced,TerracedD_14.txt,H1,safe_unidirectional,best,326.835,3.85,20.475,17913.0,5135.29,2148.04
Terraced,TerracedA_7.txt,H2,safe_unidirectional,worst,373.116,5.11,20.925,20775.0,3736.01,1815.49
Terraced,TerracedD_17.txt,H2,hybrid_bidirectional,best,183.126,3.43,1.575,7959.0,3911.04,1885.19
Terraced,TerracedA_22.txt,H2,safe_unidirectional,worst,348.219,4.9,19.575,19686.0,3614.53,1743.91
Terraced,TerracedA_39.txt,H2,hybrid_bidirectional,worst,199.408,5.88,9.9,17100.0,3882.56,1862.75
Terraced,TerracedA_3.txt,H1,hybrid_bidirectional,best,193.494,4.34,16.875,17214.0,5202.0,2028.46
Terraced,TerracedA_50.txt,H1,safe_unidirectional,worst,403.358,7.7,26.775,29022.0,5225.93,2353.81
Terraced,TerracedD_11.txt,H1,safe_unidirectional,best,360.658,4.06,21.825,19002.0,5346.71,2246.53
Terraced,TerracedD_14.txt,H1,hybrid_bidirectional,worst,245.655,7.0,24.975,26688.0,5201.82,2319.04
Terraced,TerracedA_7.txt,H2,safe_unidirectional,best,332.132,3.22,11.925,12486.0,3736.01,1712.23
Terraced,TerracedA_39.txt,H2,hybrid_bidirectional,best,187.057,3.5,2.25,8430.0,3904.4,1870.1
Terraced,TerracedD_16.txt,H1,safe_unidirectional,worst,382.482,7.0,27.45,27876.0,5132.48,2328.55
Terraced,TerracedA_22.txt,H2,safe_unidirectional,best,311.858,2.94,11.475,11682.0,3614.53,1671.48
Terraced,TerracedD_11.txt,H1,hybrid_bidirectional,worst,265.035,7.63,25.425,28227.0,5427.91,2440.41
Terraced,TerracedD_14.txt,H1,hybrid_bidirectional,best,196.692,4.41,15.525,16713.0,5176.79,2031.81
Terraced,TerracedA_50.txt,H1,safe_unidirectional,best,357.403,4.06,20.925,18570.0,5225.93,2200.83
Terraced,TerracedA_7.txt,H2,hybrid_bidirectional,worst,210.249,5.67,9.225,16335.0,3843.6,1892.42
Terraced,TerracedA_3.txt,H2,safe_unidirectional,worst,343.093,4.9,19.575,19686.0,3639.89,1714.0
Terraced,TerracedA_22.txt,H2,hybrid_bidirectional,worst,185.369,5.25,8.325,15021.0,3721.97,1795.2
Terraced,TerracedD_16.txt,H1,safe_unidirectional,best,340.952,3.78,21.15,18090.0,5132.48,2215.8
Terraced,TerracedD_11.txt,H1,hybrid_bidirectional,best,212.862,4.76,16.875,18096.0,5406.68,2114.28
Terraced,TerracedD_35.txt,H1,safe_unidirectional,worst,408.192,7.56,27.9,29268.0,5262.09,2370.05
Terraced,TerracedA_50.txt,H1,hybrid_bidirectional,worst,264.983,7.42,26.325,28218.0,5296.15,2421.38
Terraced,TerracedA_7.txt,H2,hybrid_bidirectional,best,187.191,3.43,1.575,7959.0,3878.87,1865.17
Terraced,TerracedA_22.txt,H2,hybrid_bidirectional,best,173.996,3.22,1.575,7518.0,3751.51,1810.59
Terraced,TerracedD_14.txt,H2,safe_unidirectional,worst,342.669,4.76,19.125,19176.0,3630.37,1699.53
Terraced,TerracedA_3.txt,H2,safe_unidirectional,best,311.823,2.94,11.925,11898.0,3639.89,1653.18
Terraced,TerracedD_16.txt,H1,hybrid_bidirectional,worst,257.827,6.86,26.1,26934.0,5193.72,2370.83
Terraced,TerracedA_50.txt,H1,hybrid_bidirectional,best,208.957,4.48,17.325,17724.0,5280.06,2107.18
Terraced,TerracedD_35.txt,H1,safe_unidirectional,best,367.888,3.85,22.05,18669.0,5262.09,2269.75
Terraced,TerracedD_11.txt,H2,safe_unidirectional,worst,376.842,5.18,21.15,21030.0,3841.8,1841.65
Terraced,TerracedA_3.txt,H2,hybrid_bidirectional,worst,178.337,5.46,8.325,15462.0,3752.76,1758.54
Terraced,TerracedA_6.txt,H1,safe_unidirectional,worst,406.44,7.63,27.225,29091.0,5361.05,2395.08
Terraced,TerracedD_16.txt,H1,hybrid_bidirectional,best,207.58,4.41,16.65,17253.0,5176.9,2052.57
Terraced,TerracedD_12.txt,H1,safe_unidirectional,worst,410.024,7.7,27.9,29562.0,5405.22,2428.67
Terraced,TerracedD_14.txt,H2,safe_unidirectional,best,308.975,2.87,10.8,11211.0,3630.37,1667.86
Terraced,TerracedD_35.txt,H1,hybrid_bidirectional,worst,269.252,7.56,25.875,28296.0,5332.93,2420.61
Terraced,TerracedA_3.txt,H2,hybrid_bidirectional,best,165.819,3.29,1.575,7665.0,3789.16,1760.33
Terraced,TerracedA_50.txt,H2,safe_unidirectional,worst,373.147,5.25,20.475,20853.0,3721.01,1796.27
Terraced,TerracedD_14.txt,H2,hybrid_bidirectional,worst,175.914,5.32,7.2,14628.0,3742.2,1771.39
Terraced,TerracedD_11.txt,H2,safe_unidirectional,best,344.953,3.15,12.6,12663.0,3841.8,1731.81
Terraced,TerracedA_6.txt,H1,safe_unidirectional,best,341.875,4.13,21.15,18825.0,5361.05,2200.49
Terraced,TerracedD_12.txt,H1,safe_unidirectional,best,374.768,3.99,22.05,18963.0,5405.22,2323.9
Terraced,TerracedD_35.txt,H1,hybrid_bidirectional,best,209.135,4.62,17.1,17910.0,5312.72,2092.31
Terraced,TerracedD_16.txt,H2,safe_unidirectional,worst,352.171,4.83,19.125,19323.0,3627.57,1743.06
Terraced,TerracedD_14.txt,H2,hybrid_bidirectional,best,167.518,3.08,1.575,7224.0,3775.95,1800.52
Terraced,TerracedD_11.txt,H2,hybrid_bidirectional,worst,201.039,5.88,8.55,16452.0,3970.35,1893.73
Terraced,TerracedA_52.txt,H1,safe_unidirectional,worst,377.262,7.21,27.9,28533.0,5121.34,2281.49
Terraced,TerracedA_6.txt,H1,hybrid_bidirectional,worst,270.114,7.42,26.1,28110.0,5442.22,2467.49
Terraced,TerracedA_50.txt,H2,safe_unidirectional,best,330.348,3.15,11.7,12231.0,3721.01,1689.99
Terraced,TerracedD_12.txt,H1,hybrid_bidirectional,worst,267.253,7.77,25.425,28521.0,5480.79,2488.65
Terraced,TerracedD_11.txt,H2,hybrid_bidirectional,best,189.398,3.5,2.025,8322.0,4001.17,1912.51
Terraced,TerracedD_16.txt,H2,safe_unidirectional,best,307.458,3.01,11.25,11721.0,3627.57,1644.28
Terraced,TerracedD_35.txt,H2,safe_unidirectional,worst,379.122,5.32,20.25,20892.0,3757.18,1799.38
Terraced,TerracedA_6.txt,H1,hybrid_bidirectional,best,207.042,4.55,17.1,17763.0,5420.62,2130.56
Terraced,TerracedA_50.txt,H2,hybrid_bidirectional,worst,194.429,5.81,8.325,16197.0,3831.58,1852.31
Terraced,TerracedD_15.txt,H1,safe_unidirectional,worst,409.398,7.84,28.125,29964.0,5341.72,2385.56
Terraced,TerracedA_52.txt,H1,safe_unidirectional,best,337.024,3.78,21.825,18414.0,5121.34,2199.58
Terraced,TerracedD_12.txt,H1,hybrid_bidirectional,best,215.544,4.62,17.775,18234.0,5462.67,2193.9
Terraced,TerracedD_16.txt,H2,hybrid_bidirectional,worst,191.358,5.25,7.65,14697.0,3726.96,1782.42
Terraced,TerracedA_50.txt,H2,hybrid_bidirectional,best,177.537,3.43,1.575,7959.0,3870.0,1864.45
Terraced,TerracedD_39.txt,H1,safe_unidirectional,worst,411.614,7.56,27.675,29160.0,5321.6,2395.39
Terraced,TerracedA_52.txt,H1,hybrid_bidirectional,worst,252.105,7.0,26.325,27336.0,5185.4,2338.64
Terraced,TerracedD_35.txt,H2,safe_unidirectional,best,336.803,3.08,12.15,12300.0,3757.18,1706.36
Terraced,TerracedD_15.txt,H1,safe_unidirectional,best,364.879,4.13,21.825,19149.0,5341.72,2262.01
Terraced,TerracedD_16.txt,H2,hybrid_bidirectional,best,181.16,3.29,1.125,7449.0,3768.7,1824.33
Terraced,TerracedA_6.txt,H2,safe_unidirectional,worst,384.255,5.32,19.8,20676.0,3856.13,1865.49
Terraced,TerracedD_12.txt,H2,safe_unidirectional,worst,375.667,5.39,20.25,21039.0,3900.31,1854.28
Terraced,TerracedA_52.txt,H1,hybrid_bidirectional,best,196.054,4.55,16.2,17331.0,5173.66,2018.02
Terraced,TerracedD_35.txt,H2,hybrid_bidirectional,worst,197.821,5.74,9.225,16482.0,3865.66,1867.65
Terraced,TerracedA_44.txt,H1,safe_unidirectional,worst,397.296,7.63,27.225,29091.0,5263.78,2354.12
Terraced,TerracedD_39.txt,H1,safe_unidirectional,best,358.511,4.13,21.15,18825.0,5321.6,2216.81
Terraced,TerracedD_15.txt,H1,hybrid_bidirectional,worst,268.027,7.91,25.875,29031.0,5420.89,2437.25
Terraced,TerracedA_6.txt,H2,safe_unidirectional,best,334.742,3.22,11.475,12270.0,3856.13,1750.27
Terraced,TerracedA_26.txt,H1,safe_unidirectional,worst,400.661,7.28,27.9,28680.0,5232.77,2378.5
Terraced,TerracedD_35.txt,H2,hybrid_bidirectional,best,182.087,3.36,2.025,8028.0,3897.54,1863.93
Terraced,TerracedD_12.txt,H2,safe_unidirectional,best,344.073,3.15,12.375,12555.0,3900.31,1761.06
Terraced,TerracedD_15.txt,H1,hybrid_bidirectional,best,215.49,4.69,17.55,18273.0,5404.27,2156.1
Terraced,TerracedD_39.txt,H1,hybrid_bidirectional,worst,267.399,7.35,25.65,27747.0,5401.27,2477.87
Terraced,TerracedA_44.txt,H1,safe_unidirectional,best,354.166,4.06,21.15,18678.0,5263.78,2211.48
Terraced,TerracedA_6.txt,H2,hybrid_bidirectional,worst,204.414,5.67,8.55,16011.0,3977.17,1918.32
Terraced,TerracedA_52.txt,H2,safe_unidirectional,worst,350.563,4.83,19.8,19647.0,3616.43,1740.91
Terraced,TerracedD_12.txt,H2,hybrid_bidirectional,worst,193.713,5.88,8.775,16560.0,4022.37,1915.09
Terraced,TerracedA_26.txt,H1,safe_unidirectional,best,345.861,4.13,20.475,18501.0,5232.77,2188.03
Terraced,TerracedD_39.txt,H1,hybrid_bidirectional,best,210.03,4.62,16.875,17802.0,5379.62,2137.07
Terraced,TerracedD_21.txt,H1,safe_unidirectional,worst,403.916,7.28,27.9,28680.0,5296.06,2365.98
Terraced,TerracedA_6.txt,H2,hybrid_bidirectional,best,191.058,3.43,1.575,7959.0,4011.1,1915.32
Terraced,TerracedA_44.txt,H1,hybrid_bidirectional,worst,265.356,7.28,25.875,27708.0,5332.82,2441.97
Terraced,TerracedD_12.txt,H2,hybrid_bidirectional,best,185.295,3.5,2.025,8322.0,4057.7,1943.41
Terraced,TerracedD_15.txt,H2,safe_unidirectional,worst,384.324,5.67,20.475,21735.0,3836.81,1834.48
Terraced,TerracedA_52.txt,H2,safe_unidirectional,best,312.86,3.01,11.7,11937.0,3616.43,1631.56
Terraced,TerracedA_26.txt,H1,hybrid_bidirectional,worst,262.776,7.28,25.2,27384.0,5300.32,2417.56
Terraced,TerracedA_44.txt,H1,hybrid_bidirectional,best,210.035,4.48,17.325,17724.0,5323.52,2137.41
Terraced,TerracedD_21.txt,H1,safe_unidirectional,best,361.609,3.92,21.375,18492.0,5296.06,2266.03
Terraced,TerracedA_52.txt,H2,hybrid_bidirectional,worst,186.164,5.39,8.1,15207.0,3716.23,1807.54
Terraced,TerracedD_39.txt,H2,safe_unidirectional,worst,376.567,5.25,19.575,20421.0,3816.68,1819.44
Terraced,TerracedA_57.txt,H1,safe_unidirectional,worst,413.331,7.7,28.125,29670.0,5354.17,2422.98
Terraced,TerracedA_26.txt,H1,hybrid_bidirectional,best,213.006,4.48,16.875,17508.0,5279.13,2112.73
Terraced,TerracedD_15.txt,H2,safe_unidirectional,best,342.399,3.29,12.6,12957.0,3836.81,1732.56
Terraced,TerracedD_13.txt,H1,safe_unidirectional,worst,410.329,7.84,27.675,29748.0,5323.52,2403.6
Terraced,TerracedD_21.txt,H1,hybrid_bidirectional,worst,261.394,7.35,25.2,27531.0,5366.25,2402.24
Terraced,TerracedA_52.txt,H2,hybrid_bidirectional,best,167.412,3.36,1.125,7596.0,3759.08,1796.87
Terraced,TerracedA_44.txt,H2,safe_unidirectional,worst,367.9,5.11,20.475,20559.0,3758.87,1802.89
Terraced,TerracedD_15.txt,H2,hybrid_bidirectional,worst,207.615,6.16,9.225,17364.0,3956.17,1907.68
Terraced,TerracedA_57.txt,H1,safe_unidirectional,best,368.329,4.06,21.6,18894.0,5354.17,2298.72
Terraced,TerracedD_39.txt,H2,safe_unidirectional,best,337.813,3.22,11.475,12270.0,3816.68,1718.33
Terraced,TerracedD_13.txt,H1,safe_unidirectional,best,362.35,4.06,21.6,18894.0,5323.52,2249.04
Terraced,TerracedD_21.txt,H1,hybrid_bidirectional,best,203.101,4.62,16.425,17586.0,5353.33,2120.93
Terraced,TerracedA_26.txt,H2,safe_unidirectional,worst,367.483,5.11,19.35,20019.0,3727.86,1795.39
Terraced,TerracedD_15.txt,H2,hybrid_bidirectional,best,193.32,3.64,1.575,8400.0,3993.42,1914.2
Terraced,TerracedA_46.txt,H1,safe_unidirectional,worst,424.692,7.91,27.9,30003.0,5338.5,2419.4
Terraced,TerracedD_39.txt,H2,hybrid_bidirectional,worst,197.924,5.81,7.875,15981.0,3933.87,1873.86
Terraced,TerracedA_57.txt,H1,hybrid_bidirectional,worst,266.42,7.7,25.875,28590.0,5431.17,2463.55
Terraced,TerracedA_44.txt,H2,safe_unidirectional,best,332.448,3.08,11.925,12192.0,3758.87,1695.7
Terraced,TerracedD_13.txt,H1,hybrid_bidirectional,worst,271.218,7.77,25.875,28737.0,5400.16,2467.6
Terraced,TerracedA_26.txt,H2,safe_unidirectional,best,331.442,3.01,12.15,12153.0,3727.86,1712.39
Terraced,TerracedD_39.txt,H2,hybrid_bidirectional,best,179.919,3.43,1.8,8067.0,3972.69,1873.36
Terraced,TerracedD_21.txt,H2,safe_unidirectional,worst,372.559,5.04,19.575,19980.0,3791.15,1796.69
Terraced,TerracedA_57.txt,H1,hybrid_bidirectional,best,216.513,4.69,17.1,18057.0,5413.15,2157.67
Terraced,TerracedA_44.txt,H2,hybrid_bidirectional,worst,196.288,5.46,9.225,15894.0,3865.83,1852.25
Terraced,TerracedA_46.txt,H1,safe_unidirectional,best,373.9,4.2,22.275,19512.0,5338.5,2266.94
Terraced,TerracedD_29.txt,H1,safe_unidirectional,worst,422.549,7.56,27.9,29268.0,5389.35,2424.27
Terraced,TerracedD_13.txt,H1,hybrid_bidirectional,best,212.309,4.76,16.65,17988.0,5377.0,2118.71
Terraced,TerracedA_26.txt,H2,hybrid_bidirectional,worst,191.693,5.74,7.65,15726.0,3830.79,1840.35
Terraced,TerracedA_44.txt,H2,hybrid_bidirectional,best,182.586,3.43,1.575,7959.0,3906.01,1863.94
Terraced,TerracedD_38.txt,H1,safe_unidirectional,worst,415.423,7.49,27.9,29121.0,5283.77,2375.81
Terraced,TerracedA_46.txt,H1,hybrid_bidirectional,worst,278.562,7.77,27.225,29385.0,5418.86,2489.0
Terraced,TerracedD_21.txt,H2,safe_unidirectional,best,339.189,3.01,12.15,12153.0,3791.15,1727.73
Terraced,TerracedA_26.txt,H2,hybrid_bidirectional,best,175.756,3.36,1.575,7812.0,3860.13,1828.69
Terraced,TerracedD_29.txt,H1,safe_unidirectional,best,369.453,4.13,21.15,18825.0,5389.35,2276.34
Terraced,TerracedA_57.txt,H2,safe_unidirectional,worst,377.973,5.46,20.25,21186.0,3849.26,1832.89
Terraced,TerracedD_13.txt,H2,safe_unidirectional,worst,382.978,5.32,20.925,21216.0,3818.61,1855.17
Terraced,TerracedA_46.txt,H1,hybrid_bidirectional,best,223.396,4.76,18.225,18744.0,5405.53,2163.41
Terraced,TerracedD_21.txt,H2,hybrid_bidirectional,worst,196.165,5.32,9.0,15492.0,3902.21,1881.23
Terraced,TerracedA_1.txt,H1,safe_unidirectional,worst,404.436,7.35,28.575,29151.0,5253.34,2372.11
Terraced,TerracedD_38.txt,H1,safe_unidirectional,best,360.594,4.06,21.6,18894.0,5283.77,2223.64
Terraced,TerracedD_29.txt,H1,hybrid_bidirectional,worst,280.91,7.49,25.875,28149.0,5462.0,2480.59
Terraced,TerracedA_32.txt,H1,safe_unidirectional,worst,402.825,7.7,28.35,29778.0,5268.27,2371.86
Terraced,TerracedA_57.txt,H2,safe_unidirectional,best,343.535,3.22,12.15,12594.0,3849.26,1738.99
Terraced,TerracedD_21.txt,H2,hybrid_bidirectional,best,178.654,3.36,1.8,7920.0,3938.19,1880.01
Terraced,TerracedD_13.txt,H2,safe_unidirectional,best,346.435,3.01,12.825,12477.0,3818.61,1761.71
Terraced,TerracedD_29.txt,H1,hybrid_bidirectional,best,215.551,4.83,16.425,18027.0,5447.64,2131.32
Terraced,TerracedA_1.txt,H1,safe_unidirectional,best,360.223,3.92,21.825,18708.0,5253.34,2247.94
Terraced,TerracedD_38.txt,H1,hybrid_bidirectional,worst,268.202,7.49,25.65,28041.0,5359.16,2426.76
Terraced,TerracedA_46.txt,H2,safe_unidirectional,worst,394.767,5.53,20.925,21657.0,3833.58,1876.97
Terraced,TerracedA_57.txt,H2,hybrid_bidirectional,worst,190.494,6.02,8.325,16638.0,3963.32,1899.51
Terraced,TerracedD_13.txt,H2,hybrid_bidirectional,worst,204.96,5.88,9.0,16668.0,3933.29,1926.09
Terraced,TerracedA_32.txt,H1,safe_unidirectional,best,359.266,3.99,21.6,18747.0,5268.27,2243.23
Terraced,TerracedD_20.txt,H1,safe_unidirectional,worst,405.075,7.49,28.125,29229.0,5340.92,2401.69
Terraced,TerracedD_38.txt,H1,hybrid_bidirectional,best,218.181,4.41,18.0,17901.0,5339.51,2159.68
Terraced,TerracedA_1.txt,H1,hybrid_bidirectional,worst,262.855,7.42,25.65,27894.0,5329.71,2423.1
Terraced,TerracedA_57.txt,H2,hybrid_bidirectional,best,186.487,3.57,1.575,8253.0,4004.83,1958.13
Terraced,TerracedD_13.txt,H2,hybrid_bidirectional,best,186.908,3.5,1.35,7998.0,3973.94,1912.79
Terraced,TerracedD_29.txt,H2,safe_unidirectional,worst,393.68,5.18,20.025,20490.0,3884.43,1875.29
Terraced,TerracedA_46.txt,H2,safe_unidirectional,best,355.833,3.15,14.175,13419.0,3833.58,1747.2
Terraced,TerracedA_32.txt,H1,hybrid_bidirectional,worst,271.317,7.63,26.55,28767.0,5346.6,2434.64
Terraced,TerracedA_1.txt,H1,hybrid_bidirectional,best,201.197,4.76,16.65,17988.0,5314.27,2046.23
Terraced,TerracedD_20.txt,H1,safe_unidirectional,best,361.698,3.92,21.825,18708.0,5340.92,2317.9
Terraced,TerracedA_46.txt,H2,hybrid_bidirectional,worst,212.303,6.02,9.675,17286.0,3961.31,1927.15
Terraced,TerracedD_38.txt,H2,safe_unidirectional,worst,382.438,5.25,20.25,20745.0,3778.85,1814.59
Terraced,TerracedA_43.txt,H1,safe_unidirectional,worst,404.363,7.56,27.45,29052.0,5356.35,2386.0
Terraced,TerracedA_32.txt,H1,hybrid_bidirectional,best,218.728,4.62,17.325,18018.0,5324.22,2128.02
Terraced,TerracedD_29.txt,H2,safe_unidirectional,best,355.021,3.15,12.375,12555.0,3884.43,1777.27
Terraced,TerracedA_23.txt,H1,safe_unidirectional,worst,386.357,7.14,27.45,28170.0,5202.9,2335.91
Terraced,TerracedD_20.txt,H1,hybrid_bidirectional,worst,281.801,7.49,25.65,28041.0,5412.11,2450.73
Terraced,TerracedA_46.txt,H2,hybrid_bidirectional,best,192.04,3.64,2.25,8724.0,3989.03,1914.4
Terraced,TerracedA_1.txt,H2,safe_unidirectional,worst,371.929,5.18,20.025,20490.0,3748.43,1787.36
Terraced,TerracedD_29.txt,H2,hybrid_bidirectional,worst,206.414,5.81,8.325,16197.0,3992.54,1891.3
Terraced,TerracedA_43.txt,H1,safe_unidirectional,best,354.674,4.13,20.925,18717.0,5356.35,2256.36
Terraced,TerracedD_38.txt,H2,safe_unidirectional,best,350.534,3.08,12.15,12300.0,3778.85,1744.76
Detached,DetachedD_13.txt,H3,hybrid_bidirectional,worst,150.729,4.97,3.15,11949.0,3269.42,1517.84
Detached,DetachedA_28.txt,H3,hybrid_bidirectional,best,137.058,2.45,0.225,5253.0,3193.74,1460.98
Detached,DetachedA_18.txt,H3,safe_unidirectional,worst,404.491,3.92,9.225,12660.0,3046.87,1484.89
Detached,DetachedD_13.txt,H3,hybrid_bidirectional,best,145.357,2.45,0.45,5361.0,3305.82,1525.13
Detached,DetachedA_18.txt,H3,safe_unidirectional,best,380.67,2.24,6.075,7620.0,3046.87,1434.18
Detached,DetachedD_33.txt,H3,safe_unidirectional,worst,390.586,4.13,8.775,12885.0,2952.58,1434.39
Detached,DetachedA_18.txt,H3,hybrid_bidirectional,worst,145.808,4.76,3.375,11616.0,3213.14,1477.19
Detached,DetachedA_9.txt,H3,safe_unidirectional,worst,401.333,4.2,9.0,13140.0,3034.42,1472.0
Detached,DetachedA_18.txt,H3,hybrid_bidirectional,best,144.028,2.45,0.225,5253.0,3258.12,1495.04
Detached,DetachedD_33.txt,H3,safe_unidirectional,best,373.184,2.17,6.075,7473.0,2952.58,1407.28
Detached,DetachedD_33.txt,H3,hybrid_bidirectional,worst,134.267,5.04,2.925,11988.0,3133.88,1444.27
Detached,DetachedA_9.txt,H3,safe_unidirectional,best,369.015,2.31,5.625,7551.0,3034.42,1412.77
Detached,DetachedD_33.txt,H3,hybrid_bidirectional,best,130.921,2.38,0.675,5322.0,3164.02,1452.39
Detached,DetachedA_9.txt,H3,hybrid_bidirectional,worst,144.23,4.97,2.925,11841.0,3218.17,1466.47
Detached,DetachedA_35.txt,H3,safe_unidirectional,worst,392.816,4.2,9.225,13248.0,3030.22,1484.98
Detached,DetachedA_9.txt,H3,hybrid_bidirectional,best,142.149,2.38,0.45,5214.0,3252.02,1475.73
Detached,DetachedA_35.txt,H3,safe_unidirectional,best,367.877,2.24,6.3,7728.0,3030.22,1432.67
Detached,DetachedA_33.txt,H3,safe_unidirectional,worst,409.567,4.06,9.0,12846.0,3063.57,1484.01
Detached,DetachedA_35.txt,H3,hybrid_bidirectional,worst,142.414,5.04,2.925,11988.0,3214.03,1462.3
Detached,DetachedA_35.txt,H3,hybrid_bidirectional,best,143.132,2.38,0.675,5322.0,3244.42,1490.34
Detached,DetachedA_33.txt,H3,safe_unidirectional,best,381.969,2.31,5.4,7443.0,3063.57,1429.72
Detached,DetachedA_54.txt,H3,safe_unidirectional,worst,401.305,4.2,9.0,13140.0,3059.16,1476.95
Detached,DetachedA_33.txt,H3,hybrid_bidirectional,worst,145.644,4.69,3.15,11361.0,3239.79,1496.41
Detached,DetachedD_7.txt,H3,safe_unidirectional,worst,440.64,4.62,10.125,14562.0,3265.2,1603.27
Detached,DetachedA_54.txt,H3,safe_unidirectional,best,370.175,2.24,5.4,7296.0,3059.16,1422.97
Detached,DetachedA_33.txt,H3,hybrid_bidirectional,best,140.086,2.38,0.225,5106.0,3278.65,1488.81
Detached,DetachedA_37.txt,H3,safe_unidirectional,worst,419.562,4.13,8.55,12777.0,3162.7,1540.84
Detached,DetachedA_54.txt,H3,hybrid_bidirectional,worst,138.837,4.83,2.925,11547.0,3239.58,1472.36
Detached,DetachedD_7.txt,H3,safe_unidirectional,best,414.214,2.52,6.3,8316.0,3265.2,1550.61
Detached,DetachedA_54.txt,H3,hybrid_bidirectional,best,136.107,2.31,0.45,5067.0,3268.84,1474.46
Detached,DetachedA_37.txt,H3,safe_unidirectional,best,392.764,2.38,5.85,7806.0,3162.7,1480.24
Detached,DetachedD_7.txt,H3,hybrid_bidirectional,worst,162.95,5.6,3.6,13488.0,3460.32,1586.81
Detached,DetachedA_37.txt,H3,hybrid_bidirectional,worst,148.636,4.69,3.15,11361.0,3355.36,1544.45
Detached,DetachedD_7.txt,H3,hybrid_bidirectional,best,156.398,2.66,0.675,5910.0,3502.32,1592.61
Detached,DetachedA_30.txt,H3,safe_unidirectional,worst,388.542,3.92,7.65,11904.0,3035.59,1462.18
Detached,DetachedA_37.txt,H3,hybrid_bidirectional,best,143.545,2.45,0.45,5361.0,3393.45,1535.23
Detached,DetachedA_30.txt,H3,safe_unidirectional,best,362.761,2.24,5.175,7188.0,3035.59,1412.33
Detached,DetachedD_27.txt,H3,safe_unidirectional,worst,414.936,4.41,9.675,13905.0,3126.92,1523.78
Detached,DetachedA_30.txt,H3,hybrid_bidirectional,worst,140.937,4.34,2.25,10194.0,3229.46,1449.5
Detached,DetachedA_46.txt,H3,safe_unidirectional,worst,386.923,3.85,8.325,12081.0,2953.61,1436.97
Detached,DetachedA_30.txt,H3,hybrid_bidirectional,best,138.584,2.31,0.225,4959.0,3253.18,1476.02
Detached,DetachedD_27.txt,H3,safe_unidirectional,best,391.094,2.38,6.075,7914.0,3126.92,1481.12
Detached,DetachedD_27.txt,H3,hybrid_bidirectional,worst,154.201,5.18,4.05,12822.0,3305.95,1531.36
Detached,DetachedA_46.txt,H3,safe_unidirectional,best,358.232,2.31,5.175,7335.0,2953.61,1384.11
Detached,DetachedD_27.txt,H3,hybrid_bidirectional,best,149.199,2.59,0.45,5655.0,3348.06,1537.32
Detached,DetachedA_46.txt,H3,hybrid_bidirectional,worst,130.996,4.48,1.8,10272.0,3134.56,1422.9
Detached,DetachedA_21.txt,H3,safe_unidirectional,worst,430.538,4.55,9.675,14199.0,3194.73,1576.13
Detached,DetachedA_46.txt,H3,hybrid_bidirectional,best,133.574,2.31,0.45,5067.0,3150.55,1440.6
Detached,DetachedA_21.txt,H3,safe_unidirectional,best,398.814,2.52,5.85,8100.0,3194.73,1513.66
Detached,DetachedD_8.txt,H3,safe_unidirectional,worst,424.175,4.76,9.45,14532.0,3173.39,1551.07
Detached,DetachedA_21.txt,H3,hybrid_bidirectional,worst,158.713,5.46,4.05,13410.0,3373.26,1558.14
Detached,DetachedA_21.txt,H3,hybrid_bidirectional,best,153.303,2.66,0.675,5910.0,3415.14,1568.52
Detached,DetachedA_40.txt,H3,safe_unidirectional,worst,407.012,4.13,9.675,13317.0,3070.39,1496.85
Detached,DetachedD_8.txt,H3,safe_unidirectional,best,402.512,2.31,6.525,7983.0,3173.39,1507.34
Detached,DetachedD_8.txt,H3,hybrid_bidirectional,worst,159.267,5.67,2.7,13203.0,3365.17,1538.32
Detached,DetachedD_18.txt,H3,safe_unidirectional,worst,441.446,4.41,10.125,14121.0,3323.96,1629.6
Detached,DetachedA_40.txt,H3,safe_unidirectional,best,375.43,2.38,5.85,7806.0,3070.39,1436.74
Detached,DetachedD_8.txt,H3,hybrid_bidirectional,best,150.07,2.52,0.675,5616.0,3394.62,1538.14
Detached,DetachedA_23.txt,H3,safe_unidirectional,worst,405.113,4.06,9.45,13062.0,3076.76,1495.46
Detached,DetachedA_40.txt,H3,hybrid_bidirectional,worst,153.063,4.97,4.05,12381.0,3236.82,1470.25
Detached,DetachedD_18.txt,H3,safe_unidirectional,best,416.182,2.45,6.3,8169.0,3323.96,1582.54
Detached,DetachedA_40.txt,H3,hybrid_bidirectional,best,146.003,2.45,0.675,5469.0,3276.96,1465.1
Detached,DetachedA_23.txt,H3,safe_unidirectional,best,384.274,2.24,5.85,7512.0,3076.76,1461.17
Detached,DetachedD_18.txt,H3,hybrid_bidirectional,worst,156.639,5.39,3.6,13047.0,3528.85,1621.73
Detached,DetachedA_23.txt,H3,hybrid_bidirectional,worst,148.774,4.83,2.475,11331.0,3268.56,1494.35
Detached,DetachedD_18.txt,H3,hybrid_bidirectional,best,158.575,2.66,0.675,5910.0,3561.41,1625.53
Detached,DetachedA_24.txt,H3,safe_unidirectional,worst,386.596,4.06,8.325,12522.0,2975.66,1444.35
Detached,DetachedA_23.txt,H3,hybrid_bidirectional,best,147.086,2.45,0.225,5253.0,3298.8,1490.46
Detached,DetachedA_24.txt,H3,safe_unidirectional,best,366.206,2.31,5.85,7659.0,2975.66,1396.17
Detached,DetachedD_31.txt,H3,safe_unidirectional,worst,412.196,4.06,8.55,12630.0,3125.92,1515.24
Detached,DetachedA_24.txt,H3,hybrid_bidirectional,worst,135.662,4.69,2.025,10821.0,3168.13,1442.77
Detached,DetachedA_52.txt,H3,safe_unidirectional,worst,413.597,3.92,9.9,12984.0,3122.59,1534.24
Detached,DetachedA_24.txt,H3,hybrid_bidirectional,best,133.336,2.38,0.675,5322.0,3184.57,1428.39
Detached,DetachedD_31.txt,H3,safe_unidirectional,best,384.578,2.31,5.625,7551.0,3125.92,1454.52
Detached,DetachedD_31.txt,H3,hybrid_bidirectional,worst,148.177,4.76,2.025,10968.0,3328.97,1515.52
Detached,DetachedA_52.txt,H3,safe_unidirectional,best,384.766,2.24,6.075,7620.0,3122.59,1477.14
Detached,DetachedD_31.txt,H3,hybrid_bidirectional,best,142.004,2.38,0.45,5214.0,3352.53,1517.62
Detached,DetachedA_52.txt,H3,hybrid_bidirectional,worst,145.704,4.76,2.025,10968.0,3333.26,1528.74
Detached,DetachedD_39.txt,H3,safe_unidirectional,worst,422.165,4.62,9.225,14130.0,3208.89,1551.77
Detached,DetachedA_52.txt,H3,hybrid_bidirectional,best,147.072,2.38,0.225,5106.0,3356.37,1552.03
Detached,DetachedD_39.txt,H3,safe_unidirectional,best,403.017,2.38,6.3,8022.0,3208.89,1517.1
Detached,DetachedD_17.txt,H3,safe_unidirectional,worst,414.367,4.13,9.0,12993.0,3169.79,1539.69
Detached,DetachedD_39.txt,H3,hybrid_bidirectional,worst,155.502,5.32,3.15,12684.0,3407.51,1567.59
Detached,DetachedD_39.txt,H3,hybrid_bidirectional,best,151.663,2.59,0.45,5655.0,3443.96,1565.8
Detached,DetachedA_41.txt,H3,safe_unidirectional,worst,398.314,4.2,9.0,13140.0,3042.7,1473.76
Detached,DetachedD_17.txt,H3,safe_unidirectional,best,387.295,2.31,5.85,7659.0,3169.79,1491.37
Detached,DetachedD_17.txt,H3,hybrid_bidirectional,worst,153.449,4.97,2.25,11517.0,3368.17,1533.58
Detached,DetachedD_24.txt,H3,safe_unidirectional,worst,392.276,4.2,9.0,13140.0,3057.22,1489.41
Detached,DetachedA_41.txt,H3,safe_unidirectional,best,377.29,2.38,5.625,7698.0,3042.7,1424.36
Detached,DetachedD_17.txt,H3,hybrid_bidirectional,best,152.886,2.45,0.45,5361.0,3392.32,1532.23
Detached,DetachedA_22.txt,H3,safe_unidirectional,worst,395.247,4.06,8.325,12522.0,3024.08,1466.23
Detached,DetachedA_41.txt,H3,hybrid_bidirectional,worst,142.472,4.97,3.15,11949.0,3222.42,1457.51
Detached,DetachedD_24.txt,H3,safe_unidirectional,best,372.865,2.17,6.3,7581.0,3057.22,1457.92
Detached,DetachedA_41.txt,H3,hybrid_bidirectional,best,147.93,2.45,0.45,5361.0,3258.63,1508.08
Detached,DetachedA_22.txt,H3,safe_unidirectional,best,366.941,2.24,5.85,7512.0,3024.08,1409.79
Detached,DetachedD_24.txt,H3,hybrid_bidirectional,worst,149.349,4.9,2.925,11694.0,3249.29,1488.26
Detached,DetachedA_22.txt,H3,hybrid_bidirectional,worst,146.162,4.76,2.7,11292.0,3187.19,1459.05
Detached,DetachedD_24.txt,H3,hybrid_bidirectional,best,148.8,2.38,0.45,5214.0,3280.18,1499.56
Detached,DetachedD_14.txt,H3,safe_unidirectional,worst,405.221,4.27,9.0,13287.0,3049.43,1483.54
Detached,DetachedA_22.txt,H3,hybrid_bidirectional,best,147.075,2.38,0.45,5214.0,3221.74,1467.41
Detached,DetachedD_14.txt,H3,safe_unidirectional,best,384.554,2.24,6.3,7728.0,3049.43,1453.56
Detached,DetachedD_25.txt,H3,safe_unidirectional,worst,394.614,4.27,10.125,13827.0,3020.64,1486.87
Detached,DetachedD_14.txt,H3,hybrid_bidirectional,worst,150.702,4.9,5.175,12774.0,3217.89,1488.11
Detached,DetachedD_14.txt,H3,hybrid_bidirectional,best,142.579,2.45,0.9,5577.0,3264.25,1496.51
Detached,DetachedA_53.txt,H3,safe_unidirectional,worst,391.316,4.13,9.45,13209.0,2951.86,1446.89
Detached,DetachedD_25.txt,H3,safe_unidirectional,best,368.015,2.31,6.075,7767.0,3020.64,1423.56
Detached,DetachedD_25.txt,H3,hybrid_bidirectional,worst,155.361,5.18,4.275,12930.0,3188.75,1510.32
Detached,DetachedA_53.txt,H3,safe_unidirectional,best,363.785,2.24,5.625,7404.0,2951.86,1387.24
Detached,DetachedD_25.txt,H3,hybrid_bidirectional,best,151.061,2.52,0.675,5616.0,3232.25,1507.2
Detached,DetachedA_53.txt,H3,hybrid_bidirectional,worst,140.891,5.04,3.15,12096.0,3128.44,1442.95
Detached,DetachedD_11.txt,H3,safe_unidirectional,worst,417.766,4.2,9.0,13140.0,3204.12,1551.33
Detached,DetachedA_53.txt,H3,hybrid_bidirectional,best,138.936,2.45,0.225,5253.0,3167.22,1449.12
Detached,DetachedD_11.txt,H3,safe_unidirectional,best,392.901,2.38,6.075,7914.0,3204.12,1498.95
Detached,DetachedD_26.txt,H3,safe_unidirectional,worst,421.277,4.34,9.225,13542.0,3171.61,1549.9
Detached,DetachedD_11.txt,H3,hybrid_bidirectional,worst,143.725,4.97,2.7,11733.0,3420.71,1590.72
Detached,DetachedA_55.txt,H3,safe_unidirectional,worst,408.66,3.92,9.0,12552.0,3123.04,1522.21
Detached,DetachedD_11.txt,H3,hybrid_bidirectional,best,134.887,2.52,0.45,5508.0,3453.92,1568.64
Detached,DetachedD_26.txt,H3,safe_unidirectional,best,399.533,2.38,6.3,8022.0,3171.61,1513.41
Detached,DetachedD_26.txt,H3,hybrid_bidirectional,worst,151.68,5.11,3.15,12243.0,3369.71,1529.87
Detached,DetachedD_30.txt,H3,safe_unidirectional,worst,422.507,4.13,9.45,13209.0,3143.07,1529.52
Detached,DetachedA_55.txt,H3,safe_unidirectional,best,378.637,2.31,5.4,7443.0,3123.04,1460.18
Detached,DetachedD_26.txt,H3,hybrid_bidirectional,best,157.494,2.59,0.45,5655.0,3402.21,1546.41
Detached,DetachedA_36.txt,H3,safe_unidirectional,worst,430.56,4.34,9.9,13866.0,3274.7,1595.92
Detached,DetachedA_55.txt,H3,hybrid_bidirectional,worst,144.669,4.76,2.475,11184.0,3318.92,1520.47
Detached,DetachedD_30.txt,H3,safe_unidirectional,best,398.674,2.31,5.85,7659.0,3143.07,1481.77
Detached,DetachedA_55.txt,H3,hybrid_bidirectional,best,143.07,2.38,0.225,5106.0,3349.13,1526.19
Detached,DetachedA_36.txt,H3,safe_unidirectional,best,405.442,2.38,6.525,8130.0,3274.7,1556.82
Detached,DetachedD_30.txt,H3,hybrid_bidirectional,worst,148.665,4.83,3.15,11655.0,3329.38,1530.16
Detached,DetachedA_36.txt,H3,hybrid_bidirectional,worst,168.223,5.11,3.375,12351.0,3478.13,1583.92
Detached,DetachedD_30.txt,H3,hybrid_bidirectional,best,148.69,2.38,0.675,5322.0,3360.43,1555.38
Detached,DetachedD_28.txt,H3,safe_unidirectional,worst,404.916,4.41,8.55,13365.0,3036.42,1477.51
Detached,DetachedA_36.txt,H3,hybrid_bidirectional,best,165.967,2.66,0.225,5694.0,3518.41,1606.3
Detached,DetachedD_28.txt,H3,safe_unidirectional,best,385.017,2.1,6.525,7542.0,3036.42,1446.76
Detached,DetachedD_19.txt,H3,safe_unidirectional,worst,414.404,4.27,8.775,13179.0,3119.73,1524.41
Detached,DetachedD_28.txt,H3,hybrid_bidirectional,worst,137.856,5.04,2.925,11988.0,3217.81,1474.38
Detached,DetachedD_28.txt,H3,hybrid_bidirectional,best,135.833,2.38,0.675,5322.0,3245.24,1456.81
Detached,DetachedA_47.txt,H3,safe_unidirectional,worst,422.844,4.41,9.225,13689.0,3225.95,1554.02
Detached,DetachedD_19.txt,H3,safe_unidirectional,best,380.286,2.38,5.625,7698.0,3119.73,1459.92
Detached,DetachedD_19.txt,H3,hybrid_bidirectional,worst,148.68,4.97,3.15,11949.0,3310.49,1532.52
Detached,DetachedA_47.txt,H3,safe_unidirectional,best,396.208,2.45,5.85,7953.0,3225.95,1515.08
Detached,DetachedD_19.txt,H3,hybrid_bidirectional,best,144.711,2.45,0.45,5361.0,3344.99,1525.58
Detached,DetachedA_47.txt,H3,hybrid_bidirectional,worst,154.616,5.18,2.7,12174.0,3422.52,1541.22
Detached,DetachedD_29.txt,H3,safe_unidirectional,worst,413.433,4.41,9.45,13797.0,3187.4,1547.83
Detached,DetachedA_47.txt,H3,hybrid_bidirectional,best,154.296,2.52,0.45,5508.0,3455.91,1586.18
Detached,DetachedD_29.txt,H3,safe_unidirectional,best,389.21,2.45,6.3,8169.0,3187.4,1509.18
Detached,DetachedD_32.txt,H3,safe_unidirectional,worst,424.434,4.27,9.675,13611.0,3162.67,1539.54
Detached,DetachedD_29.txt,H3,hybrid_bidirectional,worst,158.732,5.04,2.7,11880.0,3391.25,1551.44
Detached,DetachedA_8.txt,H3,safe_unidirectional,worst,442.684,4.83,9.9,14895.0,3252.78,1584.52
Detached,DetachedD_29.txt,H3,hybrid_bidirectional,best,154.582,2.66,0.225,5694.0,3423.46,1557.13
Detached,DetachedD_32.txt,H3,safe_unidirectional,best,389.18,2.38,5.4,7590.0,3162.67,1477.84
Detached,DetachedD_32.txt,H3,hybrid_bidirectional,worst,154.951,5.11,3.6,12459.0,3340.93,1497.6
Detached,DetachedD_34.txt,H3,safe_unidirectional,worst,427.457,4.48,10.125,14268.0,3181.37,1552.72
Detached,DetachedA_8.txt,H3,safe_unidirectional,best,414.244,2.66,6.075,8502.0,3252.78,1522.6
Detached,DetachedD_12.txt,H3,safe_unidirectional,worst,410.228,4.55,9.225,13983.0,3106.04,1503.85
Detached,DetachedD_32.txt,H3,hybrid_bidirectional,best,150.051,2.45,0.45,5361.0,3381.67,1510.49
Detached,DetachedA_8.txt,H3,hybrid_bidirectional,worst,169.205,5.46,5.175,13950.0,3438.6,1580.87
Detached,DetachedD_34.txt,H3,safe_unidirectional,best,400.79,2.38,6.3,8022.0,3181.37,1509.1
Detached,DetachedA_8.txt,H3,hybrid_bidirectional,best,160.151,2.8,0.45,6096.0,3488.13,1595.44
Detached,DetachedD_12.txt,H3,safe_unidirectional,best,385.628,2.38,6.075,7914.0,3106.04,1471.25
Detached,DetachedD_34.txt,H3,hybrid_bidirectional,worst,150.023,5.32,4.725,13440.0,3365.41,1529.27
Detached,DetachedD_12.txt,H3,hybrid_bidirectional,worst,151.486,5.32,2.925,12576.0,3293.67,1504.68
Detached,DetachedD_34.txt,H3,hybrid_bidirectional,best,148.685,2.52,0.9,5724.0,3407.23,1561.4
Detached,DetachedD_16.txt,H3,safe_unidirectional,worst,405.949,3.99,8.325,12375.0,3143.25,1516.06
Detached,DetachedD_12.txt,H3,hybrid_bidirectional,best,148.717,2.52,0.45,5508.0,3328.55,1522.36
Detached,DetachedD_16.txt,H3,safe_unidirectional,best,378.004,2.38,5.4,7590.0,3143.25,1463.27
Detached,DetachedD_6.txt,H3,safe_unidirectional,worst,409.964,4.55,8.55,13659.0,3163.71,1527.43
Detached,DetachedD_16.txt,H3,hybrid_bidirectional,worst,137.281,4.55,2.925,10959.0,3337.07,1519.54
Detached,DetachedD_16.txt,H3,hybrid_bidirectional,best,140.562,2.38,0.225,5106.0,3370.64,1545.63
Detached,DetachedA_51.txt,H3,safe_unidirectional,worst,407.535,4.34,9.0,13434.0,3052.07,1498.55
Detached,DetachedD_6.txt,H3,safe_unidirectional,best,391.02,2.31,6.075,7767.0,3163.71,1495.74
Detached,DetachedD_6.txt,H3,hybrid_bidirectional,worst,149.833,5.18,3.6,12606.0,3343.15,1545.53
Detached,DetachedA_51.txt,H3,safe_unidirectional,best,378.672,2.38,5.625,7698.0,3052.07,1445.2
Detached,DetachedD_6.txt,H3,hybrid_bidirectional,best,145.854,2.52,0.45,5508.0,3387.53,1560.81
Detached,DetachedA_51.txt,H3,hybrid_bidirectional,worst,146.577,5.11,3.825,12567.0,3225.37,1478.41
Detached,DetachedD_15.txt,H3,safe_unidirectional,worst,400.35,4.41,9.0,13581.0,3048.94,1478.93
Detached,DetachedA_51.txt,H3,hybrid_bidirectional,best,143.377,2.45,0.675,5469.0,3262.1,1510.35
Detached,DetachedD_15.txt,H3,safe_unidirectional,best,376.209,2.31,5.625,7551.0,3048.94,1434.3
Detached,DetachedD_5.txt,H3,safe_unidirectional,worst,425.095,4.48,9.675,14052.0,3166.85,1540.1
Detached,DetachedD_15.txt,H3,hybrid_bidirectional,worst,144.742,5.18,2.475,12066.0,3232.8,1501.74
Detached,DetachedA_43.txt,H3,safe_unidirectional,worst,396.461,4.06,8.55,12630.0,3035.42,1476.55
Detached,DetachedD_15.txt,H3,hybrid_bidirectional,best,144.235,2.45,0.225,5253.0,3264.51,1501.01
Detached,DetachedD_5.txt,H3,safe_unidirectional,best,401.366,2.45,6.3,8169.0,3166.85,1487.41
Detached,DetachedD_5.txt,H3,hybrid_bidirectional,worst,153.781,5.39,3.6,13047.0,3350.03,1529.15
Detached,DetachedD_20.txt,H3,safe_unidirectional,worst,424.658,4.27,10.125,13827.0,3171.33,1547.58
Detached,DetachedA_43.txt,H3,safe_unidirectional,best,371.72,2.24,5.625,7404.0,3035.42,1430.07
Detached,DetachedD_10.txt,H3,safe_unidirectional,worst,418.88,4.62,9.225,14130.0,3165.84,1543.02
Detached,DetachedD_5.txt,H3,hybrid_bidirectional,best,146.026,2.59,0.675,5763.0,3391.07,1568.37
Detached,DetachedA_43.txt,H3,hybrid_bidirectional,worst,139.689,4.83,3.15,11655.0,3215.46,1497.75
Detached,DetachedD_20.txt,H3,safe_unidirectional,best,401.58,2.31,6.3,7875.0,3171.33,1509.25
Detached,DetachedA_43.txt,H3,hybrid_bidirectional,best,140.224,2.38,0.45,5214.0,3252.53,1529.86
Detached,DetachedD_10.txt,H3,safe_unidirectional,best,394.271,2.38,6.075,7914.0,3165.84,1488.06
Detached,DetachedD_20.txt,H3,hybrid_bidirectional,worst,160.865,5.11,4.275,12783.0,3341.71,1534.28
Detached,DetachedD_10.txt,H3,hybrid_bidirectional,worst,148.55,5.18,4.725,13146.0,3351.35,1513.3
Detached,DetachedD_9.txt,H3,safe_unidirectional,worst,407.005,4.2,9.45,13356.0,3093.5,1506.92
Detached,DetachedD_20.txt,H3,hybrid_bidirectional,best,154.855,2.52,0.9,5724.0,3385.63,1538.34
Detached,DetachedD_10.txt,H3,hybrid_bidirectional,best,142.47,2.45,0.9,5577.0,3396.63,1520.03
Detached,DetachedD_9.txt,H3,safe_unidirectional,best,390.451,2.24,6.3,7728.0,3093.5,1474.93
Detached,DetachedA_29.txt,H3,safe_unidirectional,worst,413.257,4.2,10.575,13896.0,3082.76,1503.9
Detached,DetachedD_9.txt,H3,hybrid_bidirectional,worst,146.41,5.18,3.375,12498.0,3283.09,1504.75
Detached,DetachedD_9.txt,H3,hybrid_bidirectional,best,149.173,2.52,0.225,5400.0,3324.71,1507.15
Detached,DetachedA_45.txt,H3,safe_unidirectional,worst,372.443,4.2,8.775,13032.0,2919.01,1417.49
Detached,DetachedA_29.txt,H3,safe_unidirectional,best,386.045,2.38,5.85,7806.0,3082.76,1446.77
Detached,DetachedA_29.txt,H3,hybrid_bidirectional,worst,135.226,5.11,2.925,12135.0,3277.53,1452.77
Detached,DetachedA_45.txt,H3,safe_unidirectional,best,354.885,2.17,5.85,7365.0,2919.01,1380.67
Detached,DetachedA_29.txt,H3,hybrid_bidirectional,best,136.567,2.45,0.45,5361.0,3308.72,1502.84
Detached,DetachedA_45.txt,H3,hybrid_bidirectional,worst,143.245,4.76,3.375,11616.0,3089.6,1439.7
Detached,DetachedA_45.txt,H3,hybrid_bidirectional,best,138.389,2.38,0.225,5106.0,3130.41,1449.6
Detached,DetachedA_25.txt,H3,safe_unidirectional,worst,416.614,4.2,9.225,13248.0,3127.69,1523.76
Detached,DetachedA_25.txt,H3,safe_unidirectional,best,389.852,2.45,5.85,7953.0,3127.69,1474.01
Detached,DetachedA_16.txt,H3,safe_unidirectional,worst,382.888,4.2,9.45,13356.0,2946.04,1437.24
Detached,DetachedA_25.txt,H3,hybrid_bidirectional,worst,141.934,4.83,2.7,11439.0,3319.09,1486.47
Detached,DetachedA_57.txt,H3,safe_unidirectional,worst,390.822,3.99,7.875,12159.0,3030.7,1457.7
Detached,DetachedA_25.txt,H3,hybrid_bidirectional,best,144.748,2.59,0.225,5547.0,3350.93,1509.12
Detached,DetachedA_16.txt,H3,safe_unidirectional,best,360.456,2.24,5.625,7404.0,2946.04,1398.41
Detached,DetachedA_16.txt,H3,hybrid_bidirectional,worst,141.693,4.97,3.375,12057.0,3115.39,1401.62
Detached,DetachedA_57.txt,H3,safe_unidirectional,best,371.325,2.17,5.625,7257.0,3030.7,1421.67
Detached,DetachedD_3.txt,H3,safe_unidirectional,worst,435.727,4.9,10.35,15258.0,3296.91,1608.02
Detached,DetachedD_38.txt,H3,safe_unidirectional,worst,406.113,3.92,9.0,12552.0,3051.46,1488.68
Detached,DetachedA_16.txt,H3,hybrid_bidirectional,best,137.584,2.38,0.225,5106.0,3152.88,1418.39
Detached,DetachedA_57.txt,H3,hybrid_bidirectional,worst,138.539,4.48,2.475,10596.0,3220.28,1450.05
Detached,DetachedA_57.txt,H3,hybrid_bidirectional,best,140.887,2.31,0.225,4959.0,3249.18,1457.05
Detached,DetachedD_3.txt,H3,safe_unidirectional,best,414.838,2.52,6.525,8424.0,3296.91,1564.72
Detached,DetachedD_38.txt,H3,safe_unidirectional,best,373.513,2.17,5.625,7257.0,3051.46,1432.82
Detached,DetachedD_3.txt,H3,hybrid_bidirectional,worst,163.848,5.6,5.4,14352.0,3464.74,1628.85
Detached,DetachedD_38.txt,H3,hybrid_bidirectional,worst,140.048,4.69,3.15,11361.0,3235.9,1473.66
Detached,DetachedA_32.txt,H3,safe_unidirectional,worst,401.308,4.06,8.1,12414.0,3037.94,1466.4
Detached,DetachedD_3.txt,H3,hybrid_bidirectional,best,155.903,2.73,0.675,6057.0,3514.71,1625.67
Detached,DetachedD_38.txt,H3,hybrid_bidirectional,best,138.569,2.31,0.45,5067.0,3267.56,1473.29
Detached,DetachedA_32.txt,H3,safe_unidirectional,best,378.3,2.17,5.625,7257.0,3037.94,1427.81
Detached,DetachedA_32.txt,H3,hybrid_bidirectional,worst,141.05,4.69,1.8,10713.0,3227.21,1451.29
Detached,DetachedA_15.txt,H3,safe_unidirectional,worst,413.536,3.85,10.125,12945.0,3147.86,1544.7
Detached,DetachedA_32.txt,H3,hybrid_bidirectional,best,141.492,2.31,0.225,4959.0,3250.27,1487.81
Detached,DetachedA_44.txt,H3,safe_unidirectional,worst,410.662,4.2,8.775,13032.0,3096.49,1495.37
Detached,DetachedA_15.txt,H3,safe_unidirectional,best,389.64,2.17,6.075,7473.0,3147.86,1492.35
Detached,DetachedA_15.txt,H3,hybrid_bidirectional,worst,147.463,4.83,2.25,11223.0,3340.99,1530.53
Detached,DetachedA_44.txt,H3,safe_unidirectional,best,386.235,2.24,5.85,7512.0,3096.49,1459.08
Detached,DetachedA_15.txt,H3,hybrid_bidirectional,best,151.428,2.31,0.45,5067.0,3367.8,1570.18
Detached,DetachedA_44.txt,H3,hybrid_bidirectional,worst,153.041,4.9,2.7,11586.0,3269.35,1493.25
Detached,DetachedA_44.txt,H3,hybrid_bidirectional,best,148.694,2.38,0.225,5106.0,3304.94,1496.62
Detached,DetachedA_31.txt,H3,safe_unidirectional,worst,409.81,4.27,9.675,13611.0,3091.3,1506.84
Detached,DetachedA_31.txt,H3,safe_unidirectional,best,383.783,2.31,5.85,7659.0,3091.3,1458.61
Detached,DetachedA_17.txt,H3,safe_unidirectional,worst,392.903,4.13,8.55,12777.0,3060.88,1467.02
Detached,DetachedA_31.txt,H3,hybrid_bidirectional,worst,144.871,5.25,2.7,12321.0,3263.86,1473.27
Detached,DetachedA_56.txt,H3,safe_unidirectional,worst,428.391,4.34,9.9,13866.0,3161.48,1556.17
Detached,DetachedA_31.txt,H3,hybrid_bidirectional,best,142.794,2.45,0.45,5361.0,3295.14,1491.48
Detached,DetachedA_17.txt,H3,safe_unidirectional,best,377.064,2.17,6.075,7473.0,3060.88,1445.0
Detached,DetachedA_17.txt,H3,hybrid_bidirectional,worst,145.519,4.83,2.7,11439.0,3238.59,1472.0
Detached,DetachedA_56.txt,H3,safe_unidirectional,best,404.816,2.45,6.075,8061.0,3161.48,1506.31
Detached,DetachedA_10.txt,H3,safe_unidirectional,worst,380.975,4.06,9.0,12846.0,2962.94,1441.82
Detached,DetachedA_20.txt,H3,safe_unidirectional,worst,399.856,4.13,9.225,13101.0,3043.68,1478.28
Detached,DetachedA_17.txt,H3,hybrid_bidirectional,best,139.139,2.38,0.675,5322.0,3265.67,1449.35
Detached,DetachedA_56.txt,H3,hybrid_bidirectional,worst,154.058,5.18,3.6,12606.0,3354.1,1530.26
Detached,DetachedA_10.txt,H3,safe_unidirectional,best,356.682,2.24,5.85,7512.0,2962.94,1397.4
Detached,DetachedA_56.txt,H3,hybrid_bidirectional,best,152.154,2.59,0.675,5763.0,3389.27,1563.15
Detached,DetachedA_20.txt,H3,safe_unidirectional,best,377.414,2.31,5.85,7659.0,3043.68,1438.64
Detached,DetachedA_10.txt,H3,hybrid_bidirectional,worst,135.153,4.83,2.475,11331.0,3153.41,1441.49
Detached,DetachedA_26.txt,H3,safe_unidirectional,worst,419.968,4.34,9.225,13542.0,3162.69,1540.73
Detached,DetachedA_20.txt,H3,hybrid_bidirectional,worst,152.39,5.11,2.475,11919.0,3231.79,1478.34
Detached,DetachedA_10.txt,H3,hybrid_bidirectional,best,131.377,2.45,0.225,5253.0,3184.62,1433.14
Detached,DetachedA_20.txt,H3,hybrid_bidirectional,best,151.095,2.45,0.45,5361.0,3260.3,1495.95
Detached,DetachedA_26.txt,H3,safe_unidirectional,best,399.983,2.38,5.85,7806.0,3162.69,1500.26
Detached,DetachedA_26.txt,H3,hybrid_bidirectional,worst,153.874,5.04,3.375,12204.0,3333.39,1546.19
Detached,DetachedA_14.txt,H3,safe_unidirectional,worst,396.061,4.06,8.55,12630.0,3007.08,1462.18
Detached,DetachedA_26.txt,H3,hybrid_bidirectional,best,148.85,2.52,0.45,5508.0,3375.25,1527.51
Detached,DetachedA_50.txt,H3,safe_unidirectional,worst,401.645,4.34,9.0,13434.0,3000.36,1473.34
Detached,DetachedA_14.txt,H3,safe_unidirectional,best,369.826,2.24,5.625,7404.0,3007.08,1419.06
Detached,DetachedA_14.txt,H3,hybrid_bidirectional,worst,140.33,4.76,3.15,11508.0,3185.9,1475.21
Detached,DetachedA_50.txt,H3,safe_unidirectional,best,367.445,2.31,5.625,7551.0,3000.36,1411.7
Detached,DetachedA_14.txt,H3,hybrid_bidirectional,best,137.158,2.38,0.45,5214.0,3221.23,1494.37
Detached,DetachedA_50.txt,H3,hybrid_bidirectional,worst,140.805,5.11,3.825,12567.0,3166.16,1456.44
Detached,DetachedA_50.txt,H3,hybrid_bidirectional,best,136.223,2.38,0.45,5214.0,3210.07,1478.12
Detached,DetachedA_19.txt,H3,safe_unidirectional,worst,433.101,4.55,9.675,14199.0,3239.34,1575.53
Detached,DetachedA_19.txt,H3,safe_unidirectional,best,405.77,2.45,5.85,7953.0,3239.34,1531.42
Detached,DetachedD_4.txt,H3,safe_unidirectional,worst,401.201,4.06,9.9,13278.0,3045.55,1472.73
Detached,DetachedA_19.txt,H3,hybrid_bidirectional,worst,159.991,5.18,5.175,13362.0,3413.48,1596.74
Detached,DetachedA_42.txt,H3,safe_unidirectional,worst,404.011,4.2,9.45,13356.0,3089.82,1503.65
Detached,DetachedA_19.txt,H3,hybrid_bidirectional,best,152.922,2.59,0.675,5763.0,3464.24,1550.33
Detached,DetachedD_4.txt,H3,safe_unidirectional,best,374.749,2.24,6.075,7620.0,3045.55,1419.33
Detached,DetachedD_4.txt,H3,hybrid_bidirectional,worst,145.177,4.97,3.15,11949.0,3223.14,1475.82
Detached,DetachedA_42.txt,H3,safe_unidirectional,best,372.741,2.45,5.4,7737.0,3089.82,1452.17
Detached,DetachedA_38.txt,H3,safe_unidirectional,worst,431.102,4.48,9.9,14160.0,3186.55,1556.31
Detached,DetachedA_34.txt,H3,safe_unidirectional,worst,415.469,4.2,9.9,13572.0,3056.45,1501.79
Detached,DetachedD_4.txt,H3,hybrid_bidirectional,best,137.122,2.45,0.45,5361.0,3261.37,1490.78
Detached,DetachedA_42.txt,H3,hybrid_bidirectional,worst,145.379,5.11,2.475,11919.0,3284.95,1451.91
Detached,DetachedA_38.txt,H3,safe_unidirectional,best,408.612,2.52,6.075,8208.0,3186.55,1516.96
Detached,DetachedA_42.txt,H3,hybrid_bidirectional,best,149.135,2.52,0.225,5400.0,3313.71,1493.59
Detached,DetachedA_34.txt,H3,safe_unidirectional,best,390.029,2.31,6.075,7767.0,3056.45,1452.01
Detached,DetachedA_38.txt,H3,hybrid_bidirectional,worst,152.914,5.39,3.825,13155.0,3372.18,1577.43
Detached,DetachedA_34.txt,H3,hybrid_bidirectional,worst,147.899,5.04,4.95,12960.0,3224.08,1481.97
Detached,DetachedA_27.txt,H3,safe_unidirectional,worst,406.044,4.41,8.775,13473.0,3075.21,1505.61
Detached,DetachedA_38.txt,H3,hybrid_bidirectional,best,152.335,2.66,0.675,5910.0,3410.68,1568.79
Detached,DetachedA_34.txt,H3,hybrid_bidirectional,best,145.466,2.52,0.45,5508.0,3274.83,1484.94
Detached,DetachedA_27.txt,H3,safe_unidirectional,best,379.348,2.31,5.85,7659.0,3075.21,1446.34
Detached,DetachedA_28.txt,H3,safe_unidirectional,worst,391.615,4.2,9.0,13140.0,2977.88,1448.77
Detached,DetachedA_27.txt,H3,hybrid_bidirectional,worst,146.927,5.11,3.6,12459.0,3252.49,1513.74
Detached,DetachedA_27.txt,H3,hybrid_bidirectional,best,145.62,2.45,0.675,5469.0,3289.36,1513.22
Detached,DetachedD_13.txt,H3,safe_unidirectional,worst,408.176,4.13,9.675,13317.0,3087.07,1498.41
Detached,DetachedA_28.txt,H3,safe_unidirectional,best,364.86,2.31,5.625,7551.0,2977.88,1396.46
Detached,DetachedA_28.txt,H3,hybrid_bidirectional,worst,140.793,5.04,3.375,12204.0,3151.65,1428.62
Detached,DetachedD_13.txt,H3,safe_unidirectional,best,386.708,2.24,6.3,7728.0,3087.07,1458.55
Semi-detached,Semi-detachedD_30.txt,H3,hybrid_bidirectional,worst,154.464,5.11,2.025,11703.0,3344.38,1545.63
Detached,DetachedA_12.txt,H3,safe_unidirectional,best,388.319,2.24,6.075,7620.0,3114.0,1469.4
Semi-detached,Semi-detachedD_30.txt,H3,hybrid_bidirectional,best,152.403,2.52,0.45,5508.0,3372.5,1565.24
Detached,DetachedA_12.txt,H3,hybrid_bidirectional,worst,151.062,5.18,2.25,11958.0,3314.69,1503.49
Semi-detached,Semi-detachedD_0.txt,H3,safe_unidirectional,worst,384.209,3.92,9.0,12552.0,2937.3,1435.32
Detached,DetachedA_12.txt,H3,hybrid_bidirectional,best,148.202,2.45,0.225,5253.0,3345.33,1523.81
Semi-detached,Semi-detachedD_0.txt,H3,safe_unidirectional,best,350.988,2.31,4.95,7227.0,2937.3,1370.76
Semi-detached,Semi-detachedD_0.txt,H3,hybrid_bidirectional,worst,129.894,4.76,2.475,11184.0,3119.7,1423.13
Semi-detached,Semi-detachedD_19.txt,H3,safe_unidirectional,worst,398.425,4.48,8.1,13296.0,3024.93,1479.91
Semi-detached,Semi-detachedD_0.txt,H3,hybrid_bidirectional,best,131.246,2.31,0.675,5175.0,3143.44,1419.09
Detached,DetachedA_39.txt,H3,safe_unidirectional,worst,403.402,4.2,8.1,12708.0,3097.21,1502.32
Semi-detached,Semi-detachedD_19.txt,H3,safe_unidirectional,best,378.716,2.24,5.85,7512.0,3024.93,1441.13
Semi-detached,Semi-detachedD_19.txt,H3,hybrid_bidirectional,worst,150.885,5.04,2.925,11988.0,3206.17,1478.01
Detached,DetachedA_39.txt,H3,safe_unidirectional,best,384.037,2.45,5.4,7737.0,3097.21,1462.64
Semi-detached,Semi-detachedD_35.txt,H3,safe_unidirectional,worst,382.435,4.2,9.225,13248.0,2912.16,1421.73
Semi-detached,Semi-detachedD_19.txt,H3,hybrid_bidirectional,best,145.367,2.45,0.225,5253.0,3247.07,1485.74
Detached,DetachedA_4.txt,H3,safe_unidirectional,worst,403.833,4.2,8.55,12924.0,3100.98,1499.77
Detached,DetachedA_39.txt,H3,hybrid_bidirectional,worst,155.512,4.69,2.25,10929.0,3293.07,1528.34
Semi-detached,Semi-detachedD_35.txt,H3,safe_unidirectional,best,357.99,2.17,6.075,7473.0,2912.16,1373.93
Detached,DetachedA_39.txt,H3,hybrid_bidirectional,best,152.301,2.45,0.45,5361.0,3317.47,1518.96
Detached,DetachedA_4.txt,H3,safe_unidirectional,best,381.421,2.24,6.3,7728.0,3100.98,1461.64
Semi-detached,Semi-detachedD_35.txt,H3,hybrid_bidirectional,worst,137.916,5.04,3.15,12096.0,3084.15,1408.09
Detached,DetachedA_4.txt,H3,hybrid_bidirectional,worst,149.959,4.76,2.925,11400.0,3300.81,1514.68
Semi-detached,Semi-detachedD_35.txt,H3,hybrid_bidirectional,best,133.764,2.38,0.45,5214.0,3120.57,1404.53
Semi-detached,Semi-detachedD_32.txt,H3,safe_unidirectional,worst,385.328,3.99,9.0,12699.0,2986.49,1448.88
Detached,DetachedA_4.txt,H3,hybrid_bidirectional,best,146.787,2.52,0.225,5400.0,3334.24,1519.86
Semi-detached,Semi-detachedD_32.txt,H3,safe_unidirectional,best,363.237,2.17,6.075,7473.0,2986.49,1405.03
Semi-detached,Semi-detachedD_34.txt,H3,safe_unidirectional,worst,385.81,3.71,8.775,12003.0,2945.48,1435.56
Semi-detached,Semi-detachedD_32.txt,H3,hybrid_bidirectional,worst,138.535,4.83,2.475,11331.0,3177.38,1448.93
Detached,DetachedD_1.txt,H3,safe_unidirectional,worst,414.616,4.34,9.225,13542.0,3109.26,1511.38
Semi-detached,Semi-detachedD_32.txt,H3,hybrid_bidirectional,best,136.977,2.38,0.225,5106.0,3209.34,1449.84
Semi-detached,Semi-detachedD_34.txt,H3,safe_unidirectional,best,361.915,2.17,5.85,7365.0,2945.48,1385.03
Semi-detached,Semi-detachedD_34.txt,H3,hybrid_bidirectional,worst,138.688,4.55,1.575,10311.0,3141.83,1445.56
Detached,DetachedD_1.txt,H3,safe_unidirectional,best,390.405,2.38,6.075,7914.0,3109.26,1471.57
Semi-detached,Semi-detachedD_34.txt,H3,hybrid_bidirectional,best,133.74,2.31,0.225,4959.0,3164.29,1444.81
Detached,DetachedD_1.txt,H3,hybrid_bidirectional,worst,144.249,5.04,3.15,12096.0,3304.87,1504.24
Semi-detached,Semi-detachedD_2.txt,H3,safe_unidirectional,worst,377.247,4.06,8.55,12630.0,2857.65,1390.17
Detached,DetachedD_1.txt,H3,hybrid_bidirectional,best,142.904,2.59,0.225,5547.0,3342.48,1501.84
Semi-detached,Semi-detachedD_2.txt,H3,safe_unidirectional,best,355.167,2.17,5.625,7257.0,2857.65,1339.82
Semi-detached,Semi-detachedD_2.txt,H3,hybrid_bidirectional,worst,132.727,4.55,4.275,11607.0,3010.5,1379.36
Semi-detached,Semi-detachedA_5.txt,H3,safe_unidirectional,worst,393.747,4.34,8.325,13110.0,3020.7,1459.02
Semi-detached,Semi-detachedD_2.txt,H3,hybrid_bidirectional,best,126.054,2.31,0.45,5067.0,3053.41,1383.77
Detached,DetachedA_11.txt,H3,safe_unidirectional,worst,395.071,4.13,8.55,12777.0,3027.68,1480.6
Semi-detached,Semi-detachedA_5.txt,H3,safe_unidirectional,best,374.628,2.24,6.075,7620.0,3020.7,1416.27
Semi-detached,Semi-detachedA_5.txt,H3,hybrid_bidirectional,worst,139.766,4.83,2.925,11547.0,3202.55,1498.15
Detached,DetachedA_11.txt,H3,safe_unidirectional,best,370.937,2.31,5.4,7443.0,3027.68,1425.07
Semi-detached,Semi-detachedD_23.txt,H3,safe_unidirectional,worst,397.512,3.92,9.0,12552.0,3028.41,1471.97
Semi-detached,Semi-detachedA_5.txt,H3,hybrid_bidirectional,best,138.064,2.45,0.225,5253.0,3240.55,1494.1
Detached,DetachedA_11.txt,H3,hybrid_bidirectional,worst,145.214,4.69,3.375,11469.0,3199.64,1464.43
Detached,DetachedA_5.txt,H3,safe_unidirectional,worst,416.752,4.2,8.1,12708.0,3171.85,1537.7
Semi-detached,Semi-detachedD_23.txt,H3,safe_unidirectional,best,378.553,2.24,5.85,7512.0,3028.41,1432.38
Detached,DetachedA_11.txt,H3,hybrid_bidirectional,best,142.602,2.38,0.45,5214.0,3238.02,1476.48
Semi-detached,Semi-detachedD_23.txt,H3,hybrid_bidirectional,worst,145.86,4.62,2.25,10782.0,3216.08,1484.84
Detached,DetachedA_5.txt,H3,safe_unidirectional,best,395.63,2.31,5.625,7551.0,3171.85,1493.22
Semi-detached,Semi-detachedD_23.txt,H3,hybrid_bidirectional,best,142.477,2.38,0.225,5106.0,3243.65,1482.03
Detached,DetachedA_5.txt,H3,hybrid_bidirectional,worst,148.496,4.76,2.25,11076.0,3368.92,1520.6
Semi-detached,Semi-detachedA_6.txt,H3,safe_unidirectional,worst,390.567,4.27,8.55,13071.0,2984.22,1443.82
Detached,DetachedA_5.txt,H3,hybrid_bidirectional,best,146.683,2.38,0.45,5214.0,3395.55,1543.21
Semi-detached,Semi-detachedA_6.txt,H3,safe_unidirectional,best,365.99,2.24,5.4,7296.0,2984.22,1403.94
Semi-detached,Semi-detachedD_20.txt,H3,safe_unidirectional,worst,409.082,4.13,9.0,12993.0,3096.95,1497.64
Semi-detached,Semi-detachedA_6.txt,H3,hybrid_bidirectional,worst,139.046,4.9,2.475,11478.0,3172.3,1447.98
Detached,DetachedD_36.txt,H3,safe_unidirectional,worst,425.531,4.48,9.225,13836.0,3229.28,1573.2
Semi-detached,Semi-detachedA_6.txt,H3,hybrid_bidirectional,best,141.301,2.24,0.675,5028.0,3194.25,1474.8
Semi-detached,Semi-detachedD_20.txt,H3,safe_unidirectional,best,390.478,2.24,6.75,7944.0,3096.95,1464.47
Semi-detached,Semi-detachedD_20.txt,H3,hybrid_bidirectional,worst,144.137,4.9,2.925,11694.0,3294.52,1505.31
Detached,DetachedD_36.txt,H3,safe_unidirectional,best,398.769,2.38,6.075,7914.0,3229.28,1512.62
Semi-detached,Semi-detachedD_20.txt,H3,hybrid_bidirectional,best,144.256,2.52,0.45,5508.0,3327.32,1530.42
Detached,DetachedD_36.txt,H3,hybrid_bidirectional,worst,155.442,5.32,3.375,12792.0,3417.46,1560.65
Semi-detached,Semi-detachedD_3.txt,H3,safe_unidirectional,worst,389.676,3.99,9.225,12807.0,2960.42,1447.21
Detached,DetachedD_36.txt,H3,hybrid_bidirectional,best,149.35,2.52,0.675,5616.0,3455.41,1560.44
Semi-detached,Semi-detachedD_3.txt,H3,safe_unidirectional,best,364.004,2.38,5.625,7698.0,2960.42,1398.48
Semi-detached,Semi-detachedD_3.txt,H3,hybrid_bidirectional,worst,138.577,4.76,3.375,11616.0,3127.6,1446.04
Semi-detached,Semi-detachedA_29.txt,H3,safe_unidirectional,worst,393.152,3.99,8.55,12483.0,2970.38,1451.43
Semi-detached,Semi-detachedD_3.txt,H3,hybrid_bidirectional,best,137.883,2.52,0.225,5400.0,3170.3,1456.55
Detached,DetachedD_2.txt,H3,safe_unidirectional,worst,423.961,3.99,9.9,13131.0,3171.64,1559.57
Semi-detached,Semi-detachedA_29.txt,H3,safe_unidirectional,best,369.048,2.17,5.85,7365.0,2970.38,1404.83
Semi-detached,Semi-detachedA_29.txt,H3,hybrid_bidirectional,worst,136.087,4.76,2.7,11292.0,3152.73,1446.03
Semi-detached,Semi-detachedD_37.txt,H3,safe_unidirectional,worst,407.434,4.27,9.45,13503.0,3087.97,1525.83
Detached,DetachedD_2.txt,H3,safe_unidirectional,best,396.623,2.45,5.625,7845.0,3171.64,1492.29
Semi-detached,Semi-detachedA_29.txt,H3,hybrid_bidirectional,best,139.707,2.38,0.45,5214.0,3180.14,1459.35
Detached,DetachedD_2.txt,H3,hybrid_bidirectional,worst,154.983,4.97,2.925,11841.0,3371.97,1559.66
Detached,DetachedA_7.txt,H3,safe_unidirectional,worst,414.558,4.27,9.0,13287.0,3123.62,1526.03
Semi-detached,Semi-detachedD_37.txt,H3,safe_unidirectional,best,373.613,2.45,5.625,7845.0,3087.97,1462.76
Detached,DetachedD_2.txt,H3,hybrid_bidirectional,best,154.124,2.45,0.675,5469.0,3403.24,1585.04
Semi-detached,Semi-detachedD_37.txt,H3,hybrid_bidirectional,worst,147.777,5.25,2.925,12429.0,3270.7,1534.5
Detached,DetachedA_7.txt,H3,safe_unidirectional,best,382.822,2.38,6.075,7914.0,3123.62,1460.73
Semi-detached,Semi-detachedD_37.txt,H3,hybrid_bidirectional,best,144.56,2.59,0.45,5655.0,3306.48,1529.15
Detached,DetachedA_7.txt,H3,hybrid_bidirectional,worst,147.062,5.11,3.15,12243.0,3308.44,1519.01
Semi-detached,Semi-detachedA_16.txt,H3,safe_unidirectional,worst,394.242,4.62,9.45,14238.0,2950.61,1460.53
Detached,DetachedA_7.txt,H3,hybrid_bidirectional,best,140.352,2.45,0.675,5469.0,3347.31,1518.1
Semi-detached,Semi-detachedA_16.txt,H3,safe_unidirectional,best,367.059,2.31,6.3,7875.0,2950.61,1398.85
Semi-detached,Semi-detachedA_0.txt,H3,safe_unidirectional,worst,363.441,4.13,8.55,12777.0,2807.57,1365.35
Semi-detached,Semi-detachedA_16.txt,H3,hybrid_bidirectional,worst,142.581,5.04,6.525,13716.0,3095.45,1452.34
Detached,DetachedD_22.txt,H3,safe_unidirectional,worst,392.457,3.85,9.225,12513.0,3002.05,1454.55
Semi-detached,Semi-detachedA_16.txt,H3,hybrid_bidirectional,best,135.801,2.59,0.675,5763.0,3139.84,1407.51
Semi-detached,Semi-detachedA_0.txt,H3,safe_unidirectional,best,347.167,2.1,5.625,7110.0,2807.57,1345.68
Semi-detached,Semi-detachedA_0.txt,H3,hybrid_bidirectional,worst,134.495,4.83,2.475,11331.0,2975.64,1392.68
Detached,DetachedD_22.txt,H3,safe_unidirectional,best,373.325,2.17,5.85,7365.0,3002.05,1417.95
Semi-detached,Semi-detachedA_0.txt,H3,hybrid_bidirectional,best,134.31,2.24,0.45,4920.0,3000.21,1395.82
Detached,DetachedD_22.txt,H3,hybrid_bidirectional,worst,142.327,4.76,2.7,11292.0,3192.88,1466.66
Semi-detached,Semi-detachedD_7.txt,H3,safe_unidirectional,worst,373.823,4.13,8.325,12669.0,2838.31,1389.2
Detached,DetachedD_22.txt,H3,hybrid_bidirectional,best,139.236,2.31,0.45,5067.0,3226.22,1484.7
Semi-detached,Semi-detachedD_7.txt,H3,safe_unidirectional,best,348.254,2.17,5.85,7365.0,2838.31,1337.91
Semi-detached,Semi-detachedD_7.txt,H3,hybrid_bidirectional,worst,122.355,4.83,3.375,11763.0,3007.56,1401.84
Semi-detached,Semi-detachedA_15.txt,H3,safe_unidirectional,worst,383.385,3.99,9.45,12915.0,2891.08,1416.58
Semi-detached,Semi-detachedD_7.txt,H3,hybrid_bidirectional,best,124.291,2.38,0.225,5106.0,3048.8,1402.67
Detached,DetachedD_21.txt,H3,safe_unidirectional,worst,409.651,4.55,9.9,14307.0,3092.06,1499.32
Semi-detached,Semi-detachedA_15.txt,H3,safe_unidirectional,best,356.622,2.24,5.85,7512.0,2891.08,1361.28
Semi-detached,Semi-detachedA_15.txt,H3,hybrid_bidirectional,worst,136.321,4.97,2.925,11841.0,3064.64,1403.21
Semi-detached,Semi-detachedA_3.txt,H3,safe_unidirectional,worst,378.02,3.99,8.55,12483.0,2945.79,1429.88
Detached,DetachedD_21.txt,H3,safe_unidirectional,best,383.243,2.45,5.85,7953.0,3092.06,1451.66
Semi-detached,Semi-detachedA_15.txt,H3,hybrid_bidirectional,best,135.655,2.38,0.675,5322.0,3090.68,1403.17
Detached,DetachedD_21.txt,H3,hybrid_bidirectional,worst,148.596,5.18,4.5,13038.0,3267.61,1504.19
Detached,DetachedD_40.txt,H3,safe_unidirectional,worst,414.384,3.92,9.225,12660.0,3138.86,1515.79
Semi-detached,Semi-detachedA_3.txt,H3,safe_unidirectional,best,363.095,2.24,6.075,7620.0,2945.79,1397.83
Detached,DetachedD_21.txt,H3,hybrid_bidirectional,best,143.017,2.59,0.45,5655.0,3314.91,1492.97
Semi-detached,Semi-detachedA_3.txt,H3,hybrid_bidirectional,worst,132.078,4.69,2.7,11145.0,3109.92,1430.37
Detached,DetachedD_40.txt,H3,safe_unidirectional,best,385.277,2.45,5.175,7629.0,3138.86,1460.24
Semi-detached,Semi-detachedA_3.txt,H3,hybrid_bidirectional,best,130.044,2.45,0.225,5253.0,3147.49,1416.22
Semi-detached,Semi-detachedA_17.txt,H3,safe_unidirectional,worst,377.685,4.13,9.0,12993.0,2886.19,1403.78
Detached,DetachedD_40.txt,H3,hybrid_bidirectional,worst,148.537,4.76,2.925,11400.0,3324.17,1504.96
Detached,DetachedD_40.txt,H3,hybrid_bidirectional,best,143.808,2.45,0.225,5253.0,3365.58,1532.77
Semi-detached,Semi-detachedA_17.txt,H3,safe_unidirectional,best,354.999,2.24,5.85,7512.0,2886.19,1358.22
Semi-detached,Semi-detachedA_10.txt,H3,safe_unidirectional,worst,386.664,4.2,9.0,13140.0,2915.92,1427.96
Semi-detached,Semi-detachedA_17.txt,H3,hybrid_bidirectional,worst,132.913,4.97,3.375,12057.0,3054.1,1413.62
Semi-detached,Semi-detachedA_17.txt,H3,hybrid_bidirectional,best,130.922,2.38,0.45,5214.0,3092.11,1415.0
Detached,DetachedA_2.txt,H3,safe_unidirectional,worst,406.584,4.41,8.775,13473.0,3117.22,1505.27
Semi-detached,Semi-detachedA_10.txt,H3,safe_unidirectional,best,364.407,2.17,6.075,7473.0,2915.92,1386.84
Semi-detached,Semi-detachedA_10.txt,H3,hybrid_bidirectional,worst,138.463,4.9,3.15,11802.0,3088.8,1387.33
Detached,DetachedA_2.txt,H3,safe_unidirectional,best,382.194,2.24,6.3,7728.0,3117.22,1466.69
Semi-detached,Semi-detachedA_10.txt,H3,hybrid_bidirectional,best,136.517,2.38,0.45,5214.0,3123.48,1432.14
Semi-detached,Semi-detachedD_6.txt,H3,safe_unidirectional,worst,398.5,4.27,9.45,13503.0,3010.07,1467.26
Detached,DetachedA_2.txt,H3,hybrid_bidirectional,worst,148.386,5.11,2.7,12027.0,3306.7,1514.64
Detached,DetachedA_2.txt,H3,hybrid_bidirectional,best,148.727,2.45,0.675,5469.0,3336.19,1525.7
Semi-detached,Semi-detachedD_6.txt,H3,safe_unidirectional,best,378.743,2.24,6.525,7836.0,3010.07,1432.83
Semi-detached,Semi-detachedD_6.txt,H3,hybrid_bidirectional,worst,140.411,5.11,3.375,12351.0,3187.58,1452.83
Semi-detached,Semi-detachedA_14.txt,H3,safe_unidirectional,worst,381.762,4.06,9.0,12846.0,2949.42,1430.16
Semi-detached,Semi-detachedD_6.txt,H3,hybrid_bidirectional,best,136.393,2.45,0.675,5469.0,3220.64,1433.56
Detached,DetachedD_35.txt,H3,safe_unidirectional,worst,426.532,4.34,11.025,14406.0,3186.66,1557.12
Semi-detached,Semi-detachedA_14.txt,H3,safe_unidirectional,best,362.257,2.17,6.3,7581.0,2949.42,1385.51
Semi-detached,Semi-detachedA_14.txt,H3,hybrid_bidirectional,worst,138.125,4.83,3.375,11763.0,3127.63,1435.49
Semi-detached,Semi-detachedA_13.txt,H3,safe_unidirectional,worst,395.564,4.41,8.775,13473.0,2984.51,1461.64
Detached,DetachedD_35.txt,H3,safe_unidirectional,best,401.939,2.38,6.525,8130.0,3186.66,1508.44
Semi-detached,Semi-detachedA_14.txt,H3,hybrid_bidirectional,best,136.487,2.31,0.675,5175.0,3163.55,1456.45
Detached,DetachedA_58.txt,H3,safe_unidirectional,worst,397.757,4.34,8.775,13326.0,3016.4,1460.97
Detached,DetachedD_35.txt,H3,hybrid_bidirectional,worst,150.084,5.53,3.825,13449.0,3362.67,1522.56
Semi-detached,Semi-detachedA_13.txt,H3,safe_unidirectional,best,375.107,2.24,6.075,7620.0,2984.51,1420.58
Detached,DetachedD_35.txt,H3,hybrid_bidirectional,best,147.951,2.59,0.9,5871.0,3405.32,1552.73
Semi-detached,Semi-detachedA_13.txt,H3,hybrid_bidirectional,worst,140.83,4.97,3.825,12273.0,3150.77,1466.95
Detached,DetachedA_58.txt,H3,safe_unidirectional,best,380.06,2.38,5.85,7806.0,3016.4,1431.47
Semi-detached,Semi-detachedA_13.txt,H3,hybrid_bidirectional,best,138.042,2.45,0.675,5469.0,3189.04,1472.2
Semi-detached,Semi-detachedA_7.txt,H3,safe_unidirectional,worst,410.623,4.41,9.225,13689.0,3121.72,1511.95
Detached,DetachedA_58.txt,H3,hybrid_bidirectional,worst,149.223,5.11,2.925,12135.0,3189.51,1473.1
Detached,DetachedA_58.txt,H3,hybrid_bidirectional,best,146.099,2.45,0.675,5469.0,3222.31,1490.82
Semi-detached,Semi-detachedA_7.txt,H3,safe_unidirectional,best,383.262,2.31,5.85,7659.0,3121.72,1464.19
Semi-detached,Semi-detachedA_38.txt,H3,safe_unidirectional,worst,388.278,4.2,9.0,13140.0,2988.05,1440.75
Semi-detached,Semi-detachedA_7.txt,H3,hybrid_bidirectional,worst,154.994,5.11,3.375,12351.0,3304.09,1495.19
Semi-detached,Semi-detachedA_7.txt,H3,hybrid_bidirectional,best,149.213,2.52,0.225,5400.0,3347.58,1516.84
Semi-detached,Semi-detachedA_38.txt,H3,safe_unidirectional,best,365.016,2.17,5.85,7365.0,2988.05,1406.55
Detached,DetachedA_49.txt,H3,safe_unidirectional,worst,404.116,4.2,9.0,13140.0,3060.21,1491.21
Semi-detached,Semi-detachedA_38.txt,H3,hybrid_bidirectional,worst,140.021,4.9,2.925,11694.0,3169.58,1459.36
Detached,DetachedA_49.txt,H3,safe_unidirectional,best,380.728,2.31,5.85,7659.0,3060.21,1444.77
Semi-detached,Semi-detachedA_38.txt,H3,hybrid_bidirectional,best,141.114,2.31,0.45,5067.0,3202.56,1479.07
Semi-detached,Semi-detachedD_40.txt,H3,safe_unidirectional,worst,405.146,4.27,9.225,13395.0,3079.95,1520.07
Detached,DetachedA_49.txt,H3,hybrid_bidirectional,worst,143.956,5.11,2.025,11703.0,3250.77,1474.94
Detached,DetachedA_49.txt,H3,hybrid_bidirectional,best,138.487,2.45,0.45,5361.0,3274.63,1474.06
Semi-detached,Semi-detachedD_40.txt,H3,safe_unidirectional,best,381.595,2.24,6.3,7728.0,3079.95,1461.17
Semi-detached,Semi-detachedD_40.txt,H3,hybrid_bidirectional,worst,151.701,4.9,3.6,12018.0,3250.63,1524.02
Semi-detached,Semi-detachedA_28.txt,H3,safe_unidirectional,worst,391.146,3.92,9.0,12552.0,2965.62,1450.52
Semi-detached,Semi-detachedD_40.txt,H3,hybrid_bidirectional,best,150.41,2.38,0.9,5430.0,3284.66,1510.66
Semi-detached,Semi-detachedA_28.txt,H3,safe_unidirectional,best,364.064,2.31,5.4,7443.0,2965.62,1392.83
Detached,DetachedD_23.txt,H3,safe_unidirectional,worst,429.397,4.55,9.675,14199.0,3220.45,1578.43
Semi-detached,Semi-detachedA_12.txt,H3,safe_unidirectional,worst,378.639,3.99,8.775,12591.0,2920.79,1409.1
Semi-detached,Semi-detachedA_28.txt,H3,hybrid_bidirectional,worst,138.176,4.83,2.025,11115.0,3157.42,1474.87
Detached,DetachedD_23.txt,H3,safe_unidirectional,best,404.328,2.45,6.3,8169.0,3220.45,1527.49
Semi-detached,Semi-detachedA_28.txt,H3,hybrid_bidirectional,best,137.624,2.38,0.225,5106.0,3184.84,1484.15
Detached,DetachedA_6.txt,H3,safe_unidirectional,worst,400.472,4.13,9.0,12993.0,3021.89,1469.29
Semi-detached,Semi-detachedA_12.txt,H3,safe_unidirectional,best,357.805,2.17,5.85,7365.0,2920.79,1361.73
Detached,DetachedD_23.txt,H3,hybrid_bidirectional,worst,150.24,5.46,3.825,13302.0,3406.21,1553.25
Semi-detached,Semi-detachedA_12.txt,H3,hybrid_bidirectional,worst,128.553,4.76,2.25,11076.0,3108.18,1399.32
Detached,DetachedD_23.txt,H3,hybrid_bidirectional,best,151.016,2.66,0.9,6018.0,3436.89,1558.02
Detached,DetachedA_6.txt,H3,safe_unidirectional,best,376.077,2.24,5.85,7512.0,3021.89,1426.02
Semi-detached,Semi-detachedA_12.txt,H3,hybrid_bidirectional,best,129.598,2.38,0.225,5106.0,3137.29,1409.2
Semi-detached,Semi-detachedD_33.txt,H3,safe_unidirectional,worst,390.414,3.92,9.0,12552.0,2978.11,1439.73
Detached,DetachedA_6.txt,H3,hybrid_bidirectional,worst,147.505,4.9,2.925,11694.0,3199.49,1448.44
Detached,DetachedA_6.txt,H3,hybrid_bidirectional,best,145.801,2.38,0.225,5106.0,3239.53,1477.64
Semi-detached,Semi-detachedD_33.txt,H3,safe_unidirectional,best,365.835,2.24,5.625,7404.0,2978.11,1389.04
Semi-detached,Semi-detachedA_39.txt,H3,safe_unidirectional,worst,390.692,4.27,8.325,12963.0,2935.08,1436.24
Semi-detached,Semi-detachedD_33.txt,H3,hybrid_bidirectional,worst,136.344,4.69,2.475,11037.0,3172.65,1440.26
Semi-detached,Semi-detachedD_33.txt,H3,hybrid_bidirectional,best,136.212,2.31,0.45,5067.0,3199.93,1483.54
Semi-detached,Semi-detachedA_39.txt,H3,safe_unidirectional,best,362.484,2.24,5.625,7404.0,2935.08,1373.86
Detached,DetachedA_48.txt,H3,safe_unidirectional,worst,409.041,4.34,9.45,13650.0,3088.37,1496.88
Semi-detached,Semi-detachedA_39.txt,H3,hybrid_bidirectional,worst,138.595,4.83,3.6,11871.0,3100.19,1415.95
Detached,DetachedA_48.txt,H3,safe_unidirectional,best,387.495,2.31,6.075,7767.0,3088.37,1450.84
Semi-detached,Semi-detachedA_39.txt,H3,hybrid_bidirectional,best,137.725,2.31,0.675,5175.0,3131.41,1426.54
Semi-detached,Semi-detachedD_4.txt,H3,safe_unidirectional,worst,402.682,3.99,8.775,12591.0,3055.86,1495.14
Detached,DetachedA_48.txt,H3,hybrid_bidirectional,worst,141.61,5.18,3.375,12498.0,3251.34,1473.34
Detached,DetachedA_48.txt,H3,hybrid_bidirectional,best,137.917,2.45,0.45,5361.0,3287.87,1481.2
Semi-detached,Semi-detachedD_4.txt,H3,safe_unidirectional,best,378.366,2.24,6.075,7620.0,3055.86,1441.01
Semi-detached,Semi-detachedA_4.txt,H3,safe_unidirectional,worst,394.192,4.55,8.775,13767.0,2957.24,1436.84
Semi-detached,Semi-detachedD_4.txt,H3,hybrid_bidirectional,worst,134.945,4.76,2.475,11184.0,3242.87,1467.48
Semi-detached,Semi-detachedD_4.txt,H3,hybrid_bidirectional,best,139.82,2.38,0.225,5106.0,3274.24,1491.94
Semi-detached,Semi-detachedA_4.txt,H3,safe_unidirectional,best,368.434,2.24,5.85,7512.0,2957.24,1392.88
Detached,DetachedD_37.txt,H3,safe_unidirectional,worst,424.96,4.06,9.0,12846.0,3192.1,1542.09
Semi-detached,Semi-detachedA_4.txt,H3,hybrid_bidirectional,worst,147.07,4.97,4.95,12813.0,3104.91,1429.61
Semi-detached,Semi-detachedA_2.txt,H3,safe_unidirectional,worst,363.145,4.13,8.325,12669.0,2809.68,1361.22
Semi-detached,Semi-detachedA_4.txt,H3,hybrid_bidirectional,best,140.113,2.31,0.9,5283.0,3143.42,1438.71
Detached,DetachedD_37.txt,H3,safe_unidirectional,best,403.321,2.31,5.85,7659.0,3192.1,1503.36
Semi-detached,Semi-detachedA_2.txt,H3,safe_unidirectional,best,345.565,2.17,5.85,7365.0,2809.68,1318.29
Semi-detached,Semi-detachedD_1.txt,H3,safe_unidirectional,worst,404.041,4.9,9.9,15042.0,3028.92,1477.74
Detached,DetachedD_37.txt,H3,hybrid_bidirectional,worst,151.522,4.83,2.25,11223.0,3397.09,1571.49
Semi-detached,Semi-detachedA_2.txt,H3,hybrid_bidirectional,worst,135.067,4.76,3.6,11724.0,2959.25,1377.58
Detached,DetachedD_37.txt,H3,hybrid_bidirectional,best,147.961,2.45,0.45,5361.0,3422.31,1557.82
Semi-detached,Semi-detachedD_1.txt,H3,safe_unidirectional,best,388.414,2.31,6.75,8091.0,3028.92,1446.0
Semi-detached,Semi-detachedA_2.txt,H3,hybrid_bidirectional,best,128.549,2.31,0.675,5175.0,2997.89,1389.39
Semi-detached,Semi-detachedD_27.txt,H3,safe_unidirectional,worst,395.723,4.34,9.0,13434.0,3012.63,1469.75
Semi-detached,Semi-detachedD_1.txt,H3,hybrid_bidirectional,worst,154.948,5.25,6.75,14265.0,3189.47,1525.07
Semi-detached,Semi-detachedD_1.txt,H3,hybrid_bidirectional,best,148.201,2.66,0.675,5910.0,3240.61,1516.6
Semi-detached,Semi-detachedD_27.txt,H3,safe_unidirectional,best,373.231,2.38,5.625,7698.0,3012.63,1426.49
Semi-detached,Semi-detachedA_11.txt,H3,safe_unidirectional,worst,370.327,3.99,8.775,12591.0,2803.19,1371.35
Semi-detached,Semi-detachedD_27.txt,H3,hybrid_bidirectional,worst,137.615,5.11,3.375,12351.0,3193.81,1453.79
Semi-detached,Semi-detachedA_11.txt,H3,safe_unidirectional,best,346.075,2.03,5.625,6963.0,2803.19,1335.53
Semi-detached,Semi-detachedD_27.txt,H3,hybrid_bidirectional,best,135.569,2.52,0.45,5508.0,3232.73,1464.97
Detached,DetachedA_3.txt,H3,safe_unidirectional,worst,412.585,4.27,9.675,13611.0,3055.96,1503.7
Semi-detached,Semi-detachedA_11.txt,H3,hybrid_bidirectional,worst,129.182,4.69,3.825,11685.0,2966.36,1379.29
Semi-detached,Semi-detachedA_11.txt,H3,hybrid_bidirectional,best,127.028,2.24,0.45,4920.0,3003.51,1376.28
Detached,DetachedA_3.txt,H3,safe_unidirectional,best,385.169,2.24,5.85,7512.0,3055.96,1458.44
Semi-detached,Semi-detachedA_58.txt,H3,safe_unidirectional,worst,391.064,4.55,8.55,13659.0,2987.86,1460.27
Detached,DetachedA_3.txt,H3,hybrid_bidirectional,worst,145.233,5.11,3.825,12567.0,3225.98,1496.48
Detached,DetachedA_3.txt,H3,hybrid_bidirectional,best,140.684,2.45,0.225,5253.0,3270.62,1517.47
Semi-detached,Semi-detachedA_58.txt,H3,safe_unidirectional,best,368.573,2.17,6.525,7689.0,2987.86,1421.47
Semi-detached,Semi-detachedD_18.txt,H3,safe_unidirectional,worst,394.749,4.27,9.45,13503.0,2978.7,1457.19
Semi-detached,Semi-detachedA_58.txt,H3,hybrid_bidirectional,worst,159.633,5.25,3.375,12645.0,3164.0,1449.6
Semi-detached,Semi-detachedA_58.txt,H3,hybrid_bidirectional,best,151.057,2.45,0.225,5253.0,3209.6,1462.7
Semi-detached,Semi-detachedD_18.txt,H3,safe_unidirectional,best,366.543,2.17,5.85,7365.0,2978.7,1412.2
Detached,DetachedD_0.txt,H3,safe_unidirectional,worst,413.4,4.27,10.125,13827.0,3075.16,1502.11
Semi-detached,Semi-detachedD_18.txt,H3,hybrid_bidirectional,worst,147.26,5.04,4.05,12528.0,3144.3,1410.07
Semi-detached,Semi-detachedD_36.txt,H3,safe_unidirectional,worst,416.98,4.55,9.225,13983.0,3163.79,1543.74
Semi-detached,Semi-detachedD_18.txt,H3,hybrid_bidirectional,best,145.35,2.31,0.675,5175.0,3186.25,1441.67
Detached,DetachedD_0.txt,H3,safe_unidirectional,best,385.189,2.31,6.075,7767.0,3075.16,1446.1
Semi-detached,Semi-detachedA_49.txt,H3,safe_unidirectional,worst,406.578,4.27,9.0,13287.0,3074.08,1509.19
Semi-detached,Semi-detachedD_36.txt,H3,safe_unidirectional,best,389.916,2.45,5.85,7953.0,3163.79,1489.16
Detached,DetachedD_0.txt,H3,hybrid_bidirectional,worst,145.932,5.11,4.5,12891.0,3253.87,1525.73
Semi-detached,Semi-detachedD_36.txt,H3,hybrid_bidirectional,worst,148.597,5.32,2.925,12576.0,3353.09,1497.64
Detached,DetachedD_0.txt,H3,hybrid_bidirectional,best,140.288,2.52,0.45,5508.0,3304.01,1531.29
Semi-detached,Semi-detachedA_49.txt,H3,safe_unidirectional,best,384.241,2.31,6.075,7767.0,3074.08,1457.83
Semi-detached,Semi-detachedD_36.txt,H3,hybrid_bidirectional,best,152.154,2.59,0.225,5547.0,3387.8,1521.81
Semi-detached,Semi-detachedD_31.txt,H3,safe_unidirectional,worst,385.082,3.92,8.55,12336.0,2936.71,1433.17
Semi-detached,Semi-detachedA_49.txt,H3,hybrid_bidirectional,worst,144.078,5.11,3.15,12243.0,3256.02,1502.59
Semi-detached,Semi-detachedA_49.txt,H3,hybrid_bidirectional,best,143.654,2.45,0.9,5577.0,3284.4,1513.63
Semi-detached,Semi-detachedA_1.txt,H3,safe_unidirectional,worst,385.57,4.06,9.225,12954.0,2936.77,1429.75
Semi-detached,Semi-detachedD_31.txt,H3,safe_unidirectional,best,360.467,2.17,5.85,7365.0,2936.71,1382.57
Semi-detached,Semi-detachedD_31.txt,H3,hybrid_bidirectional,worst,140.313,4.69,2.925,11253.0,3096.51,1435.72
Semi-detached,Semi-detachedA_1.txt,H3,safe_unidirectional,best,359.728,2.17,5.625,7257.0,2936.77,1384.15
Semi-detached,Semi-detachedD_31.txt,H3,hybrid_bidirectional,best,136.806,2.31,0.675,5175.0,3129.4,1434.47
Detached,DetachedA_1.txt,H3,safe_unidirectional,worst,403.342,4.2,8.775,13032.0,3106.69,1500.29
Semi-detached,Semi-detachedA_1.txt,H3,hybrid_bidirectional,worst,141.653,4.76,3.6,11724.0,3106.91,1433.65
Semi-detached,Semi-detachedA_1.txt,H3,hybrid_bidirectional,best,138.6,2.31,0.225,4959.0,3150.77,1449.44
Detached,DetachedA_1.txt,H3,safe_unidirectional,best,380.737,2.31,6.075,7767.0,3106.69,1462.82
Semi-detached,Semi-detachedD_5.txt,H3,safe_unidirectional,worst,397.263,4.13,9.0,12993.0,3047.06,1483.97
Detached,DetachedA_1.txt,H3,hybrid_bidirectional,worst,145.416,4.9,3.15,11802.0,3295.22,1494.57
Detached,DetachedA_1.txt,H3,hybrid_bidirectional,best,140.652,2.45,0.45,5361.0,3330.39,1499.35
Semi-detached,Semi-detachedD_5.txt,H3,safe_unidirectional,best,373.106,2.24,5.85,7512.0,3047.06,1438.36
Semi-detached,Semi-detachedD_24.txt,H3,safe_unidirectional,worst,401.311,3.78,9.225,12366.0,3126.56,1511.58
Semi-detached,Semi-detachedD_5.txt,H3,hybrid_bidirectional,worst,139.28,4.83,3.825,11979.0,3228.76,1477.68
Semi-detached,Semi-detachedD_5.txt,H3,hybrid_bidirectional,best,140.398,2.38,0.45,5214.0,3269.57,1513.56
Semi-detached,Semi-detachedD_24.txt,H3,safe_unidirectional,best,376.15,2.45,5.175,7629.0,3126.56,1469.83
Detached,DetachedA_13.txt,H3,safe_unidirectional,worst,405.999,4.2,8.775,13032.0,3079.18,1499.27
Semi-detached,Semi-detachedD_24.txt,H3,hybrid_bidirectional,worst,146.956,4.69,1.575,10605.0,3337.9,1521.71
Semi-detached,Semi-detachedD_22.txt,H3,safe_unidirectional,worst,379.481,3.64,9.675,12288.0,2912.61,1401.73
Semi-detached,Semi-detachedD_24.txt,H3,hybrid_bidirectional,best,144.575,2.38,0.45,5214.0,3355.93,1534.87
Detached,DetachedA_13.txt,H3,safe_unidirectional,best,386.337,2.24,6.075,7620.0,3079.18,1463.82
Semi-detached,Semi-detachedA_48.txt,H3,safe_unidirectional,worst,395.93,3.99,8.775,12591.0,3041.2,1492.8
Semi-detached,Semi-detachedD_22.txt,H3,safe_unidirectional,best,351.546,2.17,5.4,7149.0,2912.61,1357.21
Detached,DetachedA_13.txt,H3,hybrid_bidirectional,worst,135.08,4.76,2.7,11292.0,3275.77,1456.49
Semi-detached,Semi-detachedD_22.txt,H3,hybrid_bidirectional,worst,124.09,4.62,2.025,10674.0,3099.66,1381.2
Detached,DetachedA_13.txt,H3,hybrid_bidirectional,best,141.547,2.38,0.45,5214.0,3300.81,1502.42
Semi-detached,Semi-detachedA_48.txt,H3,safe_unidirectional,best,371.662,2.31,5.625,7551.0,3041.2,1448.02
Semi-detached,Semi-detachedD_22.txt,H3,hybrid_bidirectional,best,127.099,2.24,0.45,4920.0,3120.61,1418.57
Semi-detached,Semi-detachedD_25.txt,H3,safe_unidirectional,worst,373.508,3.92,9.225,12660.0,2865.3,1384.21
Semi-detached,Semi-detachedA_48.txt,H3,hybrid_bidirectional,worst,141.767,4.69,2.925,11253.0,3221.99,1448.75
Semi-detached,Semi-detachedA_48.txt,H3,hybrid_bidirectional,best,140.857,2.45,0.45,5361.0,3253.07,1492.31
Semi-detached,Semi-detachedD_21.txt,H3,safe_unidirectional,worst,383.945,4.06,9.225,12954.0,2900.18,1421.71
Semi-detached,Semi-detachedD_25.txt,H3,safe_unidirectional,best,354.813,2.17,5.85,7365.0,2865.3,1345.39
Semi-detached,Semi-detachedD_25.txt,H3,hybrid_bidirectional,worst,122.509,4.69,2.25,10929.0,3049.69,1339.75
Semi-detached,Semi-detachedD_21.txt,H3,safe_unidirectional,best,360.711,2.24,6.075,7620.0,2900.18,1371.34
Semi-detached,Semi-detachedD_25.txt,H3,hybrid_bidirectional,best,121.807,2.24,0.45,4920.0,3075.51,1388.37
Detached,DetachedA_0.txt,H3,safe_unidirectional,worst,413.591,4.41,9.0,13581.0,3074.4,1498.95
Semi-detached,Semi-detachedD_21.txt,H3,hybrid_bidirectional,worst,137.55,4.83,3.15,11655.0,3060.94,1425.75
Semi-detached,Semi-detachedD_21.txt,H3,hybrid_bidirectional,best,134.063,2.38,0.45,5214.0,3101.55,1438.76
Detached,DetachedA_0.txt,H3,safe_unidirectional,best,385.376,2.31,6.075,7767.0,3074.4,1445.69
Semi-detached,Semi-detachedD_26.txt,H3,safe_unidirectional,worst,388.399,4.34,8.775,13326.0,2939.57,1427.09
Detached,DetachedA_0.txt,H3,hybrid_bidirectional,worst,143.899,5.11,3.15,12243.0,3262.98,1483.08
Detached,DetachedA_0.txt,H3,hybrid_bidirectional,best,139.093,2.52,0.225,5400.0,3303.94,1509.36
Semi-detached,Semi-detachedD_26.txt,H3,safe_unidirectional,best,363.386,2.24,6.075,7620.0,2939.57,1383.08
Semi-detached,Semi-detachedD_30.txt,H3,safe_unidirectional,worst,415.654,4.06,9.675,13170.0,3142.8,1541.57
Semi-detached,Semi-detachedD_26.txt,H3,hybrid_bidirectional,worst,138.368,4.83,4.05,12087.0,3119.46,1436.79
Semi-detached,Semi-detachedD_26.txt,H3,hybrid_bidirectional,best,133.054,2.45,0.225,5253.0,3162.12,1431.27
Semi-detached,Semi-detachedD_30.txt,H3,safe_unidirectional,best,387.491,2.45,5.85,7953.0,3142.8,1483.3
Semi-detached,Semi-detachedD_13.txt,H3,safe_unidirectional,worst,395.161,4.06,8.55,12630.0,3026.49,1469.79
Detached,DetachedA_12.txt,H3,safe_unidirectional,worst,408.143,4.48,8.325,13404.0,3114.0,1501.56
Semi-detached,Semi-detachedA_26.txt,H3,hybrid_bidirectional,best,145.415,2.31,0.675,5175.0,3172.75,1441.25
Semi-detached,Semi-detachedA_45.txt,H3,safe_unidirectional,best,365.255,2.24,6.075,7620.0,2954.56,1392.55
Semi-detached,Semi-detachedD_13.txt,H3,safe_unidirectional,best,370.755,2.31,5.625,7551.0,3026.49,1433.94
Semi-detached,Semi-detachedA_45.txt,H3,hybrid_bidirectional,worst,140.074,4.69,5.85,12657.0,3121.88,1468.75
Semi-detached,Semi-detachedA_19.txt,H3,safe_unidirectional,worst,379.344,4.06,8.325,12522.0,2883.98,1410.08
Semi-detached,Semi-detachedD_13.txt,H3,hybrid_bidirectional,worst,133.77,4.69,2.475,11037.0,3217.11,1480.7
Terraced,TerracedA_29.txt,H3,safe_unidirectional,worst,369.653,3.99,8.55,12483.0,2865.31,1384.78
Semi-detached,Semi-detachedA_45.txt,H3,hybrid_bidirectional,best,139.389,2.45,0.675,5469.0,3163.15,1467.68
Semi-detached,Semi-detachedD_13.txt,H3,hybrid_bidirectional,best,132.568,2.45,0.225,5253.0,3246.69,1504.07
Semi-detached,Semi-detachedA_19.txt,H3,safe_unidirectional,best,355.562,2.17,5.625,7257.0,2883.98,1358.94
Terraced,TerracedA_29.txt,H3,safe_unidirectional,best,345.724,2.17,5.625,7257.0,2865.31,1346.45
Semi-detached,Semi-detachedA_19.txt,H3,hybrid_bidirectional,worst,128.023,4.83,2.25,11223.0,3063.52,1403.87
Terraced,TerracedA_29.txt,H3,hybrid_bidirectional,worst,123.685,4.62,1.8,10566.0,3045.11,1336.39
Semi-detached,Semi-detachedA_19.txt,H3,hybrid_bidirectional,best,127.948,2.31,0.45,5067.0,3090.51,1420.72
Semi-detached,Semi-detachedA_43.txt,H3,safe_unidirectional,worst,387.621,4.27,9.45,13503.0,2962.7,1439.35
Terraced,TerracedA_29.txt,H3,hybrid_bidirectional,best,131.722,2.24,0.45,4920.0,3058.93,1402.5
Semi-detached,Semi-detachedA_43.txt,H3,safe_unidirectional,best,369.625,2.24,6.075,7620.0,2962.7,1400.84
Terraced,TerracedA_28.txt,H3,safe_unidirectional,worst,359.179,3.71,9.225,12219.0,2761.13,1335.91
Semi-detached,Semi-detachedA_43.txt,H3,hybrid_bidirectional,worst,141.439,5.18,2.7,12174.0,3146.95,1477.09
Semi-detached,Semi-detachedA_35.txt,H3,safe_unidirectional,worst,384.576,4.06,9.0,12846.0,2941.53,1431.01
Semi-detached,Semi-detachedA_43.txt,H3,hybrid_bidirectional,best,137.128,2.38,0.45,5214.0,3181.05,1472.33
Terraced,TerracedA_28.txt,H3,safe_unidirectional,best,335.226,2.03,5.85,7071.0,2761.13,1283.77
Semi-detached,Semi-detachedA_35.txt,H3,safe_unidirectional,best,363.061,2.31,5.85,7659.0,2941.53,1375.32
Terraced,TerracedA_28.txt,H3,hybrid_bidirectional,worst,122.684,4.41,3.6,10989.0,2921.7,1344.14
Semi-detached,Semi-detachedA_35.txt,H3,hybrid_bidirectional,worst,139.437,4.9,3.15,11802.0,3108.25,1421.6
Terraced,TerracedA_28.txt,H3,hybrid_bidirectional,best,121.479,2.24,0.225,4812.0,2961.96,1351.88
Semi-detached,Semi-detachedA_27.txt,H3,safe_unidirectional,worst,391.744,3.92,9.225,12660.0,2984.7,1451.84
Semi-detached,Semi-detachedA_35.txt,H3,hybrid_bidirectional,best,139.095,2.45,0.45,5361.0,3143.11,1427.3
Semi-detached,Semi-detachedA_27.txt,H3,safe_unidirectional,best,370.219,2.17,6.075,7473.0,2984.7,1419.89
Semi-detached,Semi-detachedA_27.txt,H3,hybrid_bidirectional,worst,138.064,4.69,2.925,11253.0,3168.39,1414.16
Semi-detached,Semi-detachedA_44.txt,H3,safe_unidirectional,worst,382.403,3.78,8.55,12042.0,2959.94,1432.14
Semi-detached,Semi-detachedA_37.txt,H3,safe_unidirectional,worst,375.284,4.2,8.1,12708.0,2888.12,1412.12
Semi-detached,Semi-detachedA_27.txt,H3,hybrid_bidirectional,best,137.222,2.38,0.45,5214.0,3200.09,1434.52
Semi-detached,Semi-detachedA_44.txt,H3,safe_unidirectional,best,362.415,2.1,5.85,7218.0,2959.94,1394.8
Semi-detached,Semi-detachedA_37.txt,H3,safe_unidirectional,best,349.174,2.1,5.625,7110.0,2888.12,1366.89
Semi-detached,Semi-detachedA_44.txt,H3,hybrid_bidirectional,worst,135.88,4.48,2.475,10596.0,3139.32,1434.81
Semi-detached,Semi-detachedA_18.txt,H3,safe_unidirectional,worst,404.78,4.34,10.125,13974.0,3062.12,1490.06
Semi-detached,Semi-detachedA_37.txt,H3,hybrid_bidirectional,worst,132.549,4.69,2.475,11037.0,3071.13,1393.58
Terraced,TerracedD_8.txt,H3,safe_unidirectional,worst,374.102,3.85,9.225,12513.0,2838.34,1383.14
Semi-detached,Semi-detachedA_44.txt,H3,hybrid_bidirectional,best,133.842,2.31,0.225,4959.0,3170.02,1427.12
Semi-detached,Semi-detachedA_37.txt,H3,hybrid_bidirectional,best,134.205,2.24,0.225,4812.0,3100.66,1422.86
Semi-detached,Semi-detachedA_18.txt,H3,safe_unidirectional,best,378.57,2.45,5.625,7845.0,3062.12,1446.33
Terraced,TerracedD_8.txt,H3,safe_unidirectional,best,354.67,2.24,5.4,7296.0,2838.34,1339.24
Semi-detached,Semi-detachedA_18.txt,H3,hybrid_bidirectional,worst,140.354,5.32,2.925,12576.0,3249.28,1473.76
Terraced,TerracedD_8.txt,H3,hybrid_bidirectional,worst,135.064,4.41,3.375,10881.0,2997.44,1357.49
Semi-detached,Semi-detachedA_18.txt,H3,hybrid_bidirectional,best,139.045,2.59,0.225,5547.0,3287.54,1500.32
Terraced,TerracedD_8.txt,H3,hybrid_bidirectional,best,129.515,2.31,0.225,4959.0,3038.19,1364.31
Semi-detached,Semi-detachedA_57.txt,H3,safe_unidirectional,worst,380.354,4.2,9.0,13140.0,2941.67,1437.78
Semi-detached,Semi-detachedA_57.txt,H3,safe_unidirectional,best,354.183,2.31,5.625,7551.0,2941.67,1382.33
Terraced,TerracedA_14.txt,H3,safe_unidirectional,worst,351.218,3.99,8.775,12591.0,2694.56,1311.74
Semi-detached,Semi-detachedA_57.txt,H3,hybrid_bidirectional,worst,138.805,4.9,2.475,11478.0,3108.35,1411.41
Semi-detached,Semi-detachedA_21.txt,H3,safe_unidirectional,worst,390.088,4.2,8.775,13032.0,2925.3,1430.04
Semi-detached,Semi-detachedA_57.txt,H3,hybrid_bidirectional,best,137.993,2.31,0.675,5175.0,3135.97,1438.55
Terraced,TerracedA_14.txt,H3,safe_unidirectional,best,328.551,2.1,5.625,7110.0,2694.56,1269.59
Terraced,TerracedA_14.txt,H3,hybrid_bidirectional,worst,120.439,4.62,3.825,11538.0,2840.19,1323.06
Semi-detached,Semi-detachedA_21.txt,H3,safe_unidirectional,best,364.877,2.17,6.075,7473.0,2925.3,1382.2
Terraced,TerracedA_14.txt,H3,hybrid_bidirectional,best,118.078,2.24,0.225,4812.0,2882.87,1313.24
Semi-detached,Semi-detachedA_21.txt,H3,hybrid_bidirectional,worst,137.42,4.97,3.15,11949.0,3092.19,1436.59
Semi-detached,Semi-detachedA_33.txt,H3,safe_unidirectional,worst,391.555,3.99,10.125,13239.0,3005.81,1463.31
Semi-detached,Semi-detachedA_21.txt,H3,hybrid_bidirectional,best,134.498,2.31,0.675,5175.0,3125.71,1435.54
Semi-detached,Semi-detachedA_33.txt,H3,safe_unidirectional,best,363.691,2.38,5.85,7806.0,3005.81,1410.32
Semi-detached,Semi-detachedA_33.txt,H3,hybrid_bidirectional,worst,142.345,4.9,3.6,12018.0,3193.79,1454.46
Semi-detached,Semi-detachedA_50.txt,H3,safe_unidirectional,worst,390.937,4.48,9.45,13944.0,2987.21,1454.88
Semi-detached,Semi-detachedA_23.txt,H3,safe_unidirectional,worst,360.744,3.92,8.55,12336.0,2790.36,1351.74
Semi-detached,Semi-detachedA_33.txt,H3,hybrid_bidirectional,best,141.021,2.38,1.125,5538.0,3220.96,1485.48
Semi-detached,Semi-detachedA_50.txt,H3,safe_unidirectional,best,376.947,2.24,6.525,7836.0,2987.21,1428.6
Semi-detached,Semi-detachedA_23.txt,H3,safe_unidirectional,best,340.003,2.03,5.85,7071.0,2790.36,1315.8
Semi-detached,Semi-detachedA_50.txt,H3,hybrid_bidirectional,worst,144.731,5.25,4.275,13077.0,3138.11,1443.07
Semi-detached,Semi-detachedA_23.txt,H3,hybrid_bidirectional,worst,131.973,4.62,2.475,10890.0,2962.97,1358.16
Semi-detached,Semi-detachedA_30.txt,H3,safe_unidirectional,worst,397.991,4.34,9.0,13434.0,3018.69,1466.58
Terraced,TerracedA_17.txt,H3,safe_unidirectional,worst,368.685,3.71,9.45,12327.0,2886.41,1411.71
Semi-detached,Semi-detachedA_50.txt,H3,hybrid_bidirectional,best,143.567,2.59,0.225,5547.0,3191.01,1463.8
Semi-detached,Semi-detachedA_23.txt,H3,hybrid_bidirectional,best,131.54,2.24,0.225,4812.0,2993.99,1358.53
Semi-detached,Semi-detachedA_30.txt,H3,safe_unidirectional,best,375.525,2.31,5.85,7659.0,3018.69,1414.42
Terraced,TerracedA_17.txt,H3,safe_unidirectional,best,339.675,2.17,5.625,7257.0,2886.41,1353.32
Semi-detached,Semi-detachedA_30.txt,H3,hybrid_bidirectional,worst,130.92,5.11,2.475,11919.0,3205.63,1465.03
Terraced,TerracedA_17.txt,H3,hybrid_bidirectional,worst,127.612,4.55,2.25,10635.0,3077.04,1405.18
Semi-detached,Semi-detachedA_30.txt,H3,hybrid_bidirectional,best,130.536,2.38,0.45,5214.0,3234.27,1503.86
Terraced,TerracedA_17.txt,H3,hybrid_bidirectional,best,126.974,2.24,0.45,4920.0,3102.09,1416.42
Semi-detached,Semi-detachedA_56.txt,H3,safe_unidirectional,worst,377.661,3.78,8.55,12042.0,2903.91,1398.47
Semi-detached,Semi-detachedA_56.txt,H3,safe_unidirectional,best,352.099,2.24,4.95,7080.0,2903.91,1346.18
Terraced,TerracedD_30.txt,H3,safe_unidirectional,worst,374.278,3.99,10.35,13347.0,2827.21,1387.48
Semi-detached,Semi-detachedA_56.txt,H3,hybrid_bidirectional,worst,124.015,4.48,1.8,10272.0,3084.27,1390.56
Semi-detached,Semi-detachedD_39.txt,H3,safe_unidirectional,worst,378.45,4.2,9.225,13248.0,2906.47,1406.91
Semi-detached,Semi-detachedA_56.txt,H3,hybrid_bidirectional,best,123.578,2.24,0.225,4812.0,3107.23,1382.65
Terraced,TerracedD_30.txt,H3,safe_unidirectional,best,350.873,2.31,5.85,7659.0,2827.21,1334.63
Semi-detached,Semi-detachedD_39.txt,H3,safe_unidirectional,best,357.505,2.31,5.625,7551.0,2906.47,1371.26
Terraced,TerracedD_30.txt,H3,hybrid_bidirectional,worst,129.833,4.76,4.725,12264.0,2985.55,1398.15
Semi-detached,Semi-detachedD_39.txt,H3,hybrid_bidirectional,worst,141.272,4.83,3.825,11979.0,3068.14,1406.62
Terraced,TerracedD_30.txt,H3,hybrid_bidirectional,best,123.553,2.38,0.675,5322.0,3025.68,1391.55
Semi-detached,Semi-detachedD_17.txt,H3,safe_unidirectional,worst,399.122,3.99,9.0,12699.0,3023.77,1471.56
Semi-detached,Semi-detachedD_39.txt,H3,hybrid_bidirectional,best,143.128,2.31,0.675,5175.0,3105.36,1453.98
Semi-detached,Semi-detachedD_17.txt,H3,safe_unidirectional,best,376.949,2.24,5.85,7512.0,3023.77,1425.01
Terraced,TerracedA_48.txt,H3,safe_unidirectional,worst,365.793,4.13,8.325,12669.0,2794.11,1357.72
Semi-detached,Semi-detachedD_17.txt,H3,hybrid_bidirectional,worst,146.21,4.76,3.15,11508.0,3197.91,1458.78
Semi-detached,Semi-detachedA_22.txt,H3,safe_unidirectional,worst,398.381,3.78,8.775,12150.0,3021.55,1459.23
Semi-detached,Semi-detachedD_17.txt,H3,hybrid_bidirectional,best,146.985,2.38,0.225,5106.0,3239.68,1494.9
Terraced,TerracedA_48.txt,H3,safe_unidirectional,best,344.271,2.1,5.625,7110.0,2794.11,1314.39
Semi-detached,Semi-detachedA_22.txt,H3,safe_unidirectional,best,372.294,2.17,5.85,7365.0,3021.55,1419.82
Terraced,TerracedA_48.txt,H3,hybrid_bidirectional,worst,130.237,4.83,2.475,11331.0,2955.47,1371.04
Semi-detached,Semi-detachedA_22.txt,H3,hybrid_bidirectional,worst,136.859,4.48,2.475,10596.0,3209.48,1430.09
Terraced,TerracedD_27.txt,H3,safe_unidirectional,worst,351.688,3.5,8.325,11346.0,2727.37,1325.39
Semi-detached,Semi-detachedA_24.txt,H3,safe_unidirectional,worst,398.881,4.2,10.125,13680.0,3034.71,1475.43
Terraced,TerracedA_48.txt,H3,hybrid_bidirectional,best,127.841,2.24,0.45,4920.0,2985.47,1372.92
Semi-detached,Semi-detachedA_22.txt,H3,hybrid_bidirectional,best,137.688,2.31,0.45,5067.0,3236.38,1458.8
Terraced,TerracedD_27.txt,H3,safe_unidirectional,best,324.915,2.17,5.175,7041.0,2727.37,1267.71
Semi-detached,Semi-detachedA_24.txt,H3,safe_unidirectional,best,375.3,2.38,5.85,7806.0,3034.71,1428.92
Terraced,TerracedD_27.txt,H3,hybrid_bidirectional,worst,129.544,4.27,1.8,9831.0,2887.14,1328.31
Semi-detached,Semi-detachedA_24.txt,H3,hybrid_bidirectional,worst,137.739,5.11,2.925,12135.0,3229.22,1461.49
Terraced,TerracedD_27.txt,H3,hybrid_bidirectional,best,131.609,2.17,0.225,4665.0,2912.36,1341.7
Semi-detached,Semi-detachedA_24.txt,H3,hybrid_bidirectional,best,141.964,2.38,0.675,5322.0,3254.46,1494.66
Semi-detached,Semi-detachedA_42.txt,H3,safe_unidirectional,worst,394.046,4.2,8.55,12924.0,2981.65,1462.36
Semi-detached,Semi-detachedA_42.txt,H3,safe_unidirectional,best,373.901,2.24,5.85,7512.0,2981.65,1414.33
Terraced,TerracedD_24.txt,H3,safe_unidirectional,worst,373.597,4.06,9.675,13170.0,2836.66,1378.19
Semi-detached,Semi-detachedA_42.txt,H3,hybrid_bidirectional,worst,142.234,4.9,2.25,11370.0,3165.48,1478.36
Semi-detached,Semi-detachedD_11.txt,H3,safe_unidirectional,worst,389.501,4.06,8.775,12738.0,2958.12,1437.95
Semi-detached,Semi-detachedA_42.txt,H3,hybrid_bidirectional,best,140.528,2.38,0.45,5214.0,3192.39,1468.73
Terraced,TerracedD_24.txt,H3,safe_unidirectional,best,351.817,2.24,5.85,7512.0,2836.66,1340.55
Semi-detached,Semi-detachedD_11.txt,H3,safe_unidirectional,best,364.524,2.24,5.85,7512.0,2958.12,1385.22
Terraced,TerracedD_24.txt,H3,hybrid_bidirectional,worst,137.738,4.69,5.175,12333.0,2987.78,1381.74
Semi-detached,Semi-detachedD_11.txt,H3,hybrid_bidirectional,worst,142.935,4.83,2.7,11439.0,3137.28,1430.77
Terraced,TerracedD_24.txt,H3,hybrid_bidirectional,best,132.799,2.38,0.675,5322.0,3030.6,1382.4
Semi-detached,Semi-detachedD_8.txt,H3,safe_unidirectional,worst,387.329,3.85,9.9,12837.0,2952.33,1441.9
Semi-detached,Semi-detachedD_11.txt,H3,hybrid_bidirectional,best,143.144,2.38,0.225,5106.0,3171.87,1443.12
Semi-detached,Semi-detachedD_8.txt,H3,safe_unidirectional,best,365.303,2.24,5.85,7512.0,2952.33,1397.04
Terraced,TerracedA_49.txt,H3,safe_unidirectional,worst,363.183,4.06,9.0,12846.0,2797.64,1349.4
Semi-detached,Semi-detachedD_8.txt,H3,hybrid_bidirectional,worst,141.735,4.76,2.925,11400.0,3123.15,1442.66
Semi-detached,Semi-detachedA_36.txt,H3,safe_unidirectional,worst,395.414,4.06,9.225,12954.0,2967.97,1443.56
Semi-detached,Semi-detachedD_8.txt,H3,hybrid_bidirectional,best,139.345,2.38,0.225,5106.0,3164.07,1454.02
Terraced,TerracedA_49.txt,H3,safe_unidirectional,best,339.283,2.31,4.95,7227.0,2797.64,1294.74
Semi-detached,Semi-detachedA_36.txt,H3,safe_unidirectional,best,368.532,2.17,5.85,7365.0,2967.97,1392.36
Terraced,TerracedA_49.txt,H3,hybrid_bidirectional,worst,125.354,4.76,2.925,11400.0,2967.57,1346.69
Semi-detached,Semi-detachedA_36.txt,H3,hybrid_bidirectional,worst,141.839,4.69,3.375,11469.0,3147.37,1439.54
Terraced,TerracedD_33.txt,H3,safe_unidirectional,worst,356.793,3.92,8.55,12336.0,2745.27,1338.07
Terraced,TerracedA_49.txt,H3,hybrid_bidirectional,best,122.679,2.24,0.45,4920.0,3000.37,1348.52
Semi-detached,Semi-detachedA_8.txt,H3,safe_unidirectional,worst,402.409,4.27,8.775,13179.0,3066.09,1494.38
Semi-detached,Semi-detachedA_36.txt,H3,hybrid_bidirectional,best,140.912,2.24,0.675,5028.0,3179.3,1461.66
Terraced,TerracedD_33.txt,H3,safe_unidirectional,best,334.61,2.1,5.625,7110.0,2745.27,1297.99
Semi-detached,Semi-detachedA_8.txt,H3,safe_unidirectional,best,376.05,2.45,5.4,7737.0,3066.09,1435.7
Terraced,TerracedD_33.txt,H3,hybrid_bidirectional,worst,119.96,4.76,2.7,11292.0,2915.56,1303.23
Semi-detached,Semi-detachedA_8.txt,H3,hybrid_bidirectional,worst,141.498,5.04,2.25,11664.0,3263.08,1493.39
Terraced,TerracedD_33.txt,H3,hybrid_bidirectional,best,121.33,2.24,0.45,4920.0,2943.93,1335.15
Semi-detached,Semi-detachedA_46.txt,H3,safe_unidirectional,worst,369.093,3.99,8.775,12591.0,2844.9,1373.59
Semi-detached,Semi-detachedA_8.txt,H3,hybrid_bidirectional,best,139.886,2.45,0.225,5253.0,3293.92,1494.87
Semi-detached,Semi-detachedA_46.txt,H3,safe_unidirectional,best,335.915,2.24,4.95,7080.0,2844.9,1318.77
Terraced,TerracedD_18.txt,H3,safe_unidirectional,worst,373.773,4.27,9.225,13395.0,2823.45,1377.82
Semi-detached,Semi-detachedA_46.txt,H3,hybrid_bidirectional,worst,135.929,4.55,3.375,11175.0,3002.93,1366.27
Semi-detached,Semi-detachedD_29.txt,H3,safe_unidirectional,worst,390.098,4.34,8.775,13326.0,3013.39,1450.94
Semi-detached,Semi-detachedA_46.txt,H3,hybrid_bidirectional,best,129.966,2.17,0.675,4881.0,3037.09,1383.82
Terraced,TerracedD_18.txt,H3,safe_unidirectional,best,354.172,2.24,6.3,7728.0,2823.45,1341.91
Terraced,TerracedD_18.txt,H3,hybrid_bidirectional,worst,132.875,5.04,3.375,12204.0,2986.94,1382.94
Semi-detached,Semi-detachedD_29.txt,H3,safe_unidirectional,best,366.98,2.31,5.4,7443.0,3013.39,1410.43
Terraced,TerracedD_18.txt,H3,hybrid_bidirectional,best,131.061,2.45,0.45,5361.0,3023.46,1395.48
Semi-detached,Semi-detachedD_29.txt,H3,hybrid_bidirectional,worst,134.092,4.9,3.15,11802.0,3207.1,1451.41
Semi-detached,Semi-detachedA_54.txt,H3,safe_unidirectional,worst,373.865,3.85,9.225,12513.0,2856.19,1393.83
Semi-detached,Semi-detachedD_29.txt,H3,hybrid_bidirectional,best,133.45,2.38,0.45,5214.0,3235.39,1456.03
Semi-detached,Semi-detachedA_54.txt,H3,safe_unidirectional,best,350.749,2.1,6.075,7326.0,2856.19,1362.55
Terraced,TerracedA_8.txt,H3,safe_unidirectional,worst,372.428,4.06,8.325,12522.0,2836.69,1388.55
Semi-detached,Semi-detachedA_54.txt,H3,hybrid_bidirectional,worst,133.813,4.62,2.925,11106.0,3027.11,1411.72
Semi-detached,Semi-detachedD_12.txt,H3,safe_unidirectional,worst,400.78,3.99,9.0,12699.0,3054.6,1491.85
Semi-detached,Semi-detachedA_54.txt,H3,hybrid_bidirectional,best,131.15,2.31,0.225,4959.0,3066.13,1418.53
Terraced,TerracedA_8.txt,H3,safe_unidirectional,best,347.073,2.31,5.175,7335.0,2836.69,1324.1
Semi-detached,Semi-detachedD_12.txt,H3,safe_unidirectional,best,374.978,2.31,5.625,7551.0,3054.6,1446.98
Terraced,TerracedA_8.txt,H3,hybrid_bidirectional,worst,138.525,4.62,2.25,10782.0,3010.62,1399.13
Terraced,TerracedD_32.txt,H3,safe_unidirectional,worst,353.215,3.57,8.325,11493.0,2773.11,1342.45
Semi-detached,Semi-detachedD_12.txt,H3,hybrid_bidirectional,worst,141.441,4.55,2.925,10959.0,3257.28,1478.31
Terraced,TerracedA_8.txt,H3,hybrid_bidirectional,best,136.125,2.31,0.225,4959.0,3040.97,1391.6
Semi-detached,Semi-detachedD_14.txt,H3,safe_unidirectional,worst,389.02,4.13,10.35,13641.0,2955.96,1436.9
Semi-detached,Semi-detachedD_12.txt,H3,hybrid_bidirectional,best,135.948,2.38,0.225,5106.0,3288.47,1485.17
Terraced,TerracedD_32.txt,H3,safe_unidirectional,best,334.85,1.96,5.625,6816.0,2773.11,1304.5
Semi-detached,Semi-detachedD_14.txt,H3,safe_unidirectional,best,370.096,2.24,6.075,7620.0,2955.96,1403.57
Terraced,TerracedD_32.txt,H3,hybrid_bidirectional,worst,121.021,4.27,1.8,9831.0,2952.26,1343.01
Semi-detached,Semi-detachedD_14.txt,H3,hybrid_bidirectional,worst,133.506,5.11,3.15,12243.0,3143.26,1440.91
Terraced,TerracedD_32.txt,H3,hybrid_bidirectional,best,120.983,2.1,0.225,4518.0,2976.76,1354.17
Semi-detached,Semi-detachedA_52.txt,H3,safe_unidirectional,worst,404.401,4.34,9.675,13758.0,3019.04,1467.39
Semi-detached,Semi-detachedD_14.txt,H3,hybrid_bidirectional,best,127.104,2.45,0.45,5361.0,3175.8,1441.96
Semi-detached,Semi-detachedA_52.txt,H3,safe_unidirectional,best,381.526,2.38,6.3,8022.0,3019.04,1424.19
Terraced,TerracedD_19.txt,H3,safe_unidirectional,worst,378.971,4.27,9.225,13395.0,2918.38,1406.38
Semi-detached,Semi-detachedA_52.txt,H3,hybrid_bidirectional,worst,147.935,4.69,6.75,13089.0,3181.64,1517.28
Semi-detached,Semi-detachedD_15.txt,H3,safe_unidirectional,worst,402.769,4.13,9.0,12993.0,3030.68,1487.07
Semi-detached,Semi-detachedA_52.txt,H3,hybrid_bidirectional,best,141.911,2.59,0.45,5655.0,3235.14,1509.34
Terraced,TerracedD_19.txt,H3,safe_unidirectional,best,356.41,2.31,5.85,7659.0,2918.38,1367.64
Terraced,TerracedD_19.txt,H3,hybrid_bidirectional,worst,142.82,4.76,5.175,12480.0,3076.74,1449.59
Semi-detached,Semi-detachedD_15.txt,H3,safe_unidirectional,best,378.307,2.17,6.3,7581.0,3030.68,1441.56
Terraced,TerracedD_19.txt,H3,hybrid_bidirectional,best,139.7,2.52,0.225,5400.0,3132.49,1463.42
Semi-detached,Semi-detachedD_15.txt,H3,hybrid_bidirectional,worst,144.61,4.9,3.375,11910.0,3187.06,1466.02
Semi-detached,Semi-detachedA_40.txt,H3,safe_unidirectional,worst,393.832,4.13,9.45,13209.0,3003.35,1467.09
Semi-detached,Semi-detachedD_15.txt,H3,hybrid_bidirectional,best,137.885,2.38,0.675,5322.0,3223.97,1459.56
Semi-detached,Semi-detachedA_40.txt,H3,safe_unidirectional,best,371.816,2.24,5.85,7512.0,3003.35,1430.01
Terraced,TerracedD_40.txt,H3,safe_unidirectional,worst,378.347,4.06,9.225,12954.0,2866.84,1419.3
Semi-detached,Semi-detachedA_40.txt,H3,hybrid_bidirectional,worst,153.413,4.9,3.6,12018.0,3165.6,1463.75
Semi-detached,Semi-detachedD_10.txt,H3,safe_unidirectional,worst,389.776,3.99,9.45,12915.0,2951.61,1443.49
Semi-detached,Semi-detachedA_40.txt,H3,hybrid_bidirectional,best,147.88,2.38,0.675,5322.0,3200.77,1481.25
Terraced,TerracedD_40.txt,H3,safe_unidirectional,best,357.945,2.17,6.075,7473.0,2866.84,1371.88
Terraced,TerracedD_40.txt,H3,hybrid_bidirectional,worst,143.16,4.83,3.375,11763.0,3037.22,1403.25
Semi-detached,Semi-detachedD_10.txt,H3,safe_unidirectional,best,367.223,2.24,6.075,7620.0,2951.61,1398.46
Terraced,TerracedD_26.txt,H3,safe_unidirectional,worst,368.438,4.13,8.775,12885.0,2852.58,1391.85
Terraced,TerracedD_40.txt,H3,hybrid_bidirectional,best,135.361,2.38,0.45,5214.0,3073.36,1401.38
Semi-detached,Semi-detachedD_10.txt,H3,hybrid_bidirectional,worst,136.239,4.76,3.375,11616.0,3112.51,1410.16
Semi-detached,Semi-detachedD_28.txt,H3,safe_unidirectional,worst,397.921,4.27,8.325,12963.0,3051.92,1469.78
Semi-detached,Semi-detachedD_10.txt,H3,hybrid_bidirectional,best,130.945,2.38,0.675,5322.0,3147.4,1414.92
Terraced,TerracedD_26.txt,H3,safe_unidirectional,best,348.826,2.17,5.85,7365.0,2852.58,1350.02
Semi-detached,Semi-detachedD_28.txt,H3,safe_unidirectional,best,379.225,2.24,6.075,7620.0,3051.92,1433.99
Terraced,TerracedD_26.txt,H3,hybrid_bidirectional,worst,128.908,4.9,2.925,11694.0,3022.02,1390.36
Semi-detached,Semi-detachedD_28.txt,H3,hybrid_bidirectional,worst,148.61,4.9,1.8,11154.0,3248.43,1477.98
Terraced,TerracedD_26.txt,H3,hybrid_bidirectional,best,123.666,2.38,0.225,5106.0,3061.0,1372.5
Semi-detached,Semi-detachedA_53.txt,H3,safe_unidirectional,worst,384.444,4.27,8.55,13071.0,2976.64,1444.67
Semi-detached,Semi-detachedD_28.txt,H3,hybrid_bidirectional,best,147.561,2.45,0.225,5253.0,3273.55,1490.33
Semi-detached,Semi-detachedA_53.txt,H3,safe_unidirectional,best,361.764,2.24,5.85,7512.0,2976.64,1397.23
Terraced,TerracedD_25.txt,H3,safe_unidirectional,worst,341.683,3.71,8.775,12003.0,2677.44,1299.18
Semi-detached,Semi-detachedA_53.txt,H3,hybrid_bidirectional,worst,146.522,4.9,2.925,11694.0,3149.48,1444.91
Semi-detached,Semi-detachedA_53.txt,H3,hybrid_bidirectional,best,140.755,2.38,0.45,5214.0,3181.51,1425.35
Semi-detached,Semi-detachedA_9.txt,H3,safe_unidirectional,worst,374.7,3.92,8.1,12120.0,2868.78,1392.4
Terraced,TerracedD_25.txt,H3,safe_unidirectional,best,320.871,2.1,5.175,6894.0,2677.44,1256.77
Terraced,TerracedD_25.txt,H3,hybrid_bidirectional,worst,121.315,4.41,2.475,10449.0,2849.37,1284.84
Semi-detached,Semi-detachedA_9.txt,H3,safe_unidirectional,best,353.915,2.1,5.625,7110.0,2868.78,1357.0
Terraced,TerracedD_25.txt,H3,hybrid_bidirectional,best,122.801,2.1,0.675,4734.0,2870.55,1297.15
Semi-detached,Semi-detachedA_9.txt,H3,hybrid_bidirectional,worst,130.527,4.55,2.25,10635.0,3042.16,1357.81
Semi-detached,Semi-detachedA_41.txt,H3,safe_unidirectional,worst,390.916,4.34,8.325,13110.0,2957.72,1445.27
Semi-detached,Semi-detachedA_9.txt,H3,hybrid_bidirectional,best,129.685,2.17,0.45,4773.0,3066.41,1399.45
Semi-detached,Semi-detachedA_41.txt,H3,safe_unidirectional,best,363.655,2.31,5.4,7443.0,2957.72,1390.59
Terraced,TerracedA_9.txt,H3,safe_unidirectional,worst,334.336,3.5,8.55,11454.0,2604.8,1264.91
Semi-detached,Semi-detachedA_41.txt,H3,hybrid_bidirectional,worst,145.001,4.76,4.275,12048.0,3110.12,1420.39
Semi-detached,Semi-detachedD_38.txt,H3,safe_unidirectional,worst,348.678,3.64,8.1,11532.0,2716.04,1318.47
Terraced,TerracedA_9.txt,H3,safe_unidirectional,best,308.532,1.96,5.4,6708.0,2604.8,1208.37
Semi-detached,Semi-detachedA_41.txt,H3,hybrid_bidirectional,best,141.134,2.38,0.45,5214.0,3153.51,1427.31
Terraced,TerracedA_9.txt,H3,hybrid_bidirectional,worst,118.571,4.34,2.025,10086.0,2760.69,1273.75
Semi-detached,Semi-detachedD_38.txt,H3,safe_unidirectional,best,326.602,1.96,5.4,6708.0,2716.04,1271.82
Terraced,TerracedA_9.txt,H3,hybrid_bidirectional,best,115.234,2.1,0.225,4518.0,2786.59,1254.08
Terraced,TerracedA_16.txt,H3,safe_unidirectional,worst,366.765,3.92,9.0,12552.0,2850.87,1380.66
Semi-detached,Semi-detachedD_38.txt,H3,hybrid_bidirectional,worst,126.194,4.27,2.7,10263.0,2879.91,1340.61
Semi-detached,Semi-detachedD_16.txt,H3,safe_unidirectional,worst,379.613,4.13,9.0,12993.0,2961.82,1440.71
Semi-detached,Semi-detachedD_38.txt,H3,hybrid_bidirectional,best,124.508,2.1,0.225,4518.0,2912.47,1348.56
Terraced,TerracedA_16.txt,H3,safe_unidirectional,best,347.045,2.1,5.85,7218.0,2850.87,1337.77
Terraced,TerracedA_16.txt,H3,hybrid_bidirectional,worst,131.005,4.69,2.025,10821.0,3034.55,1411.17
Semi-detached,Semi-detachedD_16.txt,H3,safe_unidirectional,best,357.564,2.24,5.85,7512.0,2961.82,1388.94
Terraced,TerracedA_16.txt,H3,hybrid_bidirectional,best,131.421,2.24,0.225,4812.0,3057.82,1418.4
Semi-detached,Semi-detachedD_16.txt,H3,hybrid_bidirectional,worst,141.153,4.83,3.375,11763.0,3128.8,1408.49
Semi-detached,Semi-detachedA_47.txt,H3,safe_unidirectional,worst,369.455,3.85,8.775,12297.0,2875.18,1402.53
Semi-detached,Semi-detachedD_16.txt,H3,hybrid_bidirectional,best,138.812,2.38,0.45,5214.0,3167.38,1416.4
Semi-detached,Semi-detachedA_47.txt,H3,safe_unidirectional,best,343.219,2.17,5.4,7149.0,2875.18,1353.88
Terraced,TerracedD_31.txt,H3,safe_unidirectional,worst,387.832,4.55,8.55,13659.0,2986.04,1441.97
Semi-detached,Semi-detachedA_47.txt,H3,hybrid_bidirectional,worst,134.17,4.62,2.25,10782.0,3056.92,1392.56
Semi-detached,Semi-detachedA_47.txt,H3,hybrid_bidirectional,best,131.959,2.24,0.225,4812.0,3084.37,1407.89
Semi-detached,Semi-detachedA_25.txt,H3,safe_unidirectional,worst,392.947,4.48,8.55,13512.0,2994.41,1470.16
Terraced,TerracedD_31.txt,H3,safe_unidirectional,best,370.329,2.24,6.525,7836.0,2986.04,1414.7
Terraced,TerracedD_31.txt,H3,hybrid_bidirectional,worst,145.414,4.97,3.375,12057.0,3164.77,1422.32
Semi-detached,Semi-detachedA_25.txt,H3,safe_unidirectional,best,374.725,2.31,6.3,7875.0,2994.41,1424.21
Terraced,TerracedD_31.txt,H3,hybrid_bidirectional,best,145.084,2.52,0.225,5400.0,3203.21,1433.31
Semi-detached,Semi-detachedA_25.txt,H3,hybrid_bidirectional,worst,142.884,5.39,2.25,12399.0,3172.9,1440.55
Semi-detached,Semi-detachedA_55.txt,H3,safe_unidirectional,worst,404.083,4.34,9.0,13434.0,3012.79,1475.49
Semi-detached,Semi-detachedA_25.txt,H3,hybrid_bidirectional,best,140.143,2.45,0.9,5577.0,3195.19,1424.56
Terraced,TerracedA_58.txt,H3,safe_unidirectional,worst,360.348,3.78,9.0,12258.0,2825.18,1378.09
Semi-detached,Semi-detachedA_55.txt,H3,safe_unidirectional,best,384.394,2.24,6.3,7728.0,3012.79,1449.74
Semi-detached,Semi-detachedA_55.txt,H3,hybrid_bidirectional,worst,146.06,4.9,4.725,12558.0,3162.87,1483.97
Semi-detached,Semi-detachedA_20.txt,H3,safe_unidirectional,worst,388.511,3.99,9.0,12699.0,2993.43,1453.89
Terraced,TerracedA_58.txt,H3,safe_unidirectional,best,337.996,2.24,5.625,7404.0,2825.18,1320.37
Semi-detached,Semi-detachedA_55.txt,H3,hybrid_bidirectional,best,143.233,2.52,0.45,5508.0,3209.83,1496.12
Terraced,TerracedA_58.txt,H3,hybrid_bidirectional,worst,124.684,4.62,2.25,10782.0,3002.14,1361.78
Semi-detached,Semi-detachedA_20.txt,H3,safe_unidirectional,best,366.701,2.38,5.4,7590.0,2993.43,1399.7
Terraced,TerracedA_58.txt,H3,hybrid_bidirectional,best,121.513,2.38,0.225,5106.0,3032.33,1380.35
Terraced,TerracedA_12.txt,H3,safe_unidirectional,worst,342.454,3.92,8.775,12444.0,2615.74,1275.24
Semi-detached,Semi-detachedA_20.txt,H3,hybrid_bidirectional,worst,141.714,4.9,2.025,11262.0,3185.9,1487.2
Semi-detached,Semi-detachedA_32.txt,H3,safe_unidirectional,worst,380.026,4.13,8.775,12885.0,2970.45,1442.58
Semi-detached,Semi-detachedA_20.txt,H3,hybrid_bidirectional,best,136.576,2.38,0.675,5322.0,3205.42,1491.4
Terraced,TerracedA_12.txt,H3,safe_unidirectional,best,323.998,2.1,5.625,7110.0,2615.74,1245.24
Terraced,TerracedA_12.txt,H3,hybrid_bidirectional,worst,124.857,4.69,3.15,11361.0,2754.29,1260.76
Semi-detached,Semi-detachedA_32.txt,H3,safe_unidirectional,best,363.46,2.24,6.075,7620.0,2970.45,1402.7
Terraced,TerracedA_12.txt,H3,hybrid_bidirectional,best,126.469,2.24,0.45,4920.0,2787.08,1271.89
Semi-detached,Semi-detachedA_51.txt,H3,safe_unidirectional,worst,373.44,3.99,9.225,12807.0,2939.6,1434.68
Semi-detached,Semi-detachedA_32.txt,H3,hybrid_bidirectional,worst,141.181,4.83,3.15,11655.0,3148.85,1489.62
Semi-detached,Semi-detachedA_32.txt,H3,hybrid_bidirectional,best,135.916,2.38,0.675,5322.0,3183.83,1505.74
Semi-detached,Semi-detachedA_51.txt,H3,safe_unidirectional,best,342.154,2.31,5.625,7551.0,2939.6,1375.58
Terraced,TerracedA_15.txt,H3,safe_unidirectional,worst,346.191,3.78,8.775,12150.0,2675.16,1298.86
Semi-detached,Semi-detachedA_51.txt,H3,hybrid_bidirectional,worst,134.68,4.97,2.475,11625.0,3119.93,1433.69
Semi-detached,Semi-detachedA_51.txt,H3,hybrid_bidirectional,best,127.766,2.38,0.45,5214.0,3151.54,1431.83
Semi-detached,Semi-detachedA_31.txt,H3,safe_unidirectional,worst,371.445,4.06,8.55,12630.0,2850.32,1395.08
Terraced,TerracedA_15.txt,H3,safe_unidirectional,best,320.945,2.1,5.4,7002.0,2675.16,1261.89
Terraced,TerracedA_15.txt,H3,hybrid_bidirectional,worst,122.326,4.48,3.15,10920.0,2834.4,1306.67
Semi-detached,Semi-detachedA_31.txt,H3,safe_unidirectional,best,346.204,2.24,5.4,7296.0,2850.32,1341.03
Terraced,TerracedA_15.txt,H3,hybrid_bidirectional,best,121.244,2.17,0.45,4773.0,2867.85,1330.28
Semi-detached,Semi-detachedA_31.txt,H3,hybrid_bidirectional,worst,129.578,4.69,3.15,11361.0,3014.08,1365.39
Semi-detached,Semi-detachedD_9.txt,H3,safe_unidirectional,worst,400.25,4.13,8.775,12885.0,3077.59,1487.05
Semi-detached,Semi-detachedA_31.txt,H3,hybrid_bidirectional,best,130.668,2.24,0.225,4812.0,3056.76,1425.17
Terraced,TerracedD_9.txt,H3,safe_unidirectional,worst,362.802,3.78,9.9,12690.0,2754.57,1341.79
Semi-detached,Semi-detachedD_9.txt,H3,safe_unidirectional,best,381.212,2.31,6.075,7767.0,3077.59,1447.26
Semi-detached,Semi-detachedA_34.txt,H3,safe_unidirectional,worst,376.358,4.13,8.55,12777.0,2875.73,1397.67
Semi-detached,Semi-detachedD_9.txt,H3,hybrid_bidirectional,worst,141.372,4.76,2.475,11184.0,3271.36,1472.78
Terraced,TerracedD_9.txt,H3,safe_unidirectional,best,338.016,2.17,5.625,7257.0,2754.57,1293.29
Semi-detached,Semi-detachedD_9.txt,H3,hybrid_bidirectional,best,142.883,2.45,0.675,5469.0,3292.17,1483.73
Terraced,TerracedD_9.txt,H3,hybrid_bidirectional,worst,124.798,4.83,2.925,11547.0,2926.16,1324.75
Semi-detached,Semi-detachedA_34.txt,H3,safe_unidirectional,best,352.498,2.24,5.4,7296.0,2875.73,1347.38
Terraced,TerracedD_9.txt,H3,hybrid_bidirectional,best,124.378,2.31,0.225,4959.0,2961.77,1337.3
Terraced,TerracedD_22.txt,H3,safe_unidirectional,worst,384.165,4.48,9.225,13836.0,2916.48,1415.71
Semi-detached,Semi-detachedA_34.txt,H3,hybrid_bidirectional,worst,130.741,4.83,2.475,11331.0,3052.1,1378.58
Semi-detached,Semi-detachedA_34.txt,H3,hybrid_bidirectional,best,130.481,2.31,0.225,4959.0,3082.65,1390.06
Semi-detached,Semi-detachedA_26.txt,H3,safe_unidirectional,worst,394.829,4.06,9.225,12954.0,2970.13,1444.16
Terraced,TerracedD_22.txt,H3,safe_unidirectional,best,363.65,2.24,6.3,7728.0,2916.48,1372.82
Terraced,TerracedD_22.txt,H3,hybrid_bidirectional,worst,131.685,5.11,3.15,12243.0,3083.23,1378.04
Semi-detached,Semi-detachedA_26.txt,H3,safe_unidirectional,best,376.482,2.17,6.075,7473.0,2970.13,1413.13
Terraced,TerracedD_22.txt,H3,hybrid_bidirectional,best,130.305,2.38,0.9,5430.0,3111.12,1387.2
Semi-detached,Semi-detachedA_45.txt,H3,safe_unidirectional,worst,386.028,4.34,9.0,13434.0,2954.56,1432.98
Terraced,TerracedD_10.txt,H3,hybrid_bidirectional,worst,134.236,4.83,4.05,12087.0,2967.31,1402.99
Semi-detached,Semi-detachedA_26.txt,H3,hybrid_bidirectional,worst,147.936,4.9,3.15,11802.0,3140.53,1402.56
Terraced,TerracedD_10.txt,H3,hybrid_bidirectional,best,130.292,2.38,0.45,5214.0,3007.22,1376.17
Terraced,TerracedA_0.txt,H3,hybrid_bidirectional,best,125.436,2.17,0.45,4773.0,3021.22,1375.18
Terraced,TerracedD_7.txt,H3,safe_unidirectional,worst,353.893,3.85,8.325,12081.0,2757.54,1343.02
Terraced,TerracedD_7.txt,H3,safe_unidirectional,best,330.372,2.03,5.625,6963.0,2757.54,1293.57
Terraced,TerracedA_55.txt,H3,safe_unidirectional,worst,366.223,3.92,8.325,12228.0,2805.34,1359.52
Terraced,TerracedD_7.txt,H3,hybrid_bidirectional,worst,123.685,4.55,2.025,10527.0,2932.81,1335.64
Terraced,TerracedD_34.txt,H3,safe_unidirectional,worst,370.23,3.78,9.0,12258.0,2855.27,1394.46
Terraced,TerracedD_7.txt,H3,hybrid_bidirectional,best,118.331,2.1,0.675,4734.0,2954.11,1338.25
Terraced,TerracedA_55.txt,H3,safe_unidirectional,best,339.327,2.31,4.95,7227.0,2805.34,1304.26
Terraced,TerracedD_34.txt,H3,safe_unidirectional,best,345.265,2.17,5.625,7257.0,2855.27,1341.64
Terraced,TerracedA_55.txt,H3,hybrid_bidirectional,worst,127.327,4.55,2.25,10635.0,2970.8,1342.65
Terraced,TerracedD_34.txt,H3,hybrid_bidirectional,worst,141.085,4.62,2.475,10890.0,3032.77,1413.43
Terraced,TerracedA_55.txt,H3,hybrid_bidirectional,best,125.135,2.24,0.225,4812.0,2998.79,1366.87
Terraced,TerracedA_37.txt,H3,safe_unidirectional,worst,353.161,3.92,9.45,12768.0,2745.66,1334.09
Terraced,TerracedD_34.txt,H3,hybrid_bidirectional,best,141.051,2.24,0.675,5028.0,3053.66,1411.89
Terraced,TerracedA_37.txt,H3,safe_unidirectional,best,324.86,2.17,5.625,7257.0,2745.66,1270.05
Terraced,TerracedA_31.txt,H3,safe_unidirectional,worst,360.303,3.85,8.325,12081.0,2780.74,1354.66
Terraced,TerracedA_37.txt,H3,hybrid_bidirectional,worst,124.597,4.83,2.25,11223.0,2913.3,1344.4
Terraced,TerracedD_36.txt,H3,safe_unidirectional,worst,363.752,3.92,8.1,12120.0,2825.8,1374.75
Terraced,TerracedA_37.txt,H3,hybrid_bidirectional,best,121.513,2.24,0.45,4920.0,2938.67,1338.58
Terraced,TerracedA_31.txt,H3,safe_unidirectional,best,337.481,2.17,5.4,7149.0,2780.74,1307.53
Terraced,TerracedD_36.txt,H3,safe_unidirectional,best,340.998,2.03,5.625,6963.0,2825.8,1329.18
Terraced,TerracedA_31.txt,H3,hybrid_bidirectional,worst,126.238,4.69,1.575,10605.0,2937.13,1350.89
Terraced,TerracedA_34.txt,H3,safe_unidirectional,worst,344.105,3.92,8.775,12444.0,2642.37,1289.95
Terraced,TerracedA_45.txt,H3,safe_unidirectional,worst,372.603,3.99,10.125,13239.0,2815.87,1383.01
Terraced,TerracedD_36.txt,H3,hybrid_bidirectional,worst,131.245,4.55,2.025,10527.0,3006.77,1378.02
Terraced,TerracedA_31.txt,H3,hybrid_bidirectional,best,123.247,2.24,0.45,4920.0,2951.18,1349.04
Terraced,TerracedD_36.txt,H3,hybrid_bidirectional,best,131.403,2.17,0.225,4665.0,3034.28,1391.0
Terraced,TerracedA_34.txt,H3,safe_unidirectional,best,317.149,2.1,5.4,7002.0,2642.37,1232.45
Terraced,TerracedA_45.txt,H3,safe_unidirectional,best,353.005,2.17,6.525,7689.0,2815.87,1348.5
Terraced,TerracedA_34.txt,H3,hybrid_bidirectional,worst,110.387,4.83,2.475,11331.0,2800.56,1282.38
Terraced,TerracedA_45.txt,H3,hybrid_bidirectional,worst,137.529,4.41,6.525,12393.0,2970.94,1401.6
Terraced,TerracedA_34.txt,H3,hybrid_bidirectional,best,111.649,2.24,0.225,4812.0,2829.28,1299.47
Terraced,TerracedA_45.txt,H3,hybrid_bidirectional,best,128.742,2.45,0.9,5577.0,3012.23,1378.16
Terraced,TerracedD_5.txt,H3,safe_unidirectional,worst,368.418,4.13,8.325,12669.0,2782.39,1361.22
Terraced,TerracedD_5.txt,H3,safe_unidirectional,best,338.773,2.24,5.4,7296.0,2782.39,1301.18
Terraced,TerracedA_41.txt,H3,safe_unidirectional,worst,361.107,3.92,8.775,12444.0,2747.96,1339.91
Terraced,TerracedD_5.txt,H3,hybrid_bidirectional,worst,128.671,4.76,3.6,11724.0,2943.67,1372.08
Terraced,TerracedA_38.txt,H3,safe_unidirectional,worst,370.172,4.06,10.575,13602.0,2752.85,1357.84
Terraced,TerracedD_5.txt,H3,hybrid_bidirectional,best,123.43,2.38,0.45,5214.0,2981.06,1361.55
Terraced,TerracedA_41.txt,H3,safe_unidirectional,best,342.248,2.03,5.85,7071.0,2747.96,1303.43
Terraced,TerracedA_38.txt,H3,safe_unidirectional,best,342.572,2.17,6.075,7473.0,2752.85,1314.51
Terraced,TerracedA_41.txt,H3,hybrid_bidirectional,worst,130.947,4.62,2.7,10998.0,2911.82,1324.46
Terraced,TerracedA_38.txt,H3,hybrid_bidirectional,worst,135.082,5.11,4.5,12891.0,2898.85,1336.81
Terraced,TerracedA_41.txt,H3,hybrid_bidirectional,best,127.059,2.17,0.675,4881.0,2940.23,1343.96
Terraced,TerracedA_38.txt,H3,hybrid_bidirectional,best,134.839,2.38,0.675,5322.0,2936.39,1358.05
Terraced,TerracedD_2.txt,H3,safe_unidirectional,worst,354.62,4.13,9.225,13101.0,2749.81,1331.65
Terraced,TerracedD_2.txt,H3,safe_unidirectional,best,334.827,2.1,5.85,7218.0,2749.81,1287.83
Terraced,TerracedA_25.txt,H3,safe_unidirectional,worst,394.223,4.27,9.45,13503.0,2947.13,1448.98
Terraced,TerracedD_2.txt,H3,hybrid_bidirectional,worst,125.028,4.9,3.15,11802.0,2914.07,1310.36
Terraced,TerracedD_37.txt,H3,safe_unidirectional,worst,350.545,3.71,8.775,12003.0,2677.86,1315.41
Terraced,TerracedD_2.txt,H3,hybrid_bidirectional,best,122.435,2.24,0.45,4920.0,2946.52,1310.55
Terraced,TerracedA_25.txt,H3,safe_unidirectional,best,366.437,2.38,5.85,7806.0,2947.13,1391.52
Terraced,TerracedD_37.txt,H3,safe_unidirectional,best,317.188,2.17,4.95,6933.0,2677.86,1256.11
Terraced,TerracedA_25.txt,H3,hybrid_bidirectional,worst,150.845,5.11,3.375,12351.0,3121.4,1434.21
Terraced,TerracedA_20.txt,H3,safe_unidirectional,worst,349.352,4.06,8.775,12738.0,2704.82,1303.16
Terraced,TerracedA_51.txt,H3,safe_unidirectional,worst,334.869,3.57,8.1,11385.0,2647.69,1281.45
Terraced,TerracedD_37.txt,H3,hybrid_bidirectional,worst,122.506,4.41,2.025,10233.0,2848.2,1327.4
Terraced,TerracedA_25.txt,H3,hybrid_bidirectional,best,149.689,2.52,0.45,5508.0,3156.95,1441.09
Terraced,TerracedD_37.txt,H3,hybrid_bidirectional,best,122.644,2.17,0.45,4773.0,2868.71,1336.36
Terraced,TerracedA_20.txt,H3,safe_unidirectional,best,326.62,2.03,5.4,6855.0,2704.82,1271.13
Terraced,TerracedA_51.txt,H3,safe_unidirectional,best,318.215,2.03,5.4,6855.0,2647.69,1243.46
Terraced,TerracedA_20.txt,H3,hybrid_bidirectional,worst,121.009,4.9,2.925,11694.0,2857.68,1304.54
Terraced,TerracedA_51.txt,H3,hybrid_bidirectional,worst,119.524,4.2,2.475,10008.0,2808.94,1272.55
Terraced,TerracedA_20.txt,H3,hybrid_bidirectional,best,121.23,2.17,0.45,4773.0,2891.63,1311.25
Terraced,TerracedA_51.txt,H3,hybrid_bidirectional,best,121.0,2.1,0.225,4518.0,2841.91,1313.37
Terraced,TerracedA_24.txt,H3,safe_unidirectional,worst,356.673,3.85,9.225,12513.0,2760.94,1344.83
Terraced,TerracedA_24.txt,H3,safe_unidirectional,best,336.281,2.17,5.85,7365.0,2760.94,1303.5
Terraced,TerracedA_4.txt,H3,safe_unidirectional,worst,365.885,3.71,9.0,12111.0,2823.36,1377.7
Terraced,TerracedA_24.txt,H3,hybrid_bidirectional,worst,124.433,4.55,3.375,11175.0,2921.9,1353.41
Terraced,TerracedA_10.txt,H3,safe_unidirectional,worst,340.653,3.71,8.775,12003.0,2672.33,1298.89
Terraced,TerracedA_24.txt,H3,hybrid_bidirectional,best,124.205,2.38,0.225,5106.0,2961.11,1374.97
Terraced,TerracedA_4.txt,H3,safe_unidirectional,best,339.818,2.17,5.85,7365.0,2823.36,1316.8
Terraced,TerracedA_10.txt,H3,safe_unidirectional,best,317.362,2.1,5.175,6894.0,2672.33,1260.19
Terraced,TerracedA_4.txt,H3,hybrid_bidirectional,worst,135.833,4.34,2.925,10518.0,2988.24,1384.86
Terraced,TerracedA_10.txt,H3,hybrid_bidirectional,worst,122.366,4.41,2.7,10557.0,2820.09,1299.97
Terraced,TerracedA_4.txt,H3,hybrid_bidirectional,best,136.911,2.24,0.45,4920.0,3020.14,1364.52
Terraced,TerracedA_10.txt,H3,hybrid_bidirectional,best,119.371,2.17,0.225,4665.0,2852.09,1320.72
Terraced,TerracedD_6.txt,H3,safe_unidirectional,worst,370.461,3.99,9.225,12807.0,2850.52,1389.92
Terraced,TerracedD_6.txt,H3,safe_unidirectional,best,347.6,2.24,6.075,7620.0,2850.52,1340.22
Terraced,TerracedD_4.txt,H3,safe_unidirectional,worst,350.912,3.64,8.1,11532.0,2770.76,1337.99
Terraced,TerracedD_6.txt,H3,hybrid_bidirectional,worst,128.523,4.83,3.15,11655.0,3022.12,1401.36
Terraced,TerracedD_23.txt,H3,safe_unidirectional,worst,342.73,3.71,9.0,12111.0,2682.36,1297.38
Terraced,TerracedD_4.txt,H3,safe_unidirectional,best,334.73,2.03,5.625,6963.0,2770.76,1312.52
Terraced,TerracedD_6.txt,H3,hybrid_bidirectional,best,129.046,2.31,0.675,5175.0,3055.66,1402.99
Terraced,TerracedD_23.txt,H3,safe_unidirectional,best,319.81,2.03,5.625,6963.0,2682.36,1254.71
Terraced,TerracedD_4.txt,H3,hybrid_bidirectional,worst,124.391,4.2,1.575,9576.0,2950.05,1332.87
Terraced,TerracedD_1.txt,H3,safe_unidirectional,worst,343.289,3.78,7.65,11610.0,2695.44,1303.02
Terraced,TerracedA_47.txt,H3,safe_unidirectional,worst,365.179,3.92,8.55,12336.0,2786.68,1360.51
Terraced,TerracedD_23.txt,H3,hybrid_bidirectional,worst,123.626,4.62,2.25,10782.0,2845.3,1292.09
Terraced,TerracedD_4.txt,H3,hybrid_bidirectional,best,123.928,2.1,0.45,4626.0,2968.92,1336.18
Terraced,TerracedD_23.txt,H3,hybrid_bidirectional,best,124.259,2.17,0.45,4773.0,2868.39,1300.18
Terraced,TerracedD_1.txt,H3,safe_unidirectional,best,324.057,1.96,5.4,6708.0,2695.44,1269.7
Terraced,TerracedA_47.txt,H3,safe_unidirectional,best,344.17,2.1,5.4,7002.0,2786.68,1311.01
Terraced,TerracedD_1.txt,H3,hybrid_bidirectional,worst,117.714,4.27,1.575,9723.0,2868.03,1305.5
Terraced,TerracedA_47.txt,H3,hybrid_bidirectional,worst,140.024,4.62,2.25,10782.0,2950.59,1353.51
Terraced,TerracedD_1.txt,H3,hybrid_bidirectional,best,117.249,2.1,0.225,4518.0,2884.57,1297.92
Terraced,TerracedA_47.txt,H3,hybrid_bidirectional,best,136.744,2.17,0.675,4881.0,2972.91,1365.1
Terraced,TerracedA_30.txt,H3,safe_unidirectional,worst,363.266,3.99,9.0,12699.0,2781.35,1346.6
Terraced,TerracedA_30.txt,H3,safe_unidirectional,best,344.797,2.1,5.85,7218.0,2781.35,1306.61
Terraced,TerracedA_5.txt,H3,safe_unidirectional,worst,353.2,3.78,8.55,12042.0,2727.88,1337.7
Terraced,TerracedA_30.txt,H3,hybrid_bidirectional,worst,139.999,4.69,4.05,11793.0,2937.53,1358.37
Terraced,TerracedD_0.txt,H3,safe_unidirectional,worst,352.428,3.71,8.775,12003.0,2761.42,1327.48
Terraced,TerracedA_30.txt,H3,hybrid_bidirectional,best,135.635,2.38,0.225,5106.0,2983.64,1344.99
Terraced,TerracedA_5.txt,H3,safe_unidirectional,best,331.384,1.96,5.85,6924.0,2727.88,1296.65
Terraced,TerracedD_0.txt,H3,safe_unidirectional,best,331.745,2.17,5.4,7149.0,2761.42,1281.79
Terraced,TerracedA_5.txt,H3,hybrid_bidirectional,worst,132.293,4.41,2.7,10557.0,2885.4,1339.64
Terraced,TerracedD_0.txt,H3,hybrid_bidirectional,worst,122.273,4.41,2.25,10341.0,2932.94,1343.62
Terraced,TerracedA_5.txt,H3,hybrid_bidirectional,best,132.394,2.17,0.225,4665.0,2918.63,1356.94
Terraced,TerracedD_0.txt,H3,hybrid_bidirectional,best,122.164,2.17,0.675,4881.0,2951.68,1351.25
Terraced,TerracedA_33.txt,H3,safe_unidirectional,worst,361.348,3.92,9.225,12660.0,2748.24,1356.41
Terraced,TerracedA_33.txt,H3,safe_unidirectional,best,340.893,2.03,5.85,7071.0,2748.24,1311.27
Terraced,TerracedA_42.txt,H3,safe_unidirectional,worst,350.748,3.64,8.775,11856.0,2711.56,1318.09
Terraced,TerracedA_33.txt,H3,hybrid_bidirectional,worst,128.919,4.76,3.375,11616.0,2904.63,1361.24
Terraced,TerracedA_13.txt,H3,safe_unidirectional,worst,372.743,4.41,9.9,14013.0,2875.62,1392.97
Terraced,TerracedA_42.txt,H3,safe_unidirectional,best,329.286,2.03,5.4,6855.0,2711.56,1267.81
Terraced,TerracedA_33.txt,H3,hybrid_bidirectional,best,125.238,2.24,0.45,4920.0,2943.24,1366.76
Terraced,TerracedA_42.txt,H3,hybrid_bidirectional,worst,119.707,4.34,3.375,10734.0,2847.67,1305.68
Terraced,TerracedA_13.txt,H3,safe_unidirectional,best,362.39,2.31,6.3,7875.0,2875.62,1374.55
Terraced,TerracedD_3.txt,H3,safe_unidirectional,worst,369.637,3.85,8.775,12297.0,2844.94,1381.65
Terraced,TerracedA_42.txt,H3,hybrid_bidirectional,best,115.65,2.17,0.225,4665.0,2888.36,1304.67
Terraced,TerracedA_53.txt,H3,safe_unidirectional,worst,359.106,3.64,8.775,11856.0,2769.58,1333.43
Terraced,TerracedA_13.txt,H3,hybrid_bidirectional,worst,137.087,5.32,3.375,12792.0,3041.4,1387.21
Terraced,TerracedA_13.txt,H3,hybrid_bidirectional,best,134.724,2.59,0.225,5547.0,3081.7,1390.7
Terraced,TerracedD_3.txt,H3,safe_unidirectional,best,347.477,2.1,5.625,7110.0,2844.94,1338.46
Terraced,TerracedA_53.txt,H3,safe_unidirectional,best,339.467,2.1,5.4,7002.0,2769.58,1294.54
Terraced,TerracedD_3.txt,H3,hybrid_bidirectional,worst,131.044,4.62,2.475,10890.0,3013.63,1383.49
Terraced,TerracedA_53.txt,H3,hybrid_bidirectional,worst,127.026,4.2,2.925,10224.0,2932.58,1355.14
Terraced,TerracedD_3.txt,H3,hybrid_bidirectional,best,132.028,2.24,0.225,4812.0,3044.67,1407.78
Terraced,TerracedA_53.txt,H3,hybrid_bidirectional,best,123.892,2.17,0.225,4665.0,2967.87,1358.03
Terraced,TerracedA_18.txt,H3,safe_unidirectional,worst,371.007,3.85,8.55,12189.0,2805.42,1366.39
Terraced,TerracedA_18.txt,H3,safe_unidirectional,best,348.162,2.03,5.85,7071.0,2805.42,1338.97
Terraced,TerracedA_40.txt,H3,safe_unidirectional,worst,375.438,3.99,9.225,12807.0,2872.06,1408.56
Terraced,TerracedA_18.txt,H3,hybrid_bidirectional,worst,127.786,4.48,2.925,10812.0,2976.86,1345.07
Terraced,TerracedA_21.txt,H3,safe_unidirectional,worst,381.635,4.13,10.125,13533.0,2901.15,1427.81
Terraced,TerracedA_18.txt,H3,hybrid_bidirectional,best,123.811,2.17,0.675,4881.0,3004.41,1361.6
Terraced,TerracedA_40.txt,H3,safe_unidirectional,best,345.205,2.31,5.4,7443.0,2872.06,1353.21
Terraced,TerracedA_21.txt,H3,safe_unidirectional,best,353.539,2.24,6.3,7728.0,2901.15,1371.34
Terraced,TerracedA_40.txt,H3,hybrid_bidirectional,worst,137.78,4.83,2.925,11547.0,3049.28,1410.55
Terraced,TerracedA_21.txt,H3,hybrid_bidirectional,worst,127.122,4.83,4.5,12303.0,3060.01,1362.26
Terraced,TerracedA_40.txt,H3,hybrid_bidirectional,best,134.732,2.31,0.45,5067.0,3080.57,1423.15
Terraced,TerracedA_21.txt,H3,hybrid_bidirectional,best,128.622,2.38,0.675,5322.0,3095.4,1396.73
Terraced,TerracedA_27.txt,H3,safe_unidirectional,worst,367.955,4.13,8.55,12777.0,2789.51,1365.94
Terraced,TerracedA_27.txt,H3,safe_unidirectional,best,346.275,2.24,5.625,7404.0,2789.51,1306.07
Terraced,TerracedA_56.txt,H3,safe_unidirectional,worst,375.436,3.92,8.775,12444.0,2853.16,1389.01
Terraced,TerracedA_27.txt,H3,hybrid_bidirectional,worst,130.785,4.9,2.925,11694.0,2949.95,1367.43
Terraced,TerracedA_11.txt,H3,safe_unidirectional,worst,365.591,3.85,9.0,12405.0,2812.8,1364.16
Terraced,TerracedA_56.txt,H3,safe_unidirectional,best,353.167,2.17,5.625,7257.0,2853.16,1342.08
Terraced,TerracedA_27.txt,H3,hybrid_bidirectional,best,126.269,2.31,0.675,5175.0,2979.76,1354.08
Terraced,TerracedA_56.txt,H3,hybrid_bidirectional,worst,136.834,4.83,2.475,11331.0,3020.43,1397.87
Terraced,TerracedA_11.txt,H3,safe_unidirectional,best,346.195,2.1,6.075,7326.0,2812.8,1322.85
Terraced,TerracedA_36.txt,H3,safe_unidirectional,worst,385.88,4.13,9.0,12993.0,2924.05,1424.65
Terraced,TerracedA_56.txt,H3,hybrid_bidirectional,best,133.585,2.31,0.225,4959.0,3056.6,1402.39
Terraced,TerracedA_2.txt,H3,safe_unidirectional,worst,371.78,3.85,9.45,12621.0,2800.39,1370.46
Terraced,TerracedA_11.txt,H3,hybrid_bidirectional,worst,131.059,4.62,3.15,11214.0,2970.51,1378.19
Terraced,TerracedA_11.txt,H3,hybrid_bidirectional,best,124.812,2.24,0.675,5028.0,3009.16,1366.8
Terraced,TerracedA_36.txt,H3,safe_unidirectional,best,363.583,2.17,6.075,7473.0,2924.05,1381.97
Terraced,TerracedA_2.txt,H3,safe_unidirectional,best,342.168,2.1,5.85,7218.0,2800.39,1314.87
Terraced,TerracedA_36.txt,H3,hybrid_bidirectional,worst,143.559,4.69,4.05,11793.0,3082.81,1418.03
Terraced,TerracedA_2.txt,H3,hybrid_bidirectional,worst,130.687,4.55,4.95,11931.0,2956.71,1382.18
Terraced,TerracedA_36.txt,H3,hybrid_bidirectional,best,140.877,2.38,0.45,5214.0,3124.08,1421.19
Terraced,TerracedD_28.txt,H3,safe_unidirectional,worst,354.012,3.85,8.55,12189.0,2752.25,1338.34
Terraced,TerracedA_2.txt,H3,hybrid_bidirectional,best,125.241,2.24,0.675,5028.0,3004.09,1380.17
Terraced,TerracedD_28.txt,H3,safe_unidirectional,best,331.134,2.17,5.175,7041.0,2752.25,1302.54
Terraced,TerracedA_54.txt,H3,safe_unidirectional,worst,373.77,4.06,9.0,12846.0,2861.95,1374.42
Terraced,TerracedD_28.txt,H3,hybrid_bidirectional,worst,126.861,4.55,2.25,10635.0,2928.06,1343.96
Terraced,TerracedA_35.txt,H3,safe_unidirectional,worst,363.325,3.71,9.0,12111.0,2758.95,1345.84
Terraced,TerracedD_28.txt,H3,hybrid_bidirectional,best,124.627,2.24,0.225,4812.0,2956.16,1351.68
Terraced,TerracedA_54.txt,H3,safe_unidirectional,best,349.046,2.1,6.3,7434.0,2861.95,1331.11
Terraced,TerracedA_35.txt,H3,safe_unidirectional,best,335.103,2.17,5.85,7365.0,2758.95,1298.83
Terraced,TerracedA_54.txt,H3,hybrid_bidirectional,worst,133.648,4.69,3.6,11577.0,3024.57,1365.96
Terraced,TerracedA_35.txt,H3,hybrid_bidirectional,worst,122.868,4.48,3.15,10920.0,2930.5,1360.84
Terraced,TerracedA_54.txt,H3,hybrid_bidirectional,best,134.669,2.38,0.225,5106.0,3067.12,1362.86
Terraced,TerracedA_35.txt,H3,hybrid_bidirectional,best,122.755,2.38,0.225,5106.0,2968.29,1338.31
Terraced,TerracedD_17.txt,H3,safe_unidirectional,worst,361.651,3.78,8.1,11826.0,2790.12,1360.79
Terraced,TerracedA_7.txt,H3,safe_unidirectional,worst,365.081,3.92,9.45,12768.0,2771.79,1360.85
Terraced,TerracedD_17.txt,H3,safe_unidirectional,best,338.653,2.1,6.075,7326.0,2790.12,1311.64
Terraced,TerracedD_17.txt,H3,hybrid_bidirectional,worst,131.052,4.41,2.7,10557.0,2964.4,1366.66
Terraced,TerracedA_39.txt,H3,safe_unidirectional,worst,368.499,4.2,9.45,13356.0,2804.58,1364.63
Terraced,TerracedA_7.txt,H3,safe_unidirectional,best,340.335,2.24,5.4,7296.0,2771.79,1310.23
Terraced,TerracedD_17.txt,H3,hybrid_bidirectional,best,130.941,2.24,0.45,4920.0,2996.45,1389.11
Terraced,TerracedA_7.txt,H3,hybrid_bidirectional,worst,131.672,4.55,4.5,11715.0,2922.85,1368.73
Terraced,TerracedA_39.txt,H3,safe_unidirectional,best,347.753,2.17,6.525,7689.0,2804.58,1324.86
Terraced,TerracedA_22.txt,H3,safe_unidirectional,worst,333.84,3.71,7.875,11571.0,2650.31,1282.69
Terraced,TerracedA_7.txt,H3,hybrid_bidirectional,best,130.129,2.31,0.45,5067.0,2963.81,1381.15
Terraced,TerracedA_3.txt,H3,safe_unidirectional,worst,337.327,3.85,8.325,12081.0,2675.67,1293.91
Terraced,TerracedA_39.txt,H3,hybrid_bidirectional,worst,139.638,4.69,5.4,12441.0,2948.5,1377.35
Terraced,TerracedA_22.txt,H3,safe_unidirectional,best,315.255,1.96,5.4,6708.0,2650.31,1247.41
Terraced,TerracedA_39.txt,H3,hybrid_bidirectional,best,137.606,2.45,0.675,5469.0,2990.62,1383.61
Terraced,TerracedA_3.txt,H3,safe_unidirectional,best,317.737,2.03,5.625,6963.0,2675.67,1255.17
Terraced,TerracedA_22.txt,H3,hybrid_bidirectional,worst,119.248,4.2,2.925,10224.0,2804.05,1317.99
Terraced,TerracedA_3.txt,H3,hybrid_bidirectional,worst,123.014,4.34,2.475,10302.0,2841.67,1323.64
Terraced,TerracedA_22.txt,H3,hybrid_bidirectional,best,118.147,2.1,0.45,4626.0,2836.7,1317.29
Terraced,TerracedD_14.txt,H3,safe_unidirectional,worst,342.404,3.5,8.1,11238.0,2666.15,1290.41
Terraced,TerracedA_3.txt,H3,hybrid_bidirectional,best,119.426,2.17,0.225,4665.0,2871.35,1308.53
Terraced,TerracedD_14.txt,H3,safe_unidirectional,best,316.255,2.03,4.725,6531.0,2666.15,1241.39
Terraced,TerracedD_14.txt,H3,hybrid_bidirectional,worst,119.175,4.13,1.8,9537.0,2841.39,1291.06
Terraced,TerracedA_50.txt,H3,safe_unidirectional,worst,360.858,4.13,8.325,12669.0,2756.79,1346.26
Terraced,TerracedD_11.txt,H3,safe_unidirectional,worst,374.057,4.13,9.0,12993.0,2877.58,1407.21
Terraced,TerracedD_14.txt,H3,hybrid_bidirectional,best,119.233,2.03,0.225,4371.0,2861.5,1312.77
Terraced,TerracedA_50.txt,H3,safe_unidirectional,best,332.243,2.24,5.175,7188.0,2756.79,1285.04
Terraced,TerracedD_11.txt,H3,safe_unidirectional,best,350.414,2.31,5.85,7659.0,2877.58,1356.56
Terraced,TerracedA_50.txt,H3,hybrid_bidirectional,worst,124.141,4.76,3.375,11616.0,2913.99,1351.39
Terraced,TerracedD_11.txt,H3,hybrid_bidirectional,worst,133.829,4.9,2.925,11694.0,3060.85,1434.21
Terraced,TerracedA_50.txt,H3,hybrid_bidirectional,best,125.441,2.38,0.225,5106.0,2953.71,1346.29
Terraced,TerracedD_11.txt,H3,hybrid_bidirectional,best,134.969,2.38,0.9,5430.0,3085.93,1425.27
Terraced,TerracedD_16.txt,H3,safe_unidirectional,worst,344.717,3.64,8.1,11532.0,2663.35,1287.97
Terraced,TerracedD_16.txt,H3,safe_unidirectional,best,324.604,1.96,5.625,6816.0,2663.35,1243.11
Terraced,TerracedA_6.txt,H3,safe_unidirectional,worst,368.069,4.2,8.325,12816.0,2891.91,1395.85
Terraced,TerracedD_16.txt,H3,hybrid_bidirectional,worst,122.725,4.2,2.025,9792.0,2826.99,1294.3
Terraced,TerracedD_35.txt,H3,safe_unidirectional,worst,371.188,3.78,9.9,12690.0,2792.96,1379.55
Terraced,TerracedA_6.txt,H3,safe_unidirectional,best,349.135,2.24,5.625,7404.0,2891.91,1366.36
Terraced,TerracedD_16.txt,H3,hybrid_bidirectional,best,118.9,2.1,0.45,4626.0,2848.11,1268.91
Terraced,TerracedA_6.txt,H3,hybrid_bidirectional,worst,130.411,4.76,2.925,11400.0,3069.66,1412.17
Terraced,TerracedD_35.txt,H3,safe_unidirectional,best,339.68,2.24,5.625,7404.0,2792.96,1308.46
Terraced,TerracedD_12.txt,H3,safe_unidirectional,worst,373.886,4.13,9.225,13101.0,2936.09,1443.19
Terraced,TerracedA_6.txt,H3,hybrid_bidirectional,best,131.063,2.38,0.225,5106.0,3103.45,1425.18
Terraced,TerracedA_52.txt,H3,safe_unidirectional,worst,340.227,3.85,8.325,12081.0,2652.21,1281.7
Terraced,TerracedD_35.txt,H3,hybrid_bidirectional,worst,141.017,4.69,3.825,11685.0,2940.0,1395.43
Terraced,TerracedD_12.txt,H3,safe_unidirectional,best,354.0,2.24,6.075,7620.0,2936.09,1398.08
Terraced,TerracedD_35.txt,H3,hybrid_bidirectional,best,138.164,2.38,0.225,5106.0,2985.23,1376.02
Terraced,TerracedA_52.txt,H3,safe_unidirectional,best,322.853,2.03,5.625,6963.0,2652.21,1247.6
Terraced,TerracedD_12.txt,H3,hybrid_bidirectional,worst,139.782,4.83,3.375,11763.0,3110.91,1459.94
Terraced,TerracedA_52.txt,H3,hybrid_bidirectional,worst,114.993,4.41,2.925,10665.0,2804.06,1279.51
Terraced,TerracedD_12.txt,H3,hybrid_bidirectional,best,135.133,2.45,0.225,5253.0,3152.41,1450.56
Terraced,TerracedD_15.txt,H3,safe_unidirectional,worst,371.834,4.55,9.0,13875.0,2872.59,1387.17
Terraced,TerracedA_52.txt,H3,hybrid_bidirectional,best,113.42,2.17,0.45,4773.0,2834.31,1280.68
Terraced,TerracedD_15.txt,H3,safe_unidirectional,best,350.041,2.31,6.075,7767.0,2872.59,1353.4
Terraced,TerracedD_15.txt,H3,hybrid_bidirectional,worst,129.05,5.11,3.825,12567.0,3044.36,1379.68
Terraced,TerracedA_44.txt,H3,safe_unidirectional,worst,365.722,4.06,8.55,12630.0,2794.65,1366.4
Terraced,TerracedD_39.txt,H3,safe_unidirectional,worst,373.317,3.99,9.225,12807.0,2852.46,1389.83
Terraced,TerracedD_15.txt,H3,hybrid_bidirectional,best,125.89,2.45,0.675,5469.0,3080.25,1402.79
Terraced,TerracedA_44.txt,H3,safe_unidirectional,best,343.147,2.17,5.4,7149.0,2794.65,1318.6
Terraced,TerracedD_39.txt,H3,safe_unidirectional,best,351.337,2.17,5.85,7365.0,2852.46,1337.58
Terraced,TerracedA_44.txt,H3,hybrid_bidirectional,worst,128.15,4.69,2.925,11253.0,2962.98,1374.2
Terraced,TerracedD_39.txt,H3,hybrid_bidirectional,worst,126.551,4.76,3.15,11508.0,3026.97,1393.09
Terraced,TerracedA_44.txt,H3,hybrid_bidirectional,best,126.563,2.31,0.45,5067.0,2990.48,1364.56
Terraced,TerracedA_26.txt,H3,safe_unidirectional,worst,356.78,3.85,9.0,12405.0,2763.64,1349.53
Terraced,TerracedD_39.txt,H3,hybrid_bidirectional,best,123.839,2.31,0.225,4959.0,3067.7,1410.49
Terraced,TerracedA_26.txt,H3,safe_unidirectional,best,334.383,2.1,5.625,7110.0,2763.64,1314.56
Terraced,TerracedA_57.txt,H3,safe_unidirectional,worst,374.364,4.27,9.225,13395.0,2885.04,1410.81
Terraced,TerracedA_26.txt,H3,hybrid_bidirectional,worst,127.374,4.48,2.925,10812.0,2916.93,1352.81
Terraced,TerracedD_21.txt,H3,safe_unidirectional,worst,371.178,3.92,8.775,12444.0,2826.93,1377.26
Terraced,TerracedA_26.txt,H3,hybrid_bidirectional,best,128.208,2.24,0.225,4812.0,2948.45,1365.7
Terraced,TerracedA_57.txt,H3,safe_unidirectional,best,349.107,2.31,5.625,7551.0,2885.04,1347.92
Terraced,TerracedA_57.txt,H3,hybrid_bidirectional,worst,131.245,5.18,2.7,12174.0,3058.37,1390.38
Terraced,TerracedD_21.txt,H3,safe_unidirectional,best,347.23,2.17,5.625,7257.0,2826.93,1334.41
Terraced,TerracedD_13.txt,H3,safe_unidirectional,worst,374.204,4.27,9.225,13395.0,2854.39,1393.07
Terraced,TerracedA_46.txt,H3,safe_unidirectional,worst,380.256,4.27,10.575,14043.0,2869.36,1408.26
Terraced,TerracedA_57.txt,H3,hybrid_bidirectional,best,134.469,2.38,0.675,5322.0,3082.5,1399.08
Terraced,TerracedD_21.txt,H3,hybrid_bidirectional,worst,133.496,4.62,2.7,10998.0,2992.49,1364.88
Terraced,TerracedD_13.txt,H3,safe_unidirectional,best,349.911,2.17,6.075,7473.0,2854.39,1348.66
Terraced,TerracedD_21.txt,H3,hybrid_bidirectional,best,131.563,2.31,0.45,5067.0,3022.81,1367.24
Terraced,TerracedA_46.txt,H3,safe_unidirectional,best,354.911,2.38,6.075,7914.0,2869.36,1371.25
Terraced,TerracedD_13.txt,H3,hybrid_bidirectional,worst,131.404,4.9,4.275,12342.0,3018.47,1400.98
Terraced,TerracedA_46.txt,H3,hybrid_bidirectional,worst,162.646,4.97,5.4,13029.0,3021.89,1420.89
Terraced,TerracedD_13.txt,H3,hybrid_bidirectional,best,128.441,2.45,0.225,5253.0,3060.98,1391.94
Terraced,TerracedD_29.txt,H3,safe_unidirectional,worst,383.409,4.06,9.225,12954.0,2920.21,1414.13
Terraced,TerracedA_46.txt,H3,hybrid_bidirectional,best,155.038,2.59,0.45,5655.0,3071.77,1418.57
Terraced,TerracedD_29.txt,H3,safe_unidirectional,best,363.499,2.31,5.85,7659.0,2920.21,1369.22
Terraced,TerracedD_29.txt,H3,hybrid_bidirectional,worst,135.142,4.76,2.925,11400.0,3089.93,1388.85
Terraced,TerracedA_1.txt,H3,safe_unidirectional,worst,367.109,4.06,9.225,12954.0,2784.21,1369.74
Terraced,TerracedD_38.txt,H3,safe_unidirectional,worst,371.042,3.92,9.225,12660.0,2814.63,1374.7
Terraced,TerracedD_29.txt,H3,hybrid_bidirectional,best,133.276,2.45,0.225,5253.0,3121.47,1398.77
Terraced,TerracedA_1.txt,H3,safe_unidirectional,best,340.979,2.24,5.85,7512.0,2784.21,1315.22
Terraced,TerracedD_38.txt,H3,safe_unidirectional,best,347.487,2.17,5.625,7257.0,2814.63,1330.07
Terraced,TerracedA_1.txt,H3,hybrid_bidirectional,worst,130.239,4.55,4.275,11607.0,2941.53,1362.98
Terraced,TerracedD_38.txt,H3,hybrid_bidirectional,worst,130.623,4.69,3.825,11685.0,2978.95,1368.7
Terraced,TerracedA_1.txt,H3,hybrid_bidirectional,best,130.46,2.38,0.225,5106.0,2986.44,1375.12
Terraced,TerracedA_32.txt,H3,safe_unidirectional,worst,363.021,3.92,10.575,13308.0,2799.14,1358.96
Terraced,TerracedD_38.txt,H3,hybrid_bidirectional,best,126.98,2.31,0.45,5067.0,3021.57,1378.92
Terraced,TerracedA_32.txt,H3,safe_unidirectional,best,339.401,2.24,5.625,7404.0,2799.14,1318.84
Terraced,TerracedA_43.txt,H3,safe_unidirectional,worst,370.57,3.92,9.0,12552.0,2887.21,1401.21
Terraced,TerracedA_32.txt,H3,hybrid_bidirectional,worst,129.311,4.9,4.275,12342.0,2955.09,1377.71
Terraced,TerracedD_20.txt,H3,safe_unidirectional,worst,370.31,4.06,8.775,12738.0,2871.79,1393.01
Terraced,TerracedA_32.txt,H3,hybrid_bidirectional,best,128.801,2.38,0.225,5106.0,3003.61,1406.01
Terraced,TerracedA_43.txt,H3,safe_unidirectional,best,344.057,2.17,5.85,7365.0,2887.21,1358.78
Terraced,TerracedA_43.txt,H3,hybrid_bidirectional,worst,134.155,4.76,2.475,11184.0,3067.06,1407.27
Terraced,TerracedA_23.txt,H3,safe_unidirectional,worst,351.715,3.71,8.325,11787.0,2733.77,1331.67
Terraced,TerracedD_20.txt,H3,safe_unidirectional,best,351.346,2.17,6.075,7473.0,2871.79,1355.01
Terraced,TerracedA_43.txt,H3,hybrid_bidirectional,best,134.146,2.31,0.45,5067.0,3095.37,1431.07
Terraced,TerracedD_20.txt,H3,hybrid_bidirectional,worst,132.957,4.9,2.7,11586.0,3047.03,1395.85
Terraced,TerracedA_23.txt,H3,safe_unidirectional,best,332.148,1.96,5.625,6816.0,2733.77,1293.75
Terraced,TerracedD_20.txt,H3,hybrid_bidirectional,best,131.88,2.38,0.225,5106.0,3081.01,1394.92
Terraced,TerracedA_23.txt,H3,hybrid_bidirectional,worst,129.113,4.34,2.475,10302.0,2896.96,1341.63
Terraced,TerracedA_23.txt,H3,hybrid_bidirectional,best,128.145,2.1,0.45,4626.0,2921.93,1345.25
Terraced,TerracedA_19.txt,H3,safe_unidirectional,worst,372.915,3.92,9.0,12552.0,2867.59,1394.34
Terraced,TerracedA_19.txt,H3,safe_unidirectional,best,352.643,2.1,5.625,7110.0,2867.59,1362.38
Terraced,TerracedA_19.txt,H3,hybrid_bidirectional,worst,143.346,4.62,3.15,11214.0,3030.21,1414.14
Terraced,TerracedA_0.txt,H3,safe_unidirectional,worst,366.594,3.78,8.775,12150.0,2812.87,1368.68
Terraced,TerracedD_10.txt,H3,safe_unidirectional,worst,373.766,4.27,8.775,13179.0,2807.57,1369.84
Terraced,TerracedA_19.txt,H3,hybrid_bidirectional,best,143.002,2.24,0.225,4812.0,3070.14,1438.37
Terraced,TerracedA_0.txt,H3,safe_unidirectional,best,336.019,2.17,5.175,7041.0,2812.87,1307.07
Terraced,TerracedD_10.txt,H3,safe_unidirectional,best,350.255,2.17,5.85,7365.0,2807.57,1322.79
Terraced,TerracedA_0.txt,H3,hybrid_bidirectional,worst,124.359,4.48,2.7,10704.0,2991.97,1343.46
