Archetype,House number,CAH Type,Operation,Solar,Grid Import,Total Load,Total Cost
Detached,1,H1,safe_unidirectional,worst,2577.9735,2577.9735,830.471397
Detached,1,H1,safe_unidirectional,best,2577.9735,2577.9735,830.471397
Detached,1,H1,hybrid_bidirectional,worst,2577.9735,2577.9735,830.471397
Detached,1,H1,hybrid_bidirectional,best,2577.9735,2577.9735,830.471397
Detached,1,H2,safe_unidirectional,worst,2577.9735,2577.9735,830.471397
Detached,1,H2,safe_unidirectional,best,2577.9735,2577.9735,830.471397
Detached,1,H2,hybrid_bidirectional,worst,2577.9735,2577.9735,830.471397
Detached,1,H2,hybrid_bidirectional,best,2577.9735,2577.9735,830.471397
Detached,1,H3,safe_unidirectional,worst,2577.9735,2577.9735,830.471397
Detached,1,H3,safe_unidirectional,best,2577.9735,2577.9735,830.471397
Detached,1,H3,hybrid_bidirectional,worst,2577.9735,2577.9735,830.471397
Detached,1,H3,hybrid_bidirectional,best,2577.9735,2577.9735,830.471397
Detached,1,H1,safe_unidirectional,worst,2589.2052,2589.2052,831.901868
Detached,1,H1,safe_unidirectional,best,2589.2052,2589.2052,831.901868
Detached,1,H1,hybrid_bidirectional,worst,2589.2052,2589.2052,831.901868
Detached,1,H1,hybrid_bidirectional,best,2589.2052,2589.2052,831.901868
Detached,1,H2,safe_unidirectional,worst,2589.2052,2589.2052,831.901868
Detached,1,H2,safe_unidirectional,best,2589.2052,2589.2052,831.901868
Detached,1,H2,hybrid_bidirectional,worst,2589.2052,2589.2052,831.901868
Detached,1,H2,hybrid_bidirectional,best,2589.2052,2589.2052,831.901868
Detached,1,H3,safe_unidirectional,worst,2589.2052,2589.2052,831.901868
Detached,1,H3,safe_unidirectional,best,2589.2052,2589.2052,831.901868
Detached,1,H3,hybrid_bidirectional,worst,2589.2052,2589.2052,831.901868
Detached,1,H3,hybrid_bidirectional,best,2589.2052,2589.2052,831.901868
Detached,1,H1,safe_unidirectional,worst,2561.5141,2561.5141,825.986091
Detached,1,H1,safe_unidirectional,best,2561.5141,2561.5141,825.986091
Detached,1,H1,hybrid_bidirectional,worst,2561.5141,2561.5141,825.986091
Detached,1,H1,hybrid_bidirectional,best,2561.5141,2561.5141,825.986091
Detached,1,H2,safe_unidirectional,worst,2561.5141,2561.5141,825.986091
Detached,1,H2,safe_unidirectional,best,2561.5141,2561.5141,825.986091
Detached,1,H2,hybrid_bidirectional,worst,2561.5141,2561.5141,825.986091
Detached,1,H2,hybrid_bidirectional,best,2561.5141,2561.5141,825.986091
Detached,1,H3,safe_unidirectional,worst,2561.5141,2561.5141,825.986091
Detached,1,H3,safe_unidirectional,best,2561.5141,2561.5141,825.986091
Detached,1,H3,hybrid_bidirectional,worst,2561.5141,2561.5141,825.986091
Detached,1,H3,hybrid_bidirectional,best,2561.5141,2561.5141,825.986091
Detached,1,H1,safe_unidirectional,worst,2641.8583,2641.8583,850.353189
Detached,1,H1,safe_unidirectional,best,2641.8583,2641.8583,850.353189
Detached,1,H1,hybrid_bidirectional,worst,2641.8583,2641.8583,850.353189
Detached,1,H1,hybrid_bidirectional,best,2641.8583,2641.8583,850.353189
Detached,1,H2,safe_unidirectional,worst,2641.8583,2641.8583,850.353189
Detached,1,H2,safe_unidirectional,best,2641.8583,2641.8583,850.353189
Detached,1,H2,hybrid_bidirectional,worst,2641.8583,2641.8583,850.353189
Detached,1,H2,hybrid_bidirectional,best,2641.8583,2641.8583,850.353189
Detached,1,H3,safe_unidirectional,worst,2641.8583,2641.8583,850.353189
Detached,1,H3,safe_unidirectional,best,2641.8583,2641.8583,850.353189
Detached,1,H3,hybrid_bidirectional,worst,2641.8583,2641.8583,850.353189
Detached,1,H3,hybrid_bidirectional,best,2641.8583,2641.8583,850.353189
Detached,1,H1,safe_unidirectional,worst,2771.6001,2771.6001,898.760107
Detached,1,H1,safe_unidirectional,best,2771.6001,2771.6001,898.760107
Detached,1,H1,hybrid_bidirectional,worst,2771.6001,2771.6001,898.760107
Detached,1,H1,hybrid_bidirectional,best,2771.6001,2771.6001,898.760107
Detached,1,H2,safe_unidirectional,worst,2771.6001,2771.6001,898.760107
Detached,1,H2,safe_unidirectional,best,2771.6001,2771.6001,898.760107
Detached,1,H2,hybrid_bidirectional,worst,2771.6001,2771.6001,898.760107
Detached,1,H2,hybrid_bidirectional,best,2771.6001,2771.6001,898.760107
Detached,1,H3,safe_unidirectional,worst,2771.6001,2771.6001,898.760107
Detached,1,H3,safe_unidirectional,best,2771.6001,2771.6001,898.760107
Detached,1,H3,hybrid_bidirectional,worst,2771.6001,2771.6001,898.760107
Detached,1,H3,hybrid_bidirectional,best,2771.6001,2771.6001,898.760107
Detached,1,H1,safe_unidirectional,worst,2554.2368,2554.2368,820.516844
Detached,1,H1,safe_unidirectional,best,2554.2368,2554.2368,820.516844
Detached,1,H1,hybrid_bidirectional,worst,2554.2368,2554.2368,820.516844
Detached,1,H1,hybrid_bidirectional,best,2554.2368,2554.2368,820.516844
Detached,1,H2,safe_unidirectional,worst,2554.2368,2554.2368,820.516844
Detached,1,H2,safe_unidirectional,best,2554.2368,2554.2368,820.516844
Detached,1,H2,hybrid_bidirectional,worst,2554.2368,2554.2368,820.516844
Detached,1,H2,hybrid_bidirectional,best,2554.2368,2554.2368,820.516844
Detached,1,H3,safe_unidirectional,worst,2554.2368,2554.2368,820.516844
Detached,1,H3,safe_unidirectional,best,2554.2368,2554.2368,820.516844
Detached,1,H3,hybrid_bidirectional,worst,2554.2368,2554.2368,820.516844
Detached,1,H3,hybrid_bidirectional,best,2554.2368,2554.2368,820.516844
Detached,1,H1,safe_unidirectional,worst,2549.5185,2549.5185,821.825963
Detached,1,H1,safe_unidirectional,best,2549.5185,2549.5185,821.825963
Detached,1,H1,hybrid_bidirectional,worst,2549.5185,2549.5185,821.825963
Detached,1,H1,hybrid_bidirectional,best,2549.5185,2549.5185,821.825963
Detached,1,H2,safe_unidirectional,worst,2549.5185,2549.5185,821.825963
Detached,1,H2,safe_unidirectional,best,2549.5185,2549.5185,821.825963
Detached,1,H2,hybrid_bidirectional,worst,2549.5185,2549.5185,821.825963
Detached,1,H2,hybrid_bidirectional,best,2549.5185,2549.5185,821.825963
Detached,1,H3,safe_unidirectional,worst,2549.5185,2549.5185,821.825963
Detached,1,H3,safe_unidirectional,best,2549.5185,2549.5185,821.825963
Detached,1,H3,hybrid_bidirectional,worst,2549.5185,2549.5185,821.825963
Detached,1,H3,hybrid_bidirectional,best,2549.5185,2549.5185,821.825963
Detached,1,H1,safe_unidirectional,worst,2680.2909,2680.2909,868.815339
Detached,1,H1,safe_unidirectional,best,2680.2909,2680.2909,868.815339
Detached,1,H1,hybrid_bidirectional,worst,2680.2909,2680.2909,868.815339
Detached,1,H1,hybrid_bidirectional,best,2680.2909,2680.2909,868.815339
Detached,1,H2,safe_unidirectional,worst,2680.2909,2680.2909,868.815339
Detached,1,H2,safe_unidirectional,best,2680.2909,2680.2909,868.815339
Detached,1,H2,hybrid_bidirectional,worst,2680.2909,2680.2909,868.815339
Detached,1,H2,hybrid_bidirectional,best,2680.2909,2680.2909,868.815339
Detached,1,H3,safe_unidirectional,worst,2680.2909,2680.2909,868.815339
Detached,1,H3,safe_unidirectional,best,2680.2909,2680.2909,868.815339
Detached,1,H3,hybrid_bidirectional,worst,2680.2909,2680.2909,868.815339
Detached,1,H3,hybrid_bidirectional,best,2680.2909,2680.2909,868.815339
Detached,1,H1,safe_unidirectional,worst,2608.6379,2608.6379,830.515525
Detached,1,H1,safe_unidirectional,best,2608.6379,2608.6379,830.515525
Detached,1,H1,hybrid_bidirectional,worst,2608.6379,2608.6379,830.515525
Detached,1,H1,hybrid_bidirectional,best,2608.6379,2608.6379,830.515525
Detached,1,H2,safe_unidirectional,worst,2608.6379,2608.6379,830.515525
Detached,1,H2,safe_unidirectional,best,2608.6379,2608.6379,830.515525
Detached,1,H2,hybrid_bidirectional,worst,2608.6379,2608.6379,830.515525
Detached,1,H2,hybrid_bidirectional,best,2608.6379,2608.6379,830.515525
Detached,1,H3,safe_unidirectional,worst,2608.6379,2608.6379,830.515525
Detached,1,H3,safe_unidirectional,best,2608.6379,2608.6379,830.515525
Detached,1,H3,hybrid_bidirectional,worst,2608.6379,2608.6379,830.515525
Detached,1,H3,hybrid_bidirectional,best,2608.6379,2608.6379,830.515525
Detached,1,H1,safe_unidirectional,worst,2553.2316,2553.2316,822.939264
Detached,1,H1,safe_unidirectional,best,2553.2316,2553.2316,822.939264
Detached,1,H1,hybrid_bidirectional,worst,2553.2316,2553.2316,822.939264
Detached,1,H1,hybrid_bidirectional,best,2553.2316,2553.2316,822.939264
Detached,1,H2,safe_unidirectional,worst,2553.2316,2553.2316,822.939264
Detached,1,H2,safe_unidirectional,best,2553.2316,2553.2316,822.939264
Detached,1,H2,hybrid_bidirectional,worst,2553.2316,2553.2316,822.939264
Detached,1,H2,hybrid_bidirectional,best,2553.2316,2553.2316,822.939264
Detached,1,H3,safe_unidirectional,worst,2553.2316,2553.2316,822.939264
Detached,1,H3,safe_unidirectional,best,2553.2316,2553.2316,822.939264
Detached,1,H3,hybrid_bidirectional,worst,2553.2316,2553.2316,822.939264
Detached,1,H3,hybrid_bidirectional,best,2553.2316,2553.2316,822.939264
Detached,1,H1,safe_unidirectional,worst,2472.4284,2472.4284,799.692404
Detached,1,H1,safe_unidirectional,best,2472.4284,2472.4284,799.692404
Detached,1,H1,hybrid_bidirectional,worst,2472.4284,2472.4284,799.692404
Detached,1,H1,hybrid_bidirectional,best,2472.4284,2472.4284,799.692404
Detached,1,H2,safe_unidirectional,worst,2472.4284,2472.4284,799.692404
Detached,1,H2,safe_unidirectional,best,2472.4284,2472.4284,799.692404
Detached,1,H2,hybrid_bidirectional,worst,2472.4284,2472.4284,799.692404
Detached,1,H2,hybrid_bidirectional,best,2472.4284,2472.4284,799.692404
Detached,1,H3,safe_unidirectional,worst,2472.4284,2472.4284,799.692404
Detached,1,H3,safe_unidirectional,best,2472.4284,2472.4284,799.692404
Detached,1,H3,hybrid_bidirectional,worst,2472.4284,2472.4284,799.692404
Detached,1,H3,hybrid_bidirectional,best,2472.4284,2472.4284,799.692404
Detached,1,H1,safe_unidirectional,worst,2641.4097,2641.4097,843.945347
Detached,1,H1,safe_unidirectional,best,2641.4097,2641.4097,843.945347
Detached,1,H1,hybrid_bidirectional,worst,2641.4097,2641.4097,843.945347
Detached,1,H1,hybrid_bidirectional,best,2641.4097,2641.4097,843.945347
Detached,1,H2,safe_unidirectional,worst,2641.4097,2641.4097,843.945347
Detached,1,H2,safe_unidirectional,best,2641.4097,2641.4097,843.945347
Detached,1,H2,hybrid_bidirectional,worst,2641.4097,2641.4097,843.945347
Detached,1,H2,hybrid_bidirectional,best,2641.4097,2641.4097,843.945347
Detached,1,H3,safe_unidirectional,worst,2641.4097,2641.4097,843.945347
Detached,1,H3,safe_unidirectional,best,2641.4097,2641.4097,843.945347
Detached,1,H3,hybrid_bidirectional,worst,2641.4097,2641.4097,843.945347
Detached,1,H3,hybrid_bidirectional,best,2641.4097,2641.4097,843.945347
Detached,1,H1,safe_unidirectional,worst,2470.6761,2470.6761,799.161363
Detached,1,H1,safe_unidirectional,best,2470.6761,2470.6761,799.161363
Detached,1,H1,hybrid_bidirectional,worst,2470.6761,2470.6761,799.161363
Detached,1,H1,hybrid_bidirectional,best,2470.6761,2470.6761,799.161363
Detached,1,H2,safe_unidirectional,worst,2470.6761,2470.6761,799.161363
Detached,1,H2,safe_unidirectional,best,2470.6761,2470.6761,799.161363
Detached,1,H2,hybrid_bidirectional,worst,2470.6761,2470.6761,799.161363
Detached,1,H2,hybrid_bidirectional,best,2470.6761,2470.6761,799.161363
Detached,1,H3,safe_unidirectional,worst,2470.6761,2470.6761,799.161363
Detached,1,H3,safe_unidirectional,best,2470.6761,2470.6761,799.161363
Detached,1,H3,hybrid_bidirectional,worst,2470.6761,2470.6761,799.161363
Detached,1,H3,hybrid_bidirectional,best,2470.6761,2470.6761,799.161363
Detached,1,H1,safe_unidirectional,worst,2744.7678,2744.7678,881.94323
Detached,1,H1,safe_unidirectional,best,2744.7678,2744.7678,881.94323
Detached,1,H1,hybrid_bidirectional,worst,2744.7678,2744.7678,881.94323
Detached,1,H1,hybrid_bidirectional,best,2744.7678,2744.7678,881.94323
Detached,1,H2,safe_unidirectional,worst,2744.7678,2744.7678,881.94323
Detached,1,H2,safe_unidirectional,best,2744.7678,2744.7678,881.94323
Detached,1,H2,hybrid_bidirectional,worst,2744.7678,2744.7678,881.94323
Detached,1,H2,hybrid_bidirectional,best,2744.7678,2744.7678,881.94323
Detached,1,H3,safe_unidirectional,worst,2744.7678,2744.7678,881.94323
Detached,1,H3,safe_unidirectional,best,2744.7678,2744.7678,881.94323
Detached,1,H3,hybrid_bidirectional,worst,2744.7678,2744.7678,881.94323
Detached,1,H3,hybrid_bidirectional,best,2744.7678,2744.7678,881.94323
Detached,1,H1,safe_unidirectional,worst,2570.8831,2570.8831,830.209037
Detached,1,H1,safe_unidirectional,best,2570.8831,2570.8831,830.209037
Detached,1,H1,hybrid_bidirectional,worst,2570.8831,2570.8831,830.209037
Detached,1,H1,hybrid_bidirectional,best,2570.8831,2570.8831,830.209037
Detached,1,H2,safe_unidirectional,worst,2570.8831,2570.8831,830.209037
Detached,1,H2,safe_unidirectional,best,2570.8831,2570.8831,830.209037
Detached,1,H2,hybrid_bidirectional,worst,2570.8831,2570.8831,830.209037
Detached,1,H2,hybrid_bidirectional,best,2570.8831,2570.8831,830.209037
Detached,1,H3,safe_unidirectional,worst,2570.8831,2570.8831,830.209037
Detached,1,H3,safe_unidirectional,best,2570.8831,2570.8831,830.209037
Detached,1,H3,hybrid_bidirectional,worst,2570.8831,2570.8831,830.209037
Detached,1,H3,hybrid_bidirectional,best,2570.8831,2570.8831,830.209037
Detached,1,H1,safe_unidirectional,worst,2437.8245,2437.8245,778.423471
Detached,1,H1,safe_unidirectional,best,2437.8245,2437.8245,778.423471
Detached,1,H1,hybrid_bidirectional,worst,2437.8245,2437.8245,778.423471
Detached,1,H1,hybrid_bidirectional,best,2437.8245,2437.8245,778.423471
Detached,1,H2,safe_unidirectional,worst,2437.8245,2437.8245,778.423471
Detached,1,H2,safe_unidirectional,best,2437.8245,2437.8245,778.423471
Detached,1,H2,hybrid_bidirectional,worst,2437.8245,2437.8245,778.423471
Detached,1,H2,hybrid_bidirectional,best,2437.8245,2437.8245,778.423471
Detached,1,H3,safe_unidirectional,worst,2437.8245,2437.8245,778.423471
Detached,1,H3,safe_unidirectional,best,2437.8245,2437.8245,778.423471
Detached,1,H3,hybrid_bidirectional,worst,2437.8245,2437.8245,778.423471
Detached,1,H3,hybrid_bidirectional,best,2437.8245,2437.8245,778.423471
Detached,1,H1,safe_unidirectional,worst,2615.3052,2615.3052,847.124236
Detached,1,H1,safe_unidirectional,best,2615.3052,2615.3052,847.124236
Detached,1,H1,hybrid_bidirectional,worst,2615.3052,2615.3052,847.124236
Detached,1,H1,hybrid_bidirectional,best,2615.3052,2615.3052,847.124236
Detached,1,H2,safe_unidirectional,worst,2615.3052,2615.3052,847.124236
Detached,1,H2,safe_unidirectional,best,2615.3052,2615.3052,847.124236
Detached,1,H2,hybrid_bidirectional,worst,2615.3052,2615.3052,847.124236
Detached,1,H2,hybrid_bidirectional,best,2615.3052,2615.3052,847.124236
Detached,1,H3,safe_unidirectional,worst,2615.3052,2615.3052,847.124236
Detached,1,H3,safe_unidirectional,best,2615.3052,2615.3052,847.124236
Detached,1,H3,hybrid_bidirectional,worst,2615.3052,2615.3052,847.124236
Detached,1,H3,hybrid_bidirectional,best,2615.3052,2615.3052,847.124236
Detached,1,H1,safe_unidirectional,worst,2519.1799,2519.1799,812.564025
Detached,1,H1,safe_unidirectional,best,2519.1799,2519.1799,812.564025
Detached,1,H1,hybrid_bidirectional,worst,2519.1799,2519.1799,812.564025
Detached,1,H1,hybrid_bidirectional,best,2519.1799,2519.1799,812.564025
Detached,1,H2,safe_unidirectional,worst,2519.1799,2519.1799,812.564025
Detached,1,H2,safe_unidirectional,best,2519.1799,2519.1799,812.564025
Detached,1,H2,hybrid_bidirectional,worst,2519.1799,2519.1799,812.564025
Detached,1,H2,hybrid_bidirectional,best,2519.1799,2519.1799,812.564025
Detached,1,H3,safe_unidirectional,worst,2519.1799,2519.1799,812.564025
Detached,1,H3,safe_unidirectional,best,2519.1799,2519.1799,812.564025
Detached,1,H3,hybrid_bidirectional,worst,2519.1799,2519.1799,812.564025
Detached,1,H3,hybrid_bidirectional,best,2519.1799,2519.1799,812.564025
Detached,1,H1,safe_unidirectional,worst,2605.8896,2605.8896,842.038456
Detached,1,H1,safe_unidirectional,best,2605.8896,2605.8896,842.038456
Detached,1,H1,hybrid_bidirectional,worst,2605.8896,2605.8896,842.038456
Detached,1,H1,hybrid_bidirectional,best,2605.8896,2605.8896,842.038456
Detached,1,H2,safe_unidirectional,worst,2605.8896,2605.8896,842.038456
Detached,1,H2,safe_unidirectional,best,2605.8896,2605.8896,842.038456
Detached,1,H2,hybrid_bidirectional,worst,2605.8896,2605.8896,842.038456
Detached,1,H2,hybrid_bidirectional,best,2605.8896,2605.8896,842.038456
Detached,1,H3,safe_unidirectional,worst,2605.8896,2605.8896,842.038456
Detached,1,H3,safe_unidirectional,best,2605.8896,2605.8896,842.038456
Detached,1,H3,hybrid_bidirectional,worst,2605.8896,2605.8896,842.038456
Detached,1,H3,hybrid_bidirectional,best,2605.8896,2605.8896,842.038456
Detached,1,H1,safe_unidirectional,worst,2681.512,2681.512,865.640384
Detached,1,H1,safe_unidirectional,best,2681.512,2681.512,865.640384
Detached,1,H1,hybrid_bidirectional,worst,2681.512,2681.512,865.640384
Detached,1,H1,hybrid_bidirectional,best,2681.512,2681.512,865.640384
Detached,1,H2,safe_unidirectional,worst,2681.512,2681.512,865.640384
Detached,1,H2,safe_unidirectional,best,2681.512,2681.512,865.640384
Detached,1,H2,hybrid_bidirectional,worst,2681.512,2681.512,865.640384
Detached,1,H2,hybrid_bidirectional,best,2681.512,2681.512,865.640384
Detached,1,H3,safe_unidirectional,worst,2681.512,2681.512,865.640384
Detached,1,H3,safe_unidirectional,best,2681.512,2681.512,865.640384
Detached,1,H3,hybrid_bidirectional,worst,2681.512,2681.512,865.640384
Detached,1,H3,hybrid_bidirectional,best,2681.512,2681.512,865.640384
Detached,1,H1,safe_unidirectional,worst,2595.5747,2595.5747,836.434333
Detached,1,H1,safe_unidirectional,best,2595.5747,2595.5747,836.434333
Detached,1,H1,hybrid_bidirectional,worst,2595.5747,2595.5747,836.434333
Detached,1,H1,hybrid_bidirectional,best,2595.5747,2595.5747,836.434333
Detached,1,H2,safe_unidirectional,worst,2595.5747,2595.5747,836.434333
Detached,1,H2,safe_unidirectional,best,2595.5747,2595.5747,836.434333
Detached,1,H2,hybrid_bidirectional,worst,2595.5747,2595.5747,836.434333
Detached,1,H2,hybrid_bidirectional,best,2595.5747,2595.5747,836.434333
Detached,1,H3,safe_unidirectional,worst,2595.5747,2595.5747,836.434333
Detached,1,H3,safe_unidirectional,best,2595.5747,2595.5747,836.434333
Detached,1,H3,hybrid_bidirectional,worst,2595.5747,2595.5747,836.434333
Detached,1,H3,hybrid_bidirectional,best,2595.5747,2595.5747,836.434333
Detached,1,H1,safe_unidirectional,worst,2542.8906,2542.8906,820.142078
Detached,1,H1,safe_unidirectional,best,2542.8906,2542.8906,820.142078
Detached,1,H1,hybrid_bidirectional,worst,2542.8906,2542.8906,820.142078
Detached,1,H1,hybrid_bidirectional,best,2542.8906,2542.8906,820.142078
Detached,1,H2,safe_unidirectional,worst,2542.8906,2542.8906,820.142078
Detached,1,H2,safe_unidirectional,best,2542.8906,2542.8906,820.142078
Detached,1,H2,hybrid_bidirectional,worst,2542.8906,2542.8906,820.142078
Detached,1,H2,hybrid_bidirectional,best,2542.8906,2542.8906,820.142078
Detached,1,H3,safe_unidirectional,worst,2542.8906,2542.8906,820.142078
Detached,1,H3,safe_unidirectional,best,2542.8906,2542.8906,820.142078
Detached,1,H3,hybrid_bidirectional,worst,2542.8906,2542.8906,820.142078
Detached,1,H3,hybrid_bidirectional,best,2542.8906,2542.8906,820.142078
Detached,1,H1,safe_unidirectional,worst,2793.5151,2793.5151,887.218213
Detached,1,H1,safe_unidirectional,best,2793.5151,2793.5151,887.218213
Detached,1,H1,hybrid_bidirectional,worst,2793.5151,2793.5151,887.218213
Detached,1,H1,hybrid_bidirectional,best,2793.5151,2793.5151,887.218213
Detached,1,H2,safe_unidirectional,worst,2793.5151,2793.5151,887.218213
Detached,1,H2,safe_unidirectional,best,2793.5151,2793.5151,887.218213
Detached,1,H2,hybrid_bidirectional,worst,2793.5151,2793.5151,887.218213
Detached,1,H2,hybrid_bidirectional,best,2793.5151,2793.5151,887.218213
Detached,1,H3,safe_unidirectional,worst,2793.5151,2793.5151,887.218213
Detached,1,H3,safe_unidirectional,best,2793.5151,2793.5151,887.218213
Detached,1,H3,hybrid_bidirectional,worst,2793.5151,2793.5151,887.218213
Detached,1,H3,hybrid_bidirectional,best,2793.5151,2793.5151,887.218213
Detached,1,H1,safe_unidirectional,worst,2624.8508,2624.8508,843.46472
Detached,1,H1,safe_unidirectional,best,2624.8508,2624.8508,843.46472
Detached,1,H1,hybrid_bidirectional,worst,2624.8508,2624.8508,843.46472
Detached,1,H1,hybrid_bidirectional,best,2624.8508,2624.8508,843.46472
Detached,1,H2,safe_unidirectional,worst,2624.8508,2624.8508,843.46472
Detached,1,H2,safe_unidirectional,best,2624.8508,2624.8508,843.46472
Detached,1,H2,hybrid_bidirectional,worst,2624.8508,2624.8508,843.46472
Detached,1,H2,hybrid_bidirectional,best,2624.8508,2624.8508,843.46472
Detached,1,H3,safe_unidirectional,worst,2624.8508,2624.8508,843.46472
Detached,1,H3,safe_unidirectional,best,2624.8508,2624.8508,843.46472
Detached,1,H3,hybrid_bidirectional,worst,2624.8508,2624.8508,843.46472
Detached,1,H3,hybrid_bidirectional,best,2624.8508,2624.8508,843.46472
Detached,1,H1,safe_unidirectional,worst,2684.6568,2684.6568,860.633648
Detached,1,H1,safe_unidirectional,best,2684.6568,2684.6568,860.633648
Detached,1,H1,hybrid_bidirectional,worst,2684.6568,2684.6568,860.633648
Detached,1,H1,hybrid_bidirectional,best,2684.6568,2684.6568,860.633648
Detached,1,H2,safe_unidirectional,worst,2684.6568,2684.6568,860.633648
Detached,1,H2,safe_unidirectional,best,2684.6568,2684.6568,860.633648
Detached,1,H2,hybrid_bidirectional,worst,2684.6568,2684.6568,860.633648
Detached,1,H2,hybrid_bidirectional,best,2684.6568,2684.6568,860.633648
Detached,1,H3,safe_unidirectional,worst,2684.6568,2684.6568,860.633648
Detached,1,H3,safe_unidirectional,best,2684.6568,2684.6568,860.633648
Detached,1,H3,hybrid_bidirectional,worst,2684.6568,2684.6568,860.633648
Detached,1,H3,hybrid_bidirectional,best,2684.6568,2684.6568,860.633648
Detached,1,H1,safe_unidirectional,worst,2570.2705,2570.2705,831.347979
Detached,1,H1,safe_unidirectional,best,2570.2705,2570.2705,831.347979
Detached,1,H1,hybrid_bidirectional,worst,2570.2705,2570.2705,831.347979
Detached,1,H1,hybrid_bidirectional,best,2570.2705,2570.2705,831.347979
Detached,1,H2,safe_unidirectional,worst,2570.2705,2570.2705,831.347979
Detached,1,H2,safe_unidirectional,best,2570.2705,2570.2705,831.347979
Detached,1,H2,hybrid_bidirectional,worst,2570.2705,2570.2705,831.347979
Detached,1,H2,hybrid_bidirectional,best,2570.2705,2570.2705,831.347979
Detached,1,H3,safe_unidirectional,worst,2570.2705,2570.2705,831.347979
Detached,1,H3,safe_unidirectional,best,2570.2705,2570.2705,831.347979
Detached,1,H3,hybrid_bidirectional,worst,2570.2705,2570.2705,831.347979
Detached,1,H3,hybrid_bidirectional,best,2570.2705,2570.2705,831.347979
Detached,1,H1,safe_unidirectional,worst,2562.4973,2562.4973,824.699127
Detached,1,H1,safe_unidirectional,best,2562.4973,2562.4973,824.699127
Detached,1,H1,hybrid_bidirectional,worst,2562.4973,2562.4973,824.699127
Detached,1,H1,hybrid_bidirectional,best,2562.4973,2562.4973,824.699127
Detached,1,H2,safe_unidirectional,worst,2562.4973,2562.4973,824.699127
Detached,1,H2,safe_unidirectional,best,2562.4973,2562.4973,824.699127
Detached,1,H2,hybrid_bidirectional,worst,2562.4973,2562.4973,824.699127
Detached,1,H2,hybrid_bidirectional,best,2562.4973,2562.4973,824.699127
Detached,1,H3,safe_unidirectional,worst,2562.4973,2562.4973,824.699127
Detached,1,H3,safe_unidirectional,best,2562.4973,2562.4973,824.699127
Detached,1,H3,hybrid_bidirectional,worst,2562.4973,2562.4973,824.699127
Detached,1,H3,hybrid_bidirectional,best,2562.4973,2562.4973,824.699127
Detached,1,H1,safe_unidirectional,worst,2575.2648,2575.2648,836.181248
Detached,1,H1,safe_unidirectional,best,2575.2648,2575.2648,836.181248
Detached,1,H1,hybrid_bidirectional,worst,2575.2648,2575.2648,836.181248
Detached,1,H1,hybrid_bidirectional,best,2575.2648,2575.2648,836.181248
Detached,1,H2,safe_unidirectional,worst,2575.2648,2575.2648,836.181248
Detached,1,H2,safe_unidirectional,best,2575.2648,2575.2648,836.181248
Detached,1,H2,hybrid_bidirectional,worst,2575.2648,2575.2648,836.181248
Detached,1,H2,hybrid_bidirectional,best,2575.2648,2575.2648,836.181248
Detached,1,H3,safe_unidirectional,worst,2575.2648,2575.2648,836.181248
Detached,1,H3,safe_unidirectional,best,2575.2648,2575.2648,836.181248
Detached,1,H3,hybrid_bidirectional,worst,2575.2648,2575.2648,836.181248
Detached,1,H3,hybrid_bidirectional,best,2575.2648,2575.2648,836.181248
Detached,1,H1,safe_unidirectional,worst,2549.0398,2549.0398,813.915242
Detached,1,H1,safe_unidirectional,best,2549.0398,2549.0398,813.915242
Detached,1,H1,hybrid_bidirectional,worst,2549.0398,2549.0398,813.915242
Detached,1,H1,hybrid_bidirectional,best,2549.0398,2549.0398,813.915242
Detached,1,H2,safe_unidirectional,worst,2549.0398,2549.0398,813.915242
Detached,1,H2,safe_unidirectional,best,2549.0398,2549.0398,813.915242
Detached,1,H2,hybrid_bidirectional,worst,2549.0398,2549.0398,813.915242
Detached,1,H2,hybrid_bidirectional,best,2549.0398,2549.0398,813.915242
Detached,1,H3,safe_unidirectional,worst,2549.0398,2549.0398,813.915242
Detached,1,H3,safe_unidirectional,best,2549.0398,2549.0398,813.915242
Detached,1,H3,hybrid_bidirectional,worst,2549.0398,2549.0398,813.915242
Detached,1,H3,hybrid_bidirectional,best,2549.0398,2549.0398,813.915242
Detached,1,H1,safe_unidirectional,worst,2713.5462,2713.5462,871.387062
Detached,1,H1,safe_unidirectional,best,2713.5462,2713.5462,871.387062
Detached,1,H1,hybrid_bidirectional,worst,2713.5462,2713.5462,871.387062
Detached,1,H1,hybrid_bidirectional,best,2713.5462,2713.5462,871.387062
Detached,1,H2,safe_unidirectional,worst,2713.5462,2713.5462,871.387062
Detached,1,H2,safe_unidirectional,best,2713.5462,2713.5462,871.387062
Detached,1,H2,hybrid_bidirectional,worst,2713.5462,2713.5462,871.387062
Detached,1,H2,hybrid_bidirectional,best,2713.5462,2713.5462,871.387062
Detached,1,H3,safe_unidirectional,worst,2713.5462,2713.5462,871.387062
Detached,1,H3,safe_unidirectional,best,2713.5462,2713.5462,871.387062
Detached,1,H3,hybrid_bidirectional,worst,2713.5462,2713.5462,871.387062
Detached,1,H3,hybrid_bidirectional,best,2713.5462,2713.5462,871.387062
Detached,1,H1,safe_unidirectional,worst,2727.7039,2727.7039,877.579997
Detached,1,H1,safe_unidirectional,best,2727.7039,2727.7039,877.579997
Detached,1,H1,hybrid_bidirectional,worst,2727.7039,2727.7039,877.579997
Detached,1,H1,hybrid_bidirectional,best,2727.7039,2727.7039,877.579997
Detached,1,H2,safe_unidirectional,worst,2727.7039,2727.7039,877.579997
Detached,1,H2,safe_unidirectional,best,2727.7039,2727.7039,877.579997
Detached,1,H2,hybrid_bidirectional,worst,2727.7039,2727.7039,877.579997
Detached,1,H2,hybrid_bidirectional,best,2727.7039,2727.7039,877.579997
Detached,1,H3,safe_unidirectional,worst,2727.7039,2727.7039,877.579997
Detached,1,H3,safe_unidirectional,best,2727.7039,2727.7039,877.579997
Detached,1,H3,hybrid_bidirectional,worst,2727.7039,2727.7039,877.579997
Detached,1,H3,hybrid_bidirectional,best,2727.7039,2727.7039,877.579997
Detached,1,H1,safe_unidirectional,worst,2722.9343,2722.9343,871.525445
Detached,1,H1,safe_unidirectional,best,2722.9343,2722.9343,871.525445
Detached,1,H1,hybrid_bidirectional,worst,2722.9343,2722.9343,871.525445
Detached,1,H1,hybrid_bidirectional,best,2722.9343,2722.9343,871.525445
Detached,1,H2,safe_unidirectional,worst,2722.9343,2722.9343,871.525445
Detached,1,H2,safe_unidirectional,best,2722.9343,2722.9343,871.525445
Detached,1,H2,hybrid_bidirectional,worst,2722.9343,2722.9343,871.525445
Detached,1,H2,hybrid_bidirectional,best,2722.9343,2722.9343,871.525445
Detached,1,H3,safe_unidirectional,worst,2722.9343,2722.9343,871.525445
Detached,1,H3,safe_unidirectional,best,2722.9343,2722.9343,871.525445
Detached,1,H3,hybrid_bidirectional,worst,2722.9343,2722.9343,871.525445
Detached,1,H3,hybrid_bidirectional,best,2722.9343,2722.9343,871.525445
Detached,1,H1,safe_unidirectional,worst,2706.2147,2706.2147,861.172865
Detached,1,H1,safe_unidirectional,best,2706.2147,2706.2147,861.172865
Detached,1,H1,hybrid_bidirectional,worst,2706.2147,2706.2147,861.172865
Detached,1,H1,hybrid_bidirectional,best,2706.2147,2706.2147,861.172865
Detached,1,H2,safe_unidirectional,worst,2706.2147,2706.2147,861.172865
Detached,1,H2,safe_unidirectional,best,2706.2147,2706.2147,861.172865
Detached,1,H2,hybrid_bidirectional,worst,2706.2147,2706.2147,861.172865
Detached,1,H2,hybrid_bidirectional,best,2706.2147,2706.2147,861.172865
Detached,1,H3,safe_unidirectional,worst,2706.2147,2706.2147,861.172865
Detached,1,H3,safe_unidirectional,best,2706.2147,2706.2147,861.172865
Detached,1,H3,hybrid_bidirectional,worst,2706.2147,2706.2147,861.172865
Detached,1,H3,hybrid_bidirectional,best,2706.2147,2706.2147,861.172865
Detached,1,H1,safe_unidirectional,worst,2567.7555,2567.7555,827.740501
Detached,1,H1,safe_unidirectional,best,2567.7555,2567.7555,827.740501
Detached,1,H1,hybrid_bidirectional,worst,2567.7555,2567.7555,827.740501
Detached,1,H1,hybrid_bidirectional,best,2567.7555,2567.7555,827.740501
Detached,1,H2,safe_unidirectional,worst,2567.7555,2567.7555,827.740501
Detached,1,H2,safe_unidirectional,best,2567.7555,2567.7555,827.740501
Detached,1,H2,hybrid_bidirectional,worst,2567.7555,2567.7555,827.740501
Detached,1,H2,hybrid_bidirectional,best,2567.7555,2567.7555,827.740501
Detached,1,H3,safe_unidirectional,worst,2567.7555,2567.7555,827.740501
Detached,1,H3,safe_unidirectional,best,2567.7555,2567.7555,827.740501
Detached,1,H3,hybrid_bidirectional,worst,2567.7555,2567.7555,827.740501
Detached,1,H3,hybrid_bidirectional,best,2567.7555,2567.7555,827.740501
Detached,1,H1,safe_unidirectional,worst,2646.5015,2646.5015,855.157849
Detached,1,H1,safe_unidirectional,best,2646.5015,2646.5015,855.157849
Detached,1,H1,hybrid_bidirectional,worst,2646.5015,2646.5015,855.157849
Detached,1,H1,hybrid_bidirectional,best,2646.5015,2646.5015,855.157849
Detached,1,H2,safe_unidirectional,worst,2646.5015,2646.5015,855.157849
Detached,1,H2,safe_unidirectional,best,2646.5015,2646.5015,855.157849
Detached,1,H2,hybrid_bidirectional,worst,2646.5015,2646.5015,855.157849
Detached,1,H2,hybrid_bidirectional,best,2646.5015,2646.5015,855.157849
Detached,1,H3,safe_unidirectional,worst,2646.5015,2646.5015,855.157849
Detached,1,H3,safe_unidirectional,best,2646.5015,2646.5015,855.157849
Detached,1,H3,hybrid_bidirectional,worst,2646.5015,2646.5015,855.157849
Detached,1,H3,hybrid_bidirectional,best,2646.5015,2646.5015,855.157849
Detached,1,H1,safe_unidirectional,worst,2610.1144,2610.1144,840.550508
Detached,1,H1,safe_unidirectional,best,2610.1144,2610.1144,840.550508
Detached,1,H1,hybrid_bidirectional,worst,2610.1144,2610.1144,840.550508
Detached,1,H1,hybrid_bidirectional,best,2610.1144,2610.1144,840.550508
Detached,1,H2,safe_unidirectional,worst,2610.1144,2610.1144,840.550508
Detached,1,H2,safe_unidirectional,best,2610.1144,2610.1144,840.550508
Detached,1,H2,hybrid_bidirectional,worst,2610.1144,2610.1144,840.550508
Detached,1,H2,hybrid_bidirectional,best,2610.1144,2610.1144,840.550508
Detached,1,H3,safe_unidirectional,worst,2610.1144,2610.1144,840.550508
Detached,1,H3,safe_unidirectional,best,2610.1144,2610.1144,840.550508
Detached,1,H3,hybrid_bidirectional,worst,2610.1144,2610.1144,840.550508
Detached,1,H3,hybrid_bidirectional,best,2610.1144,2610.1144,840.550508
Detached,1,H1,safe_unidirectional,worst,2758.1518,2758.1518,883.791734
Detached,1,H1,safe_unidirectional,best,2758.1518,2758.1518,883.791734
Detached,1,H1,hybrid_bidirectional,worst,2758.1518,2758.1518,883.791734
Detached,1,H1,hybrid_bidirectional,best,2758.1518,2758.1518,883.791734
Detached,1,H2,safe_unidirectional,worst,2758.1518,2758.1518,883.791734
Detached,1,H2,safe_unidirectional,best,2758.1518,2758.1518,883.791734
Detached,1,H2,hybrid_bidirectional,worst,2758.1518,2758.1518,883.791734
Detached,1,H2,hybrid_bidirectional,best,2758.1518,2758.1518,883.791734
Detached,1,H3,safe_unidirectional,worst,2758.1518,2758.1518,883.791734
Detached,1,H3,safe_unidirectional,best,2758.1518,2758.1518,883.791734
Detached,1,H3,hybrid_bidirectional,worst,2758.1518,2758.1518,883.791734
Detached,1,H3,hybrid_bidirectional,best,2758.1518,2758.1518,883.791734
Detached,1,H1,safe_unidirectional,worst,2565.6825,2565.6825,828.124759
Detached,1,H1,safe_unidirectional,best,2565.6825,2565.6825,828.124759
Detached,1,H1,hybrid_bidirectional,worst,2565.6825,2565.6825,828.124759
Detached,1,H1,hybrid_bidirectional,best,2565.6825,2565.6825,828.124759
Detached,1,H2,safe_unidirectional,worst,2565.6825,2565.6825,828.124759
Detached,1,H2,safe_unidirectional,best,2565.6825,2565.6825,828.124759
Detached,1,H2,hybrid_bidirectional,worst,2565.6825,2565.6825,828.124759
Detached,1,H2,hybrid_bidirectional,best,2565.6825,2565.6825,828.124759
Detached,1,H3,safe_unidirectional,worst,2565.6825,2565.6825,828.124759
Detached,1,H3,safe_unidirectional,best,2565.6825,2565.6825,828.124759
Detached,1,H3,hybrid_bidirectional,worst,2565.6825,2565.6825,828.124759
Detached,1,H3,hybrid_bidirectional,best,2565.6825,2565.6825,828.124759
Detached,1,H1,safe_unidirectional,worst,2554.4015,2554.4015,824.459181
Detached,1,H1,safe_unidirectional,best,2554.4015,2554.4015,824.459181
Detached,1,H1,hybrid_bidirectional,worst,2554.4015,2554.4015,824.459181
Detached,1,H1,hybrid_bidirectional,best,2554.4015,2554.4015,824.459181
Detached,1,H2,safe_unidirectional,worst,2554.4015,2554.4015,824.459181
Detached,1,H2,safe_unidirectional,best,2554.4015,2554.4015,824.459181
Detached,1,H2,hybrid_bidirectional,worst,2554.4015,2554.4015,824.459181
Detached,1,H2,hybrid_bidirectional,best,2554.4015,2554.4015,824.459181
Detached,1,H3,safe_unidirectional,worst,2554.4015,2554.4015,824.459181
Detached,1,H3,safe_unidirectional,best,2554.4015,2554.4015,824.459181
Detached,1,H3,hybrid_bidirectional,worst,2554.4015,2554.4015,824.459181
Detached,1,H3,hybrid_bidirectional,best,2554.4015,2554.4015,824.459181
Detached,1,H1,safe_unidirectional,worst,2494.4781,2494.4781,805.366051
Detached,1,H1,safe_unidirectional,best,2494.4781,2494.4781,805.366051
Detached,1,H1,hybrid_bidirectional,worst,2494.4781,2494.4781,805.366051
Detached,1,H1,hybrid_bidirectional,best,2494.4781,2494.4781,805.366051
Detached,1,H2,safe_unidirectional,worst,2494.4781,2494.4781,805.366051
Detached,1,H2,safe_unidirectional,best,2494.4781,2494.4781,805.366051
Detached,1,H2,hybrid_bidirectional,worst,2494.4781,2494.4781,805.366051
Detached,1,H2,hybrid_bidirectional,best,2494.4781,2494.4781,805.366051
Detached,1,H3,safe_unidirectional,worst,2494.4781,2494.4781,805.366051
Detached,1,H3,safe_unidirectional,best,2494.4781,2494.4781,805.366051
Detached,1,H3,hybrid_bidirectional,worst,2494.4781,2494.4781,805.366051
Detached,1,H3,hybrid_bidirectional,best,2494.4781,2494.4781,805.366051
Detached,1,H1,safe_unidirectional,worst,2568.2471,2568.2471,827.323273
Detached,1,H1,safe_unidirectional,best,2568.2471,2568.2471,827.323273
Detached,1,H1,hybrid_bidirectional,worst,2568.2471,2568.2471,827.323273
Detached,1,H1,hybrid_bidirectional,best,2568.2471,2568.2471,827.323273
Detached,1,H2,safe_unidirectional,worst,2568.2471,2568.2471,827.323273
Detached,1,H2,safe_unidirectional,best,2568.2471,2568.2471,827.323273
Detached,1,H2,hybrid_bidirectional,worst,2568.2471,2568.2471,827.323273
Detached,1,H2,hybrid_bidirectional,best,2568.2471,2568.2471,827.323273
Detached,1,H3,safe_unidirectional,worst,2568.2471,2568.2471,827.323273
Detached,1,H3,safe_unidirectional,best,2568.2471,2568.2471,827.323273
Detached,1,H3,hybrid_bidirectional,worst,2568.2471,2568.2471,827.323273
Detached,1,H3,hybrid_bidirectional,best,2568.2471,2568.2471,827.323273
Detached,1,H1,safe_unidirectional,worst,2555.2332,2555.2332,829.96438
Detached,1,H1,safe_unidirectional,best,2555.2332,2555.2332,829.96438
Detached,1,H1,hybrid_bidirectional,worst,2555.2332,2555.2332,829.96438
Detached,1,H1,hybrid_bidirectional,best,2555.2332,2555.2332,829.96438
Detached,1,H2,safe_unidirectional,worst,2555.2332,2555.2332,829.96438
Detached,1,H2,safe_unidirectional,best,2555.2332,2555.2332,829.96438
Detached,1,H2,hybrid_bidirectional,worst,2555.2332,2555.2332,829.96438
Detached,1,H2,hybrid_bidirectional,best,2555.2332,2555.2332,829.96438
Detached,1,H3,safe_unidirectional,worst,2555.2332,2555.2332,829.96438
Detached,1,H3,safe_unidirectional,best,2555.2332,2555.2332,829.96438
Detached,1,H3,hybrid_bidirectional,worst,2555.2332,2555.2332,829.96438
Detached,1,H3,hybrid_bidirectional,best,2555.2332,2555.2332,829.96438
Detached,1,H1,safe_unidirectional,worst,2662.0665,2662.0665,853.188343
Detached,1,H1,safe_unidirectional,best,2662.0665,2662.0665,853.188343
Detached,1,H1,hybrid_bidirectional,worst,2662.0665,2662.0665,853.188343
Detached,1,H1,hybrid_bidirectional,best,2662.0665,2662.0665,853.188343
Detached,1,H2,safe_unidirectional,worst,2662.0665,2662.0665,853.188343
Detached,1,H2,safe_unidirectional,best,2662.0665,2662.0665,853.188343
Detached,1,H2,hybrid_bidirectional,worst,2662.0665,2662.0665,853.188343
Detached,1,H2,hybrid_bidirectional,best,2662.0665,2662.0665,853.188343
Detached,1,H3,safe_unidirectional,worst,2662.0665,2662.0665,853.188343
Detached,1,H3,safe_unidirectional,best,2662.0665,2662.0665,853.188343
Detached,1,H3,hybrid_bidirectional,worst,2662.0665,2662.0665,853.188343
Detached,1,H3,hybrid_bidirectional,best,2662.0665,2662.0665,853.188343
Detached,1,H1,safe_unidirectional,worst,2612.3187,2612.3187,841.723141
Detached,1,H1,safe_unidirectional,best,2612.3187,2612.3187,841.723141
Detached,1,H1,hybrid_bidirectional,worst,2612.3187,2612.3187,841.723141
Detached,1,H1,hybrid_bidirectional,best,2612.3187,2612.3187,841.723141
Detached,1,H2,safe_unidirectional,worst,2612.3187,2612.3187,841.723141
Detached,1,H2,safe_unidirectional,best,2612.3187,2612.3187,841.723141
Detached,1,H2,hybrid_bidirectional,worst,2612.3187,2612.3187,841.723141
Detached,1,H2,hybrid_bidirectional,best,2612.3187,2612.3187,841.723141
Detached,1,H3,safe_unidirectional,worst,2612.3187,2612.3187,841.723141
Detached,1,H3,safe_unidirectional,best,2612.3187,2612.3187,841.723141
Detached,1,H3,hybrid_bidirectional,worst,2612.3187,2612.3187,841.723141
Detached,1,H3,hybrid_bidirectional,best,2612.3187,2612.3187,841.723141
Detached,1,H1,safe_unidirectional,worst,2556.7553,2556.7553,830.612083
Detached,1,H1,safe_unidirectional,best,2556.7553,2556.7553,830.612083
Detached,1,H1,hybrid_bidirectional,worst,2556.7553,2556.7553,830.612083
Detached,1,H1,hybrid_bidirectional,best,2556.7553,2556.7553,830.612083
Detached,1,H2,safe_unidirectional,worst,2556.7553,2556.7553,830.612083
Detached,1,H2,safe_unidirectional,best,2556.7553,2556.7553,830.612083
Detached,1,H2,hybrid_bidirectional,worst,2556.7553,2556.7553,830.612083
Detached,1,H2,hybrid_bidirectional,best,2556.7553,2556.7553,830.612083
Detached,1,H3,safe_unidirectional,worst,2556.7553,2556.7553,830.612083
Detached,1,H3,safe_unidirectional,best,2556.7553,2556.7553,830.612083
Detached,1,H3,hybrid_bidirectional,worst,2556.7553,2556.7553,830.612083
Detached,1,H3,hybrid_bidirectional,best,2556.7553,2556.7553,830.612083
Detached,1,H1,safe_unidirectional,worst,2681.5032,2681.5032,865.914364
Detached,1,H1,safe_unidirectional,best,2681.5032,2681.5032,865.914364
Detached,1,H1,hybrid_bidirectional,worst,2681.5032,2681.5032,865.914364
Detached,1,H1,hybrid_bidirectional,best,2681.5032,2681.5032,865.914364
Detached,1,H2,safe_unidirectional,worst,2681.5032,2681.5032,865.914364
Detached,1,H2,safe_unidirectional,best,2681.5032,2681.5032,865.914364
Detached,1,H2,hybrid_bidirectional,worst,2681.5032,2681.5032,865.914364
Detached,1,H2,hybrid_bidirectional,best,2681.5032,2681.5032,865.914364
Detached,1,H3,safe_unidirectional,worst,2681.5032,2681.5032,865.914364
Detached,1,H3,safe_unidirectional,best,2681.5032,2681.5032,865.914364
Detached,1,H3,hybrid_bidirectional,worst,2681.5032,2681.5032,865.914364
Detached,1,H3,hybrid_bidirectional,best,2681.5032,2681.5032,865.914364
Detached,1,H1,safe_unidirectional,worst,2594.021,2594.021,835.38077
Detached,1,H1,safe_unidirectional,best,2594.021,2594.021,835.38077
Detached,1,H1,hybrid_bidirectional,worst,2594.021,2594.021,835.38077
Detached,1,H1,hybrid_bidirectional,best,2594.021,2594.021,835.38077
Detached,1,H2,safe_unidirectional,worst,2594.021,2594.021,835.38077
Detached,1,H2,safe_unidirectional,best,2594.021,2594.021,835.38077
Detached,1,H2,hybrid_bidirectional,worst,2594.021,2594.021,835.38077
Detached,1,H2,hybrid_bidirectional,best,2594.021,2594.021,835.38077
Detached,1,H3,safe_unidirectional,worst,2594.021,2594.021,835.38077
Detached,1,H3,safe_unidirectional,best,2594.021,2594.021,835.38077
Detached,1,H3,hybrid_bidirectional,worst,2594.021,2594.021,835.38077
Detached,1,H3,hybrid_bidirectional,best,2594.021,2594.021,835.38077
Detached,1,H1,safe_unidirectional,worst,2582.3903,2582.3903,843.229345
Detached,1,H1,safe_unidirectional,best,2582.3903,2582.3903,843.229345
Detached,1,H1,hybrid_bidirectional,worst,2582.3903,2582.3903,843.229345
Detached,1,H1,hybrid_bidirectional,best,2582.3903,2582.3903,843.229345
Detached,1,H2,safe_unidirectional,worst,2582.3903,2582.3903,843.229345
Detached,1,H2,safe_unidirectional,best,2582.3903,2582.3903,843.229345
Detached,1,H2,hybrid_bidirectional,worst,2582.3903,2582.3903,843.229345
Detached,1,H2,hybrid_bidirectional,best,2582.3903,2582.3903,843.229345
Detached,1,H3,safe_unidirectional,worst,2582.3903,2582.3903,843.229345
Detached,1,H3,safe_unidirectional,best,2582.3903,2582.3903,843.229345
Detached,1,H3,hybrid_bidirectional,worst,2582.3903,2582.3903,843.229345
Detached,1,H3,hybrid_bidirectional,best,2582.3903,2582.3903,843.229345
Detached,1,H1,safe_unidirectional,worst,2692.2071,2692.2071,868.251321
Detached,1,H1,safe_unidirectional,best,2692.2071,2692.2071,868.251321
Detached,1,H1,hybrid_bidirectional,worst,2692.2071,2692.2071,868.251321
Detached,1,H1,hybrid_bidirectional,best,2692.2071,2692.2071,868.251321
Detached,1,H2,safe_unidirectional,worst,2692.2071,2692.2071,868.251321
Detached,1,H2,safe_unidirectional,best,2692.2071,2692.2071,868.251321
Detached,1,H2,hybrid_bidirectional,worst,2692.2071,2692.2071,868.251321
Detached,1,H2,hybrid_bidirectional,best,2692.2071,2692.2071,868.251321
Detached,1,H3,safe_unidirectional,worst,2692.2071,2692.2071,868.251321
Detached,1,H3,safe_unidirectional,best,2692.2071,2692.2071,868.251321
Detached,1,H3,hybrid_bidirectional,worst,2692.2071,2692.2071,868.251321
Detached,1,H3,hybrid_bidirectional,best,2692.2071,2692.2071,868.251321
Detached,1,H1,safe_unidirectional,worst,2688.6012,2688.6012,859.897052
Detached,1,H1,safe_unidirectional,best,2688.6012,2688.6012,859.897052
Detached,1,H1,hybrid_bidirectional,worst,2688.6012,2688.6012,859.897052
Detached,1,H1,hybrid_bidirectional,best,2688.6012,2688.6012,859.897052
Detached,1,H2,safe_unidirectional,worst,2688.6012,2688.6012,859.897052
Detached,1,H2,safe_unidirectional,best,2688.6012,2688.6012,859.897052
Detached,1,H2,hybrid_bidirectional,worst,2688.6012,2688.6012,859.897052
Detached,1,H2,hybrid_bidirectional,best,2688.6012,2688.6012,859.897052
Detached,1,H3,safe_unidirectional,worst,2688.6012,2688.6012,859.897052
Detached,1,H3,safe_unidirectional,best,2688.6012,2688.6012,859.897052
Detached,1,H3,hybrid_bidirectional,worst,2688.6012,2688.6012,859.897052
Detached,1,H3,hybrid_bidirectional,best,2688.6012,2688.6012,859.897052
Detached,1,H1,safe_unidirectional,worst,2690.4282,2690.4282,865.541502
Detached,1,H1,safe_unidirectional,best,2690.4282,2690.4282,865.541502
Detached,1,H1,hybrid_bidirectional,worst,2690.4282,2690.4282,865.541502
Detached,1,H1,hybrid_bidirectional,best,2690.4282,2690.4282,865.541502
Detached,1,H2,safe_unidirectional,worst,2690.4282,2690.4282,865.541502
Detached,1,H2,safe_unidirectional,best,2690.4282,2690.4282,865.541502
Detached,1,H2,hybrid_bidirectional,worst,2690.4282,2690.4282,865.541502
Detached,1,H2,hybrid_bidirectional,best,2690.4282,2690.4282,865.541502
Detached,1,H3,safe_unidirectional,worst,2690.4282,2690.4282,865.541502
Detached,1,H3,safe_unidirectional,best,2690.4282,2690.4282,865.541502
Detached,1,H3,hybrid_bidirectional,worst,2690.4282,2690.4282,865.541502
Detached,1,H3,hybrid_bidirectional,best,2690.4282,2690.4282,865.541502
Detached,1,H1,safe_unidirectional,worst,2681.49,2681.49,865.928476
Detached,1,H1,safe_unidirectional,best,2681.49,2681.49,865.928476
Detached,1,H1,hybrid_bidirectional,worst,2681.49,2681.49,865.928476
Detached,1,H1,hybrid_bidirectional,best,2681.49,2681.49,865.928476
Detached,1,H2,safe_unidirectional,worst,2681.49,2681.49,865.928476
Detached,1,H2,safe_unidirectional,best,2681.49,2681.49,865.928476
Detached,1,H2,hybrid_bidirectional,worst,2681.49,2681.49,865.928476
Detached,1,H2,hybrid_bidirectional,best,2681.49,2681.49,865.928476
Detached,1,H3,safe_unidirectional,worst,2681.49,2681.49,865.928476
Detached,1,H3,safe_unidirectional,best,2681.49,2681.49,865.928476
Detached,1,H3,hybrid_bidirectional,worst,2681.49,2681.49,865.928476
Detached,1,H3,hybrid_bidirectional,best,2681.49,2681.49,865.928476
Detached,1,H1,safe_unidirectional,worst,2685.6647,2685.6647,865.549741
Detached,1,H1,safe_unidirectional,best,2685.6647,2685.6647,865.549741
Detached,1,H1,hybrid_bidirectional,worst,2685.6647,2685.6647,865.549741
Detached,1,H1,hybrid_bidirectional,best,2685.6647,2685.6647,865.549741
Detached,1,H2,safe_unidirectional,worst,2685.6647,2685.6647,865.549741
Detached,1,H2,safe_unidirectional,best,2685.6647,2685.6647,865.549741
Detached,1,H2,hybrid_bidirectional,worst,2685.6647,2685.6647,865.549741
Detached,1,H2,hybrid_bidirectional,best,2685.6647,2685.6647,865.549741
Detached,1,H3,safe_unidirectional,worst,2685.6647,2685.6647,865.549741
Detached,1,H3,safe_unidirectional,best,2685.6647,2685.6647,865.549741
Detached,1,H3,hybrid_bidirectional,worst,2685.6647,2685.6647,865.549741
Detached,1,H3,hybrid_bidirectional,best,2685.6647,2685.6647,865.549741
Detached,1,H1,safe_unidirectional,worst,2464.8512,2464.8512,786.938012
Detached,1,H1,safe_unidirectional,best,2464.8512,2464.8512,786.938012
Detached,1,H1,hybrid_bidirectional,worst,2464.8512,2464.8512,786.938012
Detached,1,H1,hybrid_bidirectional,best,2464.8512,2464.8512,786.938012
Detached,1,H2,safe_unidirectional,worst,2464.8512,2464.8512,786.938012
Detached,1,H2,safe_unidirectional,best,2464.8512,2464.8512,786.938012
Detached,1,H2,hybrid_bidirectional,worst,2464.8512,2464.8512,786.938012
Detached,1,H2,hybrid_bidirectional,best,2464.8512,2464.8512,786.938012
Detached,1,H3,safe_unidirectional,worst,2464.8512,2464.8512,786.938012
Detached,1,H3,safe_unidirectional,best,2464.8512,2464.8512,786.938012
Detached,1,H3,hybrid_bidirectional,worst,2464.8512,2464.8512,786.938012
Detached,1,H3,hybrid_bidirectional,best,2464.8512,2464.8512,786.938012
Detached,1,H1,safe_unidirectional,worst,2579.6981,2579.6981,826.109039
Detached,1,H1,safe_unidirectional,best,2579.6981,2579.6981,826.109039
Detached,1,H1,hybrid_bidirectional,worst,2579.6981,2579.6981,826.109039
Detached,1,H1,hybrid_bidirectional,best,2579.6981,2579.6981,826.109039
Detached,1,H2,safe_unidirectional,worst,2579.6981,2579.6981,826.109039
Detached,1,H2,safe_unidirectional,best,2579.6981,2579.6981,826.109039
Detached,1,H2,hybrid_bidirectional,worst,2579.6981,2579.6981,826.109039
Detached,1,H2,hybrid_bidirectional,best,2579.6981,2579.6981,826.109039
Detached,1,H3,safe_unidirectional,worst,2579.6981,2579.6981,826.109039
Detached,1,H3,safe_unidirectional,best,2579.6981,2579.6981,826.109039
Detached,1,H3,hybrid_bidirectional,worst,2579.6981,2579.6981,826.109039
Detached,1,H3,hybrid_bidirectional,best,2579.6981,2579.6981,826.109039
Detached,1,H1,safe_unidirectional,worst,2564.3665,2564.3665,826.945203
Detached,1,H1,safe_unidirectional,best,2564.3665,2564.3665,826.945203
Detached,1,H1,hybrid_bidirectional,worst,2564.3665,2564.3665,826.945203
Detached,1,H1,hybrid_bidirectional,best,2564.3665,2564.3665,826.945203
Detached,1,H2,safe_unidirectional,worst,2564.3665,2564.3665,826.945203
Detached,1,H2,safe_unidirectional,best,2564.3665,2564.3665,826.945203
Detached,1,H2,hybrid_bidirectional,worst,2564.3665,2564.3665,826.945203
Detached,1,H2,hybrid_bidirectional,best,2564.3665,2564.3665,826.945203
Detached,1,H3,safe_unidirectional,worst,2564.3665,2564.3665,826.945203
Detached,1,H3,safe_unidirectional,best,2564.3665,2564.3665,826.945203
Detached,1,H3,hybrid_bidirectional,worst,2564.3665,2564.3665,826.945203
Detached,1,H3,hybrid_bidirectional,best,2564.3665,2564.3665,826.945203
Detached,1,H1,safe_unidirectional,worst,2471.3968,2471.3968,801.053288
Detached,1,H1,safe_unidirectional,best,2471.3968,2471.3968,801.053288
Detached,1,H1,hybrid_bidirectional,worst,2471.3968,2471.3968,801.053288
Detached,1,H1,hybrid_bidirectional,best,2471.3968,2471.3968,801.053288
Detached,1,H2,safe_unidirectional,worst,2471.3968,2471.3968,801.053288
Detached,1,H2,safe_unidirectional,best,2471.3968,2471.3968,801.053288
Detached,1,H2,hybrid_bidirectional,worst,2471.3968,2471.3968,801.053288
Detached,1,H2,hybrid_bidirectional,best,2471.3968,2471.3968,801.053288
Detached,1,H3,safe_unidirectional,worst,2471.3968,2471.3968,801.053288
Detached,1,H3,safe_unidirectional,best,2471.3968,2471.3968,801.053288
Detached,1,H3,hybrid_bidirectional,worst,2471.3968,2471.3968,801.053288
Detached,1,H3,hybrid_bidirectional,best,2471.3968,2471.3968,801.053288
Detached,1,H1,safe_unidirectional,worst,2645.7346,2645.7346,848.696422
Detached,1,H1,safe_unidirectional,best,2645.7346,2645.7346,848.696422
Detached,1,H1,hybrid_bidirectional,worst,2645.7346,2645.7346,848.696422
Detached,1,H1,hybrid_bidirectional,best,2645.7346,2645.7346,848.696422
Detached,1,H2,safe_unidirectional,worst,2645.7346,2645.7346,848.696422
Detached,1,H2,safe_unidirectional,best,2645.7346,2645.7346,848.696422
Detached,1,H2,hybrid_bidirectional,worst,2645.7346,2645.7346,848.696422
Detached,1,H2,hybrid_bidirectional,best,2645.7346,2645.7346,848.696422
Detached,1,H3,safe_unidirectional,worst,2645.7346,2645.7346,848.696422
Detached,1,H3,safe_unidirectional,best,2645.7346,2645.7346,848.696422
Detached,1,H3,hybrid_bidirectional,worst,2645.7346,2645.7346,848.696422
Detached,1,H3,hybrid_bidirectional,best,2645.7346,2645.7346,848.696422
Detached,1,H1,safe_unidirectional,worst,2644.7362,2644.7362,851.659746
Detached,1,H1,safe_unidirectional,best,2644.7362,2644.7362,851.659746
Detached,1,H1,hybrid_bidirectional,worst,2644.7362,2644.7362,851.659746
Detached,1,H1,hybrid_bidirectional,best,2644.7362,2644.7362,851.659746
Detached,1,H2,safe_unidirectional,worst,2644.7362,2644.7362,851.659746
Detached,1,H2,safe_unidirectional,best,2644.7362,2644.7362,851.659746
Detached,1,H2,hybrid_bidirectional,worst,2644.7362,2644.7362,851.659746
Detached,1,H2,hybrid_bidirectional,best,2644.7362,2644.7362,851.659746
Detached,1,H3,safe_unidirectional,worst,2644.7362,2644.7362,851.659746
Detached,1,H3,safe_unidirectional,best,2644.7362,2644.7362,851.659746
Detached,1,H3,hybrid_bidirectional,worst,2644.7362,2644.7362,851.659746
Detached,1,H3,hybrid_bidirectional,best,2644.7362,2644.7362,851.659746
Detached,1,H1,safe_unidirectional,worst,2539.4602,2539.4602,810.653046
Detached,1,H1,safe_unidirectional,best,2539.4602,2539.4602,810.653046
Detached,1,H1,hybrid_bidirectional,worst,2539.4602,2539.4602,810.653046
Detached,1,H1,hybrid_bidirectional,best,2539.4602,2539.4602,810.653046
Detached,1,H2,safe_unidirectional,worst,2539.4602,2539.4602,810.653046
Detached,1,H2,safe_unidirectional,best,2539.4602,2539.4602,810.653046
Detached,1,H2,hybrid_bidirectional,worst,2539.4602,2539.4602,810.653046
Detached,1,H2,hybrid_bidirectional,best,2539.4602,2539.4602,810.653046
Detached,1,H3,safe_unidirectional,worst,2539.4602,2539.4602,810.653046
Detached,1,H3,safe_unidirectional,best,2539.4602,2539.4602,810.653046
Detached,1,H3,hybrid_bidirectional,worst,2539.4602,2539.4602,810.653046
Detached,1,H3,hybrid_bidirectional,best,2539.4602,2539.4602,810.653046
Detached,1,H1,safe_unidirectional,worst,2638.546,2638.546,852.584012
Detached,1,H1,safe_unidirectional,best,2638.546,2638.546,852.584012
Detached,1,H1,hybrid_bidirectional,worst,2638.546,2638.546,852.584012
Detached,1,H1,hybrid_bidirectional,best,2638.546,2638.546,852.584012
Detached,1,H2,safe_unidirectional,worst,2638.546,2638.546,852.584012
Detached,1,H2,safe_unidirectional,best,2638.546,2638.546,852.584012
Detached,1,H2,hybrid_bidirectional,worst,2638.546,2638.546,852.584012
Detached,1,H2,hybrid_bidirectional,best,2638.546,2638.546,852.584012
Detached,1,H3,safe_unidirectional,worst,2638.546,2638.546,852.584012
Detached,1,H3,safe_unidirectional,best,2638.546,2638.546,852.584012
Detached,1,H3,hybrid_bidirectional,worst,2638.546,2638.546,852.584012
Detached,1,H3,hybrid_bidirectional,best,2638.546,2638.546,852.584012
Detached,1,H1,safe_unidirectional,worst,2682.5231,2682.5231,860.595589
Detached,1,H1,safe_unidirectional,best,2682.5231,2682.5231,860.595589
Detached,1,H1,hybrid_bidirectional,worst,2682.5231,2682.5231,860.595589
Detached,1,H1,hybrid_bidirectional,best,2682.5231,2682.5231,860.595589
Detached,1,H2,safe_unidirectional,worst,2682.5231,2682.5231,860.595589
Detached,1,H2,safe_unidirectional,best,2682.5231,2682.5231,860.595589
Detached,1,H2,hybrid_bidirectional,worst,2682.5231,2682.5231,860.595589
Detached,1,H2,hybrid_bidirectional,best,2682.5231,2682.5231,860.595589
Detached,1,H3,safe_unidirectional,worst,2682.5231,2682.5231,860.595589
Detached,1,H3,safe_unidirectional,best,2682.5231,2682.5231,860.595589
Detached,1,H3,hybrid_bidirectional,worst,2682.5231,2682.5231,860.595589
Detached,1,H3,hybrid_bidirectional,best,2682.5231,2682.5231,860.595589
Detached,1,H1,safe_unidirectional,worst,2601.5798,2601.5798,838.297362
Detached,1,H1,safe_unidirectional,best,2601.5798,2601.5798,838.297362
Detached,1,H1,hybrid_bidirectional,worst,2601.5798,2601.5798,838.297362
Detached,1,H1,hybrid_bidirectional,best,2601.5798,2601.5798,838.297362
Detached,1,H2,safe_unidirectional,worst,2601.5798,2601.5798,838.297362
Detached,1,H2,safe_unidirectional,best,2601.5798,2601.5798,838.297362
Detached,1,H2,hybrid_bidirectional,worst,2601.5798,2601.5798,838.297362
Detached,1,H2,hybrid_bidirectional,best,2601.5798,2601.5798,838.297362
Detached,1,H3,safe_unidirectional,worst,2601.5798,2601.5798,838.297362
Detached,1,H3,safe_unidirectional,best,2601.5798,2601.5798,838.297362
Detached,1,H3,hybrid_bidirectional,worst,2601.5798,2601.5798,838.297362
Detached,1,H3,hybrid_bidirectional,best,2601.5798,2601.5798,838.297362
Detached,1,H1,safe_unidirectional,worst,2666.6717,2666.6717,853.677167
Detached,1,H1,safe_unidirectional,best,2666.6717,2666.6717,853.677167
Detached,1,H1,hybrid_bidirectional,worst,2666.6717,2666.6717,853.677167
Detached,1,H1,hybrid_bidirectional,best,2666.6717,2666.6717,853.677167
Detached,1,H2,safe_unidirectional,worst,2666.6717,2666.6717,853.677167
Detached,1,H2,safe_unidirectional,best,2666.6717,2666.6717,853.677167
Detached,1,H2,hybrid_bidirectional,worst,2666.6717,2666.6717,853.677167
Detached,1,H2,hybrid_bidirectional,best,2666.6717,2666.6717,853.677167
Detached,1,H3,safe_unidirectional,worst,2666.6717,2666.6717,853.677167
Detached,1,H3,safe_unidirectional,best,2666.6717,2666.6717,853.677167
Detached,1,H3,hybrid_bidirectional,worst,2666.6717,2666.6717,853.677167
Detached,1,H3,hybrid_bidirectional,best,2666.6717,2666.6717,853.677167
Detached,1,H1,safe_unidirectional,worst,2525.8946,2525.8946,814.749474
Detached,1,H1,safe_unidirectional,best,2525.8946,2525.8946,814.749474
Detached,1,H1,hybrid_bidirectional,worst,2525.8946,2525.8946,814.749474
Detached,1,H1,hybrid_bidirectional,best,2525.8946,2525.8946,814.749474
Detached,1,H2,safe_unidirectional,worst,2525.8946,2525.8946,814.749474
Detached,1,H2,safe_unidirectional,best,2525.8946,2525.8946,814.749474
Detached,1,H2,hybrid_bidirectional,worst,2525.8946,2525.8946,814.749474
Detached,1,H2,hybrid_bidirectional,best,2525.8946,2525.8946,814.749474
Detached,1,H3,safe_unidirectional,worst,2525.8946,2525.8946,814.749474
Detached,1,H3,safe_unidirectional,best,2525.8946,2525.8946,814.749474
Detached,1,H3,hybrid_bidirectional,worst,2525.8946,2525.8946,814.749474
Detached,1,H3,hybrid_bidirectional,best,2525.8946,2525.8946,814.749474
Detached,1,H1,safe_unidirectional,worst,2496.6975,2496.6975,805.799001
Detached,1,H1,safe_unidirectional,best,2496.6975,2496.6975,805.799001
Detached,1,H1,hybrid_bidirectional,worst,2496.6975,2496.6975,805.799001
Detached,1,H1,hybrid_bidirectional,best,2496.6975,2496.6975,805.799001
Detached,1,H2,safe_unidirectional,worst,2496.6975,2496.6975,805.799001
Detached,1,H2,safe_unidirectional,best,2496.6975,2496.6975,805.799001
Detached,1,H2,hybrid_bidirectional,worst,2496.6975,2496.6975,805.799001
Detached,1,H2,hybrid_bidirectional,best,2496.6975,2496.6975,805.799001
Detached,1,H3,safe_unidirectional,worst,2496.6975,2496.6975,805.799001
Detached,1,H3,safe_unidirectional,best,2496.6975,2496.6975,805.799001
Detached,1,H3,hybrid_bidirectional,worst,2496.6975,2496.6975,805.799001
Detached,1,H3,hybrid_bidirectional,best,2496.6975,2496.6975,805.799001
Detached,1,H1,safe_unidirectional,worst,2784.013,2784.013,895.304858
Detached,1,H1,safe_unidirectional,best,2784.013,2784.013,895.304858
Detached,1,H1,hybrid_bidirectional,worst,2784.013,2784.013,895.304858
Detached,1,H1,hybrid_bidirectional,best,2784.013,2784.013,895.304858
Detached,1,H2,safe_unidirectional,worst,2784.013,2784.013,895.304858
Detached,1,H2,safe_unidirectional,best,2784.013,2784.013,895.304858
Detached,1,H2,hybrid_bidirectional,worst,2784.013,2784.013,895.304858
Detached,1,H2,hybrid_bidirectional,best,2784.013,2784.013,895.304858
Detached,1,H3,safe_unidirectional,worst,2784.013,2784.013,895.304858
Detached,1,H3,safe_unidirectional,best,2784.013,2784.013,895.304858
Detached,1,H3,hybrid_bidirectional,worst,2784.013,2784.013,895.304858
Detached,1,H3,hybrid_bidirectional,best,2784.013,2784.013,895.304858
Detached,1,H1,safe_unidirectional,worst,2842.7737,2842.7737,904.566831
Detached,1,H1,safe_unidirectional,best,2842.7737,2842.7737,904.566831
Detached,1,H1,hybrid_bidirectional,worst,2842.7737,2842.7737,904.566831
Detached,1,H1,hybrid_bidirectional,best,2842.7737,2842.7737,904.566831
Detached,1,H2,safe_unidirectional,worst,2842.7737,2842.7737,904.566831
Detached,1,H2,safe_unidirectional,best,2842.7737,2842.7737,904.566831
Detached,1,H2,hybrid_bidirectional,worst,2842.7737,2842.7737,904.566831
Detached,1,H2,hybrid_bidirectional,best,2842.7737,2842.7737,904.566831
Detached,1,H3,safe_unidirectional,worst,2842.7737,2842.7737,904.566831
Detached,1,H3,safe_unidirectional,best,2842.7737,2842.7737,904.566831
Detached,1,H3,hybrid_bidirectional,worst,2842.7737,2842.7737,904.566831
Detached,1,H3,hybrid_bidirectional,best,2842.7737,2842.7737,904.566831
Detached,1,H1,safe_unidirectional,worst,2576.0345,2576.0345,823.870243
Detached,1,H1,safe_unidirectional,best,2576.0345,2576.0345,823.870243
Detached,1,H1,hybrid_bidirectional,worst,2576.0345,2576.0345,823.870243
Detached,1,H1,hybrid_bidirectional,best,2576.0345,2576.0345,823.870243
Detached,1,H2,safe_unidirectional,worst,2576.0345,2576.0345,823.870243
Detached,1,H2,safe_unidirectional,best,2576.0345,2576.0345,823.870243
Detached,1,H2,hybrid_bidirectional,worst,2576.0345,2576.0345,823.870243
Detached,1,H2,hybrid_bidirectional,best,2576.0345,2576.0345,823.870243
Detached,1,H3,safe_unidirectional,worst,2576.0345,2576.0345,823.870243
Detached,1,H3,safe_unidirectional,best,2576.0345,2576.0345,823.870243
Detached,1,H3,hybrid_bidirectional,worst,2576.0345,2576.0345,823.870243
Detached,1,H3,hybrid_bidirectional,best,2576.0345,2576.0345,823.870243
Detached,1,H1,safe_unidirectional,worst,2661.8808,2661.8808,864.58764
Detached,1,H1,safe_unidirectional,best,2661.8808,2661.8808,864.58764
Detached,1,H1,hybrid_bidirectional,worst,2661.8808,2661.8808,864.58764
Detached,1,H1,hybrid_bidirectional,best,2661.8808,2661.8808,864.58764
Detached,1,H2,safe_unidirectional,worst,2661.8808,2661.8808,864.58764
Detached,1,H2,safe_unidirectional,best,2661.8808,2661.8808,864.58764
Detached,1,H2,hybrid_bidirectional,worst,2661.8808,2661.8808,864.58764
Detached,1,H2,hybrid_bidirectional,best,2661.8808,2661.8808,864.58764
Detached,1,H3,safe_unidirectional,worst,2661.8808,2661.8808,864.58764
Detached,1,H3,safe_unidirectional,best,2661.8808,2661.8808,864.58764
Detached,1,H3,hybrid_bidirectional,worst,2661.8808,2661.8808,864.58764
Detached,1,H3,hybrid_bidirectional,best,2661.8808,2661.8808,864.58764
Detached,1,H1,safe_unidirectional,worst,2700.189,2700.189,871.903326
Detached,1,H1,safe_unidirectional,best,2700.189,2700.189,871.903326
Detached,1,H1,hybrid_bidirectional,worst,2700.189,2700.189,871.903326
Detached,1,H1,hybrid_bidirectional,best,2700.189,2700.189,871.903326
Detached,1,H2,safe_unidirectional,worst,2700.189,2700.189,871.903326
Detached,1,H2,safe_unidirectional,best,2700.189,2700.189,871.903326
Detached,1,H2,hybrid_bidirectional,worst,2700.189,2700.189,871.903326
Detached,1,H2,hybrid_bidirectional,best,2700.189,2700.189,871.903326
Detached,1,H3,safe_unidirectional,worst,2700.189,2700.189,871.903326
Detached,1,H3,safe_unidirectional,best,2700.189,2700.189,871.903326
Detached,1,H3,hybrid_bidirectional,worst,2700.189,2700.189,871.903326
Detached,1,H3,hybrid_bidirectional,best,2700.189,2700.189,871.903326
Detached,1,H1,safe_unidirectional,worst,2690.1408,2690.1408,868.265412
Detached,1,H1,safe_unidirectional,best,2690.1408,2690.1408,868.265412
Detached,1,H1,hybrid_bidirectional,worst,2690.1408,2690.1408,868.265412
Detached,1,H1,hybrid_bidirectional,best,2690.1408,2690.1408,868.265412
Detached,1,H2,safe_unidirectional,worst,2690.1408,2690.1408,868.265412
Detached,1,H2,safe_unidirectional,best,2690.1408,2690.1408,868.265412
Detached,1,H2,hybrid_bidirectional,worst,2690.1408,2690.1408,868.265412
Detached,1,H2,hybrid_bidirectional,best,2690.1408,2690.1408,868.265412
Detached,1,H3,safe_unidirectional,worst,2690.1408,2690.1408,868.265412
Detached,1,H3,safe_unidirectional,best,2690.1408,2690.1408,868.265412
Detached,1,H3,hybrid_bidirectional,worst,2690.1408,2690.1408,868.265412
Detached,1,H3,hybrid_bidirectional,best,2690.1408,2690.1408,868.265412
Detached,1,H1,safe_unidirectional,worst,2815.7219,2815.7219,900.339909
Detached,1,H1,safe_unidirectional,best,2815.7219,2815.7219,900.339909
Detached,1,H1,hybrid_bidirectional,worst,2815.7219,2815.7219,900.339909
Detached,1,H1,hybrid_bidirectional,best,2815.7219,2815.7219,900.339909
Detached,1,H2,safe_unidirectional,worst,2815.7219,2815.7219,900.339909
Detached,1,H2,safe_unidirectional,best,2815.7219,2815.7219,900.339909
Detached,1,H2,hybrid_bidirectional,worst,2815.7219,2815.7219,900.339909
Detached,1,H2,hybrid_bidirectional,best,2815.7219,2815.7219,900.339909
Detached,1,H3,safe_unidirectional,worst,2815.7219,2815.7219,900.339909
Detached,1,H3,safe_unidirectional,best,2815.7219,2815.7219,900.339909
Detached,1,H3,hybrid_bidirectional,worst,2815.7219,2815.7219,900.339909
Detached,1,H3,hybrid_bidirectional,best,2815.7219,2815.7219,900.339909
Detached,1,H1,safe_unidirectional,worst,2481.7551,2481.7551,792.493457
Detached,1,H1,safe_unidirectional,best,2481.7551,2481.7551,792.493457
Detached,1,H1,hybrid_bidirectional,worst,2481.7551,2481.7551,792.493457
Detached,1,H1,hybrid_bidirectional,best,2481.7551,2481.7551,792.493457
Detached,1,H2,safe_unidirectional,worst,2481.7551,2481.7551,792.493457
Detached,1,H2,safe_unidirectional,best,2481.7551,2481.7551,792.493457
Detached,1,H2,hybrid_bidirectional,worst,2481.7551,2481.7551,792.493457
Detached,1,H2,hybrid_bidirectional,best,2481.7551,2481.7551,792.493457
Detached,1,H3,safe_unidirectional,worst,2481.7551,2481.7551,792.493457
Detached,1,H3,safe_unidirectional,best,2481.7551,2481.7551,792.493457
Detached,1,H3,hybrid_bidirectional,worst,2481.7551,2481.7551,792.493457
Detached,1,H3,hybrid_bidirectional,best,2481.7551,2481.7551,792.493457
Detached,1,H1,safe_unidirectional,worst,2705.3642,2705.3642,873.167022
Detached,1,H1,safe_unidirectional,best,2705.3642,2705.3642,873.167022
Detached,1,H1,hybrid_bidirectional,worst,2705.3642,2705.3642,873.167022
Detached,1,H1,hybrid_bidirectional,best,2705.3642,2705.3642,873.167022
Detached,1,H2,safe_unidirectional,worst,2705.3642,2705.3642,873.167022
Detached,1,H2,safe_unidirectional,best,2705.3642,2705.3642,873.167022
Detached,1,H2,hybrid_bidirectional,worst,2705.3642,2705.3642,873.167022
Detached,1,H2,hybrid_bidirectional,best,2705.3642,2705.3642,873.167022
Detached,1,H3,safe_unidirectional,worst,2705.3642,2705.3642,873.167022
Detached,1,H3,safe_unidirectional,best,2705.3642,2705.3642,873.167022
Detached,1,H3,hybrid_bidirectional,worst,2705.3642,2705.3642,873.167022
Detached,1,H3,hybrid_bidirectional,best,2705.3642,2705.3642,873.167022
Detached,1,H1,safe_unidirectional,worst,2616.0243,2616.0243,843.601885
Detached,1,H1,safe_unidirectional,best,2616.0243,2616.0243,843.601885
Detached,1,H1,hybrid_bidirectional,worst,2616.0243,2616.0243,843.601885
Detached,1,H1,hybrid_bidirectional,best,2616.0243,2616.0243,843.601885
Detached,1,H2,safe_unidirectional,worst,2616.0243,2616.0243,843.601885
Detached,1,H2,safe_unidirectional,best,2616.0243,2616.0243,843.601885
Detached,1,H2,hybrid_bidirectional,worst,2616.0243,2616.0243,843.601885
Detached,1,H2,hybrid_bidirectional,best,2616.0243,2616.0243,843.601885
Detached,1,H3,safe_unidirectional,worst,2616.0243,2616.0243,843.601885
Detached,1,H3,safe_unidirectional,best,2616.0243,2616.0243,843.601885
Detached,1,H3,hybrid_bidirectional,worst,2616.0243,2616.0243,843.601885
Detached,1,H3,hybrid_bidirectional,best,2616.0243,2616.0243,843.601885
Detached,1,H1,safe_unidirectional,worst,2546.4941,2546.4941,813.413979
Detached,1,H1,safe_unidirectional,best,2546.4941,2546.4941,813.413979
Detached,1,H1,hybrid_bidirectional,worst,2546.4941,2546.4941,813.413979
Detached,1,H1,hybrid_bidirectional,best,2546.4941,2546.4941,813.413979
Detached,1,H2,safe_unidirectional,worst,2546.4941,2546.4941,813.413979
Detached,1,H2,safe_unidirectional,best,2546.4941,2546.4941,813.413979
Detached,1,H2,hybrid_bidirectional,worst,2546.4941,2546.4941,813.413979
Detached,1,H2,hybrid_bidirectional,best,2546.4941,2546.4941,813.413979
Detached,1,H3,safe_unidirectional,worst,2546.4941,2546.4941,813.413979
Detached,1,H3,safe_unidirectional,best,2546.4941,2546.4941,813.413979
Detached,1,H3,hybrid_bidirectional,worst,2546.4941,2546.4941,813.413979
Detached,1,H3,hybrid_bidirectional,best,2546.4941,2546.4941,813.413979
Detached,1,H1,safe_unidirectional,worst,2690.4563,2690.4563,864.963281
Detached,1,H1,safe_unidirectional,best,2690.4563,2690.4563,864.963281
Detached,1,H1,hybrid_bidirectional,worst,2690.4563,2690.4563,864.963281
Detached,1,H1,hybrid_bidirectional,best,2690.4563,2690.4563,864.963281
Detached,1,H2,safe_unidirectional,worst,2690.4563,2690.4563,864.963281
Detached,1,H2,safe_unidirectional,best,2690.4563,2690.4563,864.963281
Detached,1,H2,hybrid_bidirectional,worst,2690.4563,2690.4563,864.963281
Detached,1,H2,hybrid_bidirectional,best,2690.4563,2690.4563,864.963281
Detached,1,H3,safe_unidirectional,worst,2690.4563,2690.4563,864.963281
Detached,1,H3,safe_unidirectional,best,2690.4563,2690.4563,864.963281
Detached,1,H3,hybrid_bidirectional,worst,2690.4563,2690.4563,864.963281
Detached,1,H3,hybrid_bidirectional,best,2690.4563,2690.4563,864.963281
Detached,1,H1,safe_unidirectional,worst,2610.8727,2610.8727,840.928501
Detached,1,H1,safe_unidirectional,best,2610.8727,2610.8727,840.928501
Detached,1,H1,hybrid_bidirectional,worst,2610.8727,2610.8727,840.928501
Detached,1,H1,hybrid_bidirectional,best,2610.8727,2610.8727,840.928501
Detached,1,H2,safe_unidirectional,worst,2610.8727,2610.8727,840.928501
Detached,1,H2,safe_unidirectional,best,2610.8727,2610.8727,840.928501
Detached,1,H2,hybrid_bidirectional,worst,2610.8727,2610.8727,840.928501
Detached,1,H2,hybrid_bidirectional,best,2610.8727,2610.8727,840.928501
Detached,1,H3,safe_unidirectional,worst,2610.8727,2610.8727,840.928501
Detached,1,H3,safe_unidirectional,best,2610.8727,2610.8727,840.928501
Detached,1,H3,hybrid_bidirectional,worst,2610.8727,2610.8727,840.928501
Detached,1,H3,hybrid_bidirectional,best,2610.8727,2610.8727,840.928501
Detached,1,H1,safe_unidirectional,worst,2705.4746,2705.4746,871.163174
Detached,1,H1,safe_unidirectional,best,2705.4746,2705.4746,871.163174
Detached,1,H1,hybrid_bidirectional,worst,2705.4746,2705.4746,871.163174
Detached,1,H1,hybrid_bidirectional,best,2705.4746,2705.4746,871.163174
Detached,1,H2,safe_unidirectional,worst,2705.4746,2705.4746,871.163174
Detached,1,H2,safe_unidirectional,best,2705.4746,2705.4746,871.163174
Detached,1,H2,hybrid_bidirectional,worst,2705.4746,2705.4746,871.163174
Detached,1,H2,hybrid_bidirectional,best,2705.4746,2705.4746,871.163174
Detached,1,H3,safe_unidirectional,worst,2705.4746,2705.4746,871.163174
Detached,1,H3,safe_unidirectional,best,2705.4746,2705.4746,871.163174
Detached,1,H3,hybrid_bidirectional,worst,2705.4746,2705.4746,871.163174
Detached,1,H3,hybrid_bidirectional,best,2705.4746,2705.4746,871.163174
Detached,1,H1,safe_unidirectional,worst,2739.268,2739.268,877.512412
Detached,1,H1,safe_unidirectional,best,2739.268,2739.268,877.512412
Detached,1,H1,hybrid_bidirectional,worst,2739.268,2739.268,877.512412
Detached,1,H1,hybrid_bidirectional,best,2739.268,2739.268,877.512412
Detached,1,H2,safe_unidirectional,worst,2739.268,2739.268,877.512412
Detached,1,H2,safe_unidirectional,best,2739.268,2739.268,877.512412
Detached,1,H2,hybrid_bidirectional,worst,2739.268,2739.268,877.512412
Detached,1,H2,hybrid_bidirectional,best,2739.268,2739.268,877.512412
Detached,1,H3,safe_unidirectional,worst,2739.268,2739.268,877.512412
Detached,1,H3,safe_unidirectional,best,2739.268,2739.268,877.512412
Detached,1,H3,hybrid_bidirectional,worst,2739.268,2739.268,877.512412
Detached,1,H3,hybrid_bidirectional,best,2739.268,2739.268,877.512412
Detached,1,H1,safe_unidirectional,worst,2710.9192,2710.9192,880.501384
Detached,1,H1,safe_unidirectional,best,2710.9192,2710.9192,880.501384
Detached,1,H1,hybrid_bidirectional,worst,2710.9192,2710.9192,880.501384
Detached,1,H1,hybrid_bidirectional,best,2710.9192,2710.9192,880.501384
Detached,1,H2,safe_unidirectional,worst,2710.9192,2710.9192,880.501384
Detached,1,H2,safe_unidirectional,best,2710.9192,2710.9192,880.501384
Detached,1,H2,hybrid_bidirectional,worst,2710.9192,2710.9192,880.501384
Detached,1,H2,hybrid_bidirectional,best,2710.9192,2710.9192,880.501384
Detached,1,H3,safe_unidirectional,worst,2710.9192,2710.9192,880.501384
Detached,1,H3,safe_unidirectional,best,2710.9192,2710.9192,880.501384
Detached,1,H3,hybrid_bidirectional,worst,2710.9192,2710.9192,880.501384
Detached,1,H3,hybrid_bidirectional,best,2710.9192,2710.9192,880.501384
Detached,1,H1,safe_unidirectional,worst,2593.9754,2593.9754,837.312686
Detached,1,H1,safe_unidirectional,best,2593.9754,2593.9754,837.312686
Detached,1,H1,hybrid_bidirectional,worst,2593.9754,2593.9754,837.312686
Detached,1,H1,hybrid_bidirectional,best,2593.9754,2593.9754,837.312686
Detached,1,H2,safe_unidirectional,worst,2593.9754,2593.9754,837.312686
Detached,1,H2,safe_unidirectional,best,2593.9754,2593.9754,837.312686
Detached,1,H2,hybrid_bidirectional,worst,2593.9754,2593.9754,837.312686
Detached,1,H2,hybrid_bidirectional,best,2593.9754,2593.9754,837.312686
Detached,1,H3,safe_unidirectional,worst,2593.9754,2593.9754,837.312686
Detached,1,H3,safe_unidirectional,best,2593.9754,2593.9754,837.312686
Detached,1,H3,hybrid_bidirectional,worst,2593.9754,2593.9754,837.312686
Detached,1,H3,hybrid_bidirectional,best,2593.9754,2593.9754,837.312686
Detached,1,H1,safe_unidirectional,worst,2597.9954,2597.9954,836.483718
Detached,1,H1,safe_unidirectional,best,2597.9954,2597.9954,836.483718
Detached,1,H1,hybrid_bidirectional,worst,2597.9954,2597.9954,836.483718
Detached,1,H1,hybrid_bidirectional,best,2597.9954,2597.9954,836.483718
Detached,1,H2,safe_unidirectional,worst,2597.9954,2597.9954,836.483718
Detached,1,H2,safe_unidirectional,best,2597.9954,2597.9954,836.483718
Detached,1,H2,hybrid_bidirectional,worst,2597.9954,2597.9954,836.483718
Detached,1,H2,hybrid_bidirectional,best,2597.9954,2597.9954,836.483718
Detached,1,H3,safe_unidirectional,worst,2597.9954,2597.9954,836.483718
Detached,1,H3,safe_unidirectional,best,2597.9954,2597.9954,836.483718
Detached,1,H3,hybrid_bidirectional,worst,2597.9954,2597.9954,836.483718
Detached,1,H3,hybrid_bidirectional,best,2597.9954,2597.9954,836.483718
Detached,1,H1,safe_unidirectional,worst,2632.8161,2632.8161,846.459579
Detached,1,H1,safe_unidirectional,best,2632.8161,2632.8161,846.459579
Detached,1,H1,hybrid_bidirectional,worst,2632.8161,2632.8161,846.459579
Detached,1,H1,hybrid_bidirectional,best,2632.8161,2632.8161,846.459579
Detached,1,H2,safe_unidirectional,worst,2632.8161,2632.8161,846.459579
Detached,1,H2,safe_unidirectional,best,2632.8161,2632.8161,846.459579
Detached,1,H2,hybrid_bidirectional,worst,2632.8161,2632.8161,846.459579
Detached,1,H2,hybrid_bidirectional,best,2632.8161,2632.8161,846.459579
Detached,1,H3,safe_unidirectional,worst,2632.8161,2632.8161,846.459579
Detached,1,H3,safe_unidirectional,best,2632.8161,2632.8161,846.459579
Detached,1,H3,hybrid_bidirectional,worst,2632.8161,2632.8161,846.459579
Detached,1,H3,hybrid_bidirectional,best,2632.8161,2632.8161,846.459579
Detached,1,H1,safe_unidirectional,worst,2628.0789,2628.0789,845.344983
Detached,1,H1,safe_unidirectional,best,2628.0789,2628.0789,845.344983
Detached,1,H1,hybrid_bidirectional,worst,2628.0789,2628.0789,845.344983
Detached,1,H1,hybrid_bidirectional,best,2628.0789,2628.0789,845.344983
Detached,1,H2,safe_unidirectional,worst,2628.0789,2628.0789,845.344983
Detached,1,H2,safe_unidirectional,best,2628.0789,2628.0789,845.344983
Detached,1,H2,hybrid_bidirectional,worst,2628.0789,2628.0789,845.344983
Detached,1,H2,hybrid_bidirectional,best,2628.0789,2628.0789,845.344983
Detached,1,H3,safe_unidirectional,worst,2628.0789,2628.0789,845.344983
Detached,1,H3,safe_unidirectional,best,2628.0789,2628.0789,845.344983
Detached,1,H3,hybrid_bidirectional,worst,2628.0789,2628.0789,845.344983
Detached,1,H3,hybrid_bidirectional,best,2628.0789,2628.0789,845.344983
Detached,1,H1,safe_unidirectional,worst,2748.0911,2748.0911,881.629889
Detached,1,H1,safe_unidirectional,best,2748.0911,2748.0911,881.629889
Detached,1,H1,hybrid_bidirectional,worst,2748.0911,2748.0911,881.629889
Detached,1,H1,hybrid_bidirectional,best,2748.0911,2748.0911,881.629889
Detached,1,H2,safe_unidirectional,worst,2748.0911,2748.0911,881.629889
Detached,1,H2,safe_unidirectional,best,2748.0911,2748.0911,881.629889
Detached,1,H2,hybrid_bidirectional,worst,2748.0911,2748.0911,881.629889
Detached,1,H2,hybrid_bidirectional,best,2748.0911,2748.0911,881.629889
Detached,1,H3,safe_unidirectional,worst,2748.0911,2748.0911,881.629889
Detached,1,H3,safe_unidirectional,best,2748.0911,2748.0911,881.629889
Detached,1,H3,hybrid_bidirectional,worst,2748.0911,2748.0911,881.629889
Detached,1,H3,hybrid_bidirectional,best,2748.0911,2748.0911,881.629889
Detached,1,H1,safe_unidirectional,worst,2520.8641,2520.8641,810.174463
Detached,1,H1,safe_unidirectional,best,2520.8641,2520.8641,810.174463
Detached,1,H1,hybrid_bidirectional,worst,2520.8641,2520.8641,810.174463
Detached,1,H1,hybrid_bidirectional,best,2520.8641,2520.8641,810.174463
Detached,1,H2,safe_unidirectional,worst,2520.8641,2520.8641,810.174463
Detached,1,H2,safe_unidirectional,best,2520.8641,2520.8641,810.174463
Detached,1,H2,hybrid_bidirectional,worst,2520.8641,2520.8641,810.174463
Detached,1,H2,hybrid_bidirectional,best,2520.8641,2520.8641,810.174463
Detached,1,H3,safe_unidirectional,worst,2520.8641,2520.8641,810.174463
Detached,1,H3,safe_unidirectional,best,2520.8641,2520.8641,810.174463
Detached,1,H3,hybrid_bidirectional,worst,2520.8641,2520.8641,810.174463
Detached,1,H3,hybrid_bidirectional,best,2520.8641,2520.8641,810.174463
Detached,1,H1,safe_unidirectional,worst,2636.0369,2636.0369,842.984975
Detached,1,H1,safe_unidirectional,best,2636.0369,2636.0369,842.984975
Detached,1,H1,hybrid_bidirectional,worst,2636.0369,2636.0369,842.984975
Detached,1,H1,hybrid_bidirectional,best,2636.0369,2636.0369,842.984975
Detached,1,H2,safe_unidirectional,worst,2636.0369,2636.0369,842.984975
Detached,1,H2,safe_unidirectional,best,2636.0369,2636.0369,842.984975
Detached,1,H2,hybrid_bidirectional,worst,2636.0369,2636.0369,842.984975
Detached,1,H2,hybrid_bidirectional,best,2636.0369,2636.0369,842.984975
Detached,1,H3,safe_unidirectional,worst,2636.0369,2636.0369,842.984975
Detached,1,H3,safe_unidirectional,best,2636.0369,2636.0369,842.984975
Detached,1,H3,hybrid_bidirectional,worst,2636.0369,2636.0369,842.984975
Detached,1,H3,hybrid_bidirectional,best,2636.0369,2636.0369,842.984975
Detached,1,H1,safe_unidirectional,worst,2579.0272,2579.0272,835.453892
Detached,1,H1,safe_unidirectional,best,2579.0272,2579.0272,835.453892
Detached,1,H1,hybrid_bidirectional,worst,2579.0272,2579.0272,835.453892
Detached,1,H1,hybrid_bidirectional,best,2579.0272,2579.0272,835.453892
Detached,1,H2,safe_unidirectional,worst,2579.0272,2579.0272,835.453892
Detached,1,H2,safe_unidirectional,best,2579.0272,2579.0272,835.453892
Detached,1,H2,hybrid_bidirectional,worst,2579.0272,2579.0272,835.453892
Detached,1,H2,hybrid_bidirectional,best,2579.0272,2579.0272,835.453892
Detached,1,H3,safe_unidirectional,worst,2579.0272,2579.0272,835.453892
Detached,1,H3,safe_unidirectional,best,2579.0272,2579.0272,835.453892
Detached,1,H3,hybrid_bidirectional,worst,2579.0272,2579.0272,835.453892
Detached,1,H3,hybrid_bidirectional,best,2579.0272,2579.0272,835.453892
Detached,1,H1,safe_unidirectional,worst,2607.1858,2607.1858,839.289094
Detached,1,H1,safe_unidirectional,best,2607.1858,2607.1858,839.289094
Detached,1,H1,hybrid_bidirectional,worst,2607.1858,2607.1858,839.289094
Detached,1,H1,hybrid_bidirectional,best,2607.1858,2607.1858,839.289094
Detached,1,H2,safe_unidirectional,worst,2607.1858,2607.1858,839.289094
Detached,1,H2,safe_unidirectional,best,2607.1858,2607.1858,839.289094
Detached,1,H2,hybrid_bidirectional,worst,2607.1858,2607.1858,839.289094
Detached,1,H2,hybrid_bidirectional,best,2607.1858,2607.1858,839.289094
Detached,1,H3,safe_unidirectional,worst,2607.1858,2607.1858,839.289094
Detached,1,H3,safe_unidirectional,best,2607.1858,2607.1858,839.289094
Detached,1,H3,hybrid_bidirectional,worst,2607.1858,2607.1858,839.289094
Detached,1,H3,hybrid_bidirectional,best,2607.1858,2607.1858,839.289094
Detached,1,H1,safe_unidirectional,worst,2574.7707,2574.7707,835.169713
Detached,1,H1,safe_unidirectional,best,2574.7707,2574.7707,835.169713
Detached,1,H1,hybrid_bidirectional,worst,2574.7707,2574.7707,835.169713
Detached,1,H1,hybrid_bidirectional,best,2574.7707,2574.7707,835.169713
Detached,1,H2,safe_unidirectional,worst,2574.7707,2574.7707,835.169713
Detached,1,H2,safe_unidirectional,best,2574.7707,2574.7707,835.169713
Detached,1,H2,hybrid_bidirectional,worst,2574.7707,2574.7707,835.169713
Detached,1,H2,hybrid_bidirectional,best,2574.7707,2574.7707,835.169713
Detached,1,H3,safe_unidirectional,worst,2574.7707,2574.7707,835.169713
Detached,1,H3,safe_unidirectional,best,2574.7707,2574.7707,835.169713
Detached,1,H3,hybrid_bidirectional,worst,2574.7707,2574.7707,835.169713
Detached,1,H3,hybrid_bidirectional,best,2574.7707,2574.7707,835.169713
Detached,1,H1,safe_unidirectional,worst,2625.502,2625.502,840.381976
Detached,1,H1,safe_unidirectional,best,2625.502,2625.502,840.381976
Detached,1,H1,hybrid_bidirectional,worst,2625.502,2625.502,840.381976
Detached,1,H1,hybrid_bidirectional,best,2625.502,2625.502,840.381976
Detached,1,H2,safe_unidirectional,worst,2625.502,2625.502,840.381976
Detached,1,H2,safe_unidirectional,best,2625.502,2625.502,840.381976
Detached,1,H2,hybrid_bidirectional,worst,2625.502,2625.502,840.381976
Detached,1,H2,hybrid_bidirectional,best,2625.502,2625.502,840.381976
Detached,1,H3,safe_unidirectional,worst,2625.502,2625.502,840.381976
Detached,1,H3,safe_unidirectional,best,2625.502,2625.502,840.381976
Detached,1,H3,hybrid_bidirectional,worst,2625.502,2625.502,840.381976
Detached,1,H3,hybrid_bidirectional,best,2625.502,2625.502,840.381976
Detached,1,H1,safe_unidirectional,worst,2593.2132,2593.2132,837.489912
Detached,1,H1,safe_unidirectional,best,2593.2132,2593.2132,837.489912
Detached,1,H1,hybrid_bidirectional,worst,2593.2132,2593.2132,837.489912
Detached,1,H1,hybrid_bidirectional,best,2593.2132,2593.2132,837.489912
Detached,1,H2,safe_unidirectional,worst,2593.2132,2593.2132,837.489912
Detached,1,H2,safe_unidirectional,best,2593.2132,2593.2132,837.489912
Detached,1,H2,hybrid_bidirectional,worst,2593.2132,2593.2132,837.489912
Detached,1,H2,hybrid_bidirectional,best,2593.2132,2593.2132,837.489912
Detached,1,H3,safe_unidirectional,worst,2593.2132,2593.2132,837.489912
Detached,1,H3,safe_unidirectional,best,2593.2132,2593.2132,837.489912
Detached,1,H3,hybrid_bidirectional,worst,2593.2132,2593.2132,837.489912
Detached,1,H3,hybrid_bidirectional,best,2593.2132,2593.2132,837.489912
Detached,1,H1,safe_unidirectional,worst,2619.7953,2619.7953,841.016435
Detached,1,H1,safe_unidirectional,best,2619.7953,2619.7953,841.016435
Detached,1,H1,hybrid_bidirectional,worst,2619.7953,2619.7953,841.016435
Detached,1,H1,hybrid_bidirectional,best,2619.7953,2619.7953,841.016435
Detached,1,H2,safe_unidirectional,worst,2619.7953,2619.7953,841.016435
Detached,1,H2,safe_unidirectional,best,2619.7953,2619.7953,841.016435
Detached,1,H2,hybrid_bidirectional,worst,2619.7953,2619.7953,841.016435
Detached,1,H2,hybrid_bidirectional,best,2619.7953,2619.7953,841.016435
Detached,1,H3,safe_unidirectional,worst,2619.7953,2619.7953,841.016435
Detached,1,H3,safe_unidirectional,best,2619.7953,2619.7953,841.016435
Detached,1,H3,hybrid_bidirectional,worst,2619.7953,2619.7953,841.016435
Detached,1,H3,hybrid_bidirectional,best,2619.7953,2619.7953,841.016435
Detached,1,H1,safe_unidirectional,worst,2690.6701,2690.6701,868.823375
Detached,1,H1,safe_unidirectional,best,2690.6701,2690.6701,868.823375
Detached,1,H1,hybrid_bidirectional,worst,2690.6701,2690.6701,868.823375
Detached,1,H1,hybrid_bidirectional,best,2690.6701,2690.6701,868.823375
Detached,1,H2,safe_unidirectional,worst,2690.6701,2690.6701,868.823375
Detached,1,H2,safe_unidirectional,best,2690.6701,2690.6701,868.823375
Detached,1,H2,hybrid_bidirectional,worst,2690.6701,2690.6701,868.823375
Detached,1,H2,hybrid_bidirectional,best,2690.6701,2690.6701,868.823375
Detached,1,H3,safe_unidirectional,worst,2690.6701,2690.6701,868.823375
Detached,1,H3,safe_unidirectional,best,2690.6701,2690.6701,868.823375
Detached,1,H3,hybrid_bidirectional,worst,2690.6701,2690.6701,868.823375
Detached,1,H3,hybrid_bidirectional,best,2690.6701,2690.6701,868.823375
Detached,1,H1,safe_unidirectional,worst,2642.4317,2642.4317,846.782167
Detached,1,H1,safe_unidirectional,best,2642.4317,2642.4317,846.782167
Detached,1,H1,hybrid_bidirectional,worst,2642.4317,2642.4317,846.782167
Detached,1,H1,hybrid_bidirectional,best,2642.4317,2642.4317,846.782167
Detached,1,H2,safe_unidirectional,worst,2642.4317,2642.4317,846.782167
Detached,1,H2,safe_unidirectional,best,2642.4317,2642.4317,846.782167
Detached,1,H2,hybrid_bidirectional,worst,2642.4317,2642.4317,846.782167
Detached,1,H2,hybrid_bidirectional,best,2642.4317,2642.4317,846.782167
Detached,1,H3,safe_unidirectional,worst,2642.4317,2642.4317,846.782167
Detached,1,H3,safe_unidirectional,best,2642.4317,2642.4317,846.782167
Detached,1,H3,hybrid_bidirectional,worst,2642.4317,2642.4317,846.782167
Detached,1,H3,hybrid_bidirectional,best,2642.4317,2642.4317,846.782167
Detached,1,H1,safe_unidirectional,worst,2657.6768,2657.6768,858.253788
Detached,1,H1,safe_unidirectional,best,2657.6768,2657.6768,858.253788
Detached,1,H1,hybrid_bidirectional,worst,2657.6768,2657.6768,858.253788
Detached,1,H1,hybrid_bidirectional,best,2657.6768,2657.6768,858.253788
Detached,1,H2,safe_unidirectional,worst,2657.6768,2657.6768,858.253788
Detached,1,H2,safe_unidirectional,best,2657.6768,2657.6768,858.253788
Detached,1,H2,hybrid_bidirectional,worst,2657.6768,2657.6768,858.253788
Detached,1,H2,hybrid_bidirectional,best,2657.6768,2657.6768,858.253788
Detached,1,H3,safe_unidirectional,worst,2657.6768,2657.6768,858.253788
Detached,1,H3,safe_unidirectional,best,2657.6768,2657.6768,858.253788
Detached,1,H3,hybrid_bidirectional,worst,2657.6768,2657.6768,858.253788
Detached,1,H3,hybrid_bidirectional,best,2657.6768,2657.6768,858.253788
Detached,1,H1,safe_unidirectional,worst,2535.2175,2535.2175,814.829841
Detached,1,H1,safe_unidirectional,best,2535.2175,2535.2175,814.829841
Detached,1,H1,hybrid_bidirectional,worst,2535.2175,2535.2175,814.829841
Detached,1,H1,hybrid_bidirectional,best,2535.2175,2535.2175,814.829841
Detached,1,H2,safe_unidirectional,worst,2535.2175,2535.2175,814.829841
Detached,1,H2,safe_unidirectional,best,2535.2175,2535.2175,814.829841
Detached,1,H2,hybrid_bidirectional,worst,2535.2175,2535.2175,814.829841
Detached,1,H2,hybrid_bidirectional,best,2535.2175,2535.2175,814.829841
Detached,1,H3,safe_unidirectional,worst,2535.2175,2535.2175,814.829841
Detached,1,H3,safe_unidirectional,best,2535.2175,2535.2175,814.829841
Detached,1,H3,hybrid_bidirectional,worst,2535.2175,2535.2175,814.829841
Detached,1,H3,hybrid_bidirectional,best,2535.2175,2535.2175,814.829841
Detached,1,H1,safe_unidirectional,worst,2540.7032,2540.7032,820.331932
Detached,1,H1,safe_unidirectional,best,2540.7032,2540.7032,820.331932
Detached,1,H1,hybrid_bidirectional,worst,2540.7032,2540.7032,820.331932
Detached,1,H1,hybrid_bidirectional,best,2540.7032,2540.7032,820.331932
Detached,1,H2,safe_unidirectional,worst,2540.7032,2540.7032,820.331932
Detached,1,H2,safe_unidirectional,best,2540.7032,2540.7032,820.331932
Detached,1,H2,hybrid_bidirectional,worst,2540.7032,2540.7032,820.331932
Detached,1,H2,hybrid_bidirectional,best,2540.7032,2540.7032,820.331932
Detached,1,H3,safe_unidirectional,worst,2540.7032,2540.7032,820.331932
Detached,1,H3,safe_unidirectional,best,2540.7032,2540.7032,820.331932
Detached,1,H3,hybrid_bidirectional,worst,2540.7032,2540.7032,820.331932
Detached,1,H3,hybrid_bidirectional,best,2540.7032,2540.7032,820.331932
Semi-detached,1,H1,safe_unidirectional,worst,2547.7403,2547.7403,819.425173
Semi-detached,1,H1,safe_unidirectional,best,2547.7403,2547.7403,819.425173
Semi-detached,1,H1,hybrid_bidirectional,worst,2547.7403,2547.7403,819.425173
Semi-detached,1,H1,hybrid_bidirectional,best,2547.7403,2547.7403,819.425173
Semi-detached,1,H2,safe_unidirectional,worst,2547.7403,2547.7403,819.425173
Semi-detached,1,H2,safe_unidirectional,best,2547.7403,2547.7403,819.425173
Semi-detached,1,H2,hybrid_bidirectional,worst,2547.7403,2547.7403,819.425173
Semi-detached,1,H2,hybrid_bidirectional,best,2547.7403,2547.7403,819.425173
Semi-detached,1,H3,safe_unidirectional,worst,2547.7403,2547.7403,819.425173
Semi-detached,1,H3,safe_unidirectional,best,2547.7403,2547.7403,819.425173
Semi-detached,1,H3,hybrid_bidirectional,worst,2547.7403,2547.7403,819.425173
Semi-detached,1,H3,hybrid_bidirectional,best,2547.7403,2547.7403,819.425173
Semi-detached,1,H1,safe_unidirectional,worst,2592.8973,2592.8973,827.235871
Semi-detached,1,H1,safe_unidirectional,best,2592.8973,2592.8973,827.235871
Semi-detached,1,H1,hybrid_bidirectional,worst,2592.8973,2592.8973,827.235871
Semi-detached,1,H1,hybrid_bidirectional,best,2592.8973,2592.8973,827.235871
Semi-detached,1,H2,safe_unidirectional,worst,2592.8973,2592.8973,827.235871
Semi-detached,1,H2,safe_unidirectional,best,2592.8973,2592.8973,827.235871
Semi-detached,1,H2,hybrid_bidirectional,worst,2592.8973,2592.8973,827.235871
Semi-detached,1,H2,hybrid_bidirectional,best,2592.8973,2592.8973,827.235871
Semi-detached,1,H3,safe_unidirectional,worst,2592.8973,2592.8973,827.235871
Semi-detached,1,H3,safe_unidirectional,best,2592.8973,2592.8973,827.235871
Semi-detached,1,H3,hybrid_bidirectional,worst,2592.8973,2592.8973,827.235871
Semi-detached,1,H3,hybrid_bidirectional,best,2592.8973,2592.8973,827.235871
Semi-detached,1,H1,safe_unidirectional,worst,2560.0161,2560.0161,811.927515
Semi-detached,1,H1,safe_unidirectional,best,2560.0161,2560.0161,811.927515
Semi-detached,1,H1,hybrid_bidirectional,worst,2560.0161,2560.0161,811.927515
Semi-detached,1,H1,hybrid_bidirectional,best,2560.0161,2560.0161,811.927515
Semi-detached,1,H2,safe_unidirectional,worst,2560.0161,2560.0161,811.927515
Semi-detached,1,H2,safe_unidirectional,best,2560.0161,2560.0161,811.927515
Semi-detached,1,H2,hybrid_bidirectional,worst,2560.0161,2560.0161,811.927515
Semi-detached,1,H2,hybrid_bidirectional,best,2560.0161,2560.0161,811.927515
Semi-detached,1,H3,safe_unidirectional,worst,2560.0161,2560.0161,811.927515
Semi-detached,1,H3,safe_unidirectional,best,2560.0161,2560.0161,811.927515
Semi-detached,1,H3,hybrid_bidirectional,worst,2560.0161,2560.0161,811.927515
Semi-detached,1,H3,hybrid_bidirectional,best,2560.0161,2560.0161,811.927515
Semi-detached,1,H1,safe_unidirectional,worst,2456.1123,2456.1123,788.505529
Semi-detached,1,H1,safe_unidirectional,best,2456.1123,2456.1123,788.505529
Semi-detached,1,H1,hybrid_bidirectional,worst,2456.1123,2456.1123,788.505529
Semi-detached,1,H1,hybrid_bidirectional,best,2456.1123,2456.1123,788.505529
Semi-detached,1,H2,safe_unidirectional,worst,2456.1123,2456.1123,788.505529
Semi-detached,1,H2,safe_unidirectional,best,2456.1123,2456.1123,788.505529
Semi-detached,1,H2,hybrid_bidirectional,worst,2456.1123,2456.1123,788.505529
Semi-detached,1,H2,hybrid_bidirectional,best,2456.1123,2456.1123,788.505529
Semi-detached,1,H3,safe_unidirectional,worst,2456.1123,2456.1123,788.505529
Semi-detached,1,H3,safe_unidirectional,best,2456.1123,2456.1123,788.505529
Semi-detached,1,H3,hybrid_bidirectional,worst,2456.1123,2456.1123,788.505529
Semi-detached,1,H3,hybrid_bidirectional,best,2456.1123,2456.1123,788.505529
Semi-detached,1,H1,safe_unidirectional,worst,2376.4621,2376.4621,768.936455
Semi-detached,1,H1,safe_unidirectional,best,2376.4621,2376.4621,768.936455
Semi-detached,1,H1,hybrid_bidirectional,worst,2376.4621,2376.4621,768.936455
Semi-detached,1,H1,hybrid_bidirectional,best,2376.4621,2376.4621,768.936455
Semi-detached,1,H2,safe_unidirectional,worst,2376.4621,2376.4621,768.936455
Semi-detached,1,H2,safe_unidirectional,best,2376.4621,2376.4621,768.936455
Semi-detached,1,H2,hybrid_bidirectional,worst,2376.4621,2376.4621,768.936455
Semi-detached,1,H2,hybrid_bidirectional,best,2376.4621,2376.4621,768.936455
Semi-detached,1,H3,safe_unidirectional,worst,2376.4621,2376.4621,768.936455
Semi-detached,1,H3,safe_unidirectional,best,2376.4621,2376.4621,768.936455
Semi-detached,1,H3,hybrid_bidirectional,worst,2376.4621,2376.4621,768.936455
Semi-detached,1,H3,hybrid_bidirectional,best,2376.4621,2376.4621,768.936455
Semi-detached,1,H1,safe_unidirectional,worst,2479.2305,2479.2305,795.415411
Semi-detached,1,H1,safe_unidirectional,best,2479.2305,2479.2305,795.415411
Semi-detached,1,H1,hybrid_bidirectional,worst,2479.2305,2479.2305,795.415411
Semi-detached,1,H1,hybrid_bidirectional,best,2479.2305,2479.2305,795.415411
Semi-detached,1,H2,safe_unidirectional,worst,2479.2305,2479.2305,795.415411
Semi-detached,1,H2,safe_unidirectional,best,2479.2305,2479.2305,795.415411
Semi-detached,1,H2,hybrid_bidirectional,worst,2479.2305,2479.2305,795.415411
Semi-detached,1,H2,hybrid_bidirectional,best,2479.2305,2479.2305,795.415411
Semi-detached,1,H3,safe_unidirectional,worst,2479.2305,2479.2305,795.415411
Semi-detached,1,H3,safe_unidirectional,best,2479.2305,2479.2305,795.415411
Semi-detached,1,H3,hybrid_bidirectional,worst,2479.2305,2479.2305,795.415411
Semi-detached,1,H3,hybrid_bidirectional,best,2479.2305,2479.2305,795.415411
Semi-detached,1,H1,safe_unidirectional,worst,2357.1259,2357.1259,759.633693
Semi-detached,1,H1,safe_unidirectional,best,2357.1259,2357.1259,759.633693
Semi-detached,1,H1,hybrid_bidirectional,worst,2357.1259,2357.1259,759.633693
Semi-detached,1,H1,hybrid_bidirectional,best,2357.1259,2357.1259,759.633693
Semi-detached,1,H2,safe_unidirectional,worst,2357.1259,2357.1259,759.633693
Semi-detached,1,H2,safe_unidirectional,best,2357.1259,2357.1259,759.633693
Semi-detached,1,H2,hybrid_bidirectional,worst,2357.1259,2357.1259,759.633693
Semi-detached,1,H2,hybrid_bidirectional,best,2357.1259,2357.1259,759.633693
Semi-detached,1,H3,safe_unidirectional,worst,2357.1259,2357.1259,759.633693
Semi-detached,1,H3,safe_unidirectional,best,2357.1259,2357.1259,759.633693
Semi-detached,1,H3,hybrid_bidirectional,worst,2357.1259,2357.1259,759.633693
Semi-detached,1,H3,hybrid_bidirectional,best,2357.1259,2357.1259,759.633693
Semi-detached,1,H1,safe_unidirectional,worst,2528.8903,2528.8903,814.913365
Semi-detached,1,H1,safe_unidirectional,best,2528.8903,2528.8903,814.913365
Semi-detached,1,H1,hybrid_bidirectional,worst,2528.8903,2528.8903,814.913365
Semi-detached,1,H1,hybrid_bidirectional,best,2528.8903,2528.8903,814.913365
Semi-detached,1,H2,safe_unidirectional,worst,2528.8903,2528.8903,814.913365
Semi-detached,1,H2,safe_unidirectional,best,2528.8903,2528.8903,814.913365
Semi-detached,1,H2,hybrid_bidirectional,worst,2528.8903,2528.8903,814.913365
Semi-detached,1,H2,hybrid_bidirectional,best,2528.8903,2528.8903,814.913365
Semi-detached,1,H3,safe_unidirectional,worst,2528.8903,2528.8903,814.913365
Semi-detached,1,H3,safe_unidirectional,best,2528.8903,2528.8903,814.913365
Semi-detached,1,H3,hybrid_bidirectional,worst,2528.8903,2528.8903,814.913365
Semi-detached,1,H3,hybrid_bidirectional,best,2528.8903,2528.8903,814.913365
Semi-detached,1,H1,safe_unidirectional,worst,2598.7695,2598.7695,832.300217
Semi-detached,1,H1,safe_unidirectional,best,2598.7695,2598.7695,832.300217
Semi-detached,1,H1,hybrid_bidirectional,worst,2598.7695,2598.7695,832.300217
Semi-detached,1,H1,hybrid_bidirectional,best,2598.7695,2598.7695,832.300217
Semi-detached,1,H2,safe_unidirectional,worst,2598.7695,2598.7695,832.300217
Semi-detached,1,H2,safe_unidirectional,best,2598.7695,2598.7695,832.300217
Semi-detached,1,H2,hybrid_bidirectional,worst,2598.7695,2598.7695,832.300217
Semi-detached,1,H2,hybrid_bidirectional,best,2598.7695,2598.7695,832.300217
Semi-detached,1,H3,safe_unidirectional,worst,2598.7695,2598.7695,832.300217
Semi-detached,1,H3,safe_unidirectional,best,2598.7695,2598.7695,832.300217
Semi-detached,1,H3,hybrid_bidirectional,worst,2598.7695,2598.7695,832.300217
Semi-detached,1,H3,hybrid_bidirectional,best,2598.7695,2598.7695,832.300217
Semi-detached,1,H1,safe_unidirectional,worst,2574.6725,2574.6725,827.121155
Semi-detached,1,H1,safe_unidirectional,best,2574.6725,2574.6725,827.121155
Semi-detached,1,H1,hybrid_bidirectional,worst,2574.6725,2574.6725,827.121155
Semi-detached,1,H1,hybrid_bidirectional,best,2574.6725,2574.6725,827.121155
Semi-detached,1,H2,safe_unidirectional,worst,2574.6725,2574.6725,827.121155
Semi-detached,1,H2,safe_unidirectional,best,2574.6725,2574.6725,827.121155
Semi-detached,1,H2,hybrid_bidirectional,worst,2574.6725,2574.6725,827.121155
Semi-detached,1,H2,hybrid_bidirectional,best,2574.6725,2574.6725,827.121155
Semi-detached,1,H3,safe_unidirectional,worst,2574.6725,2574.6725,827.121155
Semi-detached,1,H3,safe_unidirectional,best,2574.6725,2574.6725,827.121155
Semi-detached,1,H3,hybrid_bidirectional,worst,2574.6725,2574.6725,827.121155
Semi-detached,1,H3,hybrid_bidirectional,best,2574.6725,2574.6725,827.121155
Semi-detached,1,H1,safe_unidirectional,worst,2506.6756,2506.6756,802.690868
Semi-detached,1,H1,safe_unidirectional,best,2506.6756,2506.6756,802.690868
Semi-detached,1,H1,hybrid_bidirectional,worst,2506.6756,2506.6756,802.690868
Semi-detached,1,H1,hybrid_bidirectional,best,2506.6756,2506.6756,802.690868
Semi-detached,1,H2,safe_unidirectional,worst,2506.6756,2506.6756,802.690868
Semi-detached,1,H2,safe_unidirectional,best,2506.6756,2506.6756,802.690868
Semi-detached,1,H2,hybrid_bidirectional,worst,2506.6756,2506.6756,802.690868
Semi-detached,1,H2,hybrid_bidirectional,best,2506.6756,2506.6756,802.690868
Semi-detached,1,H3,safe_unidirectional,worst,2506.6756,2506.6756,802.690868
Semi-detached,1,H3,safe_unidirectional,best,2506.6756,2506.6756,802.690868
Semi-detached,1,H3,hybrid_bidirectional,worst,2506.6756,2506.6756,802.690868
Semi-detached,1,H3,hybrid_bidirectional,best,2506.6756,2506.6756,802.690868
Semi-detached,1,H1,safe_unidirectional,worst,2565.8766,2565.8766,822.336774
Semi-detached,1,H1,safe_unidirectional,best,2565.8766,2565.8766,822.336774
Semi-detached,1,H1,hybrid_bidirectional,worst,2565.8766,2565.8766,822.336774
Semi-detached,1,H1,hybrid_bidirectional,best,2565.8766,2565.8766,822.336774
Semi-detached,1,H2,safe_unidirectional,worst,2565.8766,2565.8766,822.336774
Semi-detached,1,H2,safe_unidirectional,best,2565.8766,2565.8766,822.336774
Semi-detached,1,H2,hybrid_bidirectional,worst,2565.8766,2565.8766,822.336774
Semi-detached,1,H2,hybrid_bidirectional,best,2565.8766,2565.8766,822.336774
Semi-detached,1,H3,safe_unidirectional,worst,2565.8766,2565.8766,822.336774
Semi-detached,1,H3,safe_unidirectional,best,2565.8766,2565.8766,822.336774
Semi-detached,1,H3,hybrid_bidirectional,worst,2565.8766,2565.8766,822.336774
Semi-detached,1,H3,hybrid_bidirectional,best,2565.8766,2565.8766,822.336774
Semi-detached,1,H1,safe_unidirectional,worst,2458.3837,2458.3837,792.841287
Semi-detached,1,H1,safe_unidirectional,best,2458.3837,2458.3837,792.841287
Semi-detached,1,H1,hybrid_bidirectional,worst,2458.3837,2458.3837,792.841287
Semi-detached,1,H1,hybrid_bidirectional,best,2458.3837,2458.3837,792.841287
Semi-detached,1,H2,safe_unidirectional,worst,2458.3837,2458.3837,792.841287
Semi-detached,1,H2,safe_unidirectional,best,2458.3837,2458.3837,792.841287
Semi-detached,1,H2,hybrid_bidirectional,worst,2458.3837,2458.3837,792.841287
Semi-detached,1,H2,hybrid_bidirectional,best,2458.3837,2458.3837,792.841287
Semi-detached,1,H3,safe_unidirectional,worst,2458.3837,2458.3837,792.841287
Semi-detached,1,H3,safe_unidirectional,best,2458.3837,2458.3837,792.841287
Semi-detached,1,H3,hybrid_bidirectional,worst,2458.3837,2458.3837,792.841287
Semi-detached,1,H3,hybrid_bidirectional,best,2458.3837,2458.3837,792.841287
Semi-detached,1,H1,safe_unidirectional,worst,2505.3073,2505.3073,804.200187
Semi-detached,1,H1,safe_unidirectional,best,2505.3073,2505.3073,804.200187
Semi-detached,1,H1,hybrid_bidirectional,worst,2505.3073,2505.3073,804.200187
Semi-detached,1,H1,hybrid_bidirectional,best,2505.3073,2505.3073,804.200187
Semi-detached,1,H2,safe_unidirectional,worst,2505.3073,2505.3073,804.200187
Semi-detached,1,H2,safe_unidirectional,best,2505.3073,2505.3073,804.200187
Semi-detached,1,H2,hybrid_bidirectional,worst,2505.3073,2505.3073,804.200187
Semi-detached,1,H2,hybrid_bidirectional,best,2505.3073,2505.3073,804.200187
Semi-detached,1,H3,safe_unidirectional,worst,2505.3073,2505.3073,804.200187
Semi-detached,1,H3,safe_unidirectional,best,2505.3073,2505.3073,804.200187
Semi-detached,1,H3,hybrid_bidirectional,worst,2505.3073,2505.3073,804.200187
Semi-detached,1,H3,hybrid_bidirectional,best,2505.3073,2505.3073,804.200187
Semi-detached,1,H1,safe_unidirectional,worst,2503.0312,2503.0312,805.758072
Semi-detached,1,H1,safe_unidirectional,best,2503.0312,2503.0312,805.758072
Semi-detached,1,H1,hybrid_bidirectional,worst,2503.0312,2503.0312,805.758072
Semi-detached,1,H1,hybrid_bidirectional,best,2503.0312,2503.0312,805.758072
Semi-detached,1,H2,safe_unidirectional,worst,2503.0312,2503.0312,805.758072
Semi-detached,1,H2,safe_unidirectional,best,2503.0312,2503.0312,805.758072
Semi-detached,1,H2,hybrid_bidirectional,worst,2503.0312,2503.0312,805.758072
Semi-detached,1,H2,hybrid_bidirectional,best,2503.0312,2503.0312,805.758072
Semi-detached,1,H3,safe_unidirectional,worst,2503.0312,2503.0312,805.758072
Semi-detached,1,H3,safe_unidirectional,best,2503.0312,2503.0312,805.758072
Semi-detached,1,H3,hybrid_bidirectional,worst,2503.0312,2503.0312,805.758072
Semi-detached,1,H3,hybrid_bidirectional,best,2503.0312,2503.0312,805.758072
Semi-detached,1,H1,safe_unidirectional,worst,2469.4299,2469.4299,791.264985
Semi-detached,1,H1,safe_unidirectional,best,2469.4299,2469.4299,791.264985
Semi-detached,1,H1,hybrid_bidirectional,worst,2469.4299,2469.4299,791.264985
Semi-detached,1,H1,hybrid_bidirectional,best,2469.4299,2469.4299,791.264985
Semi-detached,1,H2,safe_unidirectional,worst,2469.4299,2469.4299,791.264985
Semi-detached,1,H2,safe_unidirectional,best,2469.4299,2469.4299,791.264985
Semi-detached,1,H2,hybrid_bidirectional,worst,2469.4299,2469.4299,791.264985
Semi-detached,1,H2,hybrid_bidirectional,best,2469.4299,2469.4299,791.264985
Semi-detached,1,H3,safe_unidirectional,worst,2469.4299,2469.4299,791.264985
Semi-detached,1,H3,safe_unidirectional,best,2469.4299,2469.4299,791.264985
Semi-detached,1,H3,hybrid_bidirectional,worst,2469.4299,2469.4299,791.264985
Semi-detached,1,H3,hybrid_bidirectional,best,2469.4299,2469.4299,791.264985
Semi-detached,1,H1,safe_unidirectional,worst,2405.008,2405.008,775.231744
Semi-detached,1,H1,safe_unidirectional,best,2405.008,2405.008,775.231744
Semi-detached,1,H1,hybrid_bidirectional,worst,2405.008,2405.008,775.231744
Semi-detached,1,H1,hybrid_bidirectional,best,2405.008,2405.008,775.231744
Semi-detached,1,H2,safe_unidirectional,worst,2405.008,2405.008,775.231744
Semi-detached,1,H2,safe_unidirectional,best,2405.008,2405.008,775.231744
Semi-detached,1,H2,hybrid_bidirectional,worst,2405.008,2405.008,775.231744
Semi-detached,1,H2,hybrid_bidirectional,best,2405.008,2405.008,775.231744
Semi-detached,1,H3,safe_unidirectional,worst,2405.008,2405.008,775.231744
Semi-detached,1,H3,safe_unidirectional,best,2405.008,2405.008,775.231744
Semi-detached,1,H3,hybrid_bidirectional,worst,2405.008,2405.008,775.231744
Semi-detached,1,H3,hybrid_bidirectional,best,2405.008,2405.008,775.231744
Semi-detached,1,H1,safe_unidirectional,worst,2640.5325,2640.5325,850.445351
Semi-detached,1,H1,safe_unidirectional,best,2640.5325,2640.5325,850.445351
Semi-detached,1,H1,hybrid_bidirectional,worst,2640.5325,2640.5325,850.445351
Semi-detached,1,H1,hybrid_bidirectional,best,2640.5325,2640.5325,850.445351
Semi-detached,1,H2,safe_unidirectional,worst,2640.5325,2640.5325,850.445351
Semi-detached,1,H2,safe_unidirectional,best,2640.5325,2640.5325,850.445351
Semi-detached,1,H2,hybrid_bidirectional,worst,2640.5325,2640.5325,850.445351
Semi-detached,1,H2,hybrid_bidirectional,best,2640.5325,2640.5325,850.445351
Semi-detached,1,H3,safe_unidirectional,worst,2640.5325,2640.5325,850.445351
Semi-detached,1,H3,safe_unidirectional,best,2640.5325,2640.5325,850.445351
Semi-detached,1,H3,hybrid_bidirectional,worst,2640.5325,2640.5325,850.445351
Semi-detached,1,H3,hybrid_bidirectional,best,2640.5325,2640.5325,850.445351
Semi-detached,1,H1,safe_unidirectional,worst,2496.9219,2496.9219,808.487505
Semi-detached,1,H1,safe_unidirectional,best,2496.9219,2496.9219,808.487505
Semi-detached,1,H1,hybrid_bidirectional,worst,2496.9219,2496.9219,808.487505
Semi-detached,1,H1,hybrid_bidirectional,best,2496.9219,2496.9219,808.487505
Semi-detached,1,H2,safe_unidirectional,worst,2496.9219,2496.9219,808.487505
Semi-detached,1,H2,safe_unidirectional,best,2496.9219,2496.9219,808.487505
Semi-detached,1,H2,hybrid_bidirectional,worst,2496.9219,2496.9219,808.487505
Semi-detached,1,H2,hybrid_bidirectional,best,2496.9219,2496.9219,808.487505
Semi-detached,1,H3,safe_unidirectional,worst,2496.9219,2496.9219,808.487505
Semi-detached,1,H3,safe_unidirectional,best,2496.9219,2496.9219,808.487505
Semi-detached,1,H3,hybrid_bidirectional,worst,2496.9219,2496.9219,808.487505
Semi-detached,1,H3,hybrid_bidirectional,best,2496.9219,2496.9219,808.487505
Semi-detached,1,H1,safe_unidirectional,worst,2531.4502,2531.4502,813.049734
Semi-detached,1,H1,safe_unidirectional,best,2531.4502,2531.4502,813.049734
Semi-detached,1,H1,hybrid_bidirectional,worst,2531.4502,2531.4502,813.049734
Semi-detached,1,H1,hybrid_bidirectional,best,2531.4502,2531.4502,813.049734
Semi-detached,1,H2,safe_unidirectional,worst,2531.4502,2531.4502,813.049734
Semi-detached,1,H2,safe_unidirectional,best,2531.4502,2531.4502,813.049734
Semi-detached,1,H2,hybrid_bidirectional,worst,2531.4502,2531.4502,813.049734
Semi-detached,1,H2,hybrid_bidirectional,best,2531.4502,2531.4502,813.049734
Semi-detached,1,H3,safe_unidirectional,worst,2531.4502,2531.4502,813.049734
Semi-detached,1,H3,safe_unidirectional,best,2531.4502,2531.4502,813.049734
Semi-detached,1,H3,hybrid_bidirectional,worst,2531.4502,2531.4502,813.049734
Semi-detached,1,H3,hybrid_bidirectional,best,2531.4502,2531.4502,813.049734
Semi-detached,1,H1,safe_unidirectional,worst,2455.5216,2455.5216,787.830288
Semi-detached,1,H1,safe_unidirectional,best,2455.5216,2455.5216,787.830288
Semi-detached,1,H1,hybrid_bidirectional,worst,2455.5216,2455.5216,787.830288
Semi-detached,1,H1,hybrid_bidirectional,best,2455.5216,2455.5216,787.830288
Semi-detached,1,H2,safe_unidirectional,worst,2455.5216,2455.5216,787.830288
Semi-detached,1,H2,safe_unidirectional,best,2455.5216,2455.5216,787.830288
Semi-detached,1,H2,hybrid_bidirectional,worst,2455.5216,2455.5216,787.830288
Semi-detached,1,H2,hybrid_bidirectional,best,2455.5216,2455.5216,787.830288
Semi-detached,1,H3,safe_unidirectional,worst,2455.5216,2455.5216,787.830288
Semi-detached,1,H3,safe_unidirectional,best,2455.5216,2455.5216,787.830288
Semi-detached,1,H3,hybrid_bidirectional,worst,2455.5216,2455.5216,787.830288
Semi-detached,1,H3,hybrid_bidirectional,best,2455.5216,2455.5216,787.830288
Semi-detached,1,H1,safe_unidirectional,worst,2384.119,2384.119,772.305814
Semi-detached,1,H1,safe_unidirectional,best,2384.119,2384.119,772.305814
Semi-detached,1,H1,hybrid_bidirectional,worst,2384.119,2384.119,772.305814
Semi-detached,1,H1,hybrid_bidirectional,best,2384.119,2384.119,772.305814
Semi-detached,1,H2,safe_unidirectional,worst,2384.119,2384.119,772.305814
Semi-detached,1,H2,safe_unidirectional,best,2384.119,2384.119,772.305814
Semi-detached,1,H2,hybrid_bidirectional,worst,2384.119,2384.119,772.305814
Semi-detached,1,H2,hybrid_bidirectional,best,2384.119,2384.119,772.305814
Semi-detached,1,H3,safe_unidirectional,worst,2384.119,2384.119,772.305814
Semi-detached,1,H3,safe_unidirectional,best,2384.119,2384.119,772.305814
Semi-detached,1,H3,hybrid_bidirectional,worst,2384.119,2384.119,772.305814
Semi-detached,1,H3,hybrid_bidirectional,best,2384.119,2384.119,772.305814
Semi-detached,1,H1,safe_unidirectional,worst,2543.7421,2543.7421,822.126823
Semi-detached,1,H1,safe_unidirectional,best,2543.7421,2543.7421,822.126823
Semi-detached,1,H1,hybrid_bidirectional,worst,2543.7421,2543.7421,822.126823
Semi-detached,1,H1,hybrid_bidirectional,best,2543.7421,2543.7421,822.126823
Semi-detached,1,H2,safe_unidirectional,worst,2543.7421,2543.7421,822.126823
Semi-detached,1,H2,safe_unidirectional,best,2543.7421,2543.7421,822.126823
Semi-detached,1,H2,hybrid_bidirectional,worst,2543.7421,2543.7421,822.126823
Semi-detached,1,H2,hybrid_bidirectional,best,2543.7421,2543.7421,822.126823
Semi-detached,1,H3,safe_unidirectional,worst,2543.7421,2543.7421,822.126823
Semi-detached,1,H3,safe_unidirectional,best,2543.7421,2543.7421,822.126823
Semi-detached,1,H3,hybrid_bidirectional,worst,2543.7421,2543.7421,822.126823
Semi-detached,1,H3,hybrid_bidirectional,best,2543.7421,2543.7421,822.126823
Semi-detached,1,H1,safe_unidirectional,worst,2539.5193,2539.5193,818.134471
Semi-detached,1,H1,safe_unidirectional,best,2539.5193,2539.5193,818.134471
Semi-detached,1,H1,hybrid_bidirectional,worst,2539.5193,2539.5193,818.134471
Semi-detached,1,H1,hybrid_bidirectional,best,2539.5193,2539.5193,818.134471
Semi-detached,1,H2,safe_unidirectional,worst,2539.5193,2539.5193,818.134471
Semi-detached,1,H2,safe_unidirectional,best,2539.5193,2539.5193,818.134471
Semi-detached,1,H2,hybrid_bidirectional,worst,2539.5193,2539.5193,818.134471
Semi-detached,1,H2,hybrid_bidirectional,best,2539.5193,2539.5193,818.134471
Semi-detached,1,H3,safe_unidirectional,worst,2539.5193,2539.5193,818.134471
Semi-detached,1,H3,safe_unidirectional,best,2539.5193,2539.5193,818.134471
Semi-detached,1,H3,hybrid_bidirectional,worst,2539.5193,2539.5193,818.134471
Semi-detached,1,H3,hybrid_bidirectional,best,2539.5193,2539.5193,818.134471
Semi-detached,1,H1,safe_unidirectional,worst,2489.1993,2489.1993,803.661187
Semi-detached,1,H1,safe_unidirectional,best,2489.1993,2489.1993,803.661187
Semi-detached,1,H1,hybrid_bidirectional,worst,2489.1993,2489.1993,803.661187
Semi-detached,1,H1,hybrid_bidirectional,best,2489.1993,2489.1993,803.661187
Semi-detached,1,H2,safe_unidirectional,worst,2489.1993,2489.1993,803.661187
Semi-detached,1,H2,safe_unidirectional,best,2489.1993,2489.1993,803.661187
Semi-detached,1,H2,hybrid_bidirectional,worst,2489.1993,2489.1993,803.661187
Semi-detached,1,H2,hybrid_bidirectional,best,2489.1993,2489.1993,803.661187
Semi-detached,1,H3,safe_unidirectional,worst,2489.1993,2489.1993,803.661187
Semi-detached,1,H3,safe_unidirectional,best,2489.1993,2489.1993,803.661187
Semi-detached,1,H3,hybrid_bidirectional,worst,2489.1993,2489.1993,803.661187
Semi-detached,1,H3,hybrid_bidirectional,best,2489.1993,2489.1993,803.661187
Semi-detached,1,H1,safe_unidirectional,worst,2409.8918,2409.8918,776.346522
Semi-detached,1,H1,safe_unidirectional,best,2409.8918,2409.8918,776.346522
Semi-detached,1,H1,hybrid_bidirectional,worst,2409.8918,2409.8918,776.346522
Semi-detached,1,H1,hybrid_bidirectional,best,2409.8918,2409.8918,776.346522
Semi-detached,1,H2,safe_unidirectional,worst,2409.8918,2409.8918,776.346522
Semi-detached,1,H2,safe_unidirectional,best,2409.8918,2409.8918,776.346522
Semi-detached,1,H2,hybrid_bidirectional,worst,2409.8918,2409.8918,776.346522
Semi-detached,1,H2,hybrid_bidirectional,best,2409.8918,2409.8918,776.346522
Semi-detached,1,H3,safe_unidirectional,worst,2409.8918,2409.8918,776.346522
Semi-detached,1,H3,safe_unidirectional,best,2409.8918,2409.8918,776.346522
Semi-detached,1,H3,hybrid_bidirectional,worst,2409.8918,2409.8918,776.346522
Semi-detached,1,H3,hybrid_bidirectional,best,2409.8918,2409.8918,776.346522
Semi-detached,1,H1,safe_unidirectional,worst,2468.2332,2468.2332,791.803964
Semi-detached,1,H1,safe_unidirectional,best,2468.2332,2468.2332,791.803964
Semi-detached,1,H1,hybrid_bidirectional,worst,2468.2332,2468.2332,791.803964
Semi-detached,1,H1,hybrid_bidirectional,best,2468.2332,2468.2332,791.803964
Semi-detached,1,H2,safe_unidirectional,worst,2468.2332,2468.2332,791.803964
Semi-detached,1,H2,safe_unidirectional,best,2468.2332,2468.2332,791.803964
Semi-detached,1,H2,hybrid_bidirectional,worst,2468.2332,2468.2332,791.803964
Semi-detached,1,H2,hybrid_bidirectional,best,2468.2332,2468.2332,791.803964
Semi-detached,1,H3,safe_unidirectional,worst,2468.2332,2468.2332,791.803964
Semi-detached,1,H3,safe_unidirectional,best,2468.2332,2468.2332,791.803964
Semi-detached,1,H3,hybrid_bidirectional,worst,2468.2332,2468.2332,791.803964
Semi-detached,1,H3,hybrid_bidirectional,best,2468.2332,2468.2332,791.803964
Semi-detached,1,H1,safe_unidirectional,worst,2484.4316,2484.4316,800.388372
Semi-detached,1,H1,safe_unidirectional,best,2484.4316,2484.4316,800.388372
Semi-detached,1,H1,hybrid_bidirectional,worst,2484.4316,2484.4316,800.388372
Semi-detached,1,H1,hybrid_bidirectional,best,2484.4316,2484.4316,800.388372
Semi-detached,1,H2,safe_unidirectional,worst,2484.4316,2484.4316,800.388372
Semi-detached,1,H2,safe_unidirectional,best,2484.4316,2484.4316,800.388372
Semi-detached,1,H2,hybrid_bidirectional,worst,2484.4316,2484.4316,800.388372
Semi-detached,1,H2,hybrid_bidirectional,best,2484.4316,2484.4316,800.388372
Semi-detached,1,H3,safe_unidirectional,worst,2484.4316,2484.4316,800.388372
Semi-detached,1,H3,safe_unidirectional,best,2484.4316,2484.4316,800.388372
Semi-detached,1,H3,hybrid_bidirectional,worst,2484.4316,2484.4316,800.388372
Semi-detached,1,H3,hybrid_bidirectional,best,2484.4316,2484.4316,800.388372
Semi-detached,1,H1,safe_unidirectional,worst,2476.0586,2476.0586,798.50981
Semi-detached,1,H1,safe_unidirectional,best,2476.0586,2476.0586,798.50981
Semi-detached,1,H1,hybrid_bidirectional,worst,2476.0586,2476.0586,798.50981
Semi-detached,1,H1,hybrid_bidirectional,best,2476.0586,2476.0586,798.50981
Semi-detached,1,H2,safe_unidirectional,worst,2476.0586,2476.0586,798.50981
Semi-detached,1,H2,safe_unidirectional,best,2476.0586,2476.0586,798.50981
Semi-detached,1,H2,hybrid_bidirectional,worst,2476.0586,2476.0586,798.50981
Semi-detached,1,H2,hybrid_bidirectional,best,2476.0586,2476.0586,798.50981
Semi-detached,1,H3,safe_unidirectional,worst,2476.0586,2476.0586,798.50981
Semi-detached,1,H3,safe_unidirectional,best,2476.0586,2476.0586,798.50981
Semi-detached,1,H3,hybrid_bidirectional,worst,2476.0586,2476.0586,798.50981
Semi-detached,1,H3,hybrid_bidirectional,best,2476.0586,2476.0586,798.50981
Semi-detached,1,H1,safe_unidirectional,worst,2497.516,2497.516,800.7041
Semi-detached,1,H1,safe_unidirectional,best,2497.516,2497.516,800.7041
Semi-detached,1,H1,hybrid_bidirectional,worst,2497.516,2497.516,800.7041
Semi-detached,1,H1,hybrid_bidirectional,best,2497.516,2497.516,800.7041
Semi-detached,1,H2,safe_unidirectional,worst,2497.516,2497.516,800.7041
Semi-detached,1,H2,safe_unidirectional,best,2497.516,2497.516,800.7041
Semi-detached,1,H2,hybrid_bidirectional,worst,2497.516,2497.516,800.7041
Semi-detached,1,H2,hybrid_bidirectional,best,2497.516,2497.516,800.7041
Semi-detached,1,H3,safe_unidirectional,worst,2497.516,2497.516,800.7041
Semi-detached,1,H3,safe_unidirectional,best,2497.516,2497.516,800.7041
Semi-detached,1,H3,hybrid_bidirectional,worst,2497.516,2497.516,800.7041
Semi-detached,1,H3,hybrid_bidirectional,best,2497.516,2497.516,800.7041
Semi-detached,1,H1,safe_unidirectional,worst,2645.3783,2645.3783,845.774601
Semi-detached,1,H1,safe_unidirectional,best,2645.3783,2645.3783,845.774601
Semi-detached,1,H1,hybrid_bidirectional,worst,2645.3783,2645.3783,845.774601
Semi-detached,1,H1,hybrid_bidirectional,best,2645.3783,2645.3783,845.774601
Semi-detached,1,H2,safe_unidirectional,worst,2645.3783,2645.3783,845.774601
Semi-detached,1,H2,safe_unidirectional,best,2645.3783,2645.3783,845.774601
Semi-detached,1,H2,hybrid_bidirectional,worst,2645.3783,2645.3783,845.774601
Semi-detached,1,H2,hybrid_bidirectional,best,2645.3783,2645.3783,845.774601
Semi-detached,1,H3,safe_unidirectional,worst,2645.3783,2645.3783,845.774601
Semi-detached,1,H3,safe_unidirectional,best,2645.3783,2645.3783,845.774601
Semi-detached,1,H3,hybrid_bidirectional,worst,2645.3783,2645.3783,845.774601
Semi-detached,1,H3,hybrid_bidirectional,best,2645.3783,2645.3783,845.774601
Semi-detached,1,H1,safe_unidirectional,worst,2661.6145,2661.6145,849.337251
Semi-detached,1,H1,safe_unidirectional,best,2661.6145,2661.6145,849.337251
Semi-detached,1,H1,hybrid_bidirectional,worst,2661.6145,2661.6145,849.337251
Semi-detached,1,H1,hybrid_bidirectional,best,2661.6145,2661.6145,849.337251
Semi-detached,1,H2,safe_unidirectional,worst,2661.6145,2661.6145,849.337251
Semi-detached,1,H2,safe_unidirectional,best,2661.6145,2661.6145,849.337251
Semi-detached,1,H2,hybrid_bidirectional,worst,2661.6145,2661.6145,849.337251
Semi-detached,1,H2,hybrid_bidirectional,best,2661.6145,2661.6145,849.337251
Semi-detached,1,H3,safe_unidirectional,worst,2661.6145,2661.6145,849.337251
Semi-detached,1,H3,safe_unidirectional,best,2661.6145,2661.6145,849.337251
Semi-detached,1,H3,hybrid_bidirectional,worst,2661.6145,2661.6145,849.337251
Semi-detached,1,H3,hybrid_bidirectional,best,2661.6145,2661.6145,849.337251
Semi-detached,1,H1,safe_unidirectional,worst,2464.2934,2464.2934,796.354734
Semi-detached,1,H1,safe_unidirectional,best,2464.2934,2464.2934,796.354734
Semi-detached,1,H1,hybrid_bidirectional,worst,2464.2934,2464.2934,796.354734
Semi-detached,1,H1,hybrid_bidirectional,best,2464.2934,2464.2934,796.354734
Semi-detached,1,H2,safe_unidirectional,worst,2464.2934,2464.2934,796.354734
Semi-detached,1,H2,safe_unidirectional,best,2464.2934,2464.2934,796.354734
Semi-detached,1,H2,hybrid_bidirectional,worst,2464.2934,2464.2934,796.354734
Semi-detached,1,H2,hybrid_bidirectional,best,2464.2934,2464.2934,796.354734
Semi-detached,1,H3,safe_unidirectional,worst,2464.2934,2464.2934,796.354734
Semi-detached,1,H3,safe_unidirectional,best,2464.2934,2464.2934,796.354734
Semi-detached,1,H3,hybrid_bidirectional,worst,2464.2934,2464.2934,796.354734
Semi-detached,1,H3,hybrid_bidirectional,best,2464.2934,2464.2934,796.354734
Semi-detached,1,H1,safe_unidirectional,worst,2615.7654,2615.7654,846.413918
Semi-detached,1,H1,safe_unidirectional,best,2615.7654,2615.7654,846.413918
Semi-detached,1,H1,hybrid_bidirectional,worst,2615.7654,2615.7654,846.413918
Semi-detached,1,H1,hybrid_bidirectional,best,2615.7654,2615.7654,846.413918
Semi-detached,1,H2,safe_unidirectional,worst,2615.7654,2615.7654,846.413918
Semi-detached,1,H2,safe_unidirectional,best,2615.7654,2615.7654,846.413918
Semi-detached,1,H2,hybrid_bidirectional,worst,2615.7654,2615.7654,846.413918
Semi-detached,1,H2,hybrid_bidirectional,best,2615.7654,2615.7654,846.413918
Semi-detached,1,H3,safe_unidirectional,worst,2615.7654,2615.7654,846.413918
Semi-detached,1,H3,safe_unidirectional,best,2615.7654,2615.7654,846.413918
Semi-detached,1,H3,hybrid_bidirectional,worst,2615.7654,2615.7654,846.413918
Semi-detached,1,H3,hybrid_bidirectional,best,2615.7654,2615.7654,846.413918
Semi-detached,1,H1,safe_unidirectional,worst,2326.3869,2326.3869,746.313295
Semi-detached,1,H1,safe_unidirectional,best,2326.3869,2326.3869,746.313295
Semi-detached,1,H1,hybrid_bidirectional,worst,2326.3869,2326.3869,746.313295
Semi-detached,1,H1,hybrid_bidirectional,best,2326.3869,2326.3869,746.313295
Semi-detached,1,H2,safe_unidirectional,worst,2326.3869,2326.3869,746.313295
Semi-detached,1,H2,safe_unidirectional,best,2326.3869,2326.3869,746.313295
Semi-detached,1,H2,hybrid_bidirectional,worst,2326.3869,2326.3869,746.313295
Semi-detached,1,H2,hybrid_bidirectional,best,2326.3869,2326.3869,746.313295
Semi-detached,1,H3,safe_unidirectional,worst,2326.3869,2326.3869,746.313295
Semi-detached,1,H3,safe_unidirectional,best,2326.3869,2326.3869,746.313295
Semi-detached,1,H3,hybrid_bidirectional,worst,2326.3869,2326.3869,746.313295
Semi-detached,1,H3,hybrid_bidirectional,best,2326.3869,2326.3869,746.313295
Semi-detached,1,H1,safe_unidirectional,worst,2434.7381,2434.7381,787.841579
Semi-detached,1,H1,safe_unidirectional,best,2434.7381,2434.7381,787.841579
Semi-detached,1,H1,hybrid_bidirectional,worst,2434.7381,2434.7381,787.841579
Semi-detached,1,H1,hybrid_bidirectional,best,2434.7381,2434.7381,787.841579
Semi-detached,1,H2,safe_unidirectional,worst,2434.7381,2434.7381,787.841579
Semi-detached,1,H2,safe_unidirectional,best,2434.7381,2434.7381,787.841579
Semi-detached,1,H2,hybrid_bidirectional,worst,2434.7381,2434.7381,787.841579
Semi-detached,1,H2,hybrid_bidirectional,best,2434.7381,2434.7381,787.841579
Semi-detached,1,H3,safe_unidirectional,worst,2434.7381,2434.7381,787.841579
Semi-detached,1,H3,safe_unidirectional,best,2434.7381,2434.7381,787.841579
Semi-detached,1,H3,hybrid_bidirectional,worst,2434.7381,2434.7381,787.841579
Semi-detached,1,H3,hybrid_bidirectional,best,2434.7381,2434.7381,787.841579
Semi-detached,1,H1,safe_unidirectional,worst,2506.8651,2506.8651,805.436373
Semi-detached,1,H1,safe_unidirectional,best,2506.8651,2506.8651,805.436373
Semi-detached,1,H1,hybrid_bidirectional,worst,2506.8651,2506.8651,805.436373
Semi-detached,1,H1,hybrid_bidirectional,best,2506.8651,2506.8651,805.436373
Semi-detached,1,H2,safe_unidirectional,worst,2506.8651,2506.8651,805.436373
Semi-detached,1,H2,safe_unidirectional,best,2506.8651,2506.8651,805.436373
Semi-detached,1,H2,hybrid_bidirectional,worst,2506.8651,2506.8651,805.436373
Semi-detached,1,H2,hybrid_bidirectional,best,2506.8651,2506.8651,805.436373
Semi-detached,1,H3,safe_unidirectional,worst,2506.8651,2506.8651,805.436373
Semi-detached,1,H3,safe_unidirectional,best,2506.8651,2506.8651,805.436373
Semi-detached,1,H3,hybrid_bidirectional,worst,2506.8651,2506.8651,805.436373
Semi-detached,1,H3,hybrid_bidirectional,best,2506.8651,2506.8651,805.436373
Semi-detached,1,H1,safe_unidirectional,worst,2453.8955,2453.8955,795.288809
Semi-detached,1,H1,safe_unidirectional,best,2453.8955,2453.8955,795.288809
Semi-detached,1,H1,hybrid_bidirectional,worst,2453.8955,2453.8955,795.288809
Semi-detached,1,H1,hybrid_bidirectional,best,2453.8955,2453.8955,795.288809
Semi-detached,1,H2,safe_unidirectional,worst,2453.8955,2453.8955,795.288809
Semi-detached,1,H2,safe_unidirectional,best,2453.8955,2453.8955,795.288809
Semi-detached,1,H2,hybrid_bidirectional,worst,2453.8955,2453.8955,795.288809
Semi-detached,1,H2,hybrid_bidirectional,best,2453.8955,2453.8955,795.288809
Semi-detached,1,H3,safe_unidirectional,worst,2453.8955,2453.8955,795.288809
Semi-detached,1,H3,safe_unidirectional,best,2453.8955,2453.8955,795.288809
Semi-detached,1,H3,hybrid_bidirectional,worst,2453.8955,2453.8955,795.288809
Semi-detached,1,H3,hybrid_bidirectional,best,2453.8955,2453.8955,795.288809
Semi-detached,1,H1,safe_unidirectional,worst,2322.0068,2322.0068,752.117716
Semi-detached,1,H1,safe_unidirectional,best,2322.0068,2322.0068,752.117716
Semi-detached,1,H1,hybrid_bidirectional,worst,2322.0068,2322.0068,752.117716
Semi-detached,1,H1,hybrid_bidirectional,best,2322.0068,2322.0068,752.117716
Semi-detached,1,H2,safe_unidirectional,worst,2322.0068,2322.0068,752.117716
Semi-detached,1,H2,safe_unidirectional,best,2322.0068,2322.0068,752.117716
Semi-detached,1,H2,hybrid_bidirectional,worst,2322.0068,2322.0068,752.117716
Semi-detached,1,H2,hybrid_bidirectional,best,2322.0068,2322.0068,752.117716
Semi-detached,1,H3,safe_unidirectional,worst,2322.0068,2322.0068,752.117716
Semi-detached,1,H3,safe_unidirectional,best,2322.0068,2322.0068,752.117716
Semi-detached,1,H3,hybrid_bidirectional,worst,2322.0068,2322.0068,752.117716
Semi-detached,1,H3,hybrid_bidirectional,best,2322.0068,2322.0068,752.117716
Semi-detached,1,H1,safe_unidirectional,worst,2455.5838,2455.5838,790.909994
Semi-detached,1,H1,safe_unidirectional,best,2455.5838,2455.5838,790.909994
Semi-detached,1,H1,hybrid_bidirectional,worst,2455.5838,2455.5838,790.909994
Semi-detached,1,H1,hybrid_bidirectional,best,2455.5838,2455.5838,790.909994
Semi-detached,1,H2,safe_unidirectional,worst,2455.5838,2455.5838,790.909994
Semi-detached,1,H2,safe_unidirectional,best,2455.5838,2455.5838,790.909994
Semi-detached,1,H2,hybrid_bidirectional,worst,2455.5838,2455.5838,790.909994
Semi-detached,1,H2,hybrid_bidirectional,best,2455.5838,2455.5838,790.909994
Semi-detached,1,H3,safe_unidirectional,worst,2455.5838,2455.5838,790.909994
Semi-detached,1,H3,safe_unidirectional,best,2455.5838,2455.5838,790.909994
Semi-detached,1,H3,hybrid_bidirectional,worst,2455.5838,2455.5838,790.909994
Semi-detached,1,H3,hybrid_bidirectional,best,2455.5838,2455.5838,790.909994
Semi-detached,1,H1,safe_unidirectional,worst,2418.9967,2418.9967,781.303929
Semi-detached,1,H1,safe_unidirectional,best,2418.9967,2418.9967,781.303929
Semi-detached,1,H1,hybrid_bidirectional,worst,2418.9967,2418.9967,781.303929
Semi-detached,1,H1,hybrid_bidirectional,best,2418.9967,2418.9967,781.303929
Semi-detached,1,H2,safe_unidirectional,worst,2418.9967,2418.9967,781.303929
Semi-detached,1,H2,safe_unidirectional,best,2418.9967,2418.9967,781.303929
Semi-detached,1,H2,hybrid_bidirectional,worst,2418.9967,2418.9967,781.303929
Semi-detached,1,H2,hybrid_bidirectional,best,2418.9967,2418.9967,781.303929
Semi-detached,1,H3,safe_unidirectional,worst,2418.9967,2418.9967,781.303929
Semi-detached,1,H3,safe_unidirectional,best,2418.9967,2418.9967,781.303929
Semi-detached,1,H3,hybrid_bidirectional,worst,2418.9967,2418.9967,781.303929
Semi-detached,1,H3,hybrid_bidirectional,best,2418.9967,2418.9967,781.303929
Semi-detached,1,H1,safe_unidirectional,worst,2430.973,2430.973,783.646598
Semi-detached,1,H1,safe_unidirectional,best,2430.973,2430.973,783.646598
Semi-detached,1,H1,hybrid_bidirectional,worst,2430.973,2430.973,783.646598
Semi-detached,1,H1,hybrid_bidirectional,best,2430.973,2430.973,783.646598
Semi-detached,1,H2,safe_unidirectional,worst,2430.973,2430.973,783.646598
Semi-detached,1,H2,safe_unidirectional,best,2430.973,2430.973,783.646598
Semi-detached,1,H2,hybrid_bidirectional,worst,2430.973,2430.973,783.646598
Semi-detached,1,H2,hybrid_bidirectional,best,2430.973,2430.973,783.646598
Semi-detached,1,H3,safe_unidirectional,worst,2430.973,2430.973,783.646598
Semi-detached,1,H3,safe_unidirectional,best,2430.973,2430.973,783.646598
Semi-detached,1,H3,hybrid_bidirectional,worst,2430.973,2430.973,783.646598
Semi-detached,1,H3,hybrid_bidirectional,best,2430.973,2430.973,783.646598
Semi-detached,1,H1,safe_unidirectional,worst,2547.2269,2547.2269,823.914651
Semi-detached,1,H1,safe_unidirectional,best,2547.2269,2547.2269,823.914651
Semi-detached,1,H1,hybrid_bidirectional,worst,2547.2269,2547.2269,823.914651
Semi-detached,1,H1,hybrid_bidirectional,best,2547.2269,2547.2269,823.914651
Semi-detached,1,H2,safe_unidirectional,worst,2547.2269,2547.2269,823.914651
Semi-detached,1,H2,safe_unidirectional,best,2547.2269,2547.2269,823.914651
Semi-detached,1,H2,hybrid_bidirectional,worst,2547.2269,2547.2269,823.914651
Semi-detached,1,H2,hybrid_bidirectional,best,2547.2269,2547.2269,823.914651
Semi-detached,1,H3,safe_unidirectional,worst,2547.2269,2547.2269,823.914651
Semi-detached,1,H3,safe_unidirectional,best,2547.2269,2547.2269,823.914651
Semi-detached,1,H3,hybrid_bidirectional,worst,2547.2269,2547.2269,823.914651
Semi-detached,1,H3,hybrid_bidirectional,best,2547.2269,2547.2269,823.914651
Semi-detached,1,H1,safe_unidirectional,worst,2606.7846,2606.7846,830.332314
Semi-detached,1,H1,safe_unidirectional,best,2606.7846,2606.7846,830.332314
Semi-detached,1,H1,hybrid_bidirectional,worst,2606.7846,2606.7846,830.332314
Semi-detached,1,H1,hybrid_bidirectional,best,2606.7846,2606.7846,830.332314
Semi-detached,1,H2,safe_unidirectional,worst,2606.7846,2606.7846,830.332314
Semi-detached,1,H2,safe_unidirectional,best,2606.7846,2606.7846,830.332314
Semi-detached,1,H2,hybrid_bidirectional,worst,2606.7846,2606.7846,830.332314
Semi-detached,1,H2,hybrid_bidirectional,best,2606.7846,2606.7846,830.332314
Semi-detached,1,H3,safe_unidirectional,worst,2606.7846,2606.7846,830.332314
Semi-detached,1,H3,safe_unidirectional,best,2606.7846,2606.7846,830.332314
Semi-detached,1,H3,hybrid_bidirectional,worst,2606.7846,2606.7846,830.332314
Semi-detached,1,H3,hybrid_bidirectional,best,2606.7846,2606.7846,830.332314
Semi-detached,1,H1,safe_unidirectional,worst,2464.6048,2464.6048,790.682508
Semi-detached,1,H1,safe_unidirectional,best,2464.6048,2464.6048,790.682508
Semi-detached,1,H1,hybrid_bidirectional,worst,2464.6048,2464.6048,790.682508
Semi-detached,1,H1,hybrid_bidirectional,best,2464.6048,2464.6048,790.682508
Semi-detached,1,H2,safe_unidirectional,worst,2464.6048,2464.6048,790.682508
Semi-detached,1,H2,safe_unidirectional,best,2464.6048,2464.6048,790.682508
Semi-detached,1,H2,hybrid_bidirectional,worst,2464.6048,2464.6048,790.682508
Semi-detached,1,H2,hybrid_bidirectional,best,2464.6048,2464.6048,790.682508
Semi-detached,1,H3,safe_unidirectional,worst,2464.6048,2464.6048,790.682508
Semi-detached,1,H3,safe_unidirectional,best,2464.6048,2464.6048,790.682508
Semi-detached,1,H3,hybrid_bidirectional,worst,2464.6048,2464.6048,790.682508
Semi-detached,1,H3,hybrid_bidirectional,best,2464.6048,2464.6048,790.682508
Semi-detached,1,H1,safe_unidirectional,worst,2503.3211,2503.3211,803.717705
Semi-detached,1,H1,safe_unidirectional,best,2503.3211,2503.3211,803.717705
Semi-detached,1,H1,hybrid_bidirectional,worst,2503.3211,2503.3211,803.717705
Semi-detached,1,H1,hybrid_bidirectional,best,2503.3211,2503.3211,803.717705
Semi-detached,1,H2,safe_unidirectional,worst,2503.3211,2503.3211,803.717705
Semi-detached,1,H2,safe_unidirectional,best,2503.3211,2503.3211,803.717705
Semi-detached,1,H2,hybrid_bidirectional,worst,2503.3211,2503.3211,803.717705
Semi-detached,1,H2,hybrid_bidirectional,best,2503.3211,2503.3211,803.717705
Semi-detached,1,H3,safe_unidirectional,worst,2503.3211,2503.3211,803.717705
Semi-detached,1,H3,safe_unidirectional,best,2503.3211,2503.3211,803.717705
Semi-detached,1,H3,hybrid_bidirectional,worst,2503.3211,2503.3211,803.717705
Semi-detached,1,H3,hybrid_bidirectional,best,2503.3211,2503.3211,803.717705
Semi-detached,1,H1,safe_unidirectional,worst,2439.6054,2439.6054,785.374002
Semi-detached,1,H1,safe_unidirectional,best,2439.6054,2439.6054,785.374002
Semi-detached,1,H1,hybrid_bidirectional,worst,2439.6054,2439.6054,785.374002
Semi-detached,1,H1,hybrid_bidirectional,best,2439.6054,2439.6054,785.374002
Semi-detached,1,H2,safe_unidirectional,worst,2439.6054,2439.6054,785.374002
Semi-detached,1,H2,safe_unidirectional,best,2439.6054,2439.6054,785.374002
Semi-detached,1,H2,hybrid_bidirectional,worst,2439.6054,2439.6054,785.374002
Semi-detached,1,H2,hybrid_bidirectional,best,2439.6054,2439.6054,785.374002
Semi-detached,1,H3,safe_unidirectional,worst,2439.6054,2439.6054,785.374002
Semi-detached,1,H3,safe_unidirectional,best,2439.6054,2439.6054,785.374002
Semi-detached,1,H3,hybrid_bidirectional,worst,2439.6054,2439.6054,785.374002
Semi-detached,1,H3,hybrid_bidirectional,best,2439.6054,2439.6054,785.374002
Semi-detached,1,H1,safe_unidirectional,worst,2328.4933,2328.4933,748.033783
Semi-detached,1,H1,safe_unidirectional,best,2328.4933,2328.4933,748.033783
Semi-detached,1,H1,hybrid_bidirectional,worst,2328.4933,2328.4933,748.033783
Semi-detached,1,H1,hybrid_bidirectional,best,2328.4933,2328.4933,748.033783
Semi-detached,1,H2,safe_unidirectional,worst,2328.4933,2328.4933,748.033783
Semi-detached,1,H2,safe_unidirectional,best,2328.4933,2328.4933,748.033783
Semi-detached,1,H2,hybrid_bidirectional,worst,2328.4933,2328.4933,748.033783
Semi-detached,1,H2,hybrid_bidirectional,best,2328.4933,2328.4933,748.033783
Semi-detached,1,H3,safe_unidirectional,worst,2328.4933,2328.4933,748.033783
Semi-detached,1,H3,safe_unidirectional,best,2328.4933,2328.4933,748.033783
Semi-detached,1,H3,hybrid_bidirectional,worst,2328.4933,2328.4933,748.033783
Semi-detached,1,H3,hybrid_bidirectional,best,2328.4933,2328.4933,748.033783
Semi-detached,1,H1,safe_unidirectional,worst,2682.6039,2682.6039,856.429049
Semi-detached,1,H1,safe_unidirectional,best,2682.6039,2682.6039,856.429049
Semi-detached,1,H1,hybrid_bidirectional,worst,2682.6039,2682.6039,856.429049
Semi-detached,1,H1,hybrid_bidirectional,best,2682.6039,2682.6039,856.429049
Semi-detached,1,H2,safe_unidirectional,worst,2682.6039,2682.6039,856.429049
Semi-detached,1,H2,safe_unidirectional,best,2682.6039,2682.6039,856.429049
Semi-detached,1,H2,hybrid_bidirectional,worst,2682.6039,2682.6039,856.429049
Semi-detached,1,H2,hybrid_bidirectional,best,2682.6039,2682.6039,856.429049
Semi-detached,1,H3,safe_unidirectional,worst,2682.6039,2682.6039,856.429049
Semi-detached,1,H3,safe_unidirectional,best,2682.6039,2682.6039,856.429049
Semi-detached,1,H3,hybrid_bidirectional,worst,2682.6039,2682.6039,856.429049
Semi-detached,1,H3,hybrid_bidirectional,best,2682.6039,2682.6039,856.429049
Semi-detached,1,H1,safe_unidirectional,worst,2431.4287,2431.4287,785.350069
Semi-detached,1,H1,safe_unidirectional,best,2431.4287,2431.4287,785.350069
Semi-detached,1,H1,hybrid_bidirectional,worst,2431.4287,2431.4287,785.350069
Semi-detached,1,H1,hybrid_bidirectional,best,2431.4287,2431.4287,785.350069
Semi-detached,1,H2,safe_unidirectional,worst,2431.4287,2431.4287,785.350069
Semi-detached,1,H2,safe_unidirectional,best,2431.4287,2431.4287,785.350069
Semi-detached,1,H2,hybrid_bidirectional,worst,2431.4287,2431.4287,785.350069
Semi-detached,1,H2,hybrid_bidirectional,best,2431.4287,2431.4287,785.350069
Semi-detached,1,H3,safe_unidirectional,worst,2431.4287,2431.4287,785.350069
Semi-detached,1,H3,safe_unidirectional,best,2431.4287,2431.4287,785.350069
Semi-detached,1,H3,hybrid_bidirectional,worst,2431.4287,2431.4287,785.350069
Semi-detached,1,H3,hybrid_bidirectional,best,2431.4287,2431.4287,785.350069
Semi-detached,1,H1,safe_unidirectional,worst,2545.3024,2545.3024,818.194272
Semi-detached,1,H1,safe_unidirectional,best,2545.3024,2545.3024,818.194272
Semi-detached,1,H1,hybrid_bidirectional,worst,2545.3024,2545.3024,818.194272
Semi-detached,1,H1,hybrid_bidirectional,best,2545.3024,2545.3024,818.194272
Semi-detached,1,H2,safe_unidirectional,worst,2545.3024,2545.3024,818.194272
Semi-detached,1,H2,safe_unidirectional,best,2545.3024,2545.3024,818.194272
Semi-detached,1,H2,hybrid_bidirectional,worst,2545.3024,2545.3024,818.194272
Semi-detached,1,H2,hybrid_bidirectional,best,2545.3024,2545.3024,818.194272
Semi-detached,1,H3,safe_unidirectional,worst,2545.3024,2545.3024,818.194272
Semi-detached,1,H3,safe_unidirectional,best,2545.3024,2545.3024,818.194272
Semi-detached,1,H3,hybrid_bidirectional,worst,2545.3024,2545.3024,818.194272
Semi-detached,1,H3,hybrid_bidirectional,best,2545.3024,2545.3024,818.194272
Semi-detached,1,H1,safe_unidirectional,worst,2406.9338,2406.9338,773.67423
Semi-detached,1,H1,safe_unidirectional,best,2406.9338,2406.9338,773.67423
Semi-detached,1,H1,hybrid_bidirectional,worst,2406.9338,2406.9338,773.67423
Semi-detached,1,H1,hybrid_bidirectional,best,2406.9338,2406.9338,773.67423
Semi-detached,1,H2,safe_unidirectional,worst,2406.9338,2406.9338,773.67423
Semi-detached,1,H2,safe_unidirectional,best,2406.9338,2406.9338,773.67423
Semi-detached,1,H2,hybrid_bidirectional,worst,2406.9338,2406.9338,773.67423
Semi-detached,1,H2,hybrid_bidirectional,best,2406.9338,2406.9338,773.67423
Semi-detached,1,H3,safe_unidirectional,worst,2406.9338,2406.9338,773.67423
Semi-detached,1,H3,safe_unidirectional,best,2406.9338,2406.9338,773.67423
Semi-detached,1,H3,hybrid_bidirectional,worst,2406.9338,2406.9338,773.67423
Semi-detached,1,H3,hybrid_bidirectional,best,2406.9338,2406.9338,773.67423
Semi-detached,1,H1,safe_unidirectional,worst,2309.1711,2309.1711,745.672501
Semi-detached,1,H1,safe_unidirectional,best,2309.1711,2309.1711,745.672501
Semi-detached,1,H1,hybrid_bidirectional,worst,2309.1711,2309.1711,745.672501
Semi-detached,1,H1,hybrid_bidirectional,best,2309.1711,2309.1711,745.672501
Semi-detached,1,H2,safe_unidirectional,worst,2309.1711,2309.1711,745.672501
Semi-detached,1,H2,safe_unidirectional,best,2309.1711,2309.1711,745.672501
Semi-detached,1,H2,hybrid_bidirectional,worst,2309.1711,2309.1711,745.672501
Semi-detached,1,H2,hybrid_bidirectional,best,2309.1711,2309.1711,745.672501
Semi-detached,1,H3,safe_unidirectional,worst,2309.1711,2309.1711,745.672501
Semi-detached,1,H3,safe_unidirectional,best,2309.1711,2309.1711,745.672501
Semi-detached,1,H3,hybrid_bidirectional,worst,2309.1711,2309.1711,745.672501
Semi-detached,1,H3,hybrid_bidirectional,best,2309.1711,2309.1711,745.672501
Semi-detached,1,H1,safe_unidirectional,worst,2540.3629,2540.3629,821.644299
Semi-detached,1,H1,safe_unidirectional,best,2540.3629,2540.3629,821.644299
Semi-detached,1,H1,hybrid_bidirectional,worst,2540.3629,2540.3629,821.644299
Semi-detached,1,H1,hybrid_bidirectional,best,2540.3629,2540.3629,821.644299
Semi-detached,1,H2,safe_unidirectional,worst,2540.3629,2540.3629,821.644299
Semi-detached,1,H2,safe_unidirectional,best,2540.3629,2540.3629,821.644299
Semi-detached,1,H2,hybrid_bidirectional,worst,2540.3629,2540.3629,821.644299
Semi-detached,1,H2,hybrid_bidirectional,best,2540.3629,2540.3629,821.644299
Semi-detached,1,H3,safe_unidirectional,worst,2540.3629,2540.3629,821.644299
Semi-detached,1,H3,safe_unidirectional,best,2540.3629,2540.3629,821.644299
Semi-detached,1,H3,hybrid_bidirectional,worst,2540.3629,2540.3629,821.644299
Semi-detached,1,H3,hybrid_bidirectional,best,2540.3629,2540.3629,821.644299
Semi-detached,1,H1,safe_unidirectional,worst,2486.7872,2486.7872,801.072664
Semi-detached,1,H1,safe_unidirectional,best,2486.7872,2486.7872,801.072664
Semi-detached,1,H1,hybrid_bidirectional,worst,2486.7872,2486.7872,801.072664
Semi-detached,1,H1,hybrid_bidirectional,best,2486.7872,2486.7872,801.072664
Semi-detached,1,H2,safe_unidirectional,worst,2486.7872,2486.7872,801.072664
Semi-detached,1,H2,safe_unidirectional,best,2486.7872,2486.7872,801.072664
Semi-detached,1,H2,hybrid_bidirectional,worst,2486.7872,2486.7872,801.072664
Semi-detached,1,H2,hybrid_bidirectional,best,2486.7872,2486.7872,801.072664
Semi-detached,1,H3,safe_unidirectional,worst,2486.7872,2486.7872,801.072664
Semi-detached,1,H3,safe_unidirectional,best,2486.7872,2486.7872,801.072664
Semi-detached,1,H3,hybrid_bidirectional,worst,2486.7872,2486.7872,801.072664
Semi-detached,1,H3,hybrid_bidirectional,best,2486.7872,2486.7872,801.072664
Semi-detached,1,H1,safe_unidirectional,worst,2573.4176,2573.4176,827.579368
Semi-detached,1,H1,safe_unidirectional,best,2573.4176,2573.4176,827.579368
Semi-detached,1,H1,hybrid_bidirectional,worst,2573.4176,2573.4176,827.579368
Semi-detached,1,H1,hybrid_bidirectional,best,2573.4176,2573.4176,827.579368
Semi-detached,1,H2,safe_unidirectional,worst,2573.4176,2573.4176,827.579368
Semi-detached,1,H2,safe_unidirectional,best,2573.4176,2573.4176,827.579368
Semi-detached,1,H2,hybrid_bidirectional,worst,2573.4176,2573.4176,827.579368
Semi-detached,1,H2,hybrid_bidirectional,best,2573.4176,2573.4176,827.579368
Semi-detached,1,H3,safe_unidirectional,worst,2573.4176,2573.4176,827.579368
Semi-detached,1,H3,safe_unidirectional,best,2573.4176,2573.4176,827.579368
Semi-detached,1,H3,hybrid_bidirectional,worst,2573.4176,2573.4176,827.579368
Semi-detached,1,H3,hybrid_bidirectional,best,2573.4176,2573.4176,827.579368
Semi-detached,1,H1,safe_unidirectional,worst,2470.4254,2470.4254,793.47065
Semi-detached,1,H1,safe_unidirectional,best,2470.4254,2470.4254,793.47065
Semi-detached,1,H1,hybrid_bidirectional,worst,2470.4254,2470.4254,793.47065
Semi-detached,1,H1,hybrid_bidirectional,best,2470.4254,2470.4254,793.47065
Semi-detached,1,H2,safe_unidirectional,worst,2470.4254,2470.4254,793.47065
Semi-detached,1,H2,safe_unidirectional,best,2470.4254,2470.4254,793.47065
Semi-detached,1,H2,hybrid_bidirectional,worst,2470.4254,2470.4254,793.47065
Semi-detached,1,H2,hybrid_bidirectional,best,2470.4254,2470.4254,793.47065
Semi-detached,1,H3,safe_unidirectional,worst,2470.4254,2470.4254,793.47065
Semi-detached,1,H3,safe_unidirectional,best,2470.4254,2470.4254,793.47065
Semi-detached,1,H3,hybrid_bidirectional,worst,2470.4254,2470.4254,793.47065
Semi-detached,1,H3,hybrid_bidirectional,best,2470.4254,2470.4254,793.47065
Semi-detached,1,H1,safe_unidirectional,worst,2234.8551,2234.8551,726.141941
Semi-detached,1,H1,safe_unidirectional,best,2234.8551,2234.8551,726.141941
Semi-detached,1,H1,hybrid_bidirectional,worst,2234.8551,2234.8551,726.141941
Semi-detached,1,H1,hybrid_bidirectional,best,2234.8551,2234.8551,726.141941
Semi-detached,1,H2,safe_unidirectional,worst,2234.8551,2234.8551,726.141941
Semi-detached,1,H2,safe_unidirectional,best,2234.8551,2234.8551,726.141941
Semi-detached,1,H2,hybrid_bidirectional,worst,2234.8551,2234.8551,726.141941
Semi-detached,1,H2,hybrid_bidirectional,best,2234.8551,2234.8551,726.141941
Semi-detached,1,H3,safe_unidirectional,worst,2234.8551,2234.8551,726.141941
Semi-detached,1,H3,safe_unidirectional,best,2234.8551,2234.8551,726.141941
Semi-detached,1,H3,hybrid_bidirectional,worst,2234.8551,2234.8551,726.141941
Semi-detached,1,H3,hybrid_bidirectional,best,2234.8551,2234.8551,726.141941
Semi-detached,1,H1,safe_unidirectional,worst,2512.2482,2512.2482,808.205986
Semi-detached,1,H1,safe_unidirectional,best,2512.2482,2512.2482,808.205986
Semi-detached,1,H1,hybrid_bidirectional,worst,2512.2482,2512.2482,808.205986
Semi-detached,1,H1,hybrid_bidirectional,best,2512.2482,2512.2482,808.205986
Semi-detached,1,H2,safe_unidirectional,worst,2512.2482,2512.2482,808.205986
Semi-detached,1,H2,safe_unidirectional,best,2512.2482,2512.2482,808.205986
Semi-detached,1,H2,hybrid_bidirectional,worst,2512.2482,2512.2482,808.205986
Semi-detached,1,H2,hybrid_bidirectional,best,2512.2482,2512.2482,808.205986
Semi-detached,1,H3,safe_unidirectional,worst,2512.2482,2512.2482,808.205986
Semi-detached,1,H3,safe_unidirectional,best,2512.2482,2512.2482,808.205986
Semi-detached,1,H3,hybrid_bidirectional,worst,2512.2482,2512.2482,808.205986
Semi-detached,1,H3,hybrid_bidirectional,best,2512.2482,2512.2482,808.205986
Semi-detached,1,H1,safe_unidirectional,worst,2394.5479,2394.5479,768.276425
Semi-detached,1,H1,safe_unidirectional,best,2394.5479,2394.5479,768.276425
Semi-detached,1,H1,hybrid_bidirectional,worst,2394.5479,2394.5479,768.276425
Semi-detached,1,H1,hybrid_bidirectional,best,2394.5479,2394.5479,768.276425
Semi-detached,1,H2,safe_unidirectional,worst,2394.5479,2394.5479,768.276425
Semi-detached,1,H2,safe_unidirectional,best,2394.5479,2394.5479,768.276425
Semi-detached,1,H2,hybrid_bidirectional,worst,2394.5479,2394.5479,768.276425
Semi-detached,1,H2,hybrid_bidirectional,best,2394.5479,2394.5479,768.276425
Semi-detached,1,H3,safe_unidirectional,worst,2394.5479,2394.5479,768.276425
Semi-detached,1,H3,safe_unidirectional,best,2394.5479,2394.5479,768.276425
Semi-detached,1,H3,hybrid_bidirectional,worst,2394.5479,2394.5479,768.276425
Semi-detached,1,H3,hybrid_bidirectional,best,2394.5479,2394.5479,768.276425
Semi-detached,1,H1,safe_unidirectional,worst,2460.3433,2460.3433,791.178703
Semi-detached,1,H1,safe_unidirectional,best,2460.3433,2460.3433,791.178703
Semi-detached,1,H1,hybrid_bidirectional,worst,2460.3433,2460.3433,791.178703
Semi-detached,1,H1,hybrid_bidirectional,best,2460.3433,2460.3433,791.178703
Semi-detached,1,H2,safe_unidirectional,worst,2460.3433,2460.3433,791.178703
Semi-detached,1,H2,safe_unidirectional,best,2460.3433,2460.3433,791.178703
Semi-detached,1,H2,hybrid_bidirectional,worst,2460.3433,2460.3433,791.178703
Semi-detached,1,H2,hybrid_bidirectional,best,2460.3433,2460.3433,791.178703
Semi-detached,1,H3,safe_unidirectional,worst,2460.3433,2460.3433,791.178703
Semi-detached,1,H3,safe_unidirectional,best,2460.3433,2460.3433,791.178703
Semi-detached,1,H3,hybrid_bidirectional,worst,2460.3433,2460.3433,791.178703
Semi-detached,1,H3,hybrid_bidirectional,best,2460.3433,2460.3433,791.178703
Semi-detached,1,H1,safe_unidirectional,worst,2444.1182,2444.1182,787.276462
Semi-detached,1,H1,safe_unidirectional,best,2444.1182,2444.1182,787.276462
Semi-detached,1,H1,hybrid_bidirectional,worst,2444.1182,2444.1182,787.276462
Semi-detached,1,H1,hybrid_bidirectional,best,2444.1182,2444.1182,787.276462
Semi-detached,1,H2,safe_unidirectional,worst,2444.1182,2444.1182,787.276462
Semi-detached,1,H2,safe_unidirectional,best,2444.1182,2444.1182,787.276462
Semi-detached,1,H2,hybrid_bidirectional,worst,2444.1182,2444.1182,787.276462
Semi-detached,1,H2,hybrid_bidirectional,best,2444.1182,2444.1182,787.276462
Semi-detached,1,H3,safe_unidirectional,worst,2444.1182,2444.1182,787.276462
Semi-detached,1,H3,safe_unidirectional,best,2444.1182,2444.1182,787.276462
Semi-detached,1,H3,hybrid_bidirectional,worst,2444.1182,2444.1182,787.276462
Semi-detached,1,H3,hybrid_bidirectional,best,2444.1182,2444.1182,787.276462
Semi-detached,1,H1,safe_unidirectional,worst,2425.2868,2425.2868,781.316592
Semi-detached,1,H1,safe_unidirectional,best,2425.2868,2425.2868,781.316592
Semi-detached,1,H1,hybrid_bidirectional,worst,2425.2868,2425.2868,781.316592
Semi-detached,1,H1,hybrid_bidirectional,best,2425.2868,2425.2868,781.316592
Semi-detached,1,H2,safe_unidirectional,worst,2425.2868,2425.2868,781.316592
Semi-detached,1,H2,safe_unidirectional,best,2425.2868,2425.2868,781.316592
Semi-detached,1,H2,hybrid_bidirectional,worst,2425.2868,2425.2868,781.316592
Semi-detached,1,H2,hybrid_bidirectional,best,2425.2868,2425.2868,781.316592
Semi-detached,1,H3,safe_unidirectional,worst,2425.2868,2425.2868,781.316592
Semi-detached,1,H3,safe_unidirectional,best,2425.2868,2425.2868,781.316592
Semi-detached,1,H3,hybrid_bidirectional,worst,2425.2868,2425.2868,781.316592
Semi-detached,1,H3,hybrid_bidirectional,best,2425.2868,2425.2868,781.316592
Semi-detached,1,H1,safe_unidirectional,worst,2476.9392,2476.9392,800.617944
Semi-detached,1,H1,safe_unidirectional,best,2476.9392,2476.9392,800.617944
Semi-detached,1,H1,hybrid_bidirectional,worst,2476.9392,2476.9392,800.617944
Semi-detached,1,H1,hybrid_bidirectional,best,2476.9392,2476.9392,800.617944
Semi-detached,1,H2,safe_unidirectional,worst,2476.9392,2476.9392,800.617944
Semi-detached,1,H2,safe_unidirectional,best,2476.9392,2476.9392,800.617944
Semi-detached,1,H2,hybrid_bidirectional,worst,2476.9392,2476.9392,800.617944
Semi-detached,1,H2,hybrid_bidirectional,best,2476.9392,2476.9392,800.617944
Semi-detached,1,H3,safe_unidirectional,worst,2476.9392,2476.9392,800.617944
Semi-detached,1,H3,safe_unidirectional,best,2476.9392,2476.9392,800.617944
Semi-detached,1,H3,hybrid_bidirectional,worst,2476.9392,2476.9392,800.617944
Semi-detached,1,H3,hybrid_bidirectional,best,2476.9392,2476.9392,800.617944
Semi-detached,1,H1,safe_unidirectional,worst,2532.2063,2532.2063,813.046969
Semi-detached,1,H1,safe_unidirectional,best,2532.2063,2532.2063,813.046969
Semi-detached,1,H1,hybrid_bidirectional,worst,2532.2063,2532.2063,813.046969
Semi-detached,1,H1,hybrid_bidirectional,best,2532.2063,2532.2063,813.046969
Semi-detached,1,H2,safe_unidirectional,worst,2532.2063,2532.2063,813.046969
Semi-detached,1,H2,safe_unidirectional,best,2532.2063,2532.2063,813.046969
Semi-detached,1,H2,hybrid_bidirectional,worst,2532.2063,2532.2063,813.046969
Semi-detached,1,H2,hybrid_bidirectional,best,2532.2063,2532.2063,813.046969
Semi-detached,1,H3,safe_unidirectional,worst,2532.2063,2532.2063,813.046969
Semi-detached,1,H3,safe_unidirectional,best,2532.2063,2532.2063,813.046969
Semi-detached,1,H3,hybrid_bidirectional,worst,2532.2063,2532.2063,813.046969
Semi-detached,1,H3,hybrid_bidirectional,best,2532.2063,2532.2063,813.046969
Semi-detached,1,H1,safe_unidirectional,worst,2549.4946,2549.4946,818.75297
Semi-detached,1,H1,safe_unidirectional,best,2549.4946,2549.4946,818.75297
Semi-detached,1,H1,hybrid_bidirectional,worst,2549.4946,2549.4946,818.75297
Semi-detached,1,H1,hybrid_bidirectional,best,2549.4946,2549.4946,818.75297
Semi-detached,1,H2,safe_unidirectional,worst,2549.4946,2549.4946,818.75297
Semi-detached,1,H2,safe_unidirectional,best,2549.4946,2549.4946,818.75297
Semi-detached,1,H2,hybrid_bidirectional,worst,2549.4946,2549.4946,818.75297
Semi-detached,1,H2,hybrid_bidirectional,best,2549.4946,2549.4946,818.75297
Semi-detached,1,H3,safe_unidirectional,worst,2549.4946,2549.4946,818.75297
Semi-detached,1,H3,safe_unidirectional,best,2549.4946,2549.4946,818.75297
Semi-detached,1,H3,hybrid_bidirectional,worst,2549.4946,2549.4946,818.75297
Semi-detached,1,H3,hybrid_bidirectional,best,2549.4946,2549.4946,818.75297
Semi-detached,1,H1,safe_unidirectional,worst,2387.5919,2387.5919,772.488913
Semi-detached,1,H1,safe_unidirectional,best,2387.5919,2387.5919,772.488913
Semi-detached,1,H1,hybrid_bidirectional,worst,2387.5919,2387.5919,772.488913
Semi-detached,1,H1,hybrid_bidirectional,best,2387.5919,2387.5919,772.488913
Semi-detached,1,H2,safe_unidirectional,worst,2387.5919,2387.5919,772.488913
Semi-detached,1,H2,safe_unidirectional,best,2387.5919,2387.5919,772.488913
Semi-detached,1,H2,hybrid_bidirectional,worst,2387.5919,2387.5919,772.488913
Semi-detached,1,H2,hybrid_bidirectional,best,2387.5919,2387.5919,772.488913
Semi-detached,1,H3,safe_unidirectional,worst,2387.5919,2387.5919,772.488913
Semi-detached,1,H3,safe_unidirectional,best,2387.5919,2387.5919,772.488913
Semi-detached,1,H3,hybrid_bidirectional,worst,2387.5919,2387.5919,772.488913
Semi-detached,1,H3,hybrid_bidirectional,best,2387.5919,2387.5919,772.488913
Semi-detached,1,H1,safe_unidirectional,worst,2513.2256,2513.2256,805.854952
Semi-detached,1,H1,safe_unidirectional,best,2513.2256,2513.2256,805.854952
Semi-detached,1,H1,hybrid_bidirectional,worst,2513.2256,2513.2256,805.854952
Semi-detached,1,H1,hybrid_bidirectional,best,2513.2256,2513.2256,805.854952
Semi-detached,1,H2,safe_unidirectional,worst,2513.2256,2513.2256,805.854952
Semi-detached,1,H2,safe_unidirectional,best,2513.2256,2513.2256,805.854952
Semi-detached,1,H2,hybrid_bidirectional,worst,2513.2256,2513.2256,805.854952
Semi-detached,1,H2,hybrid_bidirectional,best,2513.2256,2513.2256,805.854952
Semi-detached,1,H3,safe_unidirectional,worst,2513.2256,2513.2256,805.854952
Semi-detached,1,H3,safe_unidirectional,best,2513.2256,2513.2256,805.854952
Semi-detached,1,H3,hybrid_bidirectional,worst,2513.2256,2513.2256,805.854952
Semi-detached,1,H3,hybrid_bidirectional,best,2513.2256,2513.2256,805.854952
Semi-detached,1,H1,safe_unidirectional,worst,2369.1309,2369.1309,761.270447
Semi-detached,1,H1,safe_unidirectional,best,2369.1309,2369.1309,761.270447
Semi-detached,1,H1,hybrid_bidirectional,worst,2369.1309,2369.1309,761.270447
Semi-detached,1,H1,hybrid_bidirectional,best,2369.1309,2369.1309,761.270447
Semi-detached,1,H2,safe_unidirectional,worst,2369.1309,2369.1309,761.270447
Semi-detached,1,H2,safe_unidirectional,best,2369.1309,2369.1309,761.270447
Semi-detached,1,H2,hybrid_bidirectional,worst,2369.1309,2369.1309,761.270447
Semi-detached,1,H2,hybrid_bidirectional,best,2369.1309,2369.1309,761.270447
Semi-detached,1,H3,safe_unidirectional,worst,2369.1309,2369.1309,761.270447
Semi-detached,1,H3,safe_unidirectional,best,2369.1309,2369.1309,761.270447
Semi-detached,1,H3,hybrid_bidirectional,worst,2369.1309,2369.1309,761.270447
Semi-detached,1,H3,hybrid_bidirectional,best,2369.1309,2369.1309,761.270447
Semi-detached,1,H1,safe_unidirectional,worst,2402.7961,2402.7961,774.175703
Semi-detached,1,H1,safe_unidirectional,best,2402.7961,2402.7961,774.175703
Semi-detached,1,H1,hybrid_bidirectional,worst,2402.7961,2402.7961,774.175703
Semi-detached,1,H1,hybrid_bidirectional,best,2402.7961,2402.7961,774.175703
Semi-detached,1,H2,safe_unidirectional,worst,2402.7961,2402.7961,774.175703
Semi-detached,1,H2,safe_unidirectional,best,2402.7961,2402.7961,774.175703
Semi-detached,1,H2,hybrid_bidirectional,worst,2402.7961,2402.7961,774.175703
Semi-detached,1,H2,hybrid_bidirectional,best,2402.7961,2402.7961,774.175703
Semi-detached,1,H3,safe_unidirectional,worst,2402.7961,2402.7961,774.175703
Semi-detached,1,H3,safe_unidirectional,best,2402.7961,2402.7961,774.175703
Semi-detached,1,H3,hybrid_bidirectional,worst,2402.7961,2402.7961,774.175703
Semi-detached,1,H3,hybrid_bidirectional,best,2402.7961,2402.7961,774.175703
Semi-detached,1,H1,safe_unidirectional,worst,2580.9331,2580.9331,831.512913
Semi-detached,1,H1,safe_unidirectional,best,2580.9331,2580.9331,831.512913
Semi-detached,1,H1,hybrid_bidirectional,worst,2580.9331,2580.9331,831.512913
Semi-detached,1,H1,hybrid_bidirectional,best,2580.9331,2580.9331,831.512913
Semi-detached,1,H2,safe_unidirectional,worst,2580.9331,2580.9331,831.512913
Semi-detached,1,H2,safe_unidirectional,best,2580.9331,2580.9331,831.512913
Semi-detached,1,H2,hybrid_bidirectional,worst,2580.9331,2580.9331,831.512913
Semi-detached,1,H2,hybrid_bidirectional,best,2580.9331,2580.9331,831.512913
Semi-detached,1,H3,safe_unidirectional,worst,2580.9331,2580.9331,831.512913
Semi-detached,1,H3,safe_unidirectional,best,2580.9331,2580.9331,831.512913
Semi-detached,1,H3,hybrid_bidirectional,worst,2580.9331,2580.9331,831.512913
Semi-detached,1,H3,hybrid_bidirectional,best,2580.9331,2580.9331,831.512913
Semi-detached,1,H1,safe_unidirectional,worst,2537.5046,2537.5046,815.924774
Semi-detached,1,H1,safe_unidirectional,best,2537.5046,2537.5046,815.924774
Semi-detached,1,H1,hybrid_bidirectional,worst,2537.5046,2537.5046,815.924774
Semi-detached,1,H1,hybrid_bidirectional,best,2537.5046,2537.5046,815.924774
Semi-detached,1,H2,safe_unidirectional,worst,2537.5046,2537.5046,815.924774
Semi-detached,1,H2,safe_unidirectional,best,2537.5046,2537.5046,815.924774
Semi-detached,1,H2,hybrid_bidirectional,worst,2537.5046,2537.5046,815.924774
Semi-detached,1,H2,hybrid_bidirectional,best,2537.5046,2537.5046,815.924774
Semi-detached,1,H3,safe_unidirectional,worst,2537.5046,2537.5046,815.924774
Semi-detached,1,H3,safe_unidirectional,best,2537.5046,2537.5046,815.924774
Semi-detached,1,H3,hybrid_bidirectional,worst,2537.5046,2537.5046,815.924774
Semi-detached,1,H3,hybrid_bidirectional,best,2537.5046,2537.5046,815.924774
Semi-detached,1,H1,safe_unidirectional,worst,2553.5289,2553.5289,822.256995
Semi-detached,1,H1,safe_unidirectional,best,2553.5289,2553.5289,822.256995
Semi-detached,1,H1,hybrid_bidirectional,worst,2553.5289,2553.5289,822.256995
Semi-detached,1,H1,hybrid_bidirectional,best,2553.5289,2553.5289,822.256995
Semi-detached,1,H2,safe_unidirectional,worst,2553.5289,2553.5289,822.256995
Semi-detached,1,H2,safe_unidirectional,best,2553.5289,2553.5289,822.256995
Semi-detached,1,H2,hybrid_bidirectional,worst,2553.5289,2553.5289,822.256995
Semi-detached,1,H2,hybrid_bidirectional,best,2553.5289,2553.5289,822.256995
Semi-detached,1,H3,safe_unidirectional,worst,2553.5289,2553.5289,822.256995
Semi-detached,1,H3,safe_unidirectional,best,2553.5289,2553.5289,822.256995
Semi-detached,1,H3,hybrid_bidirectional,worst,2553.5289,2553.5289,822.256995
Semi-detached,1,H3,hybrid_bidirectional,best,2553.5289,2553.5289,822.256995
Semi-detached,1,H1,safe_unidirectional,worst,2584.9044,2584.9044,832.170192
Semi-detached,1,H1,safe_unidirectional,best,2584.9044,2584.9044,832.170192
Semi-detached,1,H1,hybrid_bidirectional,worst,2584.9044,2584.9044,832.170192
Semi-detached,1,H1,hybrid_bidirectional,best,2584.9044,2584.9044,832.170192
Semi-detached,1,H2,safe_unidirectional,worst,2584.9044,2584.9044,832.170192
Semi-detached,1,H2,safe_unidirectional,best,2584.9044,2584.9044,832.170192
Semi-detached,1,H2,hybrid_bidirectional,worst,2584.9044,2584.9044,832.170192
Semi-detached,1,H2,hybrid_bidirectional,best,2584.9044,2584.9044,832.170192
Semi-detached,1,H3,safe_unidirectional,worst,2584.9044,2584.9044,832.170192
Semi-detached,1,H3,safe_unidirectional,best,2584.9044,2584.9044,832.170192
Semi-detached,1,H3,hybrid_bidirectional,worst,2584.9044,2584.9044,832.170192
Semi-detached,1,H3,hybrid_bidirectional,best,2584.9044,2584.9044,832.170192
Semi-detached,1,H1,safe_unidirectional,worst,2474.7803,2474.7803,799.487801
Semi-detached,1,H1,safe_unidirectional,best,2474.7803,2474.7803,799.487801
Semi-detached,1,H1,hybrid_bidirectional,worst,2474.7803,2474.7803,799.487801
Semi-detached,1,H1,hybrid_bidirectional,best,2474.7803,2474.7803,799.487801
Semi-detached,1,H2,safe_unidirectional,worst,2474.7803,2474.7803,799.487801
Semi-detached,1,H2,safe_unidirectional,best,2474.7803,2474.7803,799.487801
Semi-detached,1,H2,hybrid_bidirectional,worst,2474.7803,2474.7803,799.487801
Semi-detached,1,H2,hybrid_bidirectional,best,2474.7803,2474.7803,799.487801
Semi-detached,1,H3,safe_unidirectional,worst,2474.7803,2474.7803,799.487801
Semi-detached,1,H3,safe_unidirectional,best,2474.7803,2474.7803,799.487801
Semi-detached,1,H3,hybrid_bidirectional,worst,2474.7803,2474.7803,799.487801
Semi-detached,1,H3,hybrid_bidirectional,best,2474.7803,2474.7803,799.487801
Semi-detached,1,H1,safe_unidirectional,worst,2570.7371,2570.7371,829.619693
Semi-detached,1,H1,safe_unidirectional,best,2570.7371,2570.7371,829.619693
Semi-detached,1,H1,hybrid_bidirectional,worst,2570.7371,2570.7371,829.619693
Semi-detached,1,H1,hybrid_bidirectional,best,2570.7371,2570.7371,829.619693
Semi-detached,1,H2,safe_unidirectional,worst,2570.7371,2570.7371,829.619693
Semi-detached,1,H2,safe_unidirectional,best,2570.7371,2570.7371,829.619693
Semi-detached,1,H2,hybrid_bidirectional,worst,2570.7371,2570.7371,829.619693
Semi-detached,1,H2,hybrid_bidirectional,best,2570.7371,2570.7371,829.619693
Semi-detached,1,H3,safe_unidirectional,worst,2570.7371,2570.7371,829.619693
Semi-detached,1,H3,safe_unidirectional,best,2570.7371,2570.7371,829.619693
Semi-detached,1,H3,hybrid_bidirectional,worst,2570.7371,2570.7371,829.619693
Semi-detached,1,H3,hybrid_bidirectional,best,2570.7371,2570.7371,829.619693
Semi-detached,1,H1,safe_unidirectional,worst,2480.6365,2480.6365,789.917695
Semi-detached,1,H1,safe_unidirectional,best,2480.6365,2480.6365,789.917695
Semi-detached,1,H1,hybrid_bidirectional,worst,2480.6365,2480.6365,789.917695
Semi-detached,1,H1,hybrid_bidirectional,best,2480.6365,2480.6365,789.917695
Semi-detached,1,H2,safe_unidirectional,worst,2480.6365,2480.6365,789.917695
Semi-detached,1,H2,safe_unidirectional,best,2480.6365,2480.6365,789.917695
Semi-detached,1,H2,hybrid_bidirectional,worst,2480.6365,2480.6365,789.917695
Semi-detached,1,H2,hybrid_bidirectional,best,2480.6365,2480.6365,789.917695
Semi-detached,1,H3,safe_unidirectional,worst,2480.6365,2480.6365,789.917695
Semi-detached,1,H3,safe_unidirectional,best,2480.6365,2480.6365,789.917695
Semi-detached,1,H3,hybrid_bidirectional,worst,2480.6365,2480.6365,789.917695
Semi-detached,1,H3,hybrid_bidirectional,best,2480.6365,2480.6365,789.917695
Semi-detached,1,H1,safe_unidirectional,worst,2489.2704,2489.2704,794.862964
Semi-detached,1,H1,safe_unidirectional,best,2489.2704,2489.2704,794.862964
Semi-detached,1,H1,hybrid_bidirectional,worst,2489.2704,2489.2704,794.862964
Semi-detached,1,H1,hybrid_bidirectional,best,2489.2704,2489.2704,794.862964
Semi-detached,1,H2,safe_unidirectional,worst,2489.2704,2489.2704,794.862964
Semi-detached,1,H2,safe_unidirectional,best,2489.2704,2489.2704,794.862964
Semi-detached,1,H2,hybrid_bidirectional,worst,2489.2704,2489.2704,794.862964
Semi-detached,1,H2,hybrid_bidirectional,best,2489.2704,2489.2704,794.862964
Semi-detached,1,H3,safe_unidirectional,worst,2489.2704,2489.2704,794.862964
Semi-detached,1,H3,safe_unidirectional,best,2489.2704,2489.2704,794.862964
Semi-detached,1,H3,hybrid_bidirectional,worst,2489.2704,2489.2704,794.862964
Semi-detached,1,H3,hybrid_bidirectional,best,2489.2704,2489.2704,794.862964
Semi-detached,1,H1,safe_unidirectional,worst,2488.9426,2488.9426,806.39503
Semi-detached,1,H1,safe_unidirectional,best,2488.9426,2488.9426,806.39503
Semi-detached,1,H1,hybrid_bidirectional,worst,2488.9426,2488.9426,806.39503
Semi-detached,1,H1,hybrid_bidirectional,best,2488.9426,2488.9426,806.39503
Semi-detached,1,H2,safe_unidirectional,worst,2488.9426,2488.9426,806.39503
Semi-detached,1,H2,safe_unidirectional,best,2488.9426,2488.9426,806.39503
Semi-detached,1,H2,hybrid_bidirectional,worst,2488.9426,2488.9426,806.39503
Semi-detached,1,H2,hybrid_bidirectional,best,2488.9426,2488.9426,806.39503
Semi-detached,1,H3,safe_unidirectional,worst,2488.9426,2488.9426,806.39503
Semi-detached,1,H3,safe_unidirectional,best,2488.9426,2488.9426,806.39503
Semi-detached,1,H3,hybrid_bidirectional,worst,2488.9426,2488.9426,806.39503
Semi-detached,1,H3,hybrid_bidirectional,best,2488.9426,2488.9426,806.39503
Semi-detached,1,H1,safe_unidirectional,worst,2503.5132,2503.5132,803.642924
Semi-detached,1,H1,safe_unidirectional,best,2503.5132,2503.5132,803.642924
Semi-detached,1,H1,hybrid_bidirectional,worst,2503.5132,2503.5132,803.642924
Semi-detached,1,H1,hybrid_bidirectional,best,2503.5132,2503.5132,803.642924
Semi-detached,1,H2,safe_unidirectional,worst,2503.5132,2503.5132,803.642924
Semi-detached,1,H2,safe_unidirectional,best,2503.5132,2503.5132,803.642924
Semi-detached,1,H2,hybrid_bidirectional,worst,2503.5132,2503.5132,803.642924
Semi-detached,1,H2,hybrid_bidirectional,best,2503.5132,2503.5132,803.642924
Semi-detached,1,H3,safe_unidirectional,worst,2503.5132,2503.5132,803.642924
Semi-detached,1,H3,safe_unidirectional,best,2503.5132,2503.5132,803.642924
Semi-detached,1,H3,hybrid_bidirectional,worst,2503.5132,2503.5132,803.642924
Semi-detached,1,H3,hybrid_bidirectional,best,2503.5132,2503.5132,803.642924
Semi-detached,1,H1,safe_unidirectional,worst,2524.6211,2524.6211,806.786981
Semi-detached,1,H1,safe_unidirectional,best,2524.6211,2524.6211,806.786981
Semi-detached,1,H1,hybrid_bidirectional,worst,2524.6211,2524.6211,806.786981
Semi-detached,1,H1,hybrid_bidirectional,best,2524.6211,2524.6211,806.786981
Semi-detached,1,H2,safe_unidirectional,worst,2524.6211,2524.6211,806.786981
Semi-detached,1,H2,safe_unidirectional,best,2524.6211,2524.6211,806.786981
Semi-detached,1,H2,hybrid_bidirectional,worst,2524.6211,2524.6211,806.786981
Semi-detached,1,H2,hybrid_bidirectional,best,2524.6211,2524.6211,806.786981
Semi-detached,1,H3,safe_unidirectional,worst,2524.6211,2524.6211,806.786981
Semi-detached,1,H3,safe_unidirectional,best,2524.6211,2524.6211,806.786981
Semi-detached,1,H3,hybrid_bidirectional,worst,2524.6211,2524.6211,806.786981
Semi-detached,1,H3,hybrid_bidirectional,best,2524.6211,2524.6211,806.786981
Semi-detached,1,H1,safe_unidirectional,worst,2542.5843,2542.5843,821.513497
Semi-detached,1,H1,safe_unidirectional,best,2542.5843,2542.5843,821.513497
Semi-detached,1,H1,hybrid_bidirectional,worst,2542.5843,2542.5843,821.513497
Semi-detached,1,H1,hybrid_bidirectional,best,2542.5843,2542.5843,821.513497
Semi-detached,1,H2,safe_unidirectional,worst,2542.5843,2542.5843,821.513497
Semi-detached,1,H2,safe_unidirectional,best,2542.5843,2542.5843,821.513497
Semi-detached,1,H2,hybrid_bidirectional,worst,2542.5843,2542.5843,821.513497
Semi-detached,1,H2,hybrid_bidirectional,best,2542.5843,2542.5843,821.513497
Semi-detached,1,H3,safe_unidirectional,worst,2542.5843,2542.5843,821.513497
Semi-detached,1,H3,safe_unidirectional,best,2542.5843,2542.5843,821.513497
Semi-detached,1,H3,hybrid_bidirectional,worst,2542.5843,2542.5843,821.513497
Semi-detached,1,H3,hybrid_bidirectional,best,2542.5843,2542.5843,821.513497
Semi-detached,1,H1,safe_unidirectional,worst,2471.1447,2471.1447,791.315385
Semi-detached,1,H1,safe_unidirectional,best,2471.1447,2471.1447,791.315385
Semi-detached,1,H1,hybrid_bidirectional,worst,2471.1447,2471.1447,791.315385
Semi-detached,1,H1,hybrid_bidirectional,best,2471.1447,2471.1447,791.315385
Semi-detached,1,H2,safe_unidirectional,worst,2471.1447,2471.1447,791.315385
Semi-detached,1,H2,safe_unidirectional,best,2471.1447,2471.1447,791.315385
Semi-detached,1,H2,hybrid_bidirectional,worst,2471.1447,2471.1447,791.315385
Semi-detached,1,H2,hybrid_bidirectional,best,2471.1447,2471.1447,791.315385
Semi-detached,1,H3,safe_unidirectional,worst,2471.1447,2471.1447,791.315385
Semi-detached,1,H3,safe_unidirectional,best,2471.1447,2471.1447,791.315385
Semi-detached,1,H3,hybrid_bidirectional,worst,2471.1447,2471.1447,791.315385
Semi-detached,1,H3,hybrid_bidirectional,best,2471.1447,2471.1447,791.315385
Semi-detached,1,H1,safe_unidirectional,worst,2375.0074,2375.0074,764.090166
Semi-detached,1,H1,safe_unidirectional,best,2375.0074,2375.0074,764.090166
Semi-detached,1,H1,hybrid_bidirectional,worst,2375.0074,2375.0074,764.090166
Semi-detached,1,H1,hybrid_bidirectional,best,2375.0074,2375.0074,764.090166
Semi-detached,1,H2,safe_unidirectional,worst,2375.0074,2375.0074,764.090166
Semi-detached,1,H2,safe_unidirectional,best,2375.0074,2375.0074,764.090166
Semi-detached,1,H2,hybrid_bidirectional,worst,2375.0074,2375.0074,764.090166
Semi-detached,1,H2,hybrid_bidirectional,best,2375.0074,2375.0074,764.090166
Semi-detached,1,H3,safe_unidirectional,worst,2375.0074,2375.0074,764.090166
Semi-detached,1,H3,safe_unidirectional,best,2375.0074,2375.0074,764.090166
Semi-detached,1,H3,hybrid_bidirectional,worst,2375.0074,2375.0074,764.090166
Semi-detached,1,H3,hybrid_bidirectional,best,2375.0074,2375.0074,764.090166
Semi-detached,1,H1,safe_unidirectional,worst,2522.1692,2522.1692,805.6902
Semi-detached,1,H1,safe_unidirectional,best,2522.1692,2522.1692,805.6902
Semi-detached,1,H1,hybrid_bidirectional,worst,2522.1692,2522.1692,805.6902
Semi-detached,1,H1,hybrid_bidirectional,best,2522.1692,2522.1692,805.6902
Semi-detached,1,H2,safe_unidirectional,worst,2522.1692,2522.1692,805.6902
Semi-detached,1,H2,safe_unidirectional,best,2522.1692,2522.1692,805.6902
Semi-detached,1,H2,hybrid_bidirectional,worst,2522.1692,2522.1692,805.6902
Semi-detached,1,H2,hybrid_bidirectional,best,2522.1692,2522.1692,805.6902
Semi-detached,1,H3,safe_unidirectional,worst,2522.1692,2522.1692,805.6902
Semi-detached,1,H3,safe_unidirectional,best,2522.1692,2522.1692,805.6902
Semi-detached,1,H3,hybrid_bidirectional,worst,2522.1692,2522.1692,805.6902
Semi-detached,1,H3,hybrid_bidirectional,best,2522.1692,2522.1692,805.6902
Semi-detached,1,H1,safe_unidirectional,worst,2476.5316,2476.5316,796.151356
Semi-detached,1,H1,safe_unidirectional,best,2476.5316,2476.5316,796.151356
Semi-detached,1,H1,hybrid_bidirectional,worst,2476.5316,2476.5316,796.151356
Semi-detached,1,H1,hybrid_bidirectional,best,2476.5316,2476.5316,796.151356
Semi-detached,1,H2,safe_unidirectional,worst,2476.5316,2476.5316,796.151356
Semi-detached,1,H2,safe_unidirectional,best,2476.5316,2476.5316,796.151356
Semi-detached,1,H2,hybrid_bidirectional,worst,2476.5316,2476.5316,796.151356
Semi-detached,1,H2,hybrid_bidirectional,best,2476.5316,2476.5316,796.151356
Semi-detached,1,H3,safe_unidirectional,worst,2476.5316,2476.5316,796.151356
Semi-detached,1,H3,safe_unidirectional,best,2476.5316,2476.5316,796.151356
Semi-detached,1,H3,hybrid_bidirectional,worst,2476.5316,2476.5316,796.151356
Semi-detached,1,H3,hybrid_bidirectional,best,2476.5316,2476.5316,796.151356
Semi-detached,1,H1,safe_unidirectional,worst,2531.6098,2531.6098,817.518478
Semi-detached,1,H1,safe_unidirectional,best,2531.6098,2531.6098,817.518478
Semi-detached,1,H1,hybrid_bidirectional,worst,2531.6098,2531.6098,817.518478
Semi-detached,1,H1,hybrid_bidirectional,best,2531.6098,2531.6098,817.518478
Semi-detached,1,H2,safe_unidirectional,worst,2531.6098,2531.6098,817.518478
Semi-detached,1,H2,safe_unidirectional,best,2531.6098,2531.6098,817.518478
Semi-detached,1,H2,hybrid_bidirectional,worst,2531.6098,2531.6098,817.518478
Semi-detached,1,H2,hybrid_bidirectional,best,2531.6098,2531.6098,817.518478
Semi-detached,1,H3,safe_unidirectional,worst,2531.6098,2531.6098,817.518478
Semi-detached,1,H3,safe_unidirectional,best,2531.6098,2531.6098,817.518478
Semi-detached,1,H3,hybrid_bidirectional,worst,2531.6098,2531.6098,817.518478
Semi-detached,1,H3,hybrid_bidirectional,best,2531.6098,2531.6098,817.518478
Semi-detached,1,H1,safe_unidirectional,worst,2596.4018,2596.4018,833.533554
Semi-detached,1,H1,safe_unidirectional,best,2596.4018,2596.4018,833.533554
Semi-detached,1,H1,hybrid_bidirectional,worst,2596.4018,2596.4018,833.533554
Semi-detached,1,H1,hybrid_bidirectional,best,2596.4018,2596.4018,833.533554
Semi-detached,1,H2,safe_unidirectional,worst,2596.4018,2596.4018,833.533554
Semi-detached,1,H2,safe_unidirectional,best,2596.4018,2596.4018,833.533554
Semi-detached,1,H2,hybrid_bidirectional,worst,2596.4018,2596.4018,833.533554
Semi-detached,1,H2,hybrid_bidirectional,best,2596.4018,2596.4018,833.533554
Semi-detached,1,H3,safe_unidirectional,worst,2596.4018,2596.4018,833.533554
Semi-detached,1,H3,safe_unidirectional,best,2596.4018,2596.4018,833.533554
Semi-detached,1,H3,hybrid_bidirectional,worst,2596.4018,2596.4018,833.533554
Semi-detached,1,H3,hybrid_bidirectional,best,2596.4018,2596.4018,833.533554
Semi-detached,1,H1,safe_unidirectional,worst,2481.5161,2481.5161,802.222295
Semi-detached,1,H1,safe_unidirectional,best,2481.5161,2481.5161,802.222295
Semi-detached,1,H1,hybrid_bidirectional,worst,2481.5161,2481.5161,802.222295
Semi-detached,1,H1,hybrid_bidirectional,best,2481.5161,2481.5161,802.222295
Semi-detached,1,H2,safe_unidirectional,worst,2481.5161,2481.5161,802.222295
Semi-detached,1,H2,safe_unidirectional,best,2481.5161,2481.5161,802.222295
Semi-detached,1,H2,hybrid_bidirectional,worst,2481.5161,2481.5161,802.222295
Semi-detached,1,H2,hybrid_bidirectional,best,2481.5161,2481.5161,802.222295
Semi-detached,1,H3,safe_unidirectional,worst,2481.5161,2481.5161,802.222295
Semi-detached,1,H3,safe_unidirectional,best,2481.5161,2481.5161,802.222295
Semi-detached,1,H3,hybrid_bidirectional,worst,2481.5161,2481.5161,802.222295
Semi-detached,1,H3,hybrid_bidirectional,best,2481.5161,2481.5161,802.222295
Semi-detached,1,H1,safe_unidirectional,worst,2460.4867,2460.4867,784.586957
Semi-detached,1,H1,safe_unidirectional,best,2460.4867,2460.4867,784.586957
Semi-detached,1,H1,hybrid_bidirectional,worst,2460.4867,2460.4867,784.586957
Semi-detached,1,H1,hybrid_bidirectional,best,2460.4867,2460.4867,784.586957
Semi-detached,1,H2,safe_unidirectional,worst,2460.4867,2460.4867,784.586957
Semi-detached,1,H2,safe_unidirectional,best,2460.4867,2460.4867,784.586957
Semi-detached,1,H2,hybrid_bidirectional,worst,2460.4867,2460.4867,784.586957
Semi-detached,1,H2,hybrid_bidirectional,best,2460.4867,2460.4867,784.586957
Semi-detached,1,H3,safe_unidirectional,worst,2460.4867,2460.4867,784.586957
Semi-detached,1,H3,safe_unidirectional,best,2460.4867,2460.4867,784.586957
Semi-detached,1,H3,hybrid_bidirectional,worst,2460.4867,2460.4867,784.586957
Semi-detached,1,H3,hybrid_bidirectional,best,2460.4867,2460.4867,784.586957
Semi-detached,1,H1,safe_unidirectional,worst,2422.7244,2422.7244,788.232088
Semi-detached,1,H1,safe_unidirectional,best,2422.7244,2422.7244,788.232088
Semi-detached,1,H1,hybrid_bidirectional,worst,2422.7244,2422.7244,788.232088
Semi-detached,1,H1,hybrid_bidirectional,best,2422.7244,2422.7244,788.232088
Semi-detached,1,H2,safe_unidirectional,worst,2422.7244,2422.7244,788.232088
Semi-detached,1,H2,safe_unidirectional,best,2422.7244,2422.7244,788.232088
Semi-detached,1,H2,hybrid_bidirectional,worst,2422.7244,2422.7244,788.232088
Semi-detached,1,H2,hybrid_bidirectional,best,2422.7244,2422.7244,788.232088
Semi-detached,1,H3,safe_unidirectional,worst,2422.7244,2422.7244,788.232088
Semi-detached,1,H3,safe_unidirectional,best,2422.7244,2422.7244,788.232088
Semi-detached,1,H3,hybrid_bidirectional,worst,2422.7244,2422.7244,788.232088
Semi-detached,1,H3,hybrid_bidirectional,best,2422.7244,2422.7244,788.232088
Semi-detached,1,H1,safe_unidirectional,worst,2500.4607,2500.4607,804.340761
Semi-detached,1,H1,safe_unidirectional,best,2500.4607,2500.4607,804.340761
Semi-detached,1,H1,hybrid_bidirectional,worst,2500.4607,2500.4607,804.340761
Semi-detached,1,H1,hybrid_bidirectional,best,2500.4607,2500.4607,804.340761
Semi-detached,1,H2,safe_unidirectional,worst,2500.4607,2500.4607,804.340761
Semi-detached,1,H2,safe_unidirectional,best,2500.4607,2500.4607,804.340761
Semi-detached,1,H2,hybrid_bidirectional,worst,2500.4607,2500.4607,804.340761
Semi-detached,1,H2,hybrid_bidirectional,best,2500.4607,2500.4607,804.340761
Semi-detached,1,H3,safe_unidirectional,worst,2500.4607,2500.4607,804.340761
Semi-detached,1,H3,safe_unidirectional,best,2500.4607,2500.4607,804.340761
Semi-detached,1,H3,hybrid_bidirectional,worst,2500.4607,2500.4607,804.340761
Semi-detached,1,H3,hybrid_bidirectional,best,2500.4607,2500.4607,804.340761
Semi-detached,1,H1,safe_unidirectional,worst,2363.7128,2363.7128,758.534112
Semi-detached,1,H1,safe_unidirectional,best,2363.7128,2363.7128,758.534112
Semi-detached,1,H1,hybrid_bidirectional,worst,2363.7128,2363.7128,758.534112
Semi-detached,1,H1,hybrid_bidirectional,best,2363.7128,2363.7128,758.534112
Semi-detached,1,H2,safe_unidirectional,worst,2363.7128,2363.7128,758.534112
Semi-detached,1,H2,safe_unidirectional,best,2363.7128,2363.7128,758.534112
Semi-detached,1,H2,hybrid_bidirectional,worst,2363.7128,2363.7128,758.534112
Semi-detached,1,H2,hybrid_bidirectional,best,2363.7128,2363.7128,758.534112
Semi-detached,1,H3,safe_unidirectional,worst,2363.7128,2363.7128,758.534112
Semi-detached,1,H3,safe_unidirectional,best,2363.7128,2363.7128,758.534112
Semi-detached,1,H3,hybrid_bidirectional,worst,2363.7128,2363.7128,758.534112
Semi-detached,1,H3,hybrid_bidirectional,best,2363.7128,2363.7128,758.534112
Semi-detached,1,H1,safe_unidirectional,worst,2537.8528,2537.8528,819.42238
Semi-detached,1,H1,safe_unidirectional,best,2537.8528,2537.8528,819.42238
Semi-detached,1,H1,hybrid_bidirectional,worst,2537.8528,2537.8528,819.42238
Semi-detached,1,H1,hybrid_bidirectional,best,2537.8528,2537.8528,819.42238
Semi-detached,1,H2,safe_unidirectional,worst,2537.8528,2537.8528,819.42238
Semi-detached,1,H2,safe_unidirectional,best,2537.8528,2537.8528,819.42238
Semi-detached,1,H2,hybrid_bidirectional,worst,2537.8528,2537.8528,819.42238
Semi-detached,1,H2,hybrid_bidirectional,best,2537.8528,2537.8528,819.42238
Semi-detached,1,H3,safe_unidirectional,worst,2537.8528,2537.8528,819.42238
Semi-detached,1,H3,safe_unidirectional,best,2537.8528,2537.8528,819.42238
Semi-detached,1,H3,hybrid_bidirectional,worst,2537.8528,2537.8528,819.42238
Semi-detached,1,H3,hybrid_bidirectional,best,2537.8528,2537.8528,819.42238
Semi-detached,1,H1,safe_unidirectional,worst,2495.4549,2495.4549,797.402767
Semi-detached,1,H1,safe_unidirectional,best,2495.4549,2495.4549,797.402767
Semi-detached,1,H1,hybrid_bidirectional,worst,2495.4549,2495.4549,797.402767
Semi-detached,1,H1,hybrid_bidirectional,best,2495.4549,2495.4549,797.402767
Semi-detached,1,H2,safe_unidirectional,worst,2495.4549,2495.4549,797.402767
Semi-detached,1,H2,safe_unidirectional,best,2495.4549,2495.4549,797.402767
Semi-detached,1,H2,hybrid_bidirectional,worst,2495.4549,2495.4549,797.402767
Semi-detached,1,H2,hybrid_bidirectional,best,2495.4549,2495.4549,797.402767
Semi-detached,1,H3,safe_unidirectional,worst,2495.4549,2495.4549,797.402767
Semi-detached,1,H3,safe_unidirectional,best,2495.4549,2495.4549,797.402767
Semi-detached,1,H3,hybrid_bidirectional,worst,2495.4549,2495.4549,797.402767
Semi-detached,1,H3,hybrid_bidirectional,best,2495.4549,2495.4549,797.402767
Semi-detached,1,H1,safe_unidirectional,worst,2393.9957,2393.9957,762.750975
Semi-detached,1,H1,safe_unidirectional,best,2393.9957,2393.9957,762.750975
Semi-detached,1,H1,hybrid_bidirectional,worst,2393.9957,2393.9957,762.750975
Semi-detached,1,H1,hybrid_bidirectional,best,2393.9957,2393.9957,762.750975
Semi-detached,1,H2,safe_unidirectional,worst,2393.9957,2393.9957,762.750975
Semi-detached,1,H2,safe_unidirectional,best,2393.9957,2393.9957,762.750975
Semi-detached,1,H2,hybrid_bidirectional,worst,2393.9957,2393.9957,762.750975
Semi-detached,1,H2,hybrid_bidirectional,best,2393.9957,2393.9957,762.750975
Semi-detached,1,H3,safe_unidirectional,worst,2393.9957,2393.9957,762.750975
Semi-detached,1,H3,safe_unidirectional,best,2393.9957,2393.9957,762.750975
Semi-detached,1,H3,hybrid_bidirectional,worst,2393.9957,2393.9957,762.750975
Semi-detached,1,H3,hybrid_bidirectional,best,2393.9957,2393.9957,762.750975
Semi-detached,1,H1,safe_unidirectional,worst,2458.4177,2458.4177,774.565015
Semi-detached,1,H1,safe_unidirectional,best,2458.4177,2458.4177,774.565015
Semi-detached,1,H1,hybrid_bidirectional,worst,2458.4177,2458.4177,774.565015
Semi-detached,1,H1,hybrid_bidirectional,best,2458.4177,2458.4177,774.565015
Semi-detached,1,H2,safe_unidirectional,worst,2458.4177,2458.4177,774.565015
Semi-detached,1,H2,safe_unidirectional,best,2458.4177,2458.4177,774.565015
Semi-detached,1,H2,hybrid_bidirectional,worst,2458.4177,2458.4177,774.565015
Semi-detached,1,H2,hybrid_bidirectional,best,2458.4177,2458.4177,774.565015
Semi-detached,1,H3,safe_unidirectional,worst,2458.4177,2458.4177,774.565015
Semi-detached,1,H3,safe_unidirectional,best,2458.4177,2458.4177,774.565015
Semi-detached,1,H3,hybrid_bidirectional,worst,2458.4177,2458.4177,774.565015
Semi-detached,1,H3,hybrid_bidirectional,best,2458.4177,2458.4177,774.565015
Semi-detached,1,H1,safe_unidirectional,worst,2473.3723,2473.3723,795.391429
Semi-detached,1,H1,safe_unidirectional,best,2473.3723,2473.3723,795.391429
Semi-detached,1,H1,hybrid_bidirectional,worst,2473.3723,2473.3723,795.391429
Semi-detached,1,H1,hybrid_bidirectional,best,2473.3723,2473.3723,795.391429
Semi-detached,1,H2,safe_unidirectional,worst,2473.3723,2473.3723,795.391429
Semi-detached,1,H2,safe_unidirectional,best,2473.3723,2473.3723,795.391429
Semi-detached,1,H2,hybrid_bidirectional,worst,2473.3723,2473.3723,795.391429
Semi-detached,1,H2,hybrid_bidirectional,best,2473.3723,2473.3723,795.391429
Semi-detached,1,H3,safe_unidirectional,worst,2473.3723,2473.3723,795.391429
Semi-detached,1,H3,safe_unidirectional,best,2473.3723,2473.3723,795.391429
Semi-detached,1,H3,hybrid_bidirectional,worst,2473.3723,2473.3723,795.391429
Semi-detached,1,H3,hybrid_bidirectional,best,2473.3723,2473.3723,795.391429
Semi-detached,1,H1,safe_unidirectional,worst,2478.7534,2478.7534,796.529118
Semi-detached,1,H1,safe_unidirectional,best,2478.7534,2478.7534,796.529118
Semi-detached,1,H1,hybrid_bidirectional,worst,2478.7534,2478.7534,796.529118
Semi-detached,1,H1,hybrid_bidirectional,best,2478.7534,2478.7534,796.529118
Semi-detached,1,H2,safe_unidirectional,worst,2478.7534,2478.7534,796.529118
Semi-detached,1,H2,safe_unidirectional,best,2478.7534,2478.7534,796.529118
Semi-detached,1,H2,hybrid_bidirectional,worst,2478.7534,2478.7534,796.529118
Semi-detached,1,H2,hybrid_bidirectional,best,2478.7534,2478.7534,796.529118
Semi-detached,1,H3,safe_unidirectional,worst,2478.7534,2478.7534,796.529118
Semi-detached,1,H3,safe_unidirectional,best,2478.7534,2478.7534,796.529118
Semi-detached,1,H3,hybrid_bidirectional,worst,2478.7534,2478.7534,796.529118
Semi-detached,1,H3,hybrid_bidirectional,best,2478.7534,2478.7534,796.529118
Semi-detached,1,H1,safe_unidirectional,worst,2506.0248,2506.0248,807.389492
Semi-detached,1,H1,safe_unidirectional,best,2506.0248,2506.0248,807.389492
Semi-detached,1,H1,hybrid_bidirectional,worst,2506.0248,2506.0248,807.389492
Semi-detached,1,H1,hybrid_bidirectional,best,2506.0248,2506.0248,807.389492
Semi-detached,1,H2,safe_unidirectional,worst,2506.0248,2506.0248,807.389492
Semi-detached,1,H2,safe_unidirectional,best,2506.0248,2506.0248,807.389492
Semi-detached,1,H2,hybrid_bidirectional,worst,2506.0248,2506.0248,807.389492
Semi-detached,1,H2,hybrid_bidirectional,best,2506.0248,2506.0248,807.389492
Semi-detached,1,H3,safe_unidirectional,worst,2506.0248,2506.0248,807.389492
Semi-detached,1,H3,safe_unidirectional,best,2506.0248,2506.0248,807.389492
Semi-detached,1,H3,hybrid_bidirectional,worst,2506.0248,2506.0248,807.389492
Semi-detached,1,H3,hybrid_bidirectional,best,2506.0248,2506.0248,807.389492
Terraced,1,H1,safe_unidirectional,worst,2312.9227,2312.9227,746.915365
Terraced,1,H1,safe_unidirectional,best,2312.9227,2312.9227,746.915365
Terraced,1,H1,hybrid_bidirectional,worst,2312.9227,2312.9227,746.915365
Terraced,1,H1,hybrid_bidirectional,best,2312.9227,2312.9227,746.915365
Terraced,1,H2,safe_unidirectional,worst,2312.9227,2312.9227,746.915365
Terraced,1,H2,safe_unidirectional,best,2312.9227,2312.9227,746.915365
Terraced,1,H2,hybrid_bidirectional,worst,2312.9227,2312.9227,746.915365
Terraced,1,H2,hybrid_bidirectional,best,2312.9227,2312.9227,746.915365
Terraced,1,H3,safe_unidirectional,worst,2312.9227,2312.9227,746.915365
Terraced,1,H3,safe_unidirectional,best,2312.9227,2312.9227,746.915365
Terraced,1,H3,hybrid_bidirectional,worst,2312.9227,2312.9227,746.915365
Terraced,1,H3,hybrid_bidirectional,best,2312.9227,2312.9227,746.915365
Terraced,1,H1,safe_unidirectional,worst,2316.4545,2316.4545,750.493639
Terraced,1,H1,safe_unidirectional,best,2316.4545,2316.4545,750.493639
Terraced,1,H1,hybrid_bidirectional,worst,2316.4545,2316.4545,750.493639
Terraced,1,H1,hybrid_bidirectional,best,2316.4545,2316.4545,750.493639
Terraced,1,H2,safe_unidirectional,worst,2316.4545,2316.4545,750.493639
Terraced,1,H2,safe_unidirectional,best,2316.4545,2316.4545,750.493639
Terraced,1,H2,hybrid_bidirectional,worst,2316.4545,2316.4545,750.493639
Terraced,1,H2,hybrid_bidirectional,best,2316.4545,2316.4545,750.493639
Terraced,1,H3,safe_unidirectional,worst,2316.4545,2316.4545,750.493639
Terraced,1,H3,safe_unidirectional,best,2316.4545,2316.4545,750.493639
Terraced,1,H3,hybrid_bidirectional,worst,2316.4545,2316.4545,750.493639
Terraced,1,H3,hybrid_bidirectional,best,2316.4545,2316.4545,750.493639
Terraced,1,H1,safe_unidirectional,worst,2355.5034,2355.5034,760.737362
Terraced,1,H1,safe_unidirectional,best,2355.5034,2355.5034,760.737362
Terraced,1,H1,hybrid_bidirectional,worst,2355.5034,2355.5034,760.737362
Terraced,1,H1,hybrid_bidirectional,best,2355.5034,2355.5034,760.737362
Terraced,1,H2,safe_unidirectional,worst,2355.5034,2355.5034,760.737362
Terraced,1,H2,safe_unidirectional,best,2355.5034,2355.5034,760.737362
Terraced,1,H2,hybrid_bidirectional,worst,2355.5034,2355.5034,760.737362
Terraced,1,H2,hybrid_bidirectional,best,2355.5034,2355.5034,760.737362
Terraced,1,H3,safe_unidirectional,worst,2355.5034,2355.5034,760.737362
Terraced,1,H3,safe_unidirectional,best,2355.5034,2355.5034,760.737362
Terraced,1,H3,hybrid_bidirectional,worst,2355.5034,2355.5034,760.737362
Terraced,1,H3,hybrid_bidirectional,best,2355.5034,2355.5034,760.737362
Terraced,1,H1,safe_unidirectional,worst,2385.6561,2385.6561,763.929383
Terraced,1,H1,safe_unidirectional,best,2385.6561,2385.6561,763.929383
Terraced,1,H1,hybrid_bidirectional,worst,2385.6561,2385.6561,763.929383
Terraced,1,H1,hybrid_bidirectional,best,2385.6561,2385.6561,763.929383
Terraced,1,H2,safe_unidirectional,worst,2385.6561,2385.6561,763.929383
Terraced,1,H2,safe_unidirectional,best,2385.6561,2385.6561,763.929383
Terraced,1,H2,hybrid_bidirectional,worst,2385.6561,2385.6561,763.929383
Terraced,1,H2,hybrid_bidirectional,best,2385.6561,2385.6561,763.929383
Terraced,1,H3,safe_unidirectional,worst,2385.6561,2385.6561,763.929383
Terraced,1,H3,safe_unidirectional,best,2385.6561,2385.6561,763.929383
Terraced,1,H3,hybrid_bidirectional,worst,2385.6561,2385.6561,763.929383
Terraced,1,H3,hybrid_bidirectional,best,2385.6561,2385.6561,763.929383
Terraced,1,H1,safe_unidirectional,worst,2123.6135,2123.6135,685.095481
Terraced,1,H1,safe_unidirectional,best,2123.6135,2123.6135,685.095481
Terraced,1,H1,hybrid_bidirectional,worst,2123.6135,2123.6135,685.095481
Terraced,1,H1,hybrid_bidirectional,best,2123.6135,2123.6135,685.095481
Terraced,1,H2,safe_unidirectional,worst,2123.6135,2123.6135,685.095481
Terraced,1,H2,safe_unidirectional,best,2123.6135,2123.6135,685.095481
Terraced,1,H2,hybrid_bidirectional,worst,2123.6135,2123.6135,685.095481
Terraced,1,H2,hybrid_bidirectional,best,2123.6135,2123.6135,685.095481
Terraced,1,H3,safe_unidirectional,worst,2123.6135,2123.6135,685.095481
Terraced,1,H3,safe_unidirectional,best,2123.6135,2123.6135,685.095481
Terraced,1,H3,hybrid_bidirectional,worst,2123.6135,2123.6135,685.095481
Terraced,1,H3,hybrid_bidirectional,best,2123.6135,2123.6135,685.095481
Terraced,1,H1,safe_unidirectional,worst,2343.9976,2343.9976,748.304368
Terraced,1,H1,safe_unidirectional,best,2343.9976,2343.9976,748.304368
Terraced,1,H1,hybrid_bidirectional,worst,2343.9976,2343.9976,748.304368
Terraced,1,H1,hybrid_bidirectional,best,2343.9976,2343.9976,748.304368
Terraced,1,H2,safe_unidirectional,worst,2343.9976,2343.9976,748.304368
Terraced,1,H2,safe_unidirectional,best,2343.9976,2343.9976,748.304368
Terraced,1,H2,hybrid_bidirectional,worst,2343.9976,2343.9976,748.304368
Terraced,1,H2,hybrid_bidirectional,best,2343.9976,2343.9976,748.304368
Terraced,1,H3,safe_unidirectional,worst,2343.9976,2343.9976,748.304368
Terraced,1,H3,safe_unidirectional,best,2343.9976,2343.9976,748.304368
Terraced,1,H3,hybrid_bidirectional,worst,2343.9976,2343.9976,748.304368
Terraced,1,H3,hybrid_bidirectional,best,2343.9976,2343.9976,748.304368
Terraced,1,H1,safe_unidirectional,worst,2273.3838,2273.3838,732.565554
Terraced,1,H1,safe_unidirectional,best,2273.3838,2273.3838,732.565554
Terraced,1,H1,hybrid_bidirectional,worst,2273.3838,2273.3838,732.565554
Terraced,1,H1,hybrid_bidirectional,best,2273.3838,2273.3838,732.565554
Terraced,1,H2,safe_unidirectional,worst,2273.3838,2273.3838,732.565554
Terraced,1,H2,safe_unidirectional,best,2273.3838,2273.3838,732.565554
Terraced,1,H2,hybrid_bidirectional,worst,2273.3838,2273.3838,732.565554
Terraced,1,H2,hybrid_bidirectional,best,2273.3838,2273.3838,732.565554
Terraced,1,H3,safe_unidirectional,worst,2273.3838,2273.3838,732.565554
Terraced,1,H3,safe_unidirectional,best,2273.3838,2273.3838,732.565554
Terraced,1,H3,hybrid_bidirectional,worst,2273.3838,2273.3838,732.565554
Terraced,1,H3,hybrid_bidirectional,best,2273.3838,2273.3838,732.565554
Terraced,1,H1,safe_unidirectional,worst,2279.9483,2279.9483,736.660869
Terraced,1,H1,safe_unidirectional,best,2279.9483,2279.9483,736.660869
Terraced,1,H1,hybrid_bidirectional,worst,2279.9483,2279.9483,736.660869
Terraced,1,H1,hybrid_bidirectional,best,2279.9483,2279.9483,736.660869
Terraced,1,H2,safe_unidirectional,worst,2279.9483,2279.9483,736.660869
Terraced,1,H2,safe_unidirectional,best,2279.9483,2279.9483,736.660869
Terraced,1,H2,hybrid_bidirectional,worst,2279.9483,2279.9483,736.660869
Terraced,1,H2,hybrid_bidirectional,best,2279.9483,2279.9483,736.660869
Terraced,1,H3,safe_unidirectional,worst,2279.9483,2279.9483,736.660869
Terraced,1,H3,safe_unidirectional,best,2279.9483,2279.9483,736.660869
Terraced,1,H3,hybrid_bidirectional,worst,2279.9483,2279.9483,736.660869
Terraced,1,H3,hybrid_bidirectional,best,2279.9483,2279.9483,736.660869
Terraced,1,H1,safe_unidirectional,worst,2213.3766,2213.3766,717.117394
Terraced,1,H1,safe_unidirectional,best,2213.3766,2213.3766,717.117394
Terraced,1,H1,hybrid_bidirectional,worst,2213.3766,2213.3766,717.117394
Terraced,1,H1,hybrid_bidirectional,best,2213.3766,2213.3766,717.117394
Terraced,1,H2,safe_unidirectional,worst,2213.3766,2213.3766,717.117394
Terraced,1,H2,safe_unidirectional,best,2213.3766,2213.3766,717.117394
Terraced,1,H2,hybrid_bidirectional,worst,2213.3766,2213.3766,717.117394
Terraced,1,H2,hybrid_bidirectional,best,2213.3766,2213.3766,717.117394
Terraced,1,H3,safe_unidirectional,worst,2213.3766,2213.3766,717.117394
Terraced,1,H3,safe_unidirectional,best,2213.3766,2213.3766,717.117394
Terraced,1,H3,hybrid_bidirectional,worst,2213.3766,2213.3766,717.117394
Terraced,1,H3,hybrid_bidirectional,best,2213.3766,2213.3766,717.117394
Terraced,1,H1,safe_unidirectional,worst,2346.0275,2346.0275,753.527145
Terraced,1,H1,safe_unidirectional,best,2346.0275,2346.0275,753.527145
Terraced,1,H1,hybrid_bidirectional,worst,2346.0275,2346.0275,753.527145
Terraced,1,H1,hybrid_bidirectional,best,2346.0275,2346.0275,753.527145
Terraced,1,H2,safe_unidirectional,worst,2346.0275,2346.0275,753.527145
Terraced,1,H2,safe_unidirectional,best,2346.0275,2346.0275,753.527145
Terraced,1,H2,hybrid_bidirectional,worst,2346.0275,2346.0275,753.527145
Terraced,1,H2,hybrid_bidirectional,best,2346.0275,2346.0275,753.527145
Terraced,1,H3,safe_unidirectional,worst,2346.0275,2346.0275,753.527145
Terraced,1,H3,safe_unidirectional,best,2346.0275,2346.0275,753.527145
Terraced,1,H3,hybrid_bidirectional,worst,2346.0275,2346.0275,753.527145
Terraced,1,H3,hybrid_bidirectional,best,2346.0275,2346.0275,753.527145
Terraced,1,H1,safe_unidirectional,worst,2355.4749,2355.4749,761.426883
Terraced,1,H1,safe_unidirectional,best,2355.4749,2355.4749,761.426883
Terraced,1,H1,hybrid_bidirectional,worst,2355.4749,2355.4749,761.426883
Terraced,1,H1,hybrid_bidirectional,best,2355.4749,2355.4749,761.426883
Terraced,1,H2,safe_unidirectional,worst,2355.4749,2355.4749,761.426883
Terraced,1,H2,safe_unidirectional,best,2355.4749,2355.4749,761.426883
Terraced,1,H2,hybrid_bidirectional,worst,2355.4749,2355.4749,761.426883
Terraced,1,H2,hybrid_bidirectional,best,2355.4749,2355.4749,761.426883
Terraced,1,H3,safe_unidirectional,worst,2355.4749,2355.4749,761.426883
Terraced,1,H3,safe_unidirectional,best,2355.4749,2355.4749,761.426883
Terraced,1,H3,hybrid_bidirectional,worst,2355.4749,2355.4749,761.426883
Terraced,1,H3,hybrid_bidirectional,best,2355.4749,2355.4749,761.426883
Terraced,1,H1,safe_unidirectional,worst,2342.2694,2342.2694,755.985678
Terraced,1,H1,safe_unidirectional,best,2342.2694,2342.2694,755.985678
Terraced,1,H1,hybrid_bidirectional,worst,2342.2694,2342.2694,755.985678
Terraced,1,H1,hybrid_bidirectional,best,2342.2694,2342.2694,755.985678
Terraced,1,H2,safe_unidirectional,worst,2342.2694,2342.2694,755.985678
Terraced,1,H2,safe_unidirectional,best,2342.2694,2342.2694,755.985678
Terraced,1,H2,hybrid_bidirectional,worst,2342.2694,2342.2694,755.985678
Terraced,1,H2,hybrid_bidirectional,best,2342.2694,2342.2694,755.985678
Terraced,1,H3,safe_unidirectional,worst,2342.2694,2342.2694,755.985678
Terraced,1,H3,safe_unidirectional,best,2342.2694,2342.2694,755.985678
Terraced,1,H3,hybrid_bidirectional,worst,2342.2694,2342.2694,755.985678
Terraced,1,H3,hybrid_bidirectional,best,2342.2694,2342.2694,755.985678
Terraced,1,H1,safe_unidirectional,worst,2437.1969,2437.1969,779.814679
Terraced,1,H1,safe_unidirectional,best,2437.1969,2437.1969,779.814679
Terraced,1,H1,hybrid_bidirectional,worst,2437.1969,2437.1969,779.814679
Terraced,1,H1,hybrid_bidirectional,best,2437.1969,2437.1969,779.814679
Terraced,1,H2,safe_unidirectional,worst,2437.1969,2437.1969,779.814679
Terraced,1,H2,safe_unidirectional,best,2437.1969,2437.1969,779.814679
Terraced,1,H2,hybrid_bidirectional,worst,2437.1969,2437.1969,779.814679
Terraced,1,H2,hybrid_bidirectional,best,2437.1969,2437.1969,779.814679
Terraced,1,H3,safe_unidirectional,worst,2437.1969,2437.1969,779.814679
Terraced,1,H3,safe_unidirectional,best,2437.1969,2437.1969,779.814679
Terraced,1,H3,hybrid_bidirectional,worst,2437.1969,2437.1969,779.814679
Terraced,1,H3,hybrid_bidirectional,best,2437.1969,2437.1969,779.814679
Terraced,1,H1,safe_unidirectional,worst,2196.2506,2196.2506,707.895398
Terraced,1,H1,safe_unidirectional,best,2196.2506,2196.2506,707.895398
Terraced,1,H1,hybrid_bidirectional,worst,2196.2506,2196.2506,707.895398
Terraced,1,H1,hybrid_bidirectional,best,2196.2506,2196.2506,707.895398
Terraced,1,H2,safe_unidirectional,worst,2196.2506,2196.2506,707.895398
Terraced,1,H2,safe_unidirectional,best,2196.2506,2196.2506,707.895398
Terraced,1,H2,hybrid_bidirectional,worst,2196.2506,2196.2506,707.895398
Terraced,1,H2,hybrid_bidirectional,best,2196.2506,2196.2506,707.895398
Terraced,1,H3,safe_unidirectional,worst,2196.2506,2196.2506,707.895398
Terraced,1,H3,safe_unidirectional,best,2196.2506,2196.2506,707.895398
Terraced,1,H3,hybrid_bidirectional,worst,2196.2506,2196.2506,707.895398
Terraced,1,H3,hybrid_bidirectional,best,2196.2506,2196.2506,707.895398
Terraced,1,H1,safe_unidirectional,worst,2504.8583,2504.8583,799.330609
Terraced,1,H1,safe_unidirectional,best,2504.8583,2504.8583,799.330609
Terraced,1,H1,hybrid_bidirectional,worst,2504.8583,2504.8583,799.330609
Terraced,1,H1,hybrid_bidirectional,best,2504.8583,2504.8583,799.330609
Terraced,1,H2,safe_unidirectional,worst,2504.8583,2504.8583,799.330609
Terraced,1,H2,safe_unidirectional,best,2504.8583,2504.8583,799.330609
Terraced,1,H2,hybrid_bidirectional,worst,2504.8583,2504.8583,799.330609
Terraced,1,H2,hybrid_bidirectional,best,2504.8583,2504.8583,799.330609
Terraced,1,H3,safe_unidirectional,worst,2504.8583,2504.8583,799.330609
Terraced,1,H3,safe_unidirectional,best,2504.8583,2504.8583,799.330609
Terraced,1,H3,hybrid_bidirectional,worst,2504.8583,2504.8583,799.330609
Terraced,1,H3,hybrid_bidirectional,best,2504.8583,2504.8583,799.330609
Terraced,1,H1,safe_unidirectional,worst,2193.974,2193.974,705.20296
Terraced,1,H1,safe_unidirectional,best,2193.974,2193.974,705.20296
Terraced,1,H1,hybrid_bidirectional,worst,2193.974,2193.974,705.20296
Terraced,1,H1,hybrid_bidirectional,best,2193.974,2193.974,705.20296
Terraced,1,H2,safe_unidirectional,worst,2193.974,2193.974,705.20296
Terraced,1,H2,safe_unidirectional,best,2193.974,2193.974,705.20296
Terraced,1,H2,hybrid_bidirectional,worst,2193.974,2193.974,705.20296
Terraced,1,H2,hybrid_bidirectional,best,2193.974,2193.974,705.20296
Terraced,1,H3,safe_unidirectional,worst,2193.974,2193.974,705.20296
Terraced,1,H3,safe_unidirectional,best,2193.974,2193.974,705.20296
Terraced,1,H3,hybrid_bidirectional,worst,2193.974,2193.974,705.20296
Terraced,1,H3,hybrid_bidirectional,best,2193.974,2193.974,705.20296
Terraced,1,H1,safe_unidirectional,worst,2384.1248,2384.1248,762.47248
Terraced,1,H1,safe_unidirectional,best,2384.1248,2384.1248,762.47248
Terraced,1,H1,hybrid_bidirectional,worst,2384.1248,2384.1248,762.47248
Terraced,1,H1,hybrid_bidirectional,best,2384.1248,2384.1248,762.47248
Terraced,1,H2,safe_unidirectional,worst,2384.1248,2384.1248,762.47248
Terraced,1,H2,safe_unidirectional,best,2384.1248,2384.1248,762.47248
Terraced,1,H2,hybrid_bidirectional,worst,2384.1248,2384.1248,762.47248
Terraced,1,H2,hybrid_bidirectional,best,2384.1248,2384.1248,762.47248
Terraced,1,H3,safe_unidirectional,worst,2384.1248,2384.1248,762.47248
Terraced,1,H3,safe_unidirectional,best,2384.1248,2384.1248,762.47248
Terraced,1,H3,hybrid_bidirectional,worst,2384.1248,2384.1248,762.47248
Terraced,1,H3,hybrid_bidirectional,best,2384.1248,2384.1248,762.47248
Terraced,1,H1,safe_unidirectional,worst,2357.1543,2357.1543,761.973625
Terraced,1,H1,safe_unidirectional,best,2357.1543,2357.1543,761.973625
Terraced,1,H1,hybrid_bidirectional,worst,2357.1543,2357.1543,761.973625
Terraced,1,H1,hybrid_bidirectional,best,2357.1543,2357.1543,761.973625
Terraced,1,H2,safe_unidirectional,worst,2357.1543,2357.1543,761.973625
Terraced,1,H2,safe_unidirectional,best,2357.1543,2357.1543,761.973625
Terraced,1,H2,hybrid_bidirectional,worst,2357.1543,2357.1543,761.973625
Terraced,1,H2,hybrid_bidirectional,best,2357.1543,2357.1543,761.973625
Terraced,1,H3,safe_unidirectional,worst,2357.1543,2357.1543,761.973625
Terraced,1,H3,safe_unidirectional,best,2357.1543,2357.1543,761.973625
Terraced,1,H3,hybrid_bidirectional,worst,2357.1543,2357.1543,761.973625
Terraced,1,H3,hybrid_bidirectional,best,2357.1543,2357.1543,761.973625
Terraced,1,H1,safe_unidirectional,worst,2405.2258,2405.2258,761.768126
Terraced,1,H1,safe_unidirectional,best,2405.2258,2405.2258,761.768126
Terraced,1,H1,hybrid_bidirectional,worst,2405.2258,2405.2258,761.768126
Terraced,1,H1,hybrid_bidirectional,best,2405.2258,2405.2258,761.768126
Terraced,1,H2,safe_unidirectional,worst,2405.2258,2405.2258,761.768126
Terraced,1,H2,safe_unidirectional,best,2405.2258,2405.2258,761.768126
Terraced,1,H2,hybrid_bidirectional,worst,2405.2258,2405.2258,761.768126
Terraced,1,H2,hybrid_bidirectional,best,2405.2258,2405.2258,761.768126
Terraced,1,H3,safe_unidirectional,worst,2405.2258,2405.2258,761.768126
Terraced,1,H3,safe_unidirectional,best,2405.2258,2405.2258,761.768126
Terraced,1,H3,hybrid_bidirectional,worst,2405.2258,2405.2258,761.768126
Terraced,1,H3,hybrid_bidirectional,best,2405.2258,2405.2258,761.768126
Terraced,1,H1,safe_unidirectional,worst,2246.1865,2246.1865,723.877231
Terraced,1,H1,safe_unidirectional,best,2246.1865,2246.1865,723.877231
Terraced,1,H1,hybrid_bidirectional,worst,2246.1865,2246.1865,723.877231
Terraced,1,H1,hybrid_bidirectional,best,2246.1865,2246.1865,723.877231
Terraced,1,H2,safe_unidirectional,worst,2246.1865,2246.1865,723.877231
Terraced,1,H2,safe_unidirectional,best,2246.1865,2246.1865,723.877231
Terraced,1,H2,hybrid_bidirectional,worst,2246.1865,2246.1865,723.877231
Terraced,1,H2,hybrid_bidirectional,best,2246.1865,2246.1865,723.877231
Terraced,1,H3,safe_unidirectional,worst,2246.1865,2246.1865,723.877231
Terraced,1,H3,safe_unidirectional,best,2246.1865,2246.1865,723.877231
Terraced,1,H3,hybrid_bidirectional,worst,2246.1865,2246.1865,723.877231
Terraced,1,H3,hybrid_bidirectional,best,2246.1865,2246.1865,723.877231
Terraced,1,H1,safe_unidirectional,worst,2264.0891,2264.0891,730.161761
Terraced,1,H1,safe_unidirectional,best,2264.0891,2264.0891,730.161761
Terraced,1,H1,hybrid_bidirectional,worst,2264.0891,2264.0891,730.161761
Terraced,1,H1,hybrid_bidirectional,best,2264.0891,2264.0891,730.161761
Terraced,1,H2,safe_unidirectional,worst,2264.0891,2264.0891,730.161761
Terraced,1,H2,safe_unidirectional,best,2264.0891,2264.0891,730.161761
Terraced,1,H2,hybrid_bidirectional,worst,2264.0891,2264.0891,730.161761
Terraced,1,H2,hybrid_bidirectional,best,2264.0891,2264.0891,730.161761
Terraced,1,H3,safe_unidirectional,worst,2264.0891,2264.0891,730.161761
Terraced,1,H3,safe_unidirectional,best,2264.0891,2264.0891,730.161761
Terraced,1,H3,hybrid_bidirectional,worst,2264.0891,2264.0891,730.161761
Terraced,1,H3,hybrid_bidirectional,best,2264.0891,2264.0891,730.161761
Terraced,1,H1,safe_unidirectional,worst,2291.9276,2291.9276,738.288852
Terraced,1,H1,safe_unidirectional,best,2291.9276,2291.9276,738.288852
Terraced,1,H1,hybrid_bidirectional,worst,2291.9276,2291.9276,738.288852
Terraced,1,H1,hybrid_bidirectional,best,2291.9276,2291.9276,738.288852
Terraced,1,H2,safe_unidirectional,worst,2291.9276,2291.9276,738.288852
Terraced,1,H2,safe_unidirectional,best,2291.9276,2291.9276,738.288852
Terraced,1,H2,hybrid_bidirectional,worst,2291.9276,2291.9276,738.288852
Terraced,1,H2,hybrid_bidirectional,best,2291.9276,2291.9276,738.288852
Terraced,1,H3,safe_unidirectional,worst,2291.9276,2291.9276,738.288852
Terraced,1,H3,safe_unidirectional,best,2291.9276,2291.9276,738.288852
Terraced,1,H3,hybrid_bidirectional,worst,2291.9276,2291.9276,738.288852
Terraced,1,H3,hybrid_bidirectional,best,2291.9276,2291.9276,738.288852
Terraced,1,H1,safe_unidirectional,worst,2371.3944,2371.3944,757.6618
Terraced,1,H1,safe_unidirectional,best,2371.3944,2371.3944,757.6618
Terraced,1,H1,hybrid_bidirectional,worst,2371.3944,2371.3944,757.6618
Terraced,1,H1,hybrid_bidirectional,best,2371.3944,2371.3944,757.6618
Terraced,1,H2,safe_unidirectional,worst,2371.3944,2371.3944,757.6618
Terraced,1,H2,safe_unidirectional,best,2371.3944,2371.3944,757.6618
Terraced,1,H2,hybrid_bidirectional,worst,2371.3944,2371.3944,757.6618
Terraced,1,H2,hybrid_bidirectional,best,2371.3944,2371.3944,757.6618
Terraced,1,H3,safe_unidirectional,worst,2371.3944,2371.3944,757.6618
Terraced,1,H3,safe_unidirectional,best,2371.3944,2371.3944,757.6618
Terraced,1,H3,hybrid_bidirectional,worst,2371.3944,2371.3944,757.6618
Terraced,1,H3,hybrid_bidirectional,best,2371.3944,2371.3944,757.6618
Terraced,1,H1,safe_unidirectional,worst,2369.6862,2369.6862,761.583326
Terraced,1,H1,safe_unidirectional,best,2369.6862,2369.6862,761.583326
Terraced,1,H1,hybrid_bidirectional,worst,2369.6862,2369.6862,761.583326
Terraced,1,H1,hybrid_bidirectional,best,2369.6862,2369.6862,761.583326
Terraced,1,H2,safe_unidirectional,worst,2369.6862,2369.6862,761.583326
Terraced,1,H2,safe_unidirectional,best,2369.6862,2369.6862,761.583326
Terraced,1,H2,hybrid_bidirectional,worst,2369.6862,2369.6862,761.583326
Terraced,1,H2,hybrid_bidirectional,best,2369.6862,2369.6862,761.583326
Terraced,1,H3,safe_unidirectional,worst,2369.6862,2369.6862,761.583326
Terraced,1,H3,safe_unidirectional,best,2369.6862,2369.6862,761.583326
Terraced,1,H3,hybrid_bidirectional,worst,2369.6862,2369.6862,761.583326
Terraced,1,H3,hybrid_bidirectional,best,2369.6862,2369.6862,761.583326
Terraced,1,H1,safe_unidirectional,worst,2134.5573,2134.5573,689.220959
Terraced,1,H1,safe_unidirectional,best,2134.5573,2134.5573,689.220959
Terraced,1,H1,hybrid_bidirectional,worst,2134.5573,2134.5573,689.220959
Terraced,1,H1,hybrid_bidirectional,best,2134.5573,2134.5573,689.220959
Terraced,1,H2,safe_unidirectional,worst,2134.5573,2134.5573,689.220959
Terraced,1,H2,safe_unidirectional,best,2134.5573,2134.5573,689.220959
Terraced,1,H2,hybrid_bidirectional,worst,2134.5573,2134.5573,689.220959
Terraced,1,H2,hybrid_bidirectional,best,2134.5573,2134.5573,689.220959
Terraced,1,H3,safe_unidirectional,worst,2134.5573,2134.5573,689.220959
Terraced,1,H3,safe_unidirectional,best,2134.5573,2134.5573,689.220959
Terraced,1,H3,hybrid_bidirectional,worst,2134.5573,2134.5573,689.220959
Terraced,1,H3,hybrid_bidirectional,best,2134.5573,2134.5573,689.220959
Terraced,1,H1,safe_unidirectional,worst,2435.2973,2435.2973,782.243735
Terraced,1,H1,safe_unidirectional,best,2435.2973,2435.2973,782.243735
Terraced,1,H1,hybrid_bidirectional,worst,2435.2973,2435.2973,782.243735
Terraced,1,H1,hybrid_bidirectional,best,2435.2973,2435.2973,782.243735
Terraced,1,H2,safe_unidirectional,worst,2435.2973,2435.2973,782.243735
Terraced,1,H2,safe_unidirectional,best,2435.2973,2435.2973,782.243735
Terraced,1,H2,hybrid_bidirectional,worst,2435.2973,2435.2973,782.243735
Terraced,1,H2,hybrid_bidirectional,best,2435.2973,2435.2973,782.243735
Terraced,1,H3,safe_unidirectional,worst,2435.2973,2435.2973,782.243735
Terraced,1,H3,safe_unidirectional,best,2435.2973,2435.2973,782.243735
Terraced,1,H3,hybrid_bidirectional,worst,2435.2973,2435.2973,782.243735
Terraced,1,H3,hybrid_bidirectional,best,2435.2973,2435.2973,782.243735
Terraced,1,H1,safe_unidirectional,worst,2344.6165,2344.6165,756.441763
Terraced,1,H1,safe_unidirectional,best,2344.6165,2344.6165,756.441763
Terraced,1,H1,hybrid_bidirectional,worst,2344.6165,2344.6165,756.441763
Terraced,1,H1,hybrid_bidirectional,best,2344.6165,2344.6165,756.441763
Terraced,1,H2,safe_unidirectional,worst,2344.6165,2344.6165,756.441763
Terraced,1,H2,safe_unidirectional,best,2344.6165,2344.6165,756.441763
Terraced,1,H2,hybrid_bidirectional,worst,2344.6165,2344.6165,756.441763
Terraced,1,H2,hybrid_bidirectional,best,2344.6165,2344.6165,756.441763
Terraced,1,H3,safe_unidirectional,worst,2344.6165,2344.6165,756.441763
Terraced,1,H3,safe_unidirectional,best,2344.6165,2344.6165,756.441763
Terraced,1,H3,hybrid_bidirectional,worst,2344.6165,2344.6165,756.441763
Terraced,1,H3,hybrid_bidirectional,best,2344.6165,2344.6165,756.441763
Terraced,1,H1,safe_unidirectional,worst,2196.679,2196.679,708.425886
Terraced,1,H1,safe_unidirectional,best,2196.679,2196.679,708.425886
Terraced,1,H1,hybrid_bidirectional,worst,2196.679,2196.679,708.425886
Terraced,1,H1,hybrid_bidirectional,best,2196.679,2196.679,708.425886
Terraced,1,H2,safe_unidirectional,worst,2196.679,2196.679,708.425886
Terraced,1,H2,safe_unidirectional,best,2196.679,2196.679,708.425886
Terraced,1,H2,hybrid_bidirectional,worst,2196.679,2196.679,708.425886
Terraced,1,H2,hybrid_bidirectional,best,2196.679,2196.679,708.425886
Terraced,1,H3,safe_unidirectional,worst,2196.679,2196.679,708.425886
Terraced,1,H3,safe_unidirectional,best,2196.679,2196.679,708.425886
Terraced,1,H3,hybrid_bidirectional,worst,2196.679,2196.679,708.425886
Terraced,1,H3,hybrid_bidirectional,best,2196.679,2196.679,708.425886
Terraced,1,H1,safe_unidirectional,worst,2201.1797,2201.1797,709.986291
Terraced,1,H1,safe_unidirectional,best,2201.1797,2201.1797,709.986291
Terraced,1,H1,hybrid_bidirectional,worst,2201.1797,2201.1797,709.986291
Terraced,1,H1,hybrid_bidirectional,best,2201.1797,2201.1797,709.986291
Terraced,1,H2,safe_unidirectional,worst,2201.1797,2201.1797,709.986291
Terraced,1,H2,safe_unidirectional,best,2201.1797,2201.1797,709.986291
Terraced,1,H2,hybrid_bidirectional,worst,2201.1797,2201.1797,709.986291
Terraced,1,H2,hybrid_bidirectional,best,2201.1797,2201.1797,709.986291
Terraced,1,H3,safe_unidirectional,worst,2201.1797,2201.1797,709.986291
Terraced,1,H3,safe_unidirectional,best,2201.1797,2201.1797,709.986291
Terraced,1,H3,hybrid_bidirectional,worst,2201.1797,2201.1797,709.986291
Terraced,1,H3,hybrid_bidirectional,best,2201.1797,2201.1797,709.986291
Terraced,1,H1,safe_unidirectional,worst,2394.4332,2394.4332,764.56086
Terraced,1,H1,safe_unidirectional,best,2394.4332,2394.4332,764.56086
Terraced,1,H1,hybrid_bidirectional,worst,2394.4332,2394.4332,764.56086
Terraced,1,H1,hybrid_bidirectional,best,2394.4332,2394.4332,764.56086
Terraced,1,H2,safe_unidirectional,worst,2394.4332,2394.4332,764.56086
Terraced,1,H2,safe_unidirectional,best,2394.4332,2394.4332,764.56086
Terraced,1,H2,hybrid_bidirectional,worst,2394.4332,2394.4332,764.56086
Terraced,1,H2,hybrid_bidirectional,best,2394.4332,2394.4332,764.56086
Terraced,1,H3,safe_unidirectional,worst,2394.4332,2394.4332,764.56086
Terraced,1,H3,safe_unidirectional,best,2394.4332,2394.4332,764.56086
Terraced,1,H3,hybrid_bidirectional,worst,2394.4332,2394.4332,764.56086
Terraced,1,H3,hybrid_bidirectional,best,2394.4332,2394.4332,764.56086
Terraced,1,H1,safe_unidirectional,worst,2331.6119,2331.6119,747.925801
Terraced,1,H1,safe_unidirectional,best,2331.6119,2331.6119,747.925801
Terraced,1,H1,hybrid_bidirectional,worst,2331.6119,2331.6119,747.925801
Terraced,1,H1,hybrid_bidirectional,best,2331.6119,2331.6119,747.925801
Terraced,1,H2,safe_unidirectional,worst,2331.6119,2331.6119,747.925801
Terraced,1,H2,safe_unidirectional,best,2331.6119,2331.6119,747.925801
Terraced,1,H2,hybrid_bidirectional,worst,2331.6119,2331.6119,747.925801
Terraced,1,H2,hybrid_bidirectional,best,2331.6119,2331.6119,747.925801
Terraced,1,H3,safe_unidirectional,worst,2331.6119,2331.6119,747.925801
Terraced,1,H3,safe_unidirectional,best,2331.6119,2331.6119,747.925801
Terraced,1,H3,hybrid_bidirectional,worst,2331.6119,2331.6119,747.925801
Terraced,1,H3,hybrid_bidirectional,best,2331.6119,2331.6119,747.925801
Terraced,1,H1,safe_unidirectional,worst,2323.3962,2323.3962,749.969178
Terraced,1,H1,safe_unidirectional,best,2323.3962,2323.3962,749.969178
Terraced,1,H1,hybrid_bidirectional,worst,2323.3962,2323.3962,749.969178
Terraced,1,H1,hybrid_bidirectional,best,2323.3962,2323.3962,749.969178
Terraced,1,H2,safe_unidirectional,worst,2323.3962,2323.3962,749.969178
Terraced,1,H2,safe_unidirectional,best,2323.3962,2323.3962,749.969178
Terraced,1,H2,hybrid_bidirectional,worst,2323.3962,2323.3962,749.969178
Terraced,1,H2,hybrid_bidirectional,best,2323.3962,2323.3962,749.969178
Terraced,1,H3,safe_unidirectional,worst,2323.3962,2323.3962,749.969178
Terraced,1,H3,safe_unidirectional,best,2323.3962,2323.3962,749.969178
Terraced,1,H3,hybrid_bidirectional,worst,2323.3962,2323.3962,749.969178
Terraced,1,H3,hybrid_bidirectional,best,2323.3962,2323.3962,749.969178
Terraced,1,H1,safe_unidirectional,worst,2311.7741,2311.7741,744.805971
Terraced,1,H1,safe_unidirectional,best,2311.7741,2311.7741,744.805971
Terraced,1,H1,hybrid_bidirectional,worst,2311.7741,2311.7741,744.805971
Terraced,1,H1,hybrid_bidirectional,best,2311.7741,2311.7741,744.805971
Terraced,1,H2,safe_unidirectional,worst,2311.7741,2311.7741,744.805971
Terraced,1,H2,safe_unidirectional,best,2311.7741,2311.7741,744.805971
Terraced,1,H2,hybrid_bidirectional,worst,2311.7741,2311.7741,744.805971
Terraced,1,H2,hybrid_bidirectional,best,2311.7741,2311.7741,744.805971
Terraced,1,H3,safe_unidirectional,worst,2311.7741,2311.7741,744.805971
Terraced,1,H3,safe_unidirectional,best,2311.7741,2311.7741,744.805971
Terraced,1,H3,hybrid_bidirectional,worst,2311.7741,2311.7741,744.805971
Terraced,1,H3,hybrid_bidirectional,best,2311.7741,2311.7741,744.805971
Terraced,1,H1,safe_unidirectional,worst,2345.7407,2345.7407,754.282277
Terraced,1,H1,safe_unidirectional,best,2345.7407,2345.7407,754.282277
Terraced,1,H1,hybrid_bidirectional,worst,2345.7407,2345.7407,754.282277
Terraced,1,H1,hybrid_bidirectional,best,2345.7407,2345.7407,754.282277
Terraced,1,H2,safe_unidirectional,worst,2345.7407,2345.7407,754.282277
Terraced,1,H2,safe_unidirectional,best,2345.7407,2345.7407,754.282277
Terraced,1,H2,hybrid_bidirectional,worst,2345.7407,2345.7407,754.282277
Terraced,1,H2,hybrid_bidirectional,best,2345.7407,2345.7407,754.282277
Terraced,1,H3,safe_unidirectional,worst,2345.7407,2345.7407,754.282277
Terraced,1,H3,safe_unidirectional,best,2345.7407,2345.7407,754.282277
Terraced,1,H3,hybrid_bidirectional,worst,2345.7407,2345.7407,754.282277
Terraced,1,H3,hybrid_bidirectional,best,2345.7407,2345.7407,754.282277
Terraced,1,H1,safe_unidirectional,worst,2390.6015,2390.6015,764.394953
Terraced,1,H1,safe_unidirectional,best,2390.6015,2390.6015,764.394953
Terraced,1,H1,hybrid_bidirectional,worst,2390.6015,2390.6015,764.394953
Terraced,1,H1,hybrid_bidirectional,best,2390.6015,2390.6015,764.394953
Terraced,1,H2,safe_unidirectional,worst,2390.6015,2390.6015,764.394953
Terraced,1,H2,safe_unidirectional,best,2390.6015,2390.6015,764.394953
Terraced,1,H2,hybrid_bidirectional,worst,2390.6015,2390.6015,764.394953
Terraced,1,H2,hybrid_bidirectional,best,2390.6015,2390.6015,764.394953
Terraced,1,H3,safe_unidirectional,worst,2390.6015,2390.6015,764.394953
Terraced,1,H3,safe_unidirectional,best,2390.6015,2390.6015,764.394953
Terraced,1,H3,hybrid_bidirectional,worst,2390.6015,2390.6015,764.394953
Terraced,1,H3,hybrid_bidirectional,best,2390.6015,2390.6015,764.394953
Terraced,1,H1,safe_unidirectional,worst,2374.0899,2374.0899,761.462737
Terraced,1,H1,safe_unidirectional,best,2374.0899,2374.0899,761.462737
Terraced,1,H1,hybrid_bidirectional,worst,2374.0899,2374.0899,761.462737
Terraced,1,H1,hybrid_bidirectional,best,2374.0899,2374.0899,761.462737
Terraced,1,H2,safe_unidirectional,worst,2374.0899,2374.0899,761.462737
Terraced,1,H2,safe_unidirectional,best,2374.0899,2374.0899,761.462737
Terraced,1,H2,hybrid_bidirectional,worst,2374.0899,2374.0899,761.462737
Terraced,1,H2,hybrid_bidirectional,best,2374.0899,2374.0899,761.462737
Terraced,1,H3,safe_unidirectional,worst,2374.0899,2374.0899,761.462737
Terraced,1,H3,safe_unidirectional,best,2374.0899,2374.0899,761.462737
Terraced,1,H3,hybrid_bidirectional,worst,2374.0899,2374.0899,761.462737
Terraced,1,H3,hybrid_bidirectional,best,2374.0899,2374.0899,761.462737
Terraced,1,H1,safe_unidirectional,worst,2271.6606,2271.6606,726.134262
Terraced,1,H1,safe_unidirectional,best,2271.6606,2271.6606,726.134262
Terraced,1,H1,hybrid_bidirectional,worst,2271.6606,2271.6606,726.134262
Terraced,1,H1,hybrid_bidirectional,best,2271.6606,2271.6606,726.134262
Terraced,1,H2,safe_unidirectional,worst,2271.6606,2271.6606,726.134262
Terraced,1,H2,safe_unidirectional,best,2271.6606,2271.6606,726.134262
Terraced,1,H2,hybrid_bidirectional,worst,2271.6606,2271.6606,726.134262
Terraced,1,H2,hybrid_bidirectional,best,2271.6606,2271.6606,726.134262
Terraced,1,H3,safe_unidirectional,worst,2271.6606,2271.6606,726.134262
Terraced,1,H3,safe_unidirectional,best,2271.6606,2271.6606,726.134262
Terraced,1,H3,hybrid_bidirectional,worst,2271.6606,2271.6606,726.134262
Terraced,1,H3,hybrid_bidirectional,best,2271.6606,2271.6606,726.134262
Terraced,1,H1,safe_unidirectional,worst,2191.1435,2191.1435,700.475769
Terraced,1,H1,safe_unidirectional,best,2191.1435,2191.1435,700.475769
Terraced,1,H1,hybrid_bidirectional,worst,2191.1435,2191.1435,700.475769
Terraced,1,H1,hybrid_bidirectional,best,2191.1435,2191.1435,700.475769
Terraced,1,H2,safe_unidirectional,worst,2191.1435,2191.1435,700.475769
Terraced,1,H2,safe_unidirectional,best,2191.1435,2191.1435,700.475769
Terraced,1,H2,hybrid_bidirectional,worst,2191.1435,2191.1435,700.475769
Terraced,1,H2,hybrid_bidirectional,best,2191.1435,2191.1435,700.475769
Terraced,1,H3,safe_unidirectional,worst,2191.1435,2191.1435,700.475769
Terraced,1,H3,safe_unidirectional,best,2191.1435,2191.1435,700.475769
Terraced,1,H3,hybrid_bidirectional,worst,2191.1435,2191.1435,700.475769
Terraced,1,H3,hybrid_bidirectional,best,2191.1435,2191.1435,700.475769
Terraced,1,H1,safe_unidirectional,worst,2280.2367,2280.2367,736.558361
Terraced,1,H1,safe_unidirectional,best,2280.2367,2280.2367,736.558361
Terraced,1,H1,hybrid_bidirectional,worst,2280.2367,2280.2367,736.558361
Terraced,1,H1,hybrid_bidirectional,best,2280.2367,2280.2367,736.558361
Terraced,1,H2,safe_unidirectional,worst,2280.2367,2280.2367,736.558361
Terraced,1,H2,safe_unidirectional,best,2280.2367,2280.2367,736.558361
Terraced,1,H2,hybrid_bidirectional,worst,2280.2367,2280.2367,736.558361
Terraced,1,H2,hybrid_bidirectional,best,2280.2367,2280.2367,736.558361
Terraced,1,H3,safe_unidirectional,worst,2280.2367,2280.2367,736.558361
Terraced,1,H3,safe_unidirectional,best,2280.2367,2280.2367,736.558361
Terraced,1,H3,hybrid_bidirectional,worst,2280.2367,2280.2367,736.558361
Terraced,1,H3,hybrid_bidirectional,best,2280.2367,2280.2367,736.558361
Terraced,1,H1,safe_unidirectional,worst,2419.9703,2419.9703,770.728189
Terraced,1,H1,safe_unidirectional,best,2419.9703,2419.9703,770.728189
Terraced,1,H1,hybrid_bidirectional,worst,2419.9703,2419.9703,770.728189
Terraced,1,H1,hybrid_bidirectional,best,2419.9703,2419.9703,770.728189
Terraced,1,H2,safe_unidirectional,worst,2419.9703,2419.9703,770.728189
Terraced,1,H2,safe_unidirectional,best,2419.9703,2419.9703,770.728189
Terraced,1,H2,hybrid_bidirectional,worst,2419.9703,2419.9703,770.728189
Terraced,1,H2,hybrid_bidirectional,best,2419.9703,2419.9703,770.728189
Terraced,1,H3,safe_unidirectional,worst,2419.9703,2419.9703,770.728189
Terraced,1,H3,safe_unidirectional,best,2419.9703,2419.9703,770.728189
Terraced,1,H3,hybrid_bidirectional,worst,2419.9703,2419.9703,770.728189
Terraced,1,H3,hybrid_bidirectional,best,2419.9703,2419.9703,770.728189
Terraced,1,H1,safe_unidirectional,worst,2277.7647,2277.7647,735.526029
Terraced,1,H1,safe_unidirectional,best,2277.7647,2277.7647,735.526029
Terraced,1,H1,hybrid_bidirectional,worst,2277.7647,2277.7647,735.526029
Terraced,1,H1,hybrid_bidirectional,best,2277.7647,2277.7647,735.526029
Terraced,1,H2,safe_unidirectional,worst,2277.7647,2277.7647,735.526029
Terraced,1,H2,safe_unidirectional,best,2277.7647,2277.7647,735.526029
Terraced,1,H2,hybrid_bidirectional,worst,2277.7647,2277.7647,735.526029
Terraced,1,H2,hybrid_bidirectional,best,2277.7647,2277.7647,735.526029
Terraced,1,H3,safe_unidirectional,worst,2277.7647,2277.7647,735.526029
Terraced,1,H3,safe_unidirectional,best,2277.7647,2277.7647,735.526029
Terraced,1,H3,hybrid_bidirectional,worst,2277.7647,2277.7647,735.526029
Terraced,1,H3,hybrid_bidirectional,best,2277.7647,2277.7647,735.526029
Terraced,1,H1,safe_unidirectional,worst,2396.3958,2396.3958,764.26049
Terraced,1,H1,safe_unidirectional,best,2396.3958,2396.3958,764.26049
Terraced,1,H1,hybrid_bidirectional,worst,2396.3958,2396.3958,764.26049
Terraced,1,H1,hybrid_bidirectional,best,2396.3958,2396.3958,764.26049
Terraced,1,H2,safe_unidirectional,worst,2396.3958,2396.3958,764.26049
Terraced,1,H2,safe_unidirectional,best,2396.3958,2396.3958,764.26049
Terraced,1,H2,hybrid_bidirectional,worst,2396.3958,2396.3958,764.26049
Terraced,1,H2,hybrid_bidirectional,best,2396.3958,2396.3958,764.26049
Terraced,1,H3,safe_unidirectional,worst,2396.3958,2396.3958,764.26049
Terraced,1,H3,safe_unidirectional,best,2396.3958,2396.3958,764.26049
Terraced,1,H3,hybrid_bidirectional,worst,2396.3958,2396.3958,764.26049
Terraced,1,H3,hybrid_bidirectional,best,2396.3958,2396.3958,764.26049
Terraced,1,H1,safe_unidirectional,worst,2371.278,2371.278,764.62596
Terraced,1,H1,safe_unidirectional,best,2371.278,2371.278,764.62596
Terraced,1,H1,hybrid_bidirectional,worst,2371.278,2371.278,764.62596
Terraced,1,H1,hybrid_bidirectional,best,2371.278,2371.278,764.62596
Terraced,1,H2,safe_unidirectional,worst,2371.278,2371.278,764.62596
Terraced,1,H2,safe_unidirectional,best,2371.278,2371.278,764.62596
Terraced,1,H2,hybrid_bidirectional,worst,2371.278,2371.278,764.62596
Terraced,1,H2,hybrid_bidirectional,best,2371.278,2371.278,764.62596
Terraced,1,H3,safe_unidirectional,worst,2371.278,2371.278,764.62596
Terraced,1,H3,safe_unidirectional,best,2371.278,2371.278,764.62596
Terraced,1,H3,hybrid_bidirectional,worst,2371.278,2371.278,764.62596
Terraced,1,H3,hybrid_bidirectional,best,2371.278,2371.278,764.62596
Terraced,1,H1,safe_unidirectional,worst,2333.4503,2333.4503,754.813969
Terraced,1,H1,safe_unidirectional,best,2333.4503,2333.4503,754.813969
Terraced,1,H1,hybrid_bidirectional,worst,2333.4503,2333.4503,754.813969
Terraced,1,H1,hybrid_bidirectional,best,2333.4503,2333.4503,754.813969
Terraced,1,H2,safe_unidirectional,worst,2333.4503,2333.4503,754.813969
Terraced,1,H2,safe_unidirectional,best,2333.4503,2333.4503,754.813969
Terraced,1,H2,hybrid_bidirectional,worst,2333.4503,2333.4503,754.813969
Terraced,1,H2,hybrid_bidirectional,best,2333.4503,2333.4503,754.813969
Terraced,1,H3,safe_unidirectional,worst,2333.4503,2333.4503,754.813969
Terraced,1,H3,safe_unidirectional,best,2333.4503,2333.4503,754.813969
Terraced,1,H3,hybrid_bidirectional,worst,2333.4503,2333.4503,754.813969
Terraced,1,H3,hybrid_bidirectional,best,2333.4503,2333.4503,754.813969
Terraced,1,H1,safe_unidirectional,worst,2326.384,2326.384,752.797948
Terraced,1,H1,safe_unidirectional,best,2326.384,2326.384,752.797948
Terraced,1,H1,hybrid_bidirectional,worst,2326.384,2326.384,752.797948
Terraced,1,H1,hybrid_bidirectional,best,2326.384,2326.384,752.797948
Terraced,1,H2,safe_unidirectional,worst,2326.384,2326.384,752.797948
Terraced,1,H2,safe_unidirectional,best,2326.384,2326.384,752.797948
Terraced,1,H2,hybrid_bidirectional,worst,2326.384,2326.384,752.797948
Terraced,1,H2,hybrid_bidirectional,best,2326.384,2326.384,752.797948
Terraced,1,H3,safe_unidirectional,worst,2326.384,2326.384,752.797948
Terraced,1,H3,safe_unidirectional,best,2326.384,2326.384,752.797948
Terraced,1,H3,hybrid_bidirectional,worst,2326.384,2326.384,752.797948
Terraced,1,H3,hybrid_bidirectional,best,2326.384,2326.384,752.797948
Terraced,1,H1,safe_unidirectional,worst,2161.1872,2161.1872,696.21356
Terraced,1,H1,safe_unidirectional,best,2161.1872,2161.1872,696.21356
Terraced,1,H1,hybrid_bidirectional,worst,2161.1872,2161.1872,696.21356
Terraced,1,H1,hybrid_bidirectional,best,2161.1872,2161.1872,696.21356
Terraced,1,H2,safe_unidirectional,worst,2161.1872,2161.1872,696.21356
Terraced,1,H2,safe_unidirectional,best,2161.1872,2161.1872,696.21356
Terraced,1,H2,hybrid_bidirectional,worst,2161.1872,2161.1872,696.21356
Terraced,1,H2,hybrid_bidirectional,best,2161.1872,2161.1872,696.21356
Terraced,1,H3,safe_unidirectional,worst,2161.1872,2161.1872,696.21356
Terraced,1,H3,safe_unidirectional,best,2161.1872,2161.1872,696.21356
Terraced,1,H3,hybrid_bidirectional,worst,2161.1872,2161.1872,696.21356
Terraced,1,H3,hybrid_bidirectional,best,2161.1872,2161.1872,696.21356
Terraced,1,H1,safe_unidirectional,worst,2223.6351,2223.6351,718.218025
Terraced,1,H1,safe_unidirectional,best,2223.6351,2223.6351,718.218025
Terraced,1,H1,hybrid_bidirectional,worst,2223.6351,2223.6351,718.218025
Terraced,1,H1,hybrid_bidirectional,best,2223.6351,2223.6351,718.218025
Terraced,1,H2,safe_unidirectional,worst,2223.6351,2223.6351,718.218025
Terraced,1,H2,safe_unidirectional,best,2223.6351,2223.6351,718.218025
Terraced,1,H2,hybrid_bidirectional,worst,2223.6351,2223.6351,718.218025
Terraced,1,H2,hybrid_bidirectional,best,2223.6351,2223.6351,718.218025
Terraced,1,H3,safe_unidirectional,worst,2223.6351,2223.6351,718.218025
Terraced,1,H3,safe_unidirectional,best,2223.6351,2223.6351,718.218025
Terraced,1,H3,hybrid_bidirectional,worst,2223.6351,2223.6351,718.218025
Terraced,1,H3,hybrid_bidirectional,best,2223.6351,2223.6351,718.218025
Terraced,1,H1,safe_unidirectional,worst,2214.258,2214.258,713.030388
Terraced,1,H1,safe_unidirectional,best,2214.258,2214.258,713.030388
Terraced,1,H1,hybrid_bidirectional,worst,2214.258,2214.258,713.030388
Terraced,1,H1,hybrid_bidirectional,best,2214.258,2214.258,713.030388
Terraced,1,H2,safe_unidirectional,worst,2214.258,2214.258,713.030388
Terraced,1,H2,safe_unidirectional,best,2214.258,2214.258,713.030388
Terraced,1,H2,hybrid_bidirectional,worst,2214.258,2214.258,713.030388
Terraced,1,H2,hybrid_bidirectional,best,2214.258,2214.258,713.030388
Terraced,1,H3,safe_unidirectional,worst,2214.258,2214.258,713.030388
Terraced,1,H3,safe_unidirectional,best,2214.258,2214.258,713.030388
Terraced,1,H3,hybrid_bidirectional,worst,2214.258,2214.258,713.030388
Terraced,1,H3,hybrid_bidirectional,best,2214.258,2214.258,713.030388
Terraced,1,H1,safe_unidirectional,worst,2363.756,2363.756,759.054128
Terraced,1,H1,safe_unidirectional,best,2363.756,2363.756,759.054128
Terraced,1,H1,hybrid_bidirectional,worst,2363.756,2363.756,759.054128
Terraced,1,H1,hybrid_bidirectional,best,2363.756,2363.756,759.054128
Terraced,1,H2,safe_unidirectional,worst,2363.756,2363.756,759.054128
Terraced,1,H2,safe_unidirectional,best,2363.756,2363.756,759.054128
Terraced,1,H2,hybrid_bidirectional,worst,2363.756,2363.756,759.054128
Terraced,1,H2,hybrid_bidirectional,best,2363.756,2363.756,759.054128
Terraced,1,H3,safe_unidirectional,worst,2363.756,2363.756,759.054128
Terraced,1,H3,safe_unidirectional,best,2363.756,2363.756,759.054128
Terraced,1,H3,hybrid_bidirectional,worst,2363.756,2363.756,759.054128
Terraced,1,H3,hybrid_bidirectional,best,2363.756,2363.756,759.054128
Terraced,1,H1,safe_unidirectional,worst,2442.8629,2442.8629,790.810167
Terraced,1,H1,safe_unidirectional,best,2442.8629,2442.8629,790.810167
Terraced,1,H1,hybrid_bidirectional,worst,2442.8629,2442.8629,790.810167
Terraced,1,H1,hybrid_bidirectional,best,2442.8629,2442.8629,790.810167
Terraced,1,H2,safe_unidirectional,worst,2442.8629,2442.8629,790.810167
Terraced,1,H2,safe_unidirectional,best,2442.8629,2442.8629,790.810167
Terraced,1,H2,hybrid_bidirectional,worst,2442.8629,2442.8629,790.810167
Terraced,1,H2,hybrid_bidirectional,best,2442.8629,2442.8629,790.810167
Terraced,1,H3,safe_unidirectional,worst,2442.8629,2442.8629,790.810167
Terraced,1,H3,safe_unidirectional,best,2442.8629,2442.8629,790.810167
Terraced,1,H3,hybrid_bidirectional,worst,2442.8629,2442.8629,790.810167
Terraced,1,H3,hybrid_bidirectional,best,2442.8629,2442.8629,790.810167
Terraced,1,H1,safe_unidirectional,worst,2169.1279,2169.1279,695.733465
Terraced,1,H1,safe_unidirectional,best,2169.1279,2169.1279,695.733465
Terraced,1,H1,hybrid_bidirectional,worst,2169.1279,2169.1279,695.733465
Terraced,1,H1,hybrid_bidirectional,best,2169.1279,2169.1279,695.733465
Terraced,1,H2,safe_unidirectional,worst,2169.1279,2169.1279,695.733465
Terraced,1,H2,safe_unidirectional,best,2169.1279,2169.1279,695.733465
Terraced,1,H2,hybrid_bidirectional,worst,2169.1279,2169.1279,695.733465
Terraced,1,H2,hybrid_bidirectional,best,2169.1279,2169.1279,695.733465
Terraced,1,H3,safe_unidirectional,worst,2169.1279,2169.1279,695.733465
Terraced,1,H3,safe_unidirectional,best,2169.1279,2169.1279,695.733465
Terraced,1,H3,hybrid_bidirectional,worst,2169.1279,2169.1279,695.733465
Terraced,1,H3,hybrid_bidirectional,best,2169.1279,2169.1279,695.733465
Terraced,1,H1,safe_unidirectional,worst,2454.9063,2454.9063,773.765825
Terraced,1,H1,safe_unidirectional,best,2454.9063,2454.9063,773.765825
Terraced,1,H1,hybrid_bidirectional,worst,2454.9063,2454.9063,773.765825
Terraced,1,H1,hybrid_bidirectional,best,2454.9063,2454.9063,773.765825
Terraced,1,H2,safe_unidirectional,worst,2454.9063,2454.9063,773.765825
Terraced,1,H2,safe_unidirectional,best,2454.9063,2454.9063,773.765825
Terraced,1,H2,hybrid_bidirectional,worst,2454.9063,2454.9063,773.765825
Terraced,1,H2,hybrid_bidirectional,best,2454.9063,2454.9063,773.765825
Terraced,1,H3,safe_unidirectional,worst,2454.9063,2454.9063,773.765825
Terraced,1,H3,safe_unidirectional,best,2454.9063,2454.9063,773.765825
Terraced,1,H3,hybrid_bidirectional,worst,2454.9063,2454.9063,773.765825
Terraced,1,H3,hybrid_bidirectional,best,2454.9063,2454.9063,773.765825
Terraced,1,H1,safe_unidirectional,worst,2373.2054,2373.2054,764.837402
Terraced,1,H1,safe_unidirectional,best,2373.2054,2373.2054,764.837402
Terraced,1,H1,hybrid_bidirectional,worst,2373.2054,2373.2054,764.837402
Terraced,1,H1,hybrid_bidirectional,best,2373.2054,2373.2054,764.837402
Terraced,1,H2,safe_unidirectional,worst,2373.2054,2373.2054,764.837402
Terraced,1,H2,safe_unidirectional,best,2373.2054,2373.2054,764.837402
Terraced,1,H2,hybrid_bidirectional,worst,2373.2054,2373.2054,764.837402
Terraced,1,H2,hybrid_bidirectional,best,2373.2054,2373.2054,764.837402
Terraced,1,H3,safe_unidirectional,worst,2373.2054,2373.2054,764.837402
Terraced,1,H3,safe_unidirectional,best,2373.2054,2373.2054,764.837402
Terraced,1,H3,hybrid_bidirectional,worst,2373.2054,2373.2054,764.837402
Terraced,1,H3,hybrid_bidirectional,best,2373.2054,2373.2054,764.837402
Terraced,1,H1,safe_unidirectional,worst,2252.5827,2252.5827,728.077945
Terraced,1,H1,safe_unidirectional,best,2252.5827,2252.5827,728.077945
Terraced,1,H1,hybrid_bidirectional,worst,2252.5827,2252.5827,728.077945
Terraced,1,H1,hybrid_bidirectional,best,2252.5827,2252.5827,728.077945
Terraced,1,H2,safe_unidirectional,worst,2252.5827,2252.5827,728.077945
Terraced,1,H2,safe_unidirectional,best,2252.5827,2252.5827,728.077945
Terraced,1,H2,hybrid_bidirectional,worst,2252.5827,2252.5827,728.077945
Terraced,1,H2,hybrid_bidirectional,best,2252.5827,2252.5827,728.077945
Terraced,1,H3,safe_unidirectional,worst,2252.5827,2252.5827,728.077945
Terraced,1,H3,safe_unidirectional,best,2252.5827,2252.5827,728.077945
Terraced,1,H3,hybrid_bidirectional,worst,2252.5827,2252.5827,728.077945
Terraced,1,H3,hybrid_bidirectional,best,2252.5827,2252.5827,728.077945
Terraced,1,H1,safe_unidirectional,worst,2264.4803,2264.4803,726.817973
Terraced,1,H1,safe_unidirectional,best,2264.4803,2264.4803,726.817973
Terraced,1,H1,hybrid_bidirectional,worst,2264.4803,2264.4803,726.817973
Terraced,1,H1,hybrid_bidirectional,best,2264.4803,2264.4803,726.817973
Terraced,1,H2,safe_unidirectional,worst,2264.4803,2264.4803,726.817973
Terraced,1,H2,safe_unidirectional,best,2264.4803,2264.4803,726.817973
Terraced,1,H2,hybrid_bidirectional,worst,2264.4803,2264.4803,726.817973
Terraced,1,H2,hybrid_bidirectional,best,2264.4803,2264.4803,726.817973
Terraced,1,H3,safe_unidirectional,worst,2264.4803,2264.4803,726.817973
Terraced,1,H3,safe_unidirectional,best,2264.4803,2264.4803,726.817973
Terraced,1,H3,hybrid_bidirectional,worst,2264.4803,2264.4803,726.817973
Terraced,1,H3,hybrid_bidirectional,best,2264.4803,2264.4803,726.817973
Terraced,1,H1,safe_unidirectional,worst,2268.6234,2268.6234,729.707034
Terraced,1,H1,safe_unidirectional,best,2268.6234,2268.6234,729.707034
Terraced,1,H1,hybrid_bidirectional,worst,2268.6234,2268.6234,729.707034
Terraced,1,H1,hybrid_bidirectional,best,2268.6234,2268.6234,729.707034
Terraced,1,H2,safe_unidirectional,worst,2268.6234,2268.6234,729.707034
Terraced,1,H2,safe_unidirectional,best,2268.6234,2268.6234,729.707034
Terraced,1,H2,hybrid_bidirectional,worst,2268.6234,2268.6234,729.707034
Terraced,1,H2,hybrid_bidirectional,best,2268.6234,2268.6234,729.707034
Terraced,1,H3,safe_unidirectional,worst,2268.6234,2268.6234,729.707034
Terraced,1,H3,safe_unidirectional,best,2268.6234,2268.6234,729.707034
Terraced,1,H3,hybrid_bidirectional,worst,2268.6234,2268.6234,729.707034
Terraced,1,H3,hybrid_bidirectional,best,2268.6234,2268.6234,729.707034
Terraced,1,H1,safe_unidirectional,worst,2369.3394,2369.3394,759.21447
Terraced,1,H1,safe_unidirectional,best,2369.3394,2369.3394,759.21447
Terraced,1,H1,hybrid_bidirectional,worst,2369.3394,2369.3394,759.21447
Terraced,1,H1,hybrid_bidirectional,best,2369.3394,2369.3394,759.21447
Terraced,1,H2,safe_unidirectional,worst,2369.3394,2369.3394,759.21447
Terraced,1,H2,safe_unidirectional,best,2369.3394,2369.3394,759.21447
Terraced,1,H2,hybrid_bidirectional,worst,2369.3394,2369.3394,759.21447
Terraced,1,H2,hybrid_bidirectional,best,2369.3394,2369.3394,759.21447
Terraced,1,H3,safe_unidirectional,worst,2369.3394,2369.3394,759.21447
Terraced,1,H3,safe_unidirectional,best,2369.3394,2369.3394,759.21447
Terraced,1,H3,hybrid_bidirectional,worst,2369.3394,2369.3394,759.21447
Terraced,1,H3,hybrid_bidirectional,best,2369.3394,2369.3394,759.21447
Terraced,1,H1,safe_unidirectional,worst,2267.0581,2267.0581,730.513035
Terraced,1,H1,safe_unidirectional,best,2267.0581,2267.0581,730.513035
Terraced,1,H1,hybrid_bidirectional,worst,2267.0581,2267.0581,730.513035
Terraced,1,H1,hybrid_bidirectional,best,2267.0581,2267.0581,730.513035
Terraced,1,H2,safe_unidirectional,worst,2267.0581,2267.0581,730.513035
Terraced,1,H2,safe_unidirectional,best,2267.0581,2267.0581,730.513035
Terraced,1,H2,hybrid_bidirectional,worst,2267.0581,2267.0581,730.513035
Terraced,1,H2,hybrid_bidirectional,best,2267.0581,2267.0581,730.513035
Terraced,1,H3,safe_unidirectional,worst,2267.0581,2267.0581,730.513035
Terraced,1,H3,safe_unidirectional,best,2267.0581,2267.0581,730.513035
Terraced,1,H3,hybrid_bidirectional,worst,2267.0581,2267.0581,730.513035
Terraced,1,H3,hybrid_bidirectional,best,2267.0581,2267.0581,730.513035
Terraced,1,H1,safe_unidirectional,worst,2308.3258,2308.3258,745.683778
Terraced,1,H1,safe_unidirectional,best,2308.3258,2308.3258,745.683778
Terraced,1,H1,hybrid_bidirectional,worst,2308.3258,2308.3258,745.683778
Terraced,1,H1,hybrid_bidirectional,best,2308.3258,2308.3258,745.683778
Terraced,1,H2,safe_unidirectional,worst,2308.3258,2308.3258,745.683778
Terraced,1,H2,safe_unidirectional,best,2308.3258,2308.3258,745.683778
Terraced,1,H2,hybrid_bidirectional,worst,2308.3258,2308.3258,745.683778
Terraced,1,H2,hybrid_bidirectional,best,2308.3258,2308.3258,745.683778
Terraced,1,H3,safe_unidirectional,worst,2308.3258,2308.3258,745.683778
Terraced,1,H3,safe_unidirectional,best,2308.3258,2308.3258,745.683778
Terraced,1,H3,hybrid_bidirectional,worst,2308.3258,2308.3258,745.683778
Terraced,1,H3,hybrid_bidirectional,best,2308.3258,2308.3258,745.683778
Terraced,1,H1,safe_unidirectional,worst,2308.9326,2308.9326,740.676678
Terraced,1,H1,safe_unidirectional,best,2308.9326,2308.9326,740.676678
Terraced,1,H1,hybrid_bidirectional,worst,2308.9326,2308.9326,740.676678
Terraced,1,H1,hybrid_bidirectional,best,2308.9326,2308.9326,740.676678
Terraced,1,H2,safe_unidirectional,worst,2308.9326,2308.9326,740.676678
Terraced,1,H2,safe_unidirectional,best,2308.9326,2308.9326,740.676678
Terraced,1,H2,hybrid_bidirectional,worst,2308.9326,2308.9326,740.676678
Terraced,1,H2,hybrid_bidirectional,best,2308.9326,2308.9326,740.676678
Terraced,1,H3,safe_unidirectional,worst,2308.9326,2308.9326,740.676678
Terraced,1,H3,safe_unidirectional,best,2308.9326,2308.9326,740.676678
Terraced,1,H3,hybrid_bidirectional,worst,2308.9326,2308.9326,740.676678
Terraced,1,H3,hybrid_bidirectional,best,2308.9326,2308.9326,740.676678
Terraced,1,H1,safe_unidirectional,worst,2182.1616,2182.1616,705.179888
Terraced,1,H1,safe_unidirectional,best,2182.1616,2182.1616,705.179888
Terraced,1,H1,hybrid_bidirectional,worst,2182.1616,2182.1616,705.179888
Terraced,1,H1,hybrid_bidirectional,best,2182.1616,2182.1616,705.179888
Terraced,1,H2,safe_unidirectional,worst,2182.1616,2182.1616,705.179888
Terraced,1,H2,safe_unidirectional,best,2182.1616,2182.1616,705.179888
Terraced,1,H2,hybrid_bidirectional,worst,2182.1616,2182.1616,705.179888
Terraced,1,H2,hybrid_bidirectional,best,2182.1616,2182.1616,705.179888
Terraced,1,H3,safe_unidirectional,worst,2182.1616,2182.1616,705.179888
Terraced,1,H3,safe_unidirectional,best,2182.1616,2182.1616,705.179888
Terraced,1,H3,hybrid_bidirectional,worst,2182.1616,2182.1616,705.179888
Terraced,1,H3,hybrid_bidirectional,best,2182.1616,2182.1616,705.179888
Terraced,1,H1,safe_unidirectional,worst,2282.4557,2282.4557,729.815947
Terraced,1,H1,safe_unidirectional,best,2282.4557,2282.4557,729.815947
Terraced,1,H1,hybrid_bidirectional,worst,2282.4557,2282.4557,729.815947
Terraced,1,H1,hybrid_bidirectional,best,2282.4557,2282.4557,729.815947
Terraced,1,H2,safe_unidirectional,worst,2282.4557,2282.4557,729.815947
Terraced,1,H2,safe_unidirectional,best,2282.4557,2282.4557,729.815947
Terraced,1,H2,hybrid_bidirectional,worst,2282.4557,2282.4557,729.815947
Terraced,1,H2,hybrid_bidirectional,best,2282.4557,2282.4557,729.815947
Terraced,1,H3,safe_unidirectional,worst,2282.4557,2282.4557,729.815947
Terraced,1,H3,safe_unidirectional,best,2282.4557,2282.4557,729.815947
Terraced,1,H3,hybrid_bidirectional,worst,2282.4557,2282.4557,729.815947
Terraced,1,H3,hybrid_bidirectional,best,2282.4557,2282.4557,729.815947
Terraced,1,H1,safe_unidirectional,worst,2317.9537,2317.9537,745.115651
Terraced,1,H1,safe_unidirectional,best,2317.9537,2317.9537,745.115651
Terraced,1,H1,hybrid_bidirectional,worst,2317.9537,2317.9537,745.115651
Terraced,1,H1,hybrid_bidirectional,best,2317.9537,2317.9537,745.115651
Terraced,1,H2,safe_unidirectional,worst,2317.9537,2317.9537,745.115651
Terraced,1,H2,safe_unidirectional,best,2317.9537,2317.9537,745.115651
Terraced,1,H2,hybrid_bidirectional,worst,2317.9537,2317.9537,745.115651
Terraced,1,H2,hybrid_bidirectional,best,2317.9537,2317.9537,745.115651
Terraced,1,H3,safe_unidirectional,worst,2317.9537,2317.9537,745.115651
Terraced,1,H3,safe_unidirectional,best,2317.9537,2317.9537,745.115651
Terraced,1,H3,hybrid_bidirectional,worst,2317.9537,2317.9537,745.115651
Terraced,1,H3,hybrid_bidirectional,best,2317.9537,2317.9537,745.115651
Terraced,1,H1,safe_unidirectional,worst,2276.3526,2276.3526,730.665922
Terraced,1,H1,safe_unidirectional,best,2276.3526,2276.3526,730.665922
Terraced,1,H1,hybrid_bidirectional,worst,2276.3526,2276.3526,730.665922
Terraced,1,H1,hybrid_bidirectional,best,2276.3526,2276.3526,730.665922
Terraced,1,H2,safe_unidirectional,worst,2276.3526,2276.3526,730.665922
Terraced,1,H2,safe_unidirectional,best,2276.3526,2276.3526,730.665922
Terraced,1,H2,hybrid_bidirectional,worst,2276.3526,2276.3526,730.665922
Terraced,1,H2,hybrid_bidirectional,best,2276.3526,2276.3526,730.665922
Terraced,1,H3,safe_unidirectional,worst,2276.3526,2276.3526,730.665922
Terraced,1,H3,safe_unidirectional,best,2276.3526,2276.3526,730.665922
Terraced,1,H3,hybrid_bidirectional,worst,2276.3526,2276.3526,730.665922
Terraced,1,H3,hybrid_bidirectional,best,2276.3526,2276.3526,730.665922
Terraced,1,H1,safe_unidirectional,worst,2301.2098,2301.2098,742.806022
Terraced,1,H1,safe_unidirectional,best,2301.2098,2301.2098,742.806022
Terraced,1,H1,hybrid_bidirectional,worst,2301.2098,2301.2098,742.806022
Terraced,1,H1,hybrid_bidirectional,best,2301.2098,2301.2098,742.806022
Terraced,1,H2,safe_unidirectional,worst,2301.2098,2301.2098,742.806022
Terraced,1,H2,safe_unidirectional,best,2301.2098,2301.2098,742.806022
Terraced,1,H2,hybrid_bidirectional,worst,2301.2098,2301.2098,742.806022
Terraced,1,H2,hybrid_bidirectional,best,2301.2098,2301.2098,742.806022
Terraced,1,H3,safe_unidirectional,worst,2301.2098,2301.2098,742.806022
Terraced,1,H3,safe_unidirectional,best,2301.2098,2301.2098,742.806022
Terraced,1,H3,hybrid_bidirectional,worst,2301.2098,2301.2098,742.806022
Terraced,1,H3,hybrid_bidirectional,best,2301.2098,2301.2098,742.806022
Terraced,1,H1,safe_unidirectional,worst,2279.7558,2279.7558,730.489438
Terraced,1,H1,safe_unidirectional,best,2279.7558,2279.7558,730.489438
Terraced,1,H1,hybrid_bidirectional,worst,2279.7558,2279.7558,730.489438
Terraced,1,H1,hybrid_bidirectional,best,2279.7558,2279.7558,730.489438
Terraced,1,H2,safe_unidirectional,worst,2279.7558,2279.7558,730.489438
Terraced,1,H2,safe_unidirectional,best,2279.7558,2279.7558,730.489438
Terraced,1,H2,hybrid_bidirectional,worst,2279.7558,2279.7558,730.489438
Terraced,1,H2,hybrid_bidirectional,best,2279.7558,2279.7558,730.489438
Terraced,1,H3,safe_unidirectional,worst,2279.7558,2279.7558,730.489438
Terraced,1,H3,safe_unidirectional,best,2279.7558,2279.7558,730.489438
Terraced,1,H3,hybrid_bidirectional,worst,2279.7558,2279.7558,730.489438
Terraced,1,H3,hybrid_bidirectional,best,2279.7558,2279.7558,730.489438
Terraced,1,H1,safe_unidirectional,worst,2300.162,2300.162,739.140164
Terraced,1,H1,safe_unidirectional,best,2300.162,2300.162,739.140164
Terraced,1,H1,hybrid_bidirectional,worst,2300.162,2300.162,739.140164
Terraced,1,H1,hybrid_bidirectional,best,2300.162,2300.162,739.140164
Terraced,1,H2,safe_unidirectional,worst,2300.162,2300.162,739.140164
Terraced,1,H2,safe_unidirectional,best,2300.162,2300.162,739.140164
Terraced,1,H2,hybrid_bidirectional,worst,2300.162,2300.162,739.140164
Terraced,1,H2,hybrid_bidirectional,best,2300.162,2300.162,739.140164
Terraced,1,H3,safe_unidirectional,worst,2300.162,2300.162,739.140164
Terraced,1,H3,safe_unidirectional,best,2300.162,2300.162,739.140164
Terraced,1,H3,hybrid_bidirectional,worst,2300.162,2300.162,739.140164
Terraced,1,H3,hybrid_bidirectional,best,2300.162,2300.162,739.140164
Terraced,1,H1,safe_unidirectional,worst,2324.2357,2324.2357,750.623643
Terraced,1,H1,safe_unidirectional,best,2324.2357,2324.2357,750.623643
Terraced,1,H1,hybrid_bidirectional,worst,2324.2357,2324.2357,750.623643
Terraced,1,H1,hybrid_bidirectional,best,2324.2357,2324.2357,750.623643
Terraced,1,H2,safe_unidirectional,worst,2324.2357,2324.2357,750.623643
Terraced,1,H2,safe_unidirectional,best,2324.2357,2324.2357,750.623643
Terraced,1,H2,hybrid_bidirectional,worst,2324.2357,2324.2357,750.623643
Terraced,1,H2,hybrid_bidirectional,best,2324.2357,2324.2357,750.623643
Terraced,1,H3,safe_unidirectional,worst,2324.2357,2324.2357,750.623643
Terraced,1,H3,safe_unidirectional,best,2324.2357,2324.2357,750.623643
Terraced,1,H3,hybrid_bidirectional,worst,2324.2357,2324.2357,750.623643
Terraced,1,H3,hybrid_bidirectional,best,2324.2357,2324.2357,750.623643
Terraced,1,H1,safe_unidirectional,worst,2271.0662,2271.0662,728.015442
Terraced,1,H1,safe_unidirectional,best,2271.0662,2271.0662,728.015442
Terraced,1,H1,hybrid_bidirectional,worst,2271.0662,2271.0662,728.015442
Terraced,1,H1,hybrid_bidirectional,best,2271.0662,2271.0662,728.015442
Terraced,1,H2,safe_unidirectional,worst,2271.0662,2271.0662,728.015442
Terraced,1,H2,safe_unidirectional,best,2271.0662,2271.0662,728.015442
Terraced,1,H2,hybrid_bidirectional,worst,2271.0662,2271.0662,728.015442
Terraced,1,H2,hybrid_bidirectional,best,2271.0662,2271.0662,728.015442
Terraced,1,H3,safe_unidirectional,worst,2271.0662,2271.0662,728.015442
Terraced,1,H3,safe_unidirectional,best,2271.0662,2271.0662,728.015442
Terraced,1,H3,hybrid_bidirectional,worst,2271.0662,2271.0662,728.015442
Terraced,1,H3,hybrid_bidirectional,best,2271.0662,2271.0662,728.015442
Terraced,1,H1,safe_unidirectional,worst,2184.9698,2184.9698,706.542102
Terraced,1,H1,safe_unidirectional,best,2184.9698,2184.9698,706.542102
Terraced,1,H1,hybrid_bidirectional,worst,2184.9698,2184.9698,706.542102
Terraced,1,H1,hybrid_bidirectional,best,2184.9698,2184.9698,706.542102
Terraced,1,H2,safe_unidirectional,worst,2184.9698,2184.9698,706.542102
Terraced,1,H2,safe_unidirectional,best,2184.9698,2184.9698,706.542102
Terraced,1,H2,hybrid_bidirectional,worst,2184.9698,2184.9698,706.542102
Terraced,1,H2,hybrid_bidirectional,best,2184.9698,2184.9698,706.542102
Terraced,1,H3,safe_unidirectional,worst,2184.9698,2184.9698,706.542102
Terraced,1,H3,safe_unidirectional,best,2184.9698,2184.9698,706.542102
Terraced,1,H3,hybrid_bidirectional,worst,2184.9698,2184.9698,706.542102
Terraced,1,H3,hybrid_bidirectional,best,2184.9698,2184.9698,706.542102
Terraced,1,H1,safe_unidirectional,worst,2391.4008,2391.4008,761.83814
Terraced,1,H1,safe_unidirectional,best,2391.4008,2391.4008,761.83814
Terraced,1,H1,hybrid_bidirectional,worst,2391.4008,2391.4008,761.83814
Terraced,1,H1,hybrid_bidirectional,best,2391.4008,2391.4008,761.83814
Terraced,1,H2,safe_unidirectional,worst,2391.4008,2391.4008,761.83814
Terraced,1,H2,safe_unidirectional,best,2391.4008,2391.4008,761.83814
Terraced,1,H2,hybrid_bidirectional,worst,2391.4008,2391.4008,761.83814
Terraced,1,H2,hybrid_bidirectional,best,2391.4008,2391.4008,761.83814
Terraced,1,H3,safe_unidirectional,worst,2391.4008,2391.4008,761.83814
Terraced,1,H3,safe_unidirectional,best,2391.4008,2391.4008,761.83814
Terraced,1,H3,hybrid_bidirectional,worst,2391.4008,2391.4008,761.83814
Terraced,1,H3,hybrid_bidirectional,best,2391.4008,2391.4008,761.83814
Terraced,1,H1,safe_unidirectional,worst,2439.0303,2439.0303,789.351773
Terraced,1,H1,safe_unidirectional,best,2439.0303,2439.0303,789.351773
Terraced,1,H1,hybrid_bidirectional,worst,2439.0303,2439.0303,789.351773
Terraced,1,H1,hybrid_bidirectional,best,2439.0303,2439.0303,789.351773
Terraced,1,H2,safe_unidirectional,worst,2439.0303,2439.0303,789.351773
Terraced,1,H2,safe_unidirectional,best,2439.0303,2439.0303,789.351773
Terraced,1,H2,hybrid_bidirectional,worst,2439.0303,2439.0303,789.351773
Terraced,1,H2,hybrid_bidirectional,best,2439.0303,2439.0303,789.351773
Terraced,1,H3,safe_unidirectional,worst,2439.0303,2439.0303,789.351773
Terraced,1,H3,safe_unidirectional,best,2439.0303,2439.0303,789.351773
Terraced,1,H3,hybrid_bidirectional,worst,2439.0303,2439.0303,789.351773
Terraced,1,H3,hybrid_bidirectional,best,2439.0303,2439.0303,789.351773
Terraced,1,H1,safe_unidirectional,worst,2386.4078,2386.4078,769.502258
Terraced,1,H1,safe_unidirectional,best,2386.4078,2386.4078,769.502258
Terraced,1,H1,hybrid_bidirectional,worst,2386.4078,2386.4078,769.502258
Terraced,1,H1,hybrid_bidirectional,best,2386.4078,2386.4078,769.502258
Terraced,1,H2,safe_unidirectional,worst,2386.4078,2386.4078,769.502258
Terraced,1,H2,safe_unidirectional,best,2386.4078,2386.4078,769.502258
Terraced,1,H2,hybrid_bidirectional,worst,2386.4078,2386.4078,769.502258
Terraced,1,H2,hybrid_bidirectional,best,2386.4078,2386.4078,769.502258
Terraced,1,H3,safe_unidirectional,worst,2386.4078,2386.4078,769.502258
Terraced,1,H3,safe_unidirectional,best,2386.4078,2386.4078,769.502258
Terraced,1,H3,hybrid_bidirectional,worst,2386.4078,2386.4078,769.502258
Terraced,1,H3,hybrid_bidirectional,best,2386.4078,2386.4078,769.502258
Terraced,1,H1,safe_unidirectional,worst,2299.5565,2299.5565,741.573063
Terraced,1,H1,safe_unidirectional,best,2299.5565,2299.5565,741.573063
Terraced,1,H1,hybrid_bidirectional,worst,2299.5565,2299.5565,741.573063
Terraced,1,H1,hybrid_bidirectional,best,2299.5565,2299.5565,741.573063
Terraced,1,H2,safe_unidirectional,worst,2299.5565,2299.5565,741.573063
Terraced,1,H2,safe_unidirectional,best,2299.5565,2299.5565,741.573063
Terraced,1,H2,hybrid_bidirectional,worst,2299.5565,2299.5565,741.573063
Terraced,1,H2,hybrid_bidirectional,best,2299.5565,2299.5565,741.573063
Terraced,1,H3,safe_unidirectional,worst,2299.5565,2299.5565,741.573063
Terraced,1,H3,safe_unidirectional,best,2299.5565,2299.5565,741.573063
Terraced,1,H3,hybrid_bidirectional,worst,2299.5565,2299.5565,741.573063
Terraced,1,H3,hybrid_bidirectional,best,2299.5565,2299.5565,741.573063
Terraced,1,H1,safe_unidirectional,worst,2465.9417,2465.9417,790.069343
Terraced,1,H1,safe_unidirectional,best,2465.9417,2465.9417,790.069343
Terraced,1,H1,hybrid_bidirectional,worst,2465.9417,2465.9417,790.069343
Terraced,1,H1,hybrid_bidirectional,best,2465.9417,2465.9417,790.069343
Terraced,1,H2,safe_unidirectional,worst,2465.9417,2465.9417,790.069343
Terraced,1,H2,safe_unidirectional,best,2465.9417,2465.9417,790.069343
Terraced,1,H2,hybrid_bidirectional,worst,2465.9417,2465.9417,790.069343
Terraced,1,H2,hybrid_bidirectional,best,2465.9417,2465.9417,790.069343
Terraced,1,H3,safe_unidirectional,worst,2465.9417,2465.9417,790.069343
Terraced,1,H3,safe_unidirectional,best,2465.9417,2465.9417,790.069343
Terraced,1,H3,hybrid_bidirectional,worst,2465.9417,2465.9417,790.069343
Terraced,1,H3,hybrid_bidirectional,best,2465.9417,2465.9417,790.069343
Terraced,1,H1,safe_unidirectional,worst,2289.5714,2289.5714,735.200858
Terraced,1,H1,safe_unidirectional,best,2289.5714,2289.5714,735.200858
Terraced,1,H1,hybrid_bidirectional,worst,2289.5714,2289.5714,735.200858
Terraced,1,H1,hybrid_bidirectional,best,2289.5714,2289.5714,735.200858
Terraced,1,H2,safe_unidirectional,worst,2289.5714,2289.5714,735.200858
Terraced,1,H2,safe_unidirectional,best,2289.5714,2289.5714,735.200858
Terraced,1,H2,hybrid_bidirectional,worst,2289.5714,2289.5714,735.200858
Terraced,1,H2,hybrid_bidirectional,best,2289.5714,2289.5714,735.200858
Terraced,1,H3,safe_unidirectional,worst,2289.5714,2289.5714,735.200858
Terraced,1,H3,safe_unidirectional,best,2289.5714,2289.5714,735.200858
Terraced,1,H3,hybrid_bidirectional,worst,2289.5714,2289.5714,735.200858
Terraced,1,H3,hybrid_bidirectional,best,2289.5714,2289.5714,735.200858
Terraced,1,H1,safe_unidirectional,worst,2230.3779,2230.3779,722.850989
Terraced,1,H1,safe_unidirectional,best,2230.3779,2230.3779,722.850989
Terraced,1,H1,hybrid_bidirectional,worst,2230.3779,2230.3779,722.850989
Terraced,1,H1,hybrid_bidirectional,best,2230.3779,2230.3779,722.850989
Terraced,1,H2,safe_unidirectional,worst,2230.3779,2230.3779,722.850989
Terraced,1,H2,safe_unidirectional,best,2230.3779,2230.3779,722.850989
Terraced,1,H2,hybrid_bidirectional,worst,2230.3779,2230.3779,722.850989
Terraced,1,H2,hybrid_bidirectional,best,2230.3779,2230.3779,722.850989
Terraced,1,H3,safe_unidirectional,worst,2230.3779,2230.3779,722.850989
Terraced,1,H3,safe_unidirectional,best,2230.3779,2230.3779,722.850989
Terraced,1,H3,hybrid_bidirectional,worst,2230.3779,2230.3779,722.850989
Terraced,1,H3,hybrid_bidirectional,best,2230.3779,2230.3779,722.850989
Terraced,1,H1,safe_unidirectional,worst,2371.9735,2371.9735,767.548173
Terraced,1,H1,safe_unidirectional,best,2371.9735,2371.9735,767.548173
Terraced,1,H1,hybrid_bidirectional,worst,2371.9735,2371.9735,767.548173
Terraced,1,H1,hybrid_bidirectional,best,2371.9735,2371.9735,767.548173
Terraced,1,H2,safe_unidirectional,worst,2371.9735,2371.9735,767.548173
Terraced,1,H2,safe_unidirectional,best,2371.9735,2371.9735,767.548173
Terraced,1,H2,hybrid_bidirectional,worst,2371.9735,2371.9735,767.548173
Terraced,1,H2,hybrid_bidirectional,best,2371.9735,2371.9735,767.548173
Terraced,1,H3,safe_unidirectional,worst,2371.9735,2371.9735,767.548173
Terraced,1,H3,safe_unidirectional,best,2371.9735,2371.9735,767.548173
Terraced,1,H3,hybrid_bidirectional,worst,2371.9735,2371.9735,767.548173
Terraced,1,H3,hybrid_bidirectional,best,2371.9735,2371.9735,767.548173
Terraced,1,H1,safe_unidirectional,worst,2290.6008,2290.6008,736.984388
Terraced,1,H1,safe_unidirectional,best,2290.6008,2290.6008,736.984388
Terraced,1,H1,hybrid_bidirectional,worst,2290.6008,2290.6008,736.984388
Terraced,1,H1,hybrid_bidirectional,best,2290.6008,2290.6008,736.984388
Terraced,1,H2,safe_unidirectional,worst,2290.6008,2290.6008,736.984388
Terraced,1,H2,safe_unidirectional,best,2290.6008,2290.6008,736.984388
Terraced,1,H2,hybrid_bidirectional,worst,2290.6008,2290.6008,736.984388
Terraced,1,H2,hybrid_bidirectional,best,2290.6008,2290.6008,736.984388
Terraced,1,H3,safe_unidirectional,worst,2290.6008,2290.6008,736.984388
Terraced,1,H3,safe_unidirectional,best,2290.6008,2290.6008,736.984388
Terraced,1,H3,hybrid_bidirectional,worst,2290.6008,2290.6008,736.984388
Terraced,1,H3,hybrid_bidirectional,best,2290.6008,2290.6008,736.984388
Terraced,1,H1,safe_unidirectional,worst,2410.7274,2410.7274,764.23837
Terraced,1,H1,safe_unidirectional,best,2410.7274,2410.7274,764.23837
Terraced,1,H1,hybrid_bidirectional,worst,2410.7274,2410.7274,764.23837
Terraced,1,H1,hybrid_bidirectional,best,2410.7274,2410.7274,764.23837
Terraced,1,H2,safe_unidirectional,worst,2410.7274,2410.7274,764.23837
Terraced,1,H2,safe_unidirectional,best,2410.7274,2410.7274,764.23837
Terraced,1,H2,hybrid_bidirectional,worst,2410.7274,2410.7274,764.23837
Terraced,1,H2,hybrid_bidirectional,best,2410.7274,2410.7274,764.23837
Terraced,1,H3,safe_unidirectional,worst,2410.7274,2410.7274,764.23837
Terraced,1,H3,safe_unidirectional,best,2410.7274,2410.7274,764.23837
Terraced,1,H3,hybrid_bidirectional,worst,2410.7274,2410.7274,764.23837
Terraced,1,H3,hybrid_bidirectional,best,2410.7274,2410.7274,764.23837
Terraced,1,H1,safe_unidirectional,worst,2403.8528,2403.8528,770.570024
Terraced,1,H1,safe_unidirectional,best,2403.8528,2403.8528,770.570024
Terraced,1,H1,hybrid_bidirectional,worst,2403.8528,2403.8528,770.570024
Terraced,1,H1,hybrid_bidirectional,best,2403.8528,2403.8528,770.570024
Terraced,1,H2,safe_unidirectional,worst,2403.8528,2403.8528,770.570024
Terraced,1,H2,safe_unidirectional,best,2403.8528,2403.8528,770.570024
Terraced,1,H2,hybrid_bidirectional,worst,2403.8528,2403.8528,770.570024
Terraced,1,H2,hybrid_bidirectional,best,2403.8528,2403.8528,770.570024
Terraced,1,H3,safe_unidirectional,worst,2403.8528,2403.8528,770.570024
Terraced,1,H3,safe_unidirectional,best,2403.8528,2403.8528,770.570024
Terraced,1,H3,hybrid_bidirectional,worst,2403.8528,2403.8528,770.570024
Terraced,1,H3,hybrid_bidirectional,best,2403.8528,2403.8528,770.570024
Terraced,1,H1,safe_unidirectional,worst,2406.029,2406.029,766.932922
Terraced,1,H1,safe_unidirectional,best,2406.029,2406.029,766.932922
Terraced,1,H1,hybrid_bidirectional,worst,2406.029,2406.029,766.932922
Terraced,1,H1,hybrid_bidirectional,best,2406.029,2406.029,766.932922
Terraced,1,H2,safe_unidirectional,worst,2406.029,2406.029,766.932922
Terraced,1,H2,safe_unidirectional,best,2406.029,2406.029,766.932922
Terraced,1,H2,hybrid_bidirectional,worst,2406.029,2406.029,766.932922
Terraced,1,H2,hybrid_bidirectional,best,2406.029,2406.029,766.932922
Terraced,1,H3,safe_unidirectional,worst,2406.029,2406.029,766.932922
Terraced,1,H3,safe_unidirectional,best,2406.029,2406.029,766.932922
Terraced,1,H3,hybrid_bidirectional,worst,2406.029,2406.029,766.932922
Terraced,1,H3,hybrid_bidirectional,best,2406.029,2406.029,766.932922
Terraced,1,H1,safe_unidirectional,worst,2324.1514,2324.1514,755.28495
Terraced,1,H1,safe_unidirectional,best,2324.1514,2324.1514,755.28495
Terraced,1,H1,hybrid_bidirectional,worst,2324.1514,2324.1514,755.28495
Terraced,1,H1,hybrid_bidirectional,best,2324.1514,2324.1514,755.28495
Terraced,1,H2,safe_unidirectional,worst,2324.1514,2324.1514,755.28495
Terraced,1,H2,safe_unidirectional,best,2324.1514,2324.1514,755.28495
Terraced,1,H2,hybrid_bidirectional,worst,2324.1514,2324.1514,755.28495
Terraced,1,H2,hybrid_bidirectional,best,2324.1514,2324.1514,755.28495
Terraced,1,H3,safe_unidirectional,worst,2324.1514,2324.1514,755.28495
Terraced,1,H3,safe_unidirectional,best,2324.1514,2324.1514,755.28495
Terraced,1,H3,hybrid_bidirectional,worst,2324.1514,2324.1514,755.28495
Terraced,1,H3,hybrid_bidirectional,best,2324.1514,2324.1514,755.28495
Terraced,1,H1,safe_unidirectional,worst,2266.7758,2266.7758,733.248754
Terraced,1,H1,safe_unidirectional,best,2266.7758,2266.7758,733.248754
Terraced,1,H1,hybrid_bidirectional,worst,2266.7758,2266.7758,733.248754
Terraced,1,H1,hybrid_bidirectional,best,2266.7758,2266.7758,733.248754
Terraced,1,H2,safe_unidirectional,worst,2266.7758,2266.7758,733.248754
Terraced,1,H2,safe_unidirectional,best,2266.7758,2266.7758,733.248754
Terraced,1,H2,hybrid_bidirectional,worst,2266.7758,2266.7758,733.248754
Terraced,1,H2,hybrid_bidirectional,best,2266.7758,2266.7758,733.248754
Terraced,1,H3,safe_unidirectional,worst,2266.7758,2266.7758,733.248754
Terraced,1,H3,safe_unidirectional,best,2266.7758,2266.7758,733.248754
Terraced,1,H3,hybrid_bidirectional,worst,2266.7758,2266.7758,733.248754
Terraced,1,H3,hybrid_bidirectional,best,2266.7758,2266.7758,733.248754
Terraced,1,H1,safe_unidirectional,worst,2342.1727,2342.1727,752.267761
Terraced,1,H1,safe_unidirectional,best,2342.1727,2342.1727,752.267761
Terraced,1,H1,hybrid_bidirectional,worst,2342.1727,2342.1727,752.267761
Terraced,1,H1,hybrid_bidirectional,best,2342.1727,2342.1727,752.267761
Terraced,1,H2,safe_unidirectional,worst,2342.1727,2342.1727,752.267761
Terraced,1,H2,safe_unidirectional,best,2342.1727,2342.1727,752.267761
Terraced,1,H2,hybrid_bidirectional,worst,2342.1727,2342.1727,752.267761
Terraced,1,H2,hybrid_bidirectional,best,2342.1727,2342.1727,752.267761
Terraced,1,H3,safe_unidirectional,worst,2342.1727,2342.1727,752.267761
Terraced,1,H3,safe_unidirectional,best,2342.1727,2342.1727,752.267761
Terraced,1,H3,hybrid_bidirectional,worst,2342.1727,2342.1727,752.267761
Terraced,1,H3,hybrid_bidirectional,best,2342.1727,2342.1727,752.267761
Terraced,1,H1,safe_unidirectional,worst,2246.6915,2246.6915,721.723877
Terraced,1,H1,safe_unidirectional,best,2246.6915,2246.6915,721.723877
Terraced,1,H1,hybrid_bidirectional,worst,2246.6915,2246.6915,721.723877
Terraced,1,H1,hybrid_bidirectional,best,2246.6915,2246.6915,721.723877
Terraced,1,H2,safe_unidirectional,worst,2246.6915,2246.6915,721.723877
Terraced,1,H2,safe_unidirectional,best,2246.6915,2246.6915,721.723877
Terraced,1,H2,hybrid_bidirectional,worst,2246.6915,2246.6915,721.723877
Terraced,1,H2,hybrid_bidirectional,best,2246.6915,2246.6915,721.723877
Terraced,1,H3,safe_unidirectional,worst,2246.6915,2246.6915,721.723877
Terraced,1,H3,safe_unidirectional,best,2246.6915,2246.6915,721.723877
Terraced,1,H3,hybrid_bidirectional,worst,2246.6915,2246.6915,721.723877
Terraced,1,H3,hybrid_bidirectional,best,2246.6915,2246.6915,721.723877
Terraced,1,H1,safe_unidirectional,worst,2390.8773,2390.8773,763.238119
Terraced,1,H1,safe_unidirectional,best,2390.8773,2390.8773,763.238119
Terraced,1,H1,hybrid_bidirectional,worst,2390.8773,2390.8773,763.238119
Terraced,1,H1,hybrid_bidirectional,best,2390.8773,2390.8773,763.238119
Terraced,1,H2,safe_unidirectional,worst,2390.8773,2390.8773,763.238119
Terraced,1,H2,safe_unidirectional,best,2390.8773,2390.8773,763.238119
Terraced,1,H2,hybrid_bidirectional,worst,2390.8773,2390.8773,763.238119
Terraced,1,H2,hybrid_bidirectional,best,2390.8773,2390.8773,763.238119
Terraced,1,H3,safe_unidirectional,worst,2390.8773,2390.8773,763.238119
Terraced,1,H3,safe_unidirectional,best,2390.8773,2390.8773,763.238119
Terraced,1,H3,hybrid_bidirectional,worst,2390.8773,2390.8773,763.238119
Terraced,1,H3,hybrid_bidirectional,best,2390.8773,2390.8773,763.238119
Terraced,1,H1,safe_unidirectional,worst,2380.7619,2380.7619,766.169537
Terraced,1,H1,safe_unidirectional,best,2380.7619,2380.7619,766.169537
Terraced,1,H1,hybrid_bidirectional,worst,2380.7619,2380.7619,766.169537
Terraced,1,H1,hybrid_bidirectional,best,2380.7619,2380.7619,766.169537
Terraced,1,H2,safe_unidirectional,worst,2380.7619,2380.7619,766.169537
Terraced,1,H2,safe_unidirectional,best,2380.7619,2380.7619,766.169537
Terraced,1,H2,hybrid_bidirectional,worst,2380.7619,2380.7619,766.169537
Terraced,1,H2,hybrid_bidirectional,best,2380.7619,2380.7619,766.169537
Terraced,1,H3,safe_unidirectional,worst,2380.7619,2380.7619,766.169537
Terraced,1,H3,safe_unidirectional,best,2380.7619,2380.7619,766.169537
Terraced,1,H3,hybrid_bidirectional,worst,2380.7619,2380.7619,766.169537
Terraced,1,H3,hybrid_bidirectional,best,2380.7619,2380.7619,766.169537
Terraced,1,H1,safe_unidirectional,worst,2275.6082,2275.6082,734.732782
Terraced,1,H1,safe_unidirectional,best,2275.6082,2275.6082,734.732782
Terraced,1,H1,hybrid_bidirectional,worst,2275.6082,2275.6082,734.732782
Terraced,1,H1,hybrid_bidirectional,best,2275.6082,2275.6082,734.732782
Terraced,1,H2,safe_unidirectional,worst,2275.6082,2275.6082,734.732782
Terraced,1,H2,safe_unidirectional,best,2275.6082,2275.6082,734.732782
Terraced,1,H2,hybrid_bidirectional,worst,2275.6082,2275.6082,734.732782
Terraced,1,H2,hybrid_bidirectional,best,2275.6082,2275.6082,734.732782
Terraced,1,H3,safe_unidirectional,worst,2275.6082,2275.6082,734.732782
Terraced,1,H3,safe_unidirectional,best,2275.6082,2275.6082,734.732782
Terraced,1,H3,hybrid_bidirectional,worst,2275.6082,2275.6082,734.732782
Terraced,1,H3,hybrid_bidirectional,best,2275.6082,2275.6082,734.732782
Terraced,1,H1,safe_unidirectional,worst,2313.4636,2313.4636,745.923192
Terraced,1,H1,safe_unidirectional,best,2313.4636,2313.4636,745.923192
Terraced,1,H1,hybrid_bidirectional,worst,2313.4636,2313.4636,745.923192
Terraced,1,H1,hybrid_bidirectional,best,2313.4636,2313.4636,745.923192
Terraced,1,H2,safe_unidirectional,worst,2313.4636,2313.4636,745.923192
Terraced,1,H2,safe_unidirectional,best,2313.4636,2313.4636,745.923192
Terraced,1,H2,hybrid_bidirectional,worst,2313.4636,2313.4636,745.923192
Terraced,1,H2,hybrid_bidirectional,best,2313.4636,2313.4636,745.923192
Terraced,1,H3,safe_unidirectional,worst,2313.4636,2313.4636,745.923192
Terraced,1,H3,safe_unidirectional,best,2313.4636,2313.4636,745.923192
Terraced,1,H3,hybrid_bidirectional,worst,2313.4636,2313.4636,745.923192
Terraced,1,H3,hybrid_bidirectional,best,2313.4636,2313.4636,745.923192
Terraced,1,H1,safe_unidirectional,worst,2303.0229,2303.0229,740.006743
Terraced,1,H1,safe_unidirectional,best,2303.0229,2303.0229,740.006743
Terraced,1,H1,hybrid_bidirectional,worst,2303.0229,2303.0229,740.006743
Terraced,1,H1,hybrid_bidirectional,best,2303.0229,2303.0229,740.006743
Terraced,1,H2,safe_unidirectional,worst,2303.0229,2303.0229,740.006743
Terraced,1,H2,safe_unidirectional,best,2303.0229,2303.0229,740.006743
Terraced,1,H2,hybrid_bidirectional,worst,2303.0229,2303.0229,740.006743
Terraced,1,H2,hybrid_bidirectional,best,2303.0229,2303.0229,740.006743
Terraced,1,H3,safe_unidirectional,worst,2303.0229,2303.0229,740.006743
Terraced,1,H3,safe_unidirectional,best,2303.0229,2303.0229,740.006743
Terraced,1,H3,hybrid_bidirectional,worst,2303.0229,2303.0229,740.006743
Terraced,1,H3,hybrid_bidirectional,best,2303.0229,2303.0229,740.006743
Terraced,1,H1,safe_unidirectional,worst,2331.6813,2331.6813,749.055531
Terraced,1,H1,safe_unidirectional,best,2331.6813,2331.6813,749.055531
Terraced,1,H1,hybrid_bidirectional,worst,2331.6813,2331.6813,749.055531
Terraced,1,H1,hybrid_bidirectional,best,2331.6813,2331.6813,749.055531
Terraced,1,H2,safe_unidirectional,worst,2331.6813,2331.6813,749.055531
Terraced,1,H2,safe_unidirectional,best,2331.6813,2331.6813,749.055531
Terraced,1,H2,hybrid_bidirectional,worst,2331.6813,2331.6813,749.055531
Terraced,1,H2,hybrid_bidirectional,best,2331.6813,2331.6813,749.055531
Terraced,1,H3,safe_unidirectional,worst,2331.6813,2331.6813,749.055531
Terraced,1,H3,safe_unidirectional,best,2331.6813,2331.6813,749.055531
Terraced,1,H3,hybrid_bidirectional,worst,2331.6813,2331.6813,749.055531
Terraced,1,H3,hybrid_bidirectional,best,2331.6813,2331.6813,749.055531
Terraced,1,H1,safe_unidirectional,worst,2334.6838,2334.6838,747.630478
Terraced,1,H1,safe_unidirectional,best,2334.6838,2334.6838,747.630478
Terraced,1,H1,hybrid_bidirectional,worst,2334.6838,2334.6838,747.630478
Terraced,1,H1,hybrid_bidirectional,best,2334.6838,2334.6838,747.630478
Terraced,1,H2,safe_unidirectional,worst,2334.6838,2334.6838,747.630478
Terraced,1,H2,safe_unidirectional,best,2334.6838,2334.6838,747.630478
Terraced,1,H2,hybrid_bidirectional,worst,2334.6838,2334.6838,747.630478
Terraced,1,H2,hybrid_bidirectional,best,2334.6838,2334.6838,747.630478
Terraced,1,H3,safe_unidirectional,worst,2334.6838,2334.6838,747.630478
Terraced,1,H3,safe_unidirectional,best,2334.6838,2334.6838,747.630478
Terraced,1,H3,hybrid_bidirectional,worst,2334.6838,2334.6838,747.630478
Terraced,1,H3,hybrid_bidirectional,best,2334.6838,2334.6838,747.630478
Terraced,1,H1,safe_unidirectional,worst,2166.5071,2166.5071,701.515017
Terraced,1,H1,safe_unidirectional,best,2166.5071,2166.5071,701.515017
Terraced,1,H1,hybrid_bidirectional,worst,2166.5071,2166.5071,701.515017
Terraced,1,H1,hybrid_bidirectional,best,2166.5071,2166.5071,701.515017
Terraced,1,H2,safe_unidirectional,worst,2166.5071,2166.5071,701.515017
Terraced,1,H2,safe_unidirectional,best,2166.5071,2166.5071,701.515017
Terraced,1,H2,hybrid_bidirectional,worst,2166.5071,2166.5071,701.515017
Terraced,1,H2,hybrid_bidirectional,best,2166.5071,2166.5071,701.515017
Terraced,1,H3,safe_unidirectional,worst,2166.5071,2166.5071,701.515017
Terraced,1,H3,safe_unidirectional,best,2166.5071,2166.5071,701.515017
Terraced,1,H3,hybrid_bidirectional,worst,2166.5071,2166.5071,701.515017
Terraced,1,H3,hybrid_bidirectional,best,2166.5071,2166.5071,701.515017
Terraced,1,H1,safe_unidirectional,worst,2305.4978,2305.4978,744.363186
Terraced,1,H1,safe_unidirectional,best,2305.4978,2305.4978,744.363186
Terraced,1,H1,hybrid_bidirectional,worst,2305.4978,2305.4978,744.363186
Terraced,1,H1,hybrid_bidirectional,best,2305.4978,2305.4978,744.363186
Terraced,1,H2,safe_unidirectional,worst,2305.4978,2305.4978,744.363186
Terraced,1,H2,safe_unidirectional,best,2305.4978,2305.4978,744.363186
Terraced,1,H2,hybrid_bidirectional,worst,2305.4978,2305.4978,744.363186
Terraced,1,H2,hybrid_bidirectional,best,2305.4978,2305.4978,744.363186
Terraced,1,H3,safe_unidirectional,worst,2305.4978,2305.4978,744.363186
Terraced,1,H3,safe_unidirectional,best,2305.4978,2305.4978,744.363186
Terraced,1,H3,hybrid_bidirectional,worst,2305.4978,2305.4978,744.363186
Terraced,1,H3,hybrid_bidirectional,best,2305.4978,2305.4978,744.363186
Terraced,1,H1,safe_unidirectional,worst,2288.3969,2288.3969,741.491219
Terraced,1,H1,safe_unidirectional,best,2288.3969,2288.3969,741.491219
Terraced,1,H1,hybrid_bidirectional,worst,2288.3969,2288.3969,741.491219
Terraced,1,H1,hybrid_bidirectional,best,2288.3969,2288.3969,741.491219
Terraced,1,H2,safe_unidirectional,worst,2288.3969,2288.3969,741.491219
Terraced,1,H2,safe_unidirectional,best,2288.3969,2288.3969,741.491219
Terraced,1,H2,hybrid_bidirectional,worst,2288.3969,2288.3969,741.491219
Terraced,1,H2,hybrid_bidirectional,best,2288.3969,2288.3969,741.491219
Terraced,1,H3,safe_unidirectional,worst,2288.3969,2288.3969,741.491219
Terraced,1,H3,safe_unidirectional,best,2288.3969,2288.3969,741.491219
Terraced,1,H3,hybrid_bidirectional,worst,2288.3969,2288.3969,741.491219
Terraced,1,H3,hybrid_bidirectional,best,2288.3969,2288.3969,741.491219
Terraced,1,H1,safe_unidirectional,worst,2319.2026,2319.2026,745.41397
Terraced,1,H1,safe_unidirectional,best,2319.2026,2319.2026,745.41397
Terraced,1,H1,hybrid_bidirectional,worst,2319.2026,2319.2026,745.41397
Terraced,1,H1,hybrid_bidirectional,best,2319.2026,2319.2026,745.41397
Terraced,1,H2,safe_unidirectional,worst,2319.2026,2319.2026,745.41397
Terraced,1,H2,safe_unidirectional,best,2319.2026,2319.2026,745.41397
Terraced,1,H2,hybrid_bidirectional,worst,2319.2026,2319.2026,745.41397
Terraced,1,H2,hybrid_bidirectional,best,2319.2026,2319.2026,745.41397
Terraced,1,H3,safe_unidirectional,worst,2319.2026,2319.2026,745.41397
Terraced,1,H3,safe_unidirectional,best,2319.2026,2319.2026,745.41397
Terraced,1,H3,hybrid_bidirectional,worst,2319.2026,2319.2026,745.41397
Terraced,1,H3,hybrid_bidirectional,best,2319.2026,2319.2026,745.41397
Terraced,1,H1,safe_unidirectional,worst,2194.487,2194.487,699.591298
Terraced,1,H1,safe_unidirectional,best,2194.487,2194.487,699.591298
Terraced,1,H1,hybrid_bidirectional,worst,2194.487,2194.487,699.591298
Terraced,1,H1,hybrid_bidirectional,best,2194.487,2194.487,699.591298
Terraced,1,H2,safe_unidirectional,worst,2194.487,2194.487,699.591298
Terraced,1,H2,safe_unidirectional,best,2194.487,2194.487,699.591298
Terraced,1,H2,hybrid_bidirectional,worst,2194.487,2194.487,699.591298
Terraced,1,H2,hybrid_bidirectional,best,2194.487,2194.487,699.591298
Terraced,1,H3,safe_unidirectional,worst,2194.487,2194.487,699.591298
Terraced,1,H3,safe_unidirectional,best,2194.487,2194.487,699.591298
Terraced,1,H3,hybrid_bidirectional,worst,2194.487,2194.487,699.591298
Terraced,1,H3,hybrid_bidirectional,best,2194.487,2194.487,699.591298
Terraced,1,H1,safe_unidirectional,worst,2171.0256,2171.0256,701.676444
Terraced,1,H1,safe_unidirectional,best,2171.0256,2171.0256,701.676444
Terraced,1,H1,hybrid_bidirectional,worst,2171.0256,2171.0256,701.676444
Terraced,1,H1,hybrid_bidirectional,best,2171.0256,2171.0256,701.676444
Terraced,1,H2,safe_unidirectional,worst,2171.0256,2171.0256,701.676444
Terraced,1,H2,safe_unidirectional,best,2171.0256,2171.0256,701.676444
Terraced,1,H2,hybrid_bidirectional,worst,2171.0256,2171.0256,701.676444
Terraced,1,H2,hybrid_bidirectional,best,2171.0256,2171.0256,701.676444
Terraced,1,H3,safe_unidirectional,worst,2171.0256,2171.0256,701.676444
Terraced,1,H3,safe_unidirectional,best,2171.0256,2171.0256,701.676444
Terraced,1,H3,hybrid_bidirectional,worst,2171.0256,2171.0256,701.676444
Terraced,1,H3,hybrid_bidirectional,best,2171.0256,2171.0256,701.676444
Terraced,1,H1,safe_unidirectional,worst,2388.1774,2388.1774,759.177762
Terraced,1,H1,safe_unidirectional,best,2388.1774,2388.1774,759.177762
Terraced,1,H1,hybrid_bidirectional,worst,2388.1774,2388.1774,759.177762
Terraced,1,H1,hybrid_bidirectional,best,2388.1774,2388.1774,759.177762
Terraced,1,H2,safe_unidirectional,worst,2388.1774,2388.1774,759.177762
Terraced,1,H2,safe_unidirectional,best,2388.1774,2388.1774,759.177762
Terraced,1,H2,hybrid_bidirectional,worst,2388.1774,2388.1774,759.177762
Terraced,1,H2,hybrid_bidirectional,best,2388.1774,2388.1774,759.177762
Terraced,1,H3,safe_unidirectional,worst,2388.1774,2388.1774,759.177762
Terraced,1,H3,safe_unidirectional,best,2388.1774,2388.1774,759.177762
Terraced,1,H3,hybrid_bidirectional,worst,2388.1774,2388.1774,759.177762
Terraced,1,H3,hybrid_bidirectional,best,2388.1774,2388.1774,759.177762
