Archetype,House number,CAH Type,Operation,Solar,Grid Import,Total Cost
Detached,1,H1,safe_unidirectional,worst,2884.686343,662.077231
Detached,1,H1,safe_unidirectional,best,2631.436436,574.759259
Detached,1,H1,hybrid_bidirectional,worst,2765.432378,348.222567
Detached,1,H1,hybrid_bidirectional,best,2363.66201,271.247205
Detached,1,H2,safe_unidirectional,worst,2360.177292,625.361597
Detached,1,H2,safe_unidirectional,best,2103.819292,537.826059
Detached,1,H2,hybrid_bidirectional,worst,1895.575206,218.302497
Detached,1,H2,hybrid_bidirectional,best,1395.681529,151.824743
Detached,1,H3,safe_unidirectional,worst,2001.137608,600.228819
Detached,1,H3,safe_unidirectional,best,1749.736842,513.040288
Detached,1,H3,hybrid_bidirectional,worst,1289.007642,228.658191
Detached,1,H3,hybrid_bidirectional,best,840.820126,138.42981
Detached,1,H1,safe_unidirectional,worst,2920.657575,672.89779
Detached,1,H1,safe_unidirectional,best,2685.437979,592.773865
Detached,1,H1,hybrid_bidirectional,worst,2801.763663,353.982303
Detached,1,H1,hybrid_bidirectional,best,2439.697025,281.282147
Detached,1,H2,safe_unidirectional,worst,2399.411452,636.410562
Detached,1,H2,safe_unidirectional,best,2162.60132,556.175299
Detached,1,H2,hybrid_bidirectional,worst,1941.838519,206.159979
Detached,1,H2,hybrid_bidirectional,best,1490.409452,147.159838
Detached,1,H3,safe_unidirectional,worst,2040.557399,611.290778
Detached,1,H3,safe_unidirectional,best,1810.539946,531.531003
Detached,1,H3,hybrid_bidirectional,worst,1367.814135,241.025885
Detached,1,H3,hybrid_bidirectional,best,884.110221,137.611011
Detached,1,H1,safe_unidirectional,worst,2880.202667,661.456053
Detached,1,H1,safe_unidirectional,best,2672.331436,590.851249
Detached,1,H1,hybrid_bidirectional,worst,2776.966194,345.704974
Detached,1,H1,hybrid_bidirectional,best,2436.847675,282.437701
Detached,1,H2,safe_unidirectional,worst,2354.406899,624.650349
Detached,1,H2,safe_unidirectional,best,2146.151199,554.018632
Detached,1,H2,hybrid_bidirectional,worst,1884.450705,208.000119
Detached,1,H2,hybrid_bidirectional,best,1451.243175,155.157999
Detached,1,H3,safe_unidirectional,worst,1996.97601,599.630187
Detached,1,H3,safe_unidirectional,best,1794.791094,529.423425
Detached,1,H3,hybrid_bidirectional,worst,1311.83211,227.355721
Detached,1,H3,hybrid_bidirectional,best,882.769106,142.376069
Detached,1,H1,safe_unidirectional,worst,2909.781175,668.234216
Detached,1,H1,safe_unidirectional,best,2682.227984,590.80144
Detached,1,H1,hybrid_bidirectional,worst,2773.197502,352.681428
Detached,1,H1,hybrid_bidirectional,best,2410.506247,282.501609
Detached,1,H2,safe_unidirectional,worst,2385.362771,631.524927
Detached,1,H2,safe_unidirectional,best,2158.495503,554.140167
Detached,1,H2,hybrid_bidirectional,worst,1895.433,212.924317
Detached,1,H2,hybrid_bidirectional,best,1429.323646,156.5289
Detached,1,H3,safe_unidirectional,worst,2026.544128,606.407622
Detached,1,H3,safe_unidirectional,best,1803.395326,529.283154
Detached,1,H3,hybrid_bidirectional,worst,1321.016509,222.183474
Detached,1,H3,hybrid_bidirectional,best,801.175248,125.733005
Detached,1,H1,safe_unidirectional,worst,3089.884039,735.523249
Detached,1,H1,safe_unidirectional,best,2831.38408,646.669948
Detached,1,H1,hybrid_bidirectional,worst,2963.283298,396.225081
Detached,1,H1,hybrid_bidirectional,best,2562.395571,315.064053
Detached,1,H2,safe_unidirectional,worst,2566.905487,698.91475
Detached,1,H2,safe_unidirectional,best,2306.145279,609.903232
Detached,1,H2,hybrid_bidirectional,worst,2095.858966,257.441138
Detached,1,H2,hybrid_bidirectional,best,1622.168107,196.105078
Detached,1,H3,safe_unidirectional,worst,2211.248886,674.018788
Detached,1,H3,safe_unidirectional,best,1956.054934,585.396908
Detached,1,H3,hybrid_bidirectional,worst,1499.797406,266.207056
Detached,1,H3,hybrid_bidirectional,best,952.994929,156.924499
Detached,1,H1,safe_unidirectional,worst,2866.048595,654.615734
Detached,1,H1,safe_unidirectional,best,2637.995112,576.85336
Detached,1,H1,hybrid_bidirectional,worst,2722.89961,340.972353
Detached,1,H1,hybrid_bidirectional,best,2393.487222,273.894164
Detached,1,H2,safe_unidirectional,worst,2342.059751,617.936515
Detached,1,H2,safe_unidirectional,best,2113.509011,540.139333
Detached,1,H2,hybrid_bidirectional,worst,1869.053361,212.616957
Detached,1,H2,hybrid_bidirectional,best,1419.061559,153.18455
Detached,1,H3,safe_unidirectional,worst,1984.738468,592.924025
Detached,1,H3,safe_unidirectional,best,1760.051706,515.397321
Detached,1,H3,hybrid_bidirectional,worst,1314.997404,221.726283
Detached,1,H3,hybrid_bidirectional,best,874.878968,137.551971
Detached,1,H1,safe_unidirectional,worst,2843.570927,649.806172
Detached,1,H1,safe_unidirectional,best,2642.969964,581.695012
Detached,1,H1,hybrid_bidirectional,worst,2709.278067,337.36943
Detached,1,H1,hybrid_bidirectional,best,2391.69896,276.692609
Detached,1,H2,safe_unidirectional,worst,2319.901867,613.149338
Detached,1,H2,safe_unidirectional,best,2117.722068,544.92766
Detached,1,H2,hybrid_bidirectional,worst,1845.9477,199.741421
Detached,1,H2,hybrid_bidirectional,best,1404.506325,149.381651
Detached,1,H3,safe_unidirectional,worst,1963.086176,588.172239
Detached,1,H3,safe_unidirectional,best,1767.637355,520.42173
Detached,1,H3,hybrid_bidirectional,worst,1275.898279,208.979263
Detached,1,H3,hybrid_bidirectional,best,797.606328,126.459406
Detached,1,H1,safe_unidirectional,worst,2987.170203,701.451527
Detached,1,H1,safe_unidirectional,best,2770.411328,627.905178
Detached,1,H1,hybrid_bidirectional,worst,2853.336386,367.117248
Detached,1,H1,hybrid_bidirectional,best,2484.953648,300.174153
Detached,1,H2,safe_unidirectional,worst,2464.477039,664.863006
Detached,1,H2,safe_unidirectional,best,2245.635611,591.170878
Detached,1,H2,hybrid_bidirectional,worst,1999.069054,218.884878
Detached,1,H2,hybrid_bidirectional,best,1529.635884,163.587683
Detached,1,H3,safe_unidirectional,worst,2107.141596,639.849525
Detached,1,H3,safe_unidirectional,best,1896.439942,566.727181
Detached,1,H3,hybrid_bidirectional,worst,1430.21162,248.496313
Detached,1,H3,hybrid_bidirectional,best,911.282077,149.199433
Detached,1,H1,safe_unidirectional,worst,2928.807163,667.767464
Detached,1,H1,safe_unidirectional,best,2703.713267,590.407128
Detached,1,H1,hybrid_bidirectional,worst,2800.061598,347.015213
Detached,1,H1,hybrid_bidirectional,best,2451.134439,280.175157
Detached,1,H2,safe_unidirectional,worst,2406.477087,631.204358
Detached,1,H2,safe_unidirectional,best,2179.604219,553.719494
Detached,1,H2,hybrid_bidirectional,worst,1952.250153,214.436125
Detached,1,H2,hybrid_bidirectional,best,1488.312778,159.357028
Detached,1,H3,safe_unidirectional,worst,2049.332096,606.204209
Detached,1,H3,safe_unidirectional,best,1826.463059,528.999613
Detached,1,H3,hybrid_bidirectional,worst,1345.233562,214.740482
Detached,1,H3,hybrid_bidirectional,best,857.191406,131.133414
Detached,1,H1,safe_unidirectional,worst,2884.997835,664.327754
Detached,1,H1,safe_unidirectional,best,2663.135595,588.680372
Detached,1,H1,hybrid_bidirectional,worst,2741.233552,355.824096
Detached,1,H1,hybrid_bidirectional,best,2378.99427,287.503604
Detached,1,H2,safe_unidirectional,worst,2361.141747,627.657828
Detached,1,H2,safe_unidirectional,best,2136.685455,551.828862
Detached,1,H2,hybrid_bidirectional,worst,1876.518606,201.703609
Detached,1,H2,hybrid_bidirectional,best,1412.773108,148.533462
Detached,1,H3,safe_unidirectional,worst,2005.72216,602.778457
Detached,1,H3,safe_unidirectional,best,1787.242839,527.367879
Detached,1,H3,hybrid_bidirectional,worst,1308.078353,222.604348
Detached,1,H3,hybrid_bidirectional,best,829.925983,139.878028
Detached,1,H1,safe_unidirectional,worst,2788.598083,634.878313
Detached,1,H1,safe_unidirectional,best,2579.433508,563.81921
Detached,1,H1,hybrid_bidirectional,worst,2638.806488,332.215999
Detached,1,H1,hybrid_bidirectional,best,2299.468351,269.472382
Detached,1,H2,safe_unidirectional,worst,2263.793583,598.141998
Detached,1,H2,safe_unidirectional,best,2053.338363,526.99255
Detached,1,H2,hybrid_bidirectional,worst,1740.88138,193.499433
Detached,1,H2,hybrid_bidirectional,best,1331.873572,144.422229
Detached,1,H3,safe_unidirectional,worst,1907.047524,573.169773
Detached,1,H3,safe_unidirectional,best,1702.913918,502.462839
Detached,1,H3,hybrid_bidirectional,worst,1181.734857,189.693666
Detached,1,H3,hybrid_bidirectional,best,730.788678,107.380801
Detached,1,H1,safe_unidirectional,worst,2942.247035,674.029865
Detached,1,H1,safe_unidirectional,best,2719.386344,598.618566
Detached,1,H1,hybrid_bidirectional,worst,2810.535931,358.627002
Detached,1,H1,hybrid_bidirectional,best,2448.800654,287.135169
Detached,1,H2,safe_unidirectional,worst,2418.788879,637.387794
Detached,1,H2,safe_unidirectional,best,2197.189148,562.064762
Detached,1,H2,hybrid_bidirectional,worst,1907.480444,213.792252
Detached,1,H2,hybrid_bidirectional,best,1463.63697,154.088085
Detached,1,H3,safe_unidirectional,worst,2061.842104,612.40152
Detached,1,H3,safe_unidirectional,best,1843.890074,537.333827
Detached,1,H3,hybrid_bidirectional,worst,1320.453159,215.222827
Detached,1,H3,hybrid_bidirectional,best,821.473566,125.11515
Detached,1,H1,safe_unidirectional,worst,2817.664475,645.357005
Detached,1,H1,safe_unidirectional,best,2594.249759,569.551919
Detached,1,H1,hybrid_bidirectional,worst,2687.638175,341.721403
Detached,1,H1,hybrid_bidirectional,best,2310.838548,275.972403
Detached,1,H2,safe_unidirectional,worst,2293.359523,608.655658
Detached,1,H2,safe_unidirectional,best,2069.448135,532.815805
Detached,1,H2,hybrid_bidirectional,worst,1808.669154,199.855235
Detached,1,H2,hybrid_bidirectional,best,1328.953658,142.845493
Detached,1,H3,safe_unidirectional,worst,1936.731808,583.691718
Detached,1,H3,safe_unidirectional,best,1717.906908,508.207919
Detached,1,H3,hybrid_bidirectional,worst,1293.929722,216.369584
Detached,1,H3,hybrid_bidirectional,best,799.079404,119.53763
Detached,1,H1,safe_unidirectional,worst,3035.005711,707.721036
Detached,1,H1,safe_unidirectional,best,2798.138764,626.701325
Detached,1,H1,hybrid_bidirectional,worst,2908.719818,366.665377
Detached,1,H1,hybrid_bidirectional,best,2539.527546,294.256508
Detached,1,H2,safe_unidirectional,worst,2509.717663,670.950872
Detached,1,H2,safe_unidirectional,best,2273.059075,589.945747
Detached,1,H2,hybrid_bidirectional,worst,2008.090047,225.530852
Detached,1,H2,hybrid_bidirectional,best,1533.387303,163.317847
Detached,1,H3,safe_unidirectional,worst,2151.94786,645.906986
Detached,1,H3,safe_unidirectional,best,1920.312404,565.25348
Detached,1,H3,hybrid_bidirectional,worst,1406.581501,242.065473
Detached,1,H3,hybrid_bidirectional,best,919.721273,150.052766
Detached,1,H1,safe_unidirectional,worst,2911.519083,674.418485
Detached,1,H1,safe_unidirectional,best,2672.857164,592.680475
Detached,1,H1,hybrid_bidirectional,worst,2760.376528,352.541377
Detached,1,H1,hybrid_bidirectional,best,2402.403003,279.793546
Detached,1,H2,safe_unidirectional,worst,2388.316223,637.794285
Detached,1,H2,safe_unidirectional,best,2147.435908,555.900987
Detached,1,H2,hybrid_bidirectional,worst,1901.830228,210.67511
Detached,1,H2,hybrid_bidirectional,best,1452.557166,155.673376
Detached,1,H3,safe_unidirectional,worst,2030.396316,612.739891
Detached,1,H3,safe_unidirectional,best,1796.097127,531.307273
Detached,1,H3,hybrid_bidirectional,worst,1333.715161,230.757699
Detached,1,H3,hybrid_bidirectional,best,888.529499,147.308577
Detached,1,H1,safe_unidirectional,worst,2801.964911,630.834062
Detached,1,H1,safe_unidirectional,best,2594.484935,560.551028
Detached,1,H1,hybrid_bidirectional,worst,2651.150688,334.281153
Detached,1,H1,hybrid_bidirectional,best,2323.624234,270.685707
Detached,1,H2,safe_unidirectional,worst,2279.514039,594.262501
Detached,1,H2,safe_unidirectional,best,2071.701655,523.956199
Detached,1,H2,hybrid_bidirectional,worst,1793.538946,201.37662
Detached,1,H2,hybrid_bidirectional,best,1379.512565,150.607771
Detached,1,H3,safe_unidirectional,worst,1920.84834,569.155902
Detached,1,H3,safe_unidirectional,best,1719.076283,499.272423
Detached,1,H3,hybrid_bidirectional,worst,1261.930868,211.92404
Detached,1,H3,hybrid_bidirectional,best,841.793539,129.527856
Detached,1,H1,safe_unidirectional,worst,2910.618495,675.090896
Detached,1,H1,safe_unidirectional,best,2659.884768,588.778051
Detached,1,H1,hybrid_bidirectional,worst,2773.008378,359.761657
Detached,1,H1,hybrid_bidirectional,best,2414.257896,283.271627
Detached,1,H2,safe_unidirectional,worst,2387.191535,638.451009
Detached,1,H2,safe_unidirectional,best,2135.257359,552.054132
Detached,1,H2,hybrid_bidirectional,worst,1924.292048,219.23856
Detached,1,H2,hybrid_bidirectional,best,1451.087833,157.784836
Detached,1,H3,safe_unidirectional,worst,2028.609828,613.35029
Detached,1,H3,safe_unidirectional,best,1779.765328,527.16969
Detached,1,H3,hybrid_bidirectional,worst,1333.388907,230.442948
Detached,1,H3,hybrid_bidirectional,best,824.351469,131.819262
Detached,1,H1,safe_unidirectional,worst,2847.374427,652.483003
Detached,1,H1,safe_unidirectional,best,2616.284875,574.462011
Detached,1,H1,hybrid_bidirectional,worst,2722.98965,348.420223
Detached,1,H1,hybrid_bidirectional,best,2354.599863,277.192416
Detached,1,H2,safe_unidirectional,worst,2325.629215,615.960838
Detached,1,H2,safe_unidirectional,best,2095.146284,537.982309
Detached,1,H2,hybrid_bidirectional,worst,1888.819555,213.941039
Detached,1,H2,hybrid_bidirectional,best,1421.210634,154.767513
Detached,1,H3,safe_unidirectional,worst,1967.59641,590.898542
Detached,1,H3,safe_unidirectional,best,1743.904548,513.395388
Detached,1,H3,hybrid_bidirectional,worst,1346.290373,230.22271
Detached,1,H3,hybrid_bidirectional,best,849.571881,136.759197
Detached,1,H1,safe_unidirectional,worst,2919.584819,676.380502
Detached,1,H1,safe_unidirectional,best,2677.6963,593.738126
Detached,1,H1,hybrid_bidirectional,worst,2786.482056,359.316661
Detached,1,H1,hybrid_bidirectional,best,2420.820707,287.025391
Detached,1,H2,safe_unidirectional,worst,2394.330875,639.612726
Detached,1,H2,safe_unidirectional,best,2151.802003,556.925525
Detached,1,H2,hybrid_bidirectional,worst,1920.00037,215.707805
Detached,1,H2,hybrid_bidirectional,best,1460.170302,160.029082
Detached,1,H3,safe_unidirectional,worst,2037.103608,614.606817
Detached,1,H3,safe_unidirectional,best,1799.767391,532.283102
Detached,1,H3,hybrid_bidirectional,worst,1359.010559,236.810152
Detached,1,H3,hybrid_bidirectional,best,904.941807,144.085069
Detached,1,H1,safe_unidirectional,worst,2964.373471,689.308107
Detached,1,H1,safe_unidirectional,best,2748.872515,615.43572
Detached,1,H1,hybrid_bidirectional,worst,2827.38409,360.069389
Detached,1,H1,hybrid_bidirectional,best,2473.312408,290.503057
Detached,1,H2,safe_unidirectional,worst,2440.344511,652.62608
Detached,1,H2,safe_unidirectional,best,2221.645579,578.529834
Detached,1,H2,hybrid_bidirectional,worst,1951.654415,221.419556
Detached,1,H2,hybrid_bidirectional,best,1521.289023,162.479235
Detached,1,H3,safe_unidirectional,worst,2082.770258,627.595882
Detached,1,H3,safe_unidirectional,best,1870.020256,553.916061
Detached,1,H3,hybrid_bidirectional,worst,1373.623128,242.210387
Detached,1,H3,hybrid_bidirectional,best,930.903674,152.162413
Detached,1,H1,safe_unidirectional,worst,2893.801147,665.602355
Detached,1,H1,safe_unidirectional,best,2674.589628,591.448148
Detached,1,H1,hybrid_bidirectional,worst,2772.924291,361.602771
Detached,1,H1,hybrid_bidirectional,best,2413.248512,293.196243
Detached,1,H2,safe_unidirectional,worst,2370.510147,628.971985
Detached,1,H2,safe_unidirectional,best,2153.928492,555.001869
Detached,1,H2,hybrid_bidirectional,worst,1892.382486,223.541426
Detached,1,H2,hybrid_bidirectional,best,1409.857942,166.076013
Detached,1,H3,safe_unidirectional,worst,2013.142274,603.956234
Detached,1,H3,safe_unidirectional,best,1799.977184,530.225277
Detached,1,H3,hybrid_bidirectional,worst,1286.867934,222.742163
Detached,1,H3,hybrid_bidirectional,best,813.974383,134.053781
Detached,1,H1,safe_unidirectional,worst,2843.003351,649.782677
Detached,1,H1,safe_unidirectional,best,2651.730315,585.188554
Detached,1,H1,hybrid_bidirectional,worst,2712.95733,346.980182
Detached,1,H1,hybrid_bidirectional,best,2387.925339,287.596866
Detached,1,H2,safe_unidirectional,worst,2318.586767,613.073516
Detached,1,H2,safe_unidirectional,best,2126.604863,548.429773
Detached,1,H2,hybrid_bidirectional,worst,1874.903281,217.160069
Detached,1,H2,hybrid_bidirectional,best,1464.680567,158.811453
Detached,1,H3,safe_unidirectional,worst,1961.64068,588.08729
Detached,1,H3,safe_unidirectional,best,1775.554076,523.856218
Detached,1,H3,hybrid_bidirectional,worst,1289.437639,228.398268
Detached,1,H3,hybrid_bidirectional,best,846.196168,146.40299
Detached,1,H1,safe_unidirectional,worst,3071.452075,709.083454
Detached,1,H1,safe_unidirectional,best,2846.694279,632.326401
Detached,1,H1,hybrid_bidirectional,worst,2956.050488,389.429828
Detached,1,H1,hybrid_bidirectional,best,2587.988232,318.690743
Detached,1,H2,safe_unidirectional,worst,2545.312779,672.253703
Detached,1,H2,safe_unidirectional,best,2319.451247,595.419388
Detached,1,H2,hybrid_bidirectional,worst,2081.544317,241.578923
Detached,1,H2,hybrid_bidirectional,best,1624.510342,183.559228
Detached,1,H3,safe_unidirectional,worst,2190.065632,647.386403
Detached,1,H3,safe_unidirectional,best,1970.119279,570.966151
Detached,1,H3,hybrid_bidirectional,worst,1455.392662,257.271275
Detached,1,H3,hybrid_bidirectional,best,971.558504,168.992274
Detached,1,H1,safe_unidirectional,worst,2940.189115,679.132284
Detached,1,H1,safe_unidirectional,best,2709.474772,600.439735
Detached,1,H1,hybrid_bidirectional,worst,2816.126872,361.388714
Detached,1,H1,hybrid_bidirectional,best,2452.719691,290.424652
Detached,1,H2,safe_unidirectional,worst,2419.434479,642.679459
Detached,1,H2,safe_unidirectional,best,2185.610431,563.769231
Detached,1,H2,hybrid_bidirectional,worst,1978.789518,215.38449
Detached,1,H2,hybrid_bidirectional,best,1496.64357,157.659124
Detached,1,H3,safe_unidirectional,worst,2061.08735,617.59516
Detached,1,H3,safe_unidirectional,best,1834.526467,539.193354
Detached,1,H3,hybrid_bidirectional,worst,1404.75686,243.107589
Detached,1,H3,hybrid_bidirectional,best,917.488648,149.889155
Detached,1,H1,safe_unidirectional,worst,3000.078543,695.640814
Detached,1,H1,safe_unidirectional,best,2765.590987,615.868195
Detached,1,H1,hybrid_bidirectional,worst,2882.841048,365.809065
Detached,1,H1,hybrid_bidirectional,best,2510.974107,289.936131
Detached,1,H2,safe_unidirectional,worst,2474.581423,658.856016
Detached,1,H2,safe_unidirectional,best,2239.797359,579.062641
Detached,1,H2,hybrid_bidirectional,worst,2025.568876,220.764737
Detached,1,H2,hybrid_bidirectional,best,1506.034692,153.313506
Detached,1,H3,safe_unidirectional,worst,2119.581756,634.006039
Detached,1,H3,safe_unidirectional,best,1889.326555,554.529684
Detached,1,H3,hybrid_bidirectional,worst,1451.5574,255.840603
Detached,1,H3,hybrid_bidirectional,best,940.219592,149.904425
Detached,1,H1,safe_unidirectional,worst,2891.260907,668.455613
Detached,1,H1,safe_unidirectional,best,2637.482908,581.564053
Detached,1,H1,hybrid_bidirectional,worst,2734.980662,349.157861
Detached,1,H1,hybrid_bidirectional,best,2341.415831,273.533067
Detached,1,H2,safe_unidirectional,worst,2366.511559,631.723159
Detached,1,H2,safe_unidirectional,best,2111.622452,544.753821
Detached,1,H2,hybrid_bidirectional,worst,1835.414366,206.960875
Detached,1,H2,hybrid_bidirectional,best,1385.275584,149.305709
Detached,1,H3,safe_unidirectional,worst,2010.48831,606.801531
Detached,1,H3,safe_unidirectional,best,1760.367862,520.166
Detached,1,H3,hybrid_bidirectional,worst,1283.961597,226.088446
Detached,1,H3,hybrid_bidirectional,best,846.002981,136.872568
Detached,1,H1,safe_unidirectional,worst,2870.050311,657.145873
Detached,1,H1,safe_unidirectional,best,2659.398692,585.670838
Detached,1,H1,hybrid_bidirectional,worst,2751.200399,344.966964
Detached,1,H1,hybrid_bidirectional,best,2393.236696,281.202698
Detached,1,H2,safe_unidirectional,worst,2345.915631,620.456445
Detached,1,H2,safe_unidirectional,best,2133.544947,548.861076
Detached,1,H2,hybrid_bidirectional,worst,1873.185594,214.628901
Detached,1,H2,hybrid_bidirectional,best,1423.223711,161.993618
Detached,1,H3,safe_unidirectional,worst,1988.955248,595.469218
Detached,1,H3,safe_unidirectional,best,1782.891184,524.315313
Detached,1,H3,hybrid_bidirectional,worst,1316.880105,225.886337
Detached,1,H3,hybrid_bidirectional,best,859.778136,140.115614
Detached,1,H1,safe_unidirectional,worst,2918.232727,681.547806
Detached,1,H1,safe_unidirectional,best,2688.236811,602.622103
Detached,1,H1,hybrid_bidirectional,worst,2782.106371,373.697973
Detached,1,H1,hybrid_bidirectional,best,2422.309162,302.04446
Detached,1,H2,safe_unidirectional,worst,2396.220535,645.006952
Detached,1,H2,safe_unidirectional,best,2163.606491,565.89798
Detached,1,H2,hybrid_bidirectional,worst,1917.076323,217.130252
Detached,1,H2,hybrid_bidirectional,best,1467.231475,160.884624
Detached,1,H3,safe_unidirectional,worst,2039.847662,620.060851
Detached,1,H3,safe_unidirectional,best,1811.671028,541.262498
Detached,1,H3,hybrid_bidirectional,worst,1391.238158,256.971444
Detached,1,H3,hybrid_bidirectional,best,880.578568,157.359678
Detached,1,H1,safe_unidirectional,worst,2872.635855,652.110424
Detached,1,H1,safe_unidirectional,best,2663.738628,580.997323
Detached,1,H1,hybrid_bidirectional,worst,2757.040474,347.579632
Detached,1,H1,hybrid_bidirectional,best,2415.301923,279.023678
Detached,1,H2,safe_unidirectional,worst,2349.157976,615.466972
Detached,1,H2,safe_unidirectional,best,2139.024506,544.267335
Detached,1,H2,hybrid_bidirectional,worst,1899.012518,207.261727
Detached,1,H2,hybrid_bidirectional,best,1426.580035,150.676215
Detached,1,H3,safe_unidirectional,worst,1992.451844,590.497543
Detached,1,H3,safe_unidirectional,best,1787.073647,519.630775
Detached,1,H3,hybrid_bidirectional,worst,1314.468654,218.034822
Detached,1,H3,hybrid_bidirectional,best,808.35763,131.712626
Detached,1,H1,safe_unidirectional,worst,3006.367507,698.43183
Detached,1,H1,safe_unidirectional,best,2772.593504,619.051271
Detached,1,H1,hybrid_bidirectional,worst,2886.588975,379.562943
Detached,1,H1,hybrid_bidirectional,best,2504.272338,305.709073
Detached,1,H2,safe_unidirectional,worst,2480.626099,661.629931
Detached,1,H2,safe_unidirectional,best,2244.495635,582.08442
Detached,1,H2,hybrid_bidirectional,worst,2017.210921,243.754374
Detached,1,H2,hybrid_bidirectional,best,1551.302555,182.078551
Detached,1,H3,safe_unidirectional,worst,2126.116872,636.814286
Detached,1,H3,safe_unidirectional,best,1897.613176,557.802648
Detached,1,H3,hybrid_bidirectional,worst,1487.975215,267.358957
Detached,1,H3,hybrid_bidirectional,best,960.612997,160.448249
Detached,1,H1,safe_unidirectional,worst,3033.689751,709.73376
Detached,1,H1,safe_unidirectional,best,2797.628967,628.675039
Detached,1,H1,hybrid_bidirectional,worst,2907.809076,382.502155
Detached,1,H1,hybrid_bidirectional,best,2526.878351,306.27454
Detached,1,H2,safe_unidirectional,worst,2511.880899,673.207141
Detached,1,H2,safe_unidirectional,best,2274.076272,592.026351
Detached,1,H2,hybrid_bidirectional,worst,2020.962354,218.646586
Detached,1,H2,hybrid_bidirectional,best,1549.185942,161.421382
Detached,1,H3,safe_unidirectional,worst,2152.967608,648.08321
Detached,1,H3,safe_unidirectional,best,1919.291031,567.191384
Detached,1,H3,hybrid_bidirectional,worst,1475.805536,248.660303
Detached,1,H3,hybrid_bidirectional,best,949.218333,136.37942
Detached,1,H1,safe_unidirectional,worst,3015.126939,698.396368
Detached,1,H1,safe_unidirectional,best,2791.644803,622.382489
Detached,1,H1,hybrid_bidirectional,worst,2887.616804,372.992261
Detached,1,H1,hybrid_bidirectional,best,2528.59359,302.613189
Detached,1,H2,safe_unidirectional,worst,2490.096891,661.644265
Detached,1,H2,safe_unidirectional,best,2267.404916,585.685697
Detached,1,H2,hybrid_bidirectional,worst,1979.198825,233.965293
Detached,1,H2,hybrid_bidirectional,best,1531.435771,175.798584
Detached,1,H3,safe_unidirectional,worst,2133.02894,636.649508
Detached,1,H3,safe_unidirectional,best,1914.977868,561.015804
Detached,1,H3,hybrid_bidirectional,worst,1397.720972,238.423069
Detached,1,H3,hybrid_bidirectional,best,899.994808,144.561053
Detached,1,H1,safe_unidirectional,worst,3032.693239,700.673283
Detached,1,H1,safe_unidirectional,best,2791.967459,618.564757
Detached,1,H1,hybrid_bidirectional,worst,2898.655934,379.761212
Detached,1,H1,hybrid_bidirectional,best,2527.960933,306.33278
Detached,1,H2,safe_unidirectional,worst,2510.408367,664.113342
Detached,1,H2,safe_unidirectional,best,2268.103208,581.894259
Detached,1,H2,hybrid_bidirectional,worst,2025.193718,238.053809
Detached,1,H2,hybrid_bidirectional,best,1546.002587,177.134428
Detached,1,H3,safe_unidirectional,worst,2153.393388,639.122293
Detached,1,H3,safe_unidirectional,best,1918.147559,557.397364
Detached,1,H3,hybrid_bidirectional,worst,1398.740435,237.898115
Detached,1,H3,hybrid_bidirectional,best,900.682385,142.624784
Detached,1,H1,safe_unidirectional,worst,2871.269755,658.017091
Detached,1,H1,safe_unidirectional,best,2641.280319,580.389076
Detached,1,H1,hybrid_bidirectional,worst,2737.794132,347.489812
Detached,1,H1,hybrid_bidirectional,best,2387.571686,281.278024
Detached,1,H2,safe_unidirectional,worst,2344.732499,621.159483
Detached,1,H2,safe_unidirectional,best,2115.792047,543.604897
Detached,1,H2,hybrid_bidirectional,worst,1891.097053,219.000888
Detached,1,H2,hybrid_bidirectional,best,1440.654894,159.049104
Detached,1,H3,safe_unidirectional,worst,1988.339158,596.211949
Detached,1,H3,safe_unidirectional,best,1765.135762,519.058957
Detached,1,H3,hybrid_bidirectional,worst,1360.866631,241.144225
Detached,1,H3,hybrid_bidirectional,best,872.482217,147.925239
Detached,1,H1,safe_unidirectional,worst,2944.309951,684.24137
Detached,1,H1,safe_unidirectional,best,2734.259476,612.402467
Detached,1,H1,hybrid_bidirectional,worst,2813.834851,364.895841
Detached,1,H1,hybrid_bidirectional,best,2452.669436,300.116894
Detached,1,H2,safe_unidirectional,worst,2420.382891,647.566476
Detached,1,H2,safe_unidirectional,best,2208.30218,575.585457
Detached,1,H2,hybrid_bidirectional,worst,1952.792626,211.516898
Detached,1,H2,hybrid_bidirectional,best,1502.365712,162.079929
Detached,1,H3,safe_unidirectional,worst,2064.646296,622.664914
Detached,1,H3,safe_unidirectional,best,1857.99754,551.064132
Detached,1,H3,hybrid_bidirectional,worst,1338.662776,217.238688
Detached,1,H3,hybrid_bidirectional,best,873.588709,139.932665
Detached,1,H1,safe_unidirectional,worst,2926.126159,676.437761
Detached,1,H1,safe_unidirectional,best,2690.311332,595.400044
Detached,1,H1,hybrid_bidirectional,worst,2793.906018,362.190869
Detached,1,H1,hybrid_bidirectional,best,2421.292309,290.071591
Detached,1,H2,safe_unidirectional,worst,2403.799763,639.874914
Detached,1,H2,safe_unidirectional,best,2166.362231,558.723607
Detached,1,H2,hybrid_bidirectional,worst,1915.286378,222.923538
Detached,1,H2,hybrid_bidirectional,best,1456.101348,168.654646
Detached,1,H3,safe_unidirectional,worst,2047.239852,614.91572
Detached,1,H3,safe_unidirectional,best,1815.727888,534.179203
Detached,1,H3,hybrid_bidirectional,worst,1378.606688,239.699121
Detached,1,H3,hybrid_bidirectional,best,872.007442,147.262249
Detached,1,H1,safe_unidirectional,worst,3056.516939,712.066992
Detached,1,H1,safe_unidirectional,best,2820.582355,631.195701
Detached,1,H1,hybrid_bidirectional,worst,2947.001016,375.787323
Detached,1,H1,hybrid_bidirectional,best,2570.107734,304.190888
Detached,1,H2,safe_unidirectional,worst,2528.039811,675.073593
Detached,1,H2,safe_unidirectional,best,2290.432964,594.085244
Detached,1,H2,hybrid_bidirectional,worst,2069.158598,240.966224
Detached,1,H2,hybrid_bidirectional,best,1616.418155,177.409357
Detached,1,H3,safe_unidirectional,worst,2171.963184,650.148229
Detached,1,H3,safe_unidirectional,best,1940.893242,569.617463
Detached,1,H3,hybrid_bidirectional,worst,1472.648585,272.725459
Detached,1,H3,hybrid_bidirectional,best,996.056178,175.420687
Detached,1,H1,safe_unidirectional,worst,2884.851743,664.979023
Detached,1,H1,safe_unidirectional,best,2666.650815,590.561894
Detached,1,H1,hybrid_bidirectional,worst,2754.299961,351.849719
Detached,1,H1,hybrid_bidirectional,best,2394.393555,283.08527
Detached,1,H2,safe_unidirectional,worst,2361.616227,628.352537
Detached,1,H2,safe_unidirectional,best,2140.520387,553.732764
Detached,1,H2,hybrid_bidirectional,worst,1866.195003,211.765583
Detached,1,H2,hybrid_bidirectional,best,1432.36495,156.001927
Detached,1,H3,safe_unidirectional,worst,2005.177056,603.401795
Detached,1,H3,safe_unidirectional,best,1791.454504,529.298152
Detached,1,H3,hybrid_bidirectional,worst,1327.221385,225.241801
Detached,1,H3,hybrid_bidirectional,best,874.284271,140.165077
Detached,1,H1,safe_unidirectional,worst,2831.350987,646.565014
Detached,1,H1,safe_unidirectional,best,2602.24252,568.262278
Detached,1,H1,hybrid_bidirectional,worst,2702.527291,337.798854
Detached,1,H1,hybrid_bidirectional,best,2326.74252,268.167907
Detached,1,H2,safe_unidirectional,worst,2311.023242,610.142071
Detached,1,H2,safe_unidirectional,best,2079.595398,531.676979
Detached,1,H2,hybrid_bidirectional,worst,1805.975343,197.316174
Detached,1,H2,hybrid_bidirectional,best,1323.838872,142.917378
Detached,1,H3,safe_unidirectional,worst,1953.002318,585.080607
Detached,1,H3,safe_unidirectional,best,1727.325968,507.018119
Detached,1,H3,hybrid_bidirectional,worst,1253.034113,211.987837
Detached,1,H3,hybrid_bidirectional,best,776.567024,124.455753
Detached,1,H1,safe_unidirectional,worst,2812.204103,640.53843
Detached,1,H1,safe_unidirectional,best,2615.042179,573.876037
Detached,1,H1,hybrid_bidirectional,worst,2683.979972,326.273577
Detached,1,H1,hybrid_bidirectional,best,2373.451035,264.478369
Detached,1,H2,safe_unidirectional,worst,2288.077792,603.849588
Detached,1,H2,safe_unidirectional,best,2090.69914,537.172025
Detached,1,H2,hybrid_bidirectional,worst,1800.562295,194.552991
Detached,1,H2,hybrid_bidirectional,best,1391.361426,143.910987
Detached,1,H3,safe_unidirectional,worst,1929.877075,578.775538
Detached,1,H3,safe_unidirectional,best,1738.200394,512.497113
Detached,1,H3,hybrid_bidirectional,worst,1250.051052,197.280236
Detached,1,H3,hybrid_bidirectional,best,785.907818,120.56458
Detached,1,H1,safe_unidirectional,worst,2914.825875,673.416138
Detached,1,H1,safe_unidirectional,best,2681.375715,593.467812
Detached,1,H1,hybrid_bidirectional,worst,2768.043143,358.264421
Detached,1,H1,hybrid_bidirectional,best,2420.242184,285.442246
Detached,1,H2,safe_unidirectional,worst,2391.249803,636.765813
Detached,1,H2,safe_unidirectional,best,2155.453167,556.653234
Detached,1,H2,hybrid_bidirectional,worst,1938.742408,220.753272
Detached,1,H2,hybrid_bidirectional,best,1478.26782,165.268353
Detached,1,H3,safe_unidirectional,worst,2032.761312,611.671619
Detached,1,H3,safe_unidirectional,best,1802.600798,531.953568
Detached,1,H3,hybrid_bidirectional,worst,1369.514038,238.388348
Detached,1,H3,hybrid_bidirectional,best,904.306045,148.951913
Detached,1,H1,safe_unidirectional,worst,2892.845735,672.949796
Detached,1,H1,safe_unidirectional,best,2654.596708,591.543342
Detached,1,H1,hybrid_bidirectional,worst,2763.903814,344.458111
Detached,1,H1,hybrid_bidirectional,best,2397.400871,272.702997
Detached,1,H2,safe_unidirectional,worst,2369.140271,636.290414
Detached,1,H2,safe_unidirectional,best,2128.156376,554.692519
Detached,1,H2,hybrid_bidirectional,worst,1900.888919,219.515076
Detached,1,H2,hybrid_bidirectional,best,1453.058074,157.566376
Detached,1,H3,safe_unidirectional,worst,2011.383324,611.247428
Detached,1,H3,safe_unidirectional,best,1776.93769,530.107211
Detached,1,H3,hybrid_bidirectional,worst,1295.378732,224.189316
Detached,1,H3,hybrid_bidirectional,best,844.526456,140.530618
Detached,1,H1,safe_unidirectional,worst,2929.532687,670.98958
Detached,1,H1,safe_unidirectional,best,2703.050648,593.559595
Detached,1,H1,hybrid_bidirectional,worst,2794.673386,352.733324
Detached,1,H1,hybrid_bidirectional,best,2435.154266,283.348493
Detached,1,H2,safe_unidirectional,worst,2403.585283,634.173261
Detached,1,H2,safe_unidirectional,best,2175.13909,556.605786
Detached,1,H2,hybrid_bidirectional,worst,1909.223004,208.413868
Detached,1,H2,hybrid_bidirectional,best,1418.243674,151.060855
Detached,1,H3,safe_unidirectional,worst,2046.075596,609.147583
Detached,1,H3,safe_unidirectional,best,1824.064011,532.030531
Detached,1,H3,hybrid_bidirectional,worst,1340.757659,216.854361
Detached,1,H3,hybrid_bidirectional,best,799.283273,120.397682
Detached,1,H1,safe_unidirectional,worst,2924.185779,675.305094
Detached,1,H1,safe_unidirectional,best,2713.127388,603.685275
Detached,1,H1,hybrid_bidirectional,worst,2787.779275,348.289567
Detached,1,H1,hybrid_bidirectional,best,2435.446094,282.70717
Detached,1,H2,safe_unidirectional,worst,2398.371395,638.498088
Detached,1,H2,safe_unidirectional,best,2186.897539,566.849185
Detached,1,H2,hybrid_bidirectional,worst,1944.696792,203.678657
Detached,1,H2,hybrid_bidirectional,best,1507.017926,154.823821
Detached,1,H3,safe_unidirectional,worst,2042.923096,613.616707
Detached,1,H3,safe_unidirectional,best,1838.039632,542.429132
Detached,1,H3,hybrid_bidirectional,worst,1369.912121,239.937499
Detached,1,H3,hybrid_bidirectional,best,902.217761,142.413128
Detached,1,H1,safe_unidirectional,worst,2856.342067,660.253825
Detached,1,H1,safe_unidirectional,best,2620.3934,580.04045
Detached,1,H1,hybrid_bidirectional,worst,2694.032887,350.341502
Detached,1,H1,hybrid_bidirectional,best,2337.189963,278.193445
Detached,1,H2,safe_unidirectional,worst,2333.828876,623.677902
Detached,1,H2,safe_unidirectional,best,2096.790748,543.388264
Detached,1,H2,hybrid_bidirectional,worst,1821.041096,209.014641
Detached,1,H2,hybrid_bidirectional,best,1376.38082,153.247416
Detached,1,H3,safe_unidirectional,worst,1975.458456,598.591973
Detached,1,H3,safe_unidirectional,best,1744.665535,518.739499
Detached,1,H3,hybrid_bidirectional,worst,1244.389789,203.923989
Detached,1,H3,hybrid_bidirectional,best,799.200117,122.156642
Detached,1,H1,safe_unidirectional,worst,2970.603911,692.105508
Detached,1,H1,safe_unidirectional,best,2747.234223,616.019701
Detached,1,H1,hybrid_bidirectional,worst,2855.676866,375.884999
Detached,1,H1,hybrid_bidirectional,best,2486.877009,304.036902
Detached,1,H2,safe_unidirectional,worst,2447.151191,655.463818
Detached,1,H2,safe_unidirectional,best,2223.09147,579.329708
Detached,1,H2,hybrid_bidirectional,worst,1973.98677,228.416933
Detached,1,H2,hybrid_bidirectional,best,1546.445963,172.42025
Detached,1,H3,safe_unidirectional,worst,2089.686068,630.441259
Detached,1,H3,safe_unidirectional,best,1871.605767,554.725709
Detached,1,H3,hybrid_bidirectional,worst,1423.816588,249.632056
Detached,1,H3,hybrid_bidirectional,best,949.406164,166.107261
Detached,1,H1,safe_unidirectional,worst,2919.695099,673.701761
Detached,1,H1,safe_unidirectional,best,2681.827868,592.548659
Detached,1,H1,hybrid_bidirectional,worst,2788.537619,357.230622
Detached,1,H1,hybrid_bidirectional,best,2417.86742,285.610714
Detached,1,H2,safe_unidirectional,worst,2395.779647,637.02768
Detached,1,H2,safe_unidirectional,best,2156.047344,555.744022
Detached,1,H2,hybrid_bidirectional,worst,1936.001944,218.781527
Detached,1,H2,hybrid_bidirectional,best,1467.880862,164.956521
Detached,1,H3,safe_unidirectional,worst,2036.403316,611.871336
Detached,1,H3,safe_unidirectional,best,1802.964407,531.028217
Detached,1,H3,hybrid_bidirectional,worst,1380.054572,239.015268
Detached,1,H3,hybrid_bidirectional,best,891.473905,149.502983
Detached,1,H1,safe_unidirectional,worst,2890.759511,675.743805
Detached,1,H1,safe_unidirectional,best,2650.832888,593.488652
Detached,1,H1,hybrid_bidirectional,worst,2744.518924,358.50688
Detached,1,H1,hybrid_bidirectional,best,2365.212698,285.953147
Detached,1,H2,safe_unidirectional,worst,2367.490771,639.114994
Detached,1,H2,safe_unidirectional,best,2124.360959,556.635617
Detached,1,H2,hybrid_bidirectional,worst,1869.305637,212.411099
Detached,1,H2,hybrid_bidirectional,best,1419.332495,154.86841
Detached,1,H3,safe_unidirectional,worst,2009.506156,614.056071
Detached,1,H3,safe_unidirectional,best,1771.682351,531.948115
Detached,1,H3,hybrid_bidirectional,worst,1319.898042,236.523052
Detached,1,H3,hybrid_bidirectional,best,846.456225,139.488878
Detached,1,H1,safe_unidirectional,worst,3000.075371,701.530174
Detached,1,H1,safe_unidirectional,best,2759.886919,619.674388
Detached,1,H1,hybrid_bidirectional,worst,2885.283051,370.735052
Detached,1,H1,hybrid_bidirectional,best,2513.238591,298.96753
Detached,1,H2,safe_unidirectional,worst,2477.627244,664.958805
Detached,1,H2,safe_unidirectional,best,2238.560716,583.181554
Detached,1,H2,hybrid_bidirectional,worst,2006.374728,230.10782
Detached,1,H2,hybrid_bidirectional,best,1547.416783,170.757663
Detached,1,H3,safe_unidirectional,worst,2121.40992,640.023592
Detached,1,H3,safe_unidirectional,best,1886.269204,558.521148
Detached,1,H3,hybrid_bidirectional,worst,1452.882456,259.184625
Detached,1,H3,hybrid_bidirectional,best,948.434505,159.934152
Detached,1,H1,safe_unidirectional,worst,2977.027103,685.354816
Detached,1,H1,safe_unidirectional,best,2761.107139,612.130068
Detached,1,H1,hybrid_bidirectional,worst,2854.25315,360.014383
Detached,1,H1,hybrid_bidirectional,best,2510.135104,294.838216
Detached,1,H2,safe_unidirectional,worst,2450.516891,648.499101
Detached,1,H2,safe_unidirectional,best,2233.48016,575.196179
Detached,1,H2,hybrid_bidirectional,worst,1994.443578,220.566948
Detached,1,H2,hybrid_bidirectional,best,1555.158391,167.1737
Detached,1,H3,safe_unidirectional,worst,2095.167436,623.624639
Detached,1,H3,safe_unidirectional,best,1884.829423,550.790627
Detached,1,H3,hybrid_bidirectional,worst,1372.49263,236.464699
Detached,1,H3,hybrid_bidirectional,best,885.087706,144.66711
Detached,1,H1,safe_unidirectional,worst,3001.949687,699.889855
Detached,1,H1,safe_unidirectional,best,2776.767432,622.835347
Detached,1,H1,hybrid_bidirectional,worst,2867.682224,368.033606
Detached,1,H1,hybrid_bidirectional,best,2482.445363,297.083039
Detached,1,H2,safe_unidirectional,worst,2480.130604,663.362519
Detached,1,H2,safe_unidirectional,best,2251.884824,586.093565
Detached,1,H2,hybrid_bidirectional,worst,1985.499247,218.542715
Detached,1,H2,hybrid_bidirectional,best,1485.73348,161.052296
Detached,1,H3,safe_unidirectional,worst,2123.939676,638.429154
Detached,1,H3,safe_unidirectional,best,1899.860059,561.451831
Detached,1,H3,hybrid_bidirectional,worst,1401.136398,241.303295
Detached,1,H3,hybrid_bidirectional,best,918.696681,144.779971
Detached,1,H1,safe_unidirectional,worst,2985.148267,697.453932
Detached,1,H1,safe_unidirectional,best,2730.873408,610.91912
Detached,1,H1,hybrid_bidirectional,worst,2869.368693,372.257261
Detached,1,H1,hybrid_bidirectional,best,2470.906494,290.994304
Detached,1,H2,safe_unidirectional,worst,2463.193599,660.917105
Detached,1,H2,safe_unidirectional,best,2209.89736,574.450797
Detached,1,H2,hybrid_bidirectional,worst,1997.958189,225.796443
Detached,1,H2,hybrid_bidirectional,best,1503.733641,162.993176
Detached,1,H3,safe_unidirectional,worst,2105.27145,635.862554
Detached,1,H3,safe_unidirectional,best,1856.917978,549.74224
Detached,1,H3,hybrid_bidirectional,worst,1400.289653,245.418267
Detached,1,H3,hybrid_bidirectional,best,860.579882,143.818074
Detached,1,H1,safe_unidirectional,worst,3010.858463,704.368998
Detached,1,H1,safe_unidirectional,best,2786.000852,627.5322
Detached,1,H1,hybrid_bidirectional,worst,2862.150675,370.455051
Detached,1,H1,hybrid_bidirectional,best,2496.850115,300.715956
Detached,1,H2,safe_unidirectional,worst,2487.503507,667.734151
Detached,1,H2,safe_unidirectional,best,2260.243015,590.729152
Detached,1,H2,hybrid_bidirectional,worst,1988.271277,237.195249
Detached,1,H2,hybrid_bidirectional,best,1513.32914,171.280148
Detached,1,H3,safe_unidirectional,worst,2130.40364,642.73716
Detached,1,H3,safe_unidirectional,best,1908.933343,566.137474
Detached,1,H3,hybrid_bidirectional,worst,1423.902945,257.689304
Detached,1,H3,hybrid_bidirectional,best,915.249353,148.749868
Detached,1,H1,safe_unidirectional,worst,2831.935843,640.464697
Detached,1,H1,safe_unidirectional,best,2603.971855,563.139428
Detached,1,H1,hybrid_bidirectional,worst,2714.230867,342.645236
Detached,1,H1,hybrid_bidirectional,best,2346.875368,275.764766
Detached,1,H2,safe_unidirectional,worst,2308.025411,603.790966
Detached,1,H2,safe_unidirectional,best,2080.427727,526.491339
Detached,1,H2,hybrid_bidirectional,worst,1857.294165,203.339464
Detached,1,H2,hybrid_bidirectional,best,1382.262221,149.615323
Detached,1,H3,safe_unidirectional,worst,1951.905158,578.862549
Detached,1,H3,safe_unidirectional,best,1728.804399,501.877706
Detached,1,H3,hybrid_bidirectional,worst,1286.175625,208.307121
Detached,1,H3,hybrid_bidirectional,best,809.361347,121.7541
Detached,1,H1,safe_unidirectional,worst,2885.815639,658.097292
Detached,1,H1,safe_unidirectional,best,2659.033715,580.596107
Detached,1,H1,hybrid_bidirectional,worst,2715.504067,343.384232
Detached,1,H1,hybrid_bidirectional,best,2354.762983,274.86586
Detached,1,H2,safe_unidirectional,worst,2362.009327,621.43085
Detached,1,H2,safe_unidirectional,best,2133.402723,543.801937
Detached,1,H2,hybrid_bidirectional,worst,1871.269111,215.903888
Detached,1,H2,hybrid_bidirectional,best,1414.528561,156.239447
Detached,1,H3,safe_unidirectional,worst,2005.548546,596.478595
Detached,1,H3,safe_unidirectional,best,1781.528823,519.170764
Detached,1,H3,hybrid_bidirectional,worst,1328.708648,223.078847
Detached,1,H3,hybrid_bidirectional,best,851.938094,133.517984
Detached,1,H1,safe_unidirectional,worst,2901.908839,670.086176
Detached,1,H1,safe_unidirectional,best,2671.70936,591.756073
Detached,1,H1,hybrid_bidirectional,worst,2794.48737,348.849723
Detached,1,H1,hybrid_bidirectional,best,2441.796056,281.26259
Detached,1,H2,safe_unidirectional,worst,2379.256319,633.500499
Detached,1,H2,safe_unidirectional,best,2148.597407,555.138237
Detached,1,H2,hybrid_bidirectional,worst,1907.058162,217.003381
Detached,1,H2,hybrid_bidirectional,best,1456.245676,155.284869
Detached,1,H3,safe_unidirectional,worst,2022.508328,608.52814
Detached,1,H3,safe_unidirectional,best,1796.533922,530.493793
Detached,1,H3,hybrid_bidirectional,worst,1344.619447,234.147917
Detached,1,H3,hybrid_bidirectional,best,882.047899,131.292523
Detached,1,H1,safe_unidirectional,worst,2814.075463,645.564234
Detached,1,H1,safe_unidirectional,best,2598.973439,573.066944
Detached,1,H1,hybrid_bidirectional,worst,2674.436048,336.782598
Detached,1,H1,hybrid_bidirectional,best,2341.952479,270.821551
Detached,1,H2,safe_unidirectional,worst,2289.411643,608.837767
Detached,1,H2,safe_unidirectional,best,2075.282224,536.408559
Detached,1,H2,hybrid_bidirectional,worst,1835.80772,200.087569
Detached,1,H2,hybrid_bidirectional,best,1410.801935,145.418795
Detached,1,H3,safe_unidirectional,worst,1933.239496,583.905716
Detached,1,H3,safe_unidirectional,best,1724.838914,511.877527
Detached,1,H3,hybrid_bidirectional,worst,1292.964794,221.572006
Detached,1,H3,hybrid_bidirectional,best,843.407362,125.378311
Detached,1,H1,safe_unidirectional,worst,2967.006648,686.251794
Detached,1,H1,safe_unidirectional,best,2740.874512,608.914
Detached,1,H1,hybrid_bidirectional,worst,2834.441111,360.729017
Detached,1,H1,hybrid_bidirectional,best,2479.041656,290.500068
Detached,1,H2,safe_unidirectional,worst,2444.832712,649.699619
Detached,1,H2,safe_unidirectional,best,2216.064364,572.177289
Detached,1,H2,hybrid_bidirectional,worst,1986.424123,228.390794
Detached,1,H2,hybrid_bidirectional,best,1527.249916,167.2171
Detached,1,H3,safe_unidirectional,worst,2086.595696,624.623028
Detached,1,H3,safe_unidirectional,best,1864.41762,547.562017
Detached,1,H3,hybrid_bidirectional,worst,1410.926681,243.690696
Detached,1,H3,hybrid_bidirectional,best,904.634836,143.928142
Detached,1,H1,safe_unidirectional,worst,2902.650987,666.527722
Detached,1,H1,safe_unidirectional,best,2672.921412,588.45976
Detached,1,H1,hybrid_bidirectional,worst,2767.759798,353.469602
Detached,1,H1,hybrid_bidirectional,best,2398.554891,283.730148
Detached,1,H2,safe_unidirectional,worst,2378.439571,629.832923
Detached,1,H2,safe_unidirectional,best,2148.958527,551.782358
Detached,1,H2,hybrid_bidirectional,worst,1890.585466,213.406948
Detached,1,H2,hybrid_bidirectional,best,1423.968656,158.127038
Detached,1,H3,safe_unidirectional,worst,2021.652748,604.857845
Detached,1,H3,safe_unidirectional,best,1797.979824,527.213849
Detached,1,H3,hybrid_bidirectional,worst,1323.36868,212.299008
Detached,1,H3,hybrid_bidirectional,best,823.632199,117.717751
Detached,1,H1,safe_unidirectional,worst,2886.618851,656.872062
Detached,1,H1,safe_unidirectional,best,2658.029447,579.569868
Detached,1,H1,hybrid_bidirectional,worst,2759.54757,350.535777
Detached,1,H1,hybrid_bidirectional,best,2414.758315,284.598241
Detached,1,H2,safe_unidirectional,worst,2362.271355,620.167737
Detached,1,H2,safe_unidirectional,best,2133.820231,542.875223
Detached,1,H2,hybrid_bidirectional,worst,1909.025849,212.871127
Detached,1,H2,hybrid_bidirectional,best,1473.056295,162.937932
Detached,1,H3,safe_unidirectional,worst,2005.96357,595.226192
Detached,1,H3,safe_unidirectional,best,1783.610419,518.360536
Detached,1,H3,hybrid_bidirectional,worst,1389.105284,232.864804
Detached,1,H3,hybrid_bidirectional,best,923.3905,143.162781
Detached,1,H1,safe_unidirectional,worst,2946.998335,685.625362
Detached,1,H1,safe_unidirectional,best,2714.896351,606.532652
Detached,1,H1,hybrid_bidirectional,worst,2820.47609,360.531631
Detached,1,H1,hybrid_bidirectional,best,2433.51138,286.930007
Detached,1,H2,safe_unidirectional,worst,2425.449911,649.116972
Detached,1,H2,safe_unidirectional,best,2191.394538,569.887525
Detached,1,H2,hybrid_bidirectional,worst,1941.220015,220.505252
Detached,1,H2,hybrid_bidirectional,best,1460.964694,160.666143
Detached,1,H3,safe_unidirectional,worst,2067.110284,624.033199
Detached,1,H3,safe_unidirectional,best,1840.085527,545.295895
Detached,1,H3,hybrid_bidirectional,worst,1378.803664,232.700046
Detached,1,H3,hybrid_bidirectional,best,828.08721,130.574992
Detached,1,H1,safe_unidirectional,worst,2978.505223,688.41405
Detached,1,H1,safe_unidirectional,best,2752.804724,611.119543
Detached,1,H1,hybrid_bidirectional,worst,2862.785846,359.543198
Detached,1,H1,hybrid_bidirectional,best,2500.435884,293.243751
Detached,1,H2,safe_unidirectional,worst,2451.513883,651.524656
Detached,1,H2,safe_unidirectional,best,2224.982152,574.171963
Detached,1,H2,hybrid_bidirectional,worst,1996.015951,222.544064
Detached,1,H2,hybrid_bidirectional,best,1522.936617,165.121927
Detached,1,H3,safe_unidirectional,worst,2094.55917,626.537826
Detached,1,H3,safe_unidirectional,best,1871.681936,549.440948
Detached,1,H3,hybrid_bidirectional,worst,1415.07369,255.82871
Detached,1,H3,hybrid_bidirectional,best,922.81322,153.547949
Detached,1,H1,safe_unidirectional,worst,2932.760003,678.977272
Detached,1,H1,safe_unidirectional,best,2678.946727,592.459901
Detached,1,H1,hybrid_bidirectional,worst,2797.799755,363.177766
Detached,1,H1,hybrid_bidirectional,best,2380.563386,283.672637
Detached,1,H2,safe_unidirectional,worst,2408.989495,642.313336
Detached,1,H2,safe_unidirectional,best,2157.529019,555.960661
Detached,1,H2,hybrid_bidirectional,worst,1950.252363,221.111664
Detached,1,H2,hybrid_bidirectional,best,1446.638597,162.945073
Detached,1,H3,safe_unidirectional,worst,2051.414368,617.283078
Detached,1,H3,safe_unidirectional,best,1803.97754,531.212058
Detached,1,H3,hybrid_bidirectional,worst,1374.127658,216.265373
Detached,1,H3,hybrid_bidirectional,best,878.519276,127.198029
Detached,1,H1,safe_unidirectional,worst,2949.130155,676.993758
Detached,1,H1,safe_unidirectional,best,2730.717816,603.042442
Detached,1,H1,hybrid_bidirectional,worst,2815.743959,363.14892
Detached,1,H1,hybrid_bidirectional,best,2446.572454,294.745146
Detached,1,H2,safe_unidirectional,worst,2424.824887,640.292389
Detached,1,H2,safe_unidirectional,best,2206.82894,566.37022
Detached,1,H2,hybrid_bidirectional,worst,1929.270089,225.774321
Detached,1,H2,hybrid_bidirectional,best,1424.746721,164.550104
Detached,1,H3,safe_unidirectional,worst,2067.199964,615.258645
Detached,1,H3,safe_unidirectional,best,1855.0905,541.74853
Detached,1,H3,hybrid_bidirectional,worst,1374.815152,230.687602
Detached,1,H3,hybrid_bidirectional,best,878.345682,142.431707
Detached,1,H1,safe_unidirectional,worst,2830.982031,646.571882
Detached,1,H1,safe_unidirectional,best,2601.475163,568.275459
Detached,1,H1,hybrid_bidirectional,worst,2694.444464,341.084225
Detached,1,H1,hybrid_bidirectional,best,2337.907708,273.044674
Detached,1,H2,safe_unidirectional,worst,2312.180955,610.255806
Detached,1,H2,safe_unidirectional,best,2080.923238,531.836824
Detached,1,H2,hybrid_bidirectional,worst,1865.538309,198.417315
Detached,1,H2,hybrid_bidirectional,best,1389.535425,144.89844
Detached,1,H3,safe_unidirectional,worst,1951.345544,584.997328
Detached,1,H3,safe_unidirectional,best,1726.151114,507.002776
Detached,1,H3,hybrid_bidirectional,worst,1287.633356,223.826552
Detached,1,H3,hybrid_bidirectional,best,814.124599,128.698333
Detached,1,H1,safe_unidirectional,worst,2854.731655,656.044169
Detached,1,H1,safe_unidirectional,best,2632.967188,580.370387
Detached,1,H1,hybrid_bidirectional,worst,2719.696315,350.483347
Detached,1,H1,hybrid_bidirectional,best,2354.13783,282.217731
Detached,1,H2,safe_unidirectional,worst,2330.578331,619.353436
Detached,1,H2,safe_unidirectional,best,2105.498684,543.447591
Detached,1,H2,hybrid_bidirectional,worst,1847.780293,209.03262
Detached,1,H2,hybrid_bidirectional,best,1416.344243,153.525041
Detached,1,H3,safe_unidirectional,worst,1973.58102,594.363625
Detached,1,H3,safe_unidirectional,best,1755.786543,518.967742
Detached,1,H3,hybrid_bidirectional,worst,1332.549635,229.266313
Detached,1,H3,hybrid_bidirectional,best,809.133956,137.84629
Detached,1,H1,safe_unidirectional,worst,3096.837867,729.226066
Detached,1,H1,safe_unidirectional,best,2867.381328,650.821039
Detached,1,H1,hybrid_bidirectional,worst,2999.604878,386.614262
Detached,1,H1,hybrid_bidirectional,best,2618.053388,311.62418
Detached,1,H2,safe_unidirectional,worst,2572.463555,692.519864
Detached,1,H2,safe_unidirectional,best,2341.737871,614.025997
Detached,1,H2,hybrid_bidirectional,worst,2104.442982,235.907002
Detached,1,H2,hybrid_bidirectional,best,1629.048702,177.509488
Detached,1,H3,safe_unidirectional,worst,2215.058472,667.501508
Detached,1,H3,safe_unidirectional,best,1989.609439,589.377006
Detached,1,H3,hybrid_bidirectional,worst,1513.921433,267.218023
Detached,1,H3,hybrid_bidirectional,best,946.99343,151.293286
Detached,1,H1,safe_unidirectional,worst,3121.051895,726.695516
Detached,1,H1,safe_unidirectional,best,2874.525115,642.076135
Detached,1,H1,hybrid_bidirectional,worst,2999.076971,379.2032
Detached,1,H1,hybrid_bidirectional,best,2631.678999,305.746862
Detached,1,H2,safe_unidirectional,worst,2598.862415,690.142253
Detached,1,H2,safe_unidirectional,best,2350.40914,605.388017
Detached,1,H2,hybrid_bidirectional,worst,2112.203194,240.227841
Detached,1,H2,hybrid_bidirectional,best,1639.077813,183.644372
Detached,1,H3,safe_unidirectional,worst,2240.15789,665.032936
Detached,1,H3,safe_unidirectional,best,1997.553632,580.688132
Detached,1,H3,hybrid_bidirectional,worst,1518.247454,256.729219
Detached,1,H3,hybrid_bidirectional,best,1010.969465,160.505094
Detached,1,H1,safe_unidirectional,worst,2903.482431,662.72084
Detached,1,H1,safe_unidirectional,best,2682.061812,588.346649
Detached,1,H1,hybrid_bidirectional,worst,2755.980788,356.202063
Detached,1,H1,hybrid_bidirectional,best,2387.93453,283.966438
Detached,1,H2,safe_unidirectional,worst,2379.66632,626.053712
Detached,1,H2,safe_unidirectional,best,2159.425023,551.762074
Detached,1,H2,hybrid_bidirectional,worst,1880.461686,209.308611
Detached,1,H2,hybrid_bidirectional,best,1428.422716,154.554537
Detached,1,H3,safe_unidirectional,worst,2020.711234,600.926856
Detached,1,H3,safe_unidirectional,best,1807.138914,527.102046
Detached,1,H3,hybrid_bidirectional,worst,1311.830514,207.785227
Detached,1,H3,hybrid_bidirectional,best,835.952532,123.58429
Detached,1,H1,safe_unidirectional,worst,2956.797043,692.466114
Detached,1,H1,safe_unidirectional,best,2716.450852,609.901659
Detached,1,H1,hybrid_bidirectional,worst,2825.630498,362.03718
Detached,1,H1,hybrid_bidirectional,best,2443.225276,287.937991
Detached,1,H2,safe_unidirectional,worst,2432.060296,655.734542
Detached,1,H2,safe_unidirectional,best,2188.69374,572.958661
Detached,1,H2,hybrid_bidirectional,worst,1958.143454,221.06486
Detached,1,H2,hybrid_bidirectional,best,1505.109424,159.974937
Detached,1,H3,safe_unidirectional,worst,2074.981628,630.739035
Detached,1,H3,safe_unidirectional,best,1836.785972,548.325117
Detached,1,H3,hybrid_bidirectional,worst,1358.113199,238.203867
Detached,1,H3,hybrid_bidirectional,best,905.317346,145.676815
Detached,1,H1,safe_unidirectional,worst,3010.376947,705.598022
Detached,1,H1,safe_unidirectional,best,2756.635748,618.262334
Detached,1,H1,hybrid_bidirectional,worst,2877.443514,387.586589
Detached,1,H1,hybrid_bidirectional,best,2484.360727,307.573713
Detached,1,H2,safe_unidirectional,worst,2487.147803,668.971982
Detached,1,H2,safe_unidirectional,best,2231.877344,581.529246
Detached,1,H2,hybrid_bidirectional,worst,2013.153019,235.297541
Detached,1,H2,hybrid_bidirectional,best,1544.206606,172.198709
Detached,1,H3,safe_unidirectional,worst,2130.794448,644.027247
Detached,1,H3,safe_unidirectional,best,1879.2017,556.841951
Detached,1,H3,hybrid_bidirectional,worst,1448.128292,249.637718
Detached,1,H3,hybrid_bidirectional,best,895.850856,143.519521
Detached,1,H1,safe_unidirectional,worst,3015.649723,707.308902
Detached,1,H1,safe_unidirectional,best,2770.435363,623.401229
Detached,1,H1,hybrid_bidirectional,worst,2874.228819,372.069835
Detached,1,H1,hybrid_bidirectional,best,2486.778419,296.218342
Detached,1,H2,safe_unidirectional,worst,2491.660239,670.629638
Detached,1,H2,safe_unidirectional,best,2247.595996,586.802473
Detached,1,H2,hybrid_bidirectional,worst,1983.581539,224.860613
Detached,1,H2,hybrid_bidirectional,best,1536.333787,171.178797
Detached,1,H3,safe_unidirectional,worst,2136.586711,645.774492
Detached,1,H3,safe_unidirectional,best,1895.541519,562.15866
Detached,1,H3,hybrid_bidirectional,worst,1429.620033,250.264248
Detached,1,H3,hybrid_bidirectional,best,968.331611,160.967665
Detached,1,H1,safe_unidirectional,worst,3108.882759,727.452364
Detached,1,H1,safe_unidirectional,best,2871.879651,646.681966
Detached,1,H1,hybrid_bidirectional,worst,3012.035798,394.048895
Detached,1,H1,hybrid_bidirectional,best,2630.784546,320.66537
Detached,1,H2,safe_unidirectional,worst,2584.192247,690.724028
Detached,1,H2,safe_unidirectional,best,2347.433068,609.970705
Detached,1,H2,hybrid_bidirectional,worst,2140.732588,253.658285
Detached,1,H2,hybrid_bidirectional,best,1646.882135,186.587552
Detached,1,H3,safe_unidirectional,worst,2226.799324,665.706524
Detached,1,H3,safe_unidirectional,best,1994.932716,585.29568
Detached,1,H3,hybrid_bidirectional,worst,1575.667064,287.553155
Detached,1,H3,hybrid_bidirectional,best,1060.721541,181.562125
Detached,1,H1,safe_unidirectional,worst,2816.886803,634.444164
Detached,1,H1,safe_unidirectional,best,2602.977276,562.25755
Detached,1,H1,hybrid_bidirectional,worst,2691.550454,332.913154
Detached,1,H1,hybrid_bidirectional,best,2328.433394,268.62105
Detached,1,H2,safe_unidirectional,worst,2292.509347,597.737742
Detached,1,H2,safe_unidirectional,best,2079.239327,525.595894
Detached,1,H2,hybrid_bidirectional,worst,1837.429564,195.653278
Detached,1,H2,hybrid_bidirectional,best,1402.514227,143.938873
Detached,1,H3,safe_unidirectional,worst,1935.472424,572.745157
Detached,1,H3,safe_unidirectional,best,1728.180075,501.021746
Detached,1,H3,hybrid_bidirectional,worst,1250.781109,204.121178
Detached,1,H3,hybrid_bidirectional,best,780.151357,117.538696
Detached,1,H1,safe_unidirectional,worst,3006.287835,703.148615
Detached,1,H1,safe_unidirectional,best,2789.208343,629.802351
Detached,1,H1,hybrid_bidirectional,worst,2892.771578,364.906993
Detached,1,H1,hybrid_bidirectional,best,2540.845944,300.13043
Detached,1,H2,safe_unidirectional,worst,2481.861296,666.438758
Detached,1,H2,safe_unidirectional,best,2266.013806,593.178733
Detached,1,H2,hybrid_bidirectional,worst,2025.799158,227.560648
Detached,1,H2,hybrid_bidirectional,best,1574.341766,171.994975
Detached,1,H3,safe_unidirectional,worst,2124.137472,641.39809
Detached,1,H3,safe_unidirectional,best,1914.098763,568.54468
Detached,1,H3,hybrid_bidirectional,worst,1412.526466,246.4793
Detached,1,H3,hybrid_bidirectional,best,939.738903,151.247381
Detached,1,H1,safe_unidirectional,worst,2904.922239,669.266203
Detached,1,H1,safe_unidirectional,best,2695.133823,597.804785
Detached,1,H1,hybrid_bidirectional,worst,2761.94118,350.671809
Detached,1,H1,hybrid_bidirectional,best,2412.978808,285.5544
Detached,1,H2,safe_unidirectional,worst,2381.397035,632.619439
Detached,1,H2,safe_unidirectional,best,2170.111039,561.05319
Detached,1,H2,hybrid_bidirectional,worst,1868.850313,217.561918
Detached,1,H2,hybrid_bidirectional,best,1457.349395,166.42059
Detached,1,H3,safe_unidirectional,worst,2024.631078,607.645822
Detached,1,H3,safe_unidirectional,best,1817.880764,536.39707
Detached,1,H3,hybrid_bidirectional,worst,1320.874645,222.916192
Detached,1,H3,hybrid_bidirectional,best,859.586859,137.127236
Detached,1,H1,safe_unidirectional,worst,2851.060175,644.772099
Detached,1,H1,safe_unidirectional,best,2632.890448,570.989899
Detached,1,H1,hybrid_bidirectional,worst,2722.835052,355.300512
Detached,1,H1,hybrid_bidirectional,best,2369.682092,287.678278
Detached,1,H2,safe_unidirectional,worst,2326.591967,608.059324
Detached,1,H2,safe_unidirectional,best,2109.359555,534.342737
Detached,1,H2,hybrid_bidirectional,worst,1868.209218,210.282694
Detached,1,H2,hybrid_bidirectional,best,1420.974967,156.930014
Detached,1,H3,safe_unidirectional,worst,1970.279071,583.117422
Detached,1,H3,safe_unidirectional,best,1758.727202,509.798472
Detached,1,H3,hybrid_bidirectional,worst,1293.849052,222.867821
Detached,1,H3,hybrid_bidirectional,best,851.825134,145.75998
Detached,1,H1,safe_unidirectional,worst,2991.978583,695.856711
Detached,1,H1,safe_unidirectional,best,2771.109791,620.785817
Detached,1,H1,hybrid_bidirectional,worst,2858.081186,362.072813
Detached,1,H1,hybrid_bidirectional,best,2481.871383,291.251215
Detached,1,H2,safe_unidirectional,worst,2469.586731,659.289281
Detached,1,H2,safe_unidirectional,best,2247.975556,584.166421
Detached,1,H2,hybrid_bidirectional,worst,1992.794904,227.315882
Detached,1,H2,hybrid_bidirectional,best,1531.560014,170.638556
Detached,1,H3,safe_unidirectional,worst,2112.958564,634.325309
Detached,1,H3,safe_unidirectional,best,1897.129896,559.607224
Detached,1,H3,hybrid_bidirectional,worst,1369.322181,242.301522
Detached,1,H3,hybrid_bidirectional,best,889.434616,143.826892
Detached,1,H1,safe_unidirectional,worst,2947.872443,684.137689
Detached,1,H1,safe_unidirectional,best,2715.47954,603.962542
Detached,1,H1,hybrid_bidirectional,worst,2818.281718,362.272453
Detached,1,H1,hybrid_bidirectional,best,2448.879259,290.334992
Detached,1,H2,safe_unidirectional,worst,2423.825904,647.454432
Detached,1,H2,safe_unidirectional,best,2188.399274,567.066923
Detached,1,H2,hybrid_bidirectional,worst,1962.159201,218.905394
Detached,1,H2,hybrid_bidirectional,best,1514.012122,160.820521
Detached,1,H3,safe_unidirectional,worst,2068.272496,622.565693
Detached,1,H3,safe_unidirectional,best,1837.376271,542.495313
Detached,1,H3,hybrid_bidirectional,worst,1413.458354,234.102801
Detached,1,H3,hybrid_bidirectional,best,932.399774,141.287179
Detached,1,H1,safe_unidirectional,worst,3032.630699,710.667258
Detached,1,H1,safe_unidirectional,best,2802.095975,631.420633
Detached,1,H1,hybrid_bidirectional,worst,2914.377199,367.571948
Detached,1,H1,hybrid_bidirectional,best,2538.902003,298.083184
Detached,1,H2,safe_unidirectional,worst,2510.321647,674.105625
Detached,1,H2,safe_unidirectional,best,2277.968431,594.731705
Detached,1,H2,hybrid_bidirectional,worst,2050.926432,227.91151
Detached,1,H2,hybrid_bidirectional,best,1588.405667,168.669666
Detached,1,H3,safe_unidirectional,worst,2152.781012,649.07778
Detached,1,H3,safe_unidirectional,best,1925.067995,570.028675
Detached,1,H3,hybrid_bidirectional,worst,1465.745313,254.528296
Detached,1,H3,hybrid_bidirectional,best,982.277628,158.966001
Detached,1,H1,safe_unidirectional,worst,3027.346475,703.301698
Detached,1,H1,safe_unidirectional,best,2785.294228,621.346236
Detached,1,H1,hybrid_bidirectional,worst,2905.31516,372.18291
Detached,1,H1,hybrid_bidirectional,best,2540.996784,298.87206
Detached,1,H2,safe_unidirectional,worst,2504.353647,666.6922
Detached,1,H2,safe_unidirectional,best,2263.478616,584.819143
Detached,1,H2,hybrid_bidirectional,worst,2053.955602,229.325041
Detached,1,H2,hybrid_bidirectional,best,1576.445283,170.541504
Detached,1,H3,safe_unidirectional,worst,2147.054896,641.681288
Detached,1,H3,safe_unidirectional,best,1911.662344,560.192004
Detached,1,H3,hybrid_bidirectional,worst,1490.949023,248.179879
Detached,1,H3,hybrid_bidirectional,best,965.2779,151.400736
Detached,1,H1,safe_unidirectional,worst,2985.041027,700.851373
Detached,1,H1,safe_unidirectional,best,2745.186892,618.929216
Detached,1,H1,hybrid_bidirectional,worst,2859.560963,366.270242
Detached,1,H1,hybrid_bidirectional,best,2487.371244,290.720592
Detached,1,H2,safe_unidirectional,worst,2460.644156,664.143592
Detached,1,H2,safe_unidirectional,best,2219.402972,582.124342
Detached,1,H2,hybrid_bidirectional,worst,1970.838813,228.958607
Detached,1,H2,hybrid_bidirectional,best,1521.029727,169.624789
Detached,1,H3,safe_unidirectional,worst,2102.705288,639.087871
Detached,1,H3,safe_unidirectional,best,1866.932642,557.451419
Detached,1,H3,hybrid_bidirectional,worst,1361.619184,236.766841
Detached,1,H3,hybrid_bidirectional,best,892.943467,154.500232
Detached,1,H1,safe_unidirectional,worst,2950.896411,686.658931
Detached,1,H1,safe_unidirectional,best,2720.143196,608.050561
Detached,1,H1,hybrid_bidirectional,worst,2828.032174,364.241773
Detached,1,H1,hybrid_bidirectional,best,2469.469812,294.783543
Detached,1,H2,safe_unidirectional,worst,2425.698508,649.895078
Detached,1,H2,safe_unidirectional,best,2193.740148,571.202348
Detached,1,H2,hybrid_bidirectional,worst,1962.941364,220.081726
Detached,1,H2,hybrid_bidirectional,best,1502.845947,162.7551
Detached,1,H3,safe_unidirectional,worst,2068.883542,624.918031
Detached,1,H3,safe_unidirectional,best,1843.980064,546.719142
Detached,1,H3,hybrid_bidirectional,worst,1369.527308,237.130251
Detached,1,H3,hybrid_bidirectional,best,902.073252,142.29003
Detached,1,H1,safe_unidirectional,worst,2916.014415,672.524935
Detached,1,H1,safe_unidirectional,best,2689.565272,594.874713
Detached,1,H1,hybrid_bidirectional,worst,2785.262711,354.635801
Detached,1,H1,hybrid_bidirectional,best,2426.217552,286.504144
Detached,1,H2,safe_unidirectional,worst,2390.403275,635.732155
Detached,1,H2,safe_unidirectional,best,2163.400159,558.043155
Detached,1,H2,hybrid_bidirectional,worst,1886.66591,213.097322
Detached,1,H2,hybrid_bidirectional,best,1436.729806,154.851712
Detached,1,H3,safe_unidirectional,worst,2036.05526,610.927794
Detached,1,H3,safe_unidirectional,best,1812.885946,533.50716
Detached,1,H3,hybrid_bidirectional,worst,1286.27276,210.020941
Detached,1,H3,hybrid_bidirectional,best,837.383448,125.006399
Detached,1,H1,safe_unidirectional,worst,2944.240647,680.588873
Detached,1,H1,safe_unidirectional,best,2705.588727,599.506269
Detached,1,H1,hybrid_bidirectional,worst,2809.611478,360.020139
Detached,1,H1,hybrid_bidirectional,best,2413.655535,284.440851
Detached,1,H2,safe_unidirectional,worst,2422.128475,644.041021
Detached,1,H2,safe_unidirectional,best,2183.739364,562.976814
Detached,1,H2,hybrid_bidirectional,worst,1936.002245,221.531277
Detached,1,H2,hybrid_bidirectional,best,1440.917464,158.703833
Detached,1,H3,safe_unidirectional,worst,2064.140706,618.981877
Detached,1,H3,safe_unidirectional,best,1831.375727,538.311359
Detached,1,H3,hybrid_bidirectional,worst,1365.473613,224.24932
Detached,1,H3,hybrid_bidirectional,best,862.78313,128.871264
Detached,1,H1,safe_unidirectional,worst,2949.649151,682.658399
Detached,1,H1,safe_unidirectional,best,2718.378056,604.488389
Detached,1,H1,hybrid_bidirectional,worst,2804.943263,351.753387
Detached,1,H1,hybrid_bidirectional,best,2401.114615,281.225986
Detached,1,H2,safe_unidirectional,worst,2425.558782,645.972073
Detached,1,H2,safe_unidirectional,best,2195.529658,567.889001
Detached,1,H2,hybrid_bidirectional,worst,1924.146004,208.602622
Detached,1,H2,hybrid_bidirectional,best,1475.346516,155.244815
Detached,1,H3,safe_unidirectional,worst,2071.245947,621.170175
Detached,1,H3,safe_unidirectional,best,1847.41146,543.520727
Detached,1,H3,hybrid_bidirectional,worst,1345.655677,233.448885
Detached,1,H3,hybrid_bidirectional,best,883.565034,145.251506
Detached,1,H1,safe_unidirectional,worst,3047.193711,711.168334
Detached,1,H1,safe_unidirectional,best,2813.630276,631.015473
Detached,1,H1,hybrid_bidirectional,worst,2905.76743,369.296328
Detached,1,H1,hybrid_bidirectional,best,2533.146715,294.575938
Detached,1,H2,safe_unidirectional,worst,2524.384604,674.571697
Detached,1,H2,safe_unidirectional,best,2286.742142,594.133304
Detached,1,H2,hybrid_bidirectional,worst,2050.385043,236.052196
Detached,1,H2,hybrid_bidirectional,best,1552.187893,173.035167
Detached,1,H3,safe_unidirectional,worst,2166.516728,649.520945
Detached,1,H3,safe_unidirectional,best,1935.508471,569.546947
Detached,1,H3,hybrid_bidirectional,worst,1494.841412,254.467305
Detached,1,H3,hybrid_bidirectional,best,935.21401,151.083038
Detached,1,H1,safe_unidirectional,worst,2842.514679,646.777934
Detached,1,H1,safe_unidirectional,best,2629.379363,575.148663
Detached,1,H1,hybrid_bidirectional,worst,2694.715716,346.398208
Detached,1,H1,hybrid_bidirectional,best,2367.444258,279.787785
Detached,1,H2,safe_unidirectional,worst,2316.581188,609.96259
Detached,1,H2,safe_unidirectional,best,2105.6833,538.489939
Detached,1,H2,hybrid_bidirectional,worst,1843.727563,204.265042
Detached,1,H2,hybrid_bidirectional,best,1397.68448,151.216816
Detached,1,H3,safe_unidirectional,worst,1959.154268,584.942705
Detached,1,H3,safe_unidirectional,best,1753.268084,513.820874
Detached,1,H3,hybrid_bidirectional,worst,1272.89868,225.184718
Detached,1,H3,hybrid_bidirectional,best,822.435957,139.199283
Detached,1,H1,safe_unidirectional,worst,2939.397703,674.098319
Detached,1,H1,safe_unidirectional,best,2720.628816,599.277472
Detached,1,H1,hybrid_bidirectional,worst,2839.06499,345.344722
Detached,1,H1,hybrid_bidirectional,best,2466.66425,276.813924
Detached,1,H2,safe_unidirectional,worst,2418.039667,637.603257
Detached,1,H2,safe_unidirectional,best,2195.1766,562.495816
Detached,1,H2,hybrid_bidirectional,worst,1964.156951,203.805188
Detached,1,H2,hybrid_bidirectional,best,1482.922684,146.716387
Detached,1,H3,safe_unidirectional,worst,2058.971076,612.468455
Detached,1,H3,safe_unidirectional,best,1843.948907,537.909878
Detached,1,H3,hybrid_bidirectional,worst,1373.101251,220.749323
Detached,1,H3,hybrid_bidirectional,best,874.670136,128.804721
Detached,1,H1,safe_unidirectional,worst,2880.168979,665.399054
Detached,1,H1,safe_unidirectional,best,2664.185824,591.559396
Detached,1,H1,hybrid_bidirectional,worst,2754.256859,332.034596
Detached,1,H1,hybrid_bidirectional,best,2397.287195,268.230569
Detached,1,H2,safe_unidirectional,worst,2355.927067,628.70212
Detached,1,H2,safe_unidirectional,best,2137.798956,554.712315
Detached,1,H2,hybrid_bidirectional,worst,1890.043725,203.681897
Detached,1,H2,hybrid_bidirectional,best,1441.453447,150.122483
Detached,1,H3,safe_unidirectional,worst,1997.902504,603.640401
Detached,1,H3,safe_unidirectional,best,1784.976983,530.014777
Detached,1,H3,hybrid_bidirectional,worst,1352.298886,224.841411
Detached,1,H3,hybrid_bidirectional,best,849.441628,136.070001
Detached,1,H1,safe_unidirectional,worst,2935.206531,679.191694
Detached,1,H1,safe_unidirectional,best,2699.468576,598.47215
Detached,1,H1,hybrid_bidirectional,worst,2814.937747,369.279134
Detached,1,H1,hybrid_bidirectional,best,2463.450383,296.485109
Detached,1,H2,safe_unidirectional,worst,2412.359335,642.59239
Detached,1,H2,safe_unidirectional,best,2174.54556,561.727539
Detached,1,H2,hybrid_bidirectional,worst,1932.326561,226.440027
Detached,1,H2,hybrid_bidirectional,best,1489.809447,164.617321
Detached,1,H3,safe_unidirectional,worst,2054.954406,617.574045
Detached,1,H3,safe_unidirectional,best,1822.49308,537.083865
Detached,1,H3,hybrid_bidirectional,worst,1370.161067,240.618256
Detached,1,H3,hybrid_bidirectional,best,872.458376,144.891334
Detached,1,H1,safe_unidirectional,worst,2899.370479,674.011695
Detached,1,H1,safe_unidirectional,best,2656.469828,590.897892
Detached,1,H1,hybrid_bidirectional,worst,2761.985074,350.897722
Detached,1,H1,hybrid_bidirectional,best,2370.795239,275.856762
Detached,1,H2,safe_unidirectional,worst,2375.348707,637.330171
Detached,1,H2,safe_unidirectional,best,2131.004176,554.115296
Detached,1,H2,hybrid_bidirectional,worst,1903.671911,215.695381
Detached,1,H2,hybrid_bidirectional,best,1410.415065,151.677651
Detached,1,H3,safe_unidirectional,worst,2019.428624,612.415765
Detached,1,H3,safe_unidirectional,best,1780.447847,529.576353
Detached,1,H3,hybrid_bidirectional,worst,1373.029425,227.434423
Detached,1,H3,hybrid_bidirectional,best,868.97903,139.182282
Detached,1,H1,safe_unidirectional,worst,2922.173755,669.583858
Detached,1,H1,safe_unidirectional,best,2695.922451,592.909352
Detached,1,H1,hybrid_bidirectional,worst,2758.690512,359.739479
Detached,1,H1,hybrid_bidirectional,best,2391.905145,287.759737
Detached,1,H2,safe_unidirectional,worst,2399.532212,632.99895
Detached,1,H2,safe_unidirectional,best,2173.949882,556.371272
Detached,1,H2,hybrid_bidirectional,worst,1919.343109,217.169305
Detached,1,H2,hybrid_bidirectional,best,1461.817214,157.439843
Detached,1,H3,safe_unidirectional,worst,2042.625264,608.015464
Detached,1,H3,safe_unidirectional,best,1822.368448,531.760572
Detached,1,H3,hybrid_bidirectional,worst,1335.44677,220.77981
Detached,1,H3,hybrid_bidirectional,best,868.243443,119.724815
Detached,1,H1,safe_unidirectional,worst,2920.629527,676.877095
Detached,1,H1,safe_unidirectional,best,2689.723155,597.964592
Detached,1,H1,hybrid_bidirectional,worst,2797.768904,358.178411
Detached,1,H1,hybrid_bidirectional,best,2431.907303,286.861171
Detached,1,H2,safe_unidirectional,worst,2397.466147,640.255659
Detached,1,H2,safe_unidirectional,best,2165.145336,561.244145
Detached,1,H2,hybrid_bidirectional,worst,1949.420527,210.484053
Detached,1,H2,hybrid_bidirectional,best,1480.397053,153.40418
Detached,1,H3,safe_unidirectional,worst,2039.009784,615.163713
Detached,1,H3,safe_unidirectional,best,1812.414794,536.553007
Detached,1,H3,hybrid_bidirectional,worst,1361.836583,237.02923
Detached,1,H3,hybrid_bidirectional,best,880.460508,134.380905
Detached,1,H1,safe_unidirectional,worst,2926.381191,673.235443
Detached,1,H1,safe_unidirectional,best,2713.712428,600.477387
Detached,1,H1,hybrid_bidirectional,worst,2800.313016,347.152298
Detached,1,H1,hybrid_bidirectional,best,2472.599962,281.622464
Detached,1,H2,safe_unidirectional,worst,2403.336619,636.622323
Detached,1,H2,safe_unidirectional,best,2189.294879,563.768158
Detached,1,H2,hybrid_bidirectional,worst,1897.158522,211.270363
Detached,1,H2,hybrid_bidirectional,best,1452.108374,153.221756
Detached,1,H3,safe_unidirectional,worst,2045.04438,611.541867
Detached,1,H3,safe_unidirectional,best,1835.481052,539.00119
Detached,1,H3,hybrid_bidirectional,worst,1316.010034,225.639507
Detached,1,H3,hybrid_bidirectional,best,852.810181,137.563359
Detached,1,H1,safe_unidirectional,worst,2905.123227,668.313753
Detached,1,H1,safe_unidirectional,best,2672.177375,588.525158
Detached,1,H1,hybrid_bidirectional,worst,2797.497182,347.894556
Detached,1,H1,hybrid_bidirectional,best,2414.231271,277.871769
Detached,1,H2,safe_unidirectional,worst,2382.148675,631.705534
Detached,1,H2,safe_unidirectional,best,2147.234655,551.779167
Detached,1,H2,hybrid_bidirectional,worst,1932.722512,216.085014
Detached,1,H2,hybrid_bidirectional,best,1466.976971,156.195361
Detached,1,H3,safe_unidirectional,worst,2022.095768,606.50183
Detached,1,H3,safe_unidirectional,best,1792.868295,526.973522
Detached,1,H3,hybrid_bidirectional,worst,1349.205534,231.428738
Detached,1,H3,hybrid_bidirectional,best,859.88472,129.047724
Detached,1,H1,safe_unidirectional,worst,2961.970703,683.169297
Detached,1,H1,safe_unidirectional,best,2740.415932,607.382404
Detached,1,H1,hybrid_bidirectional,worst,2856.152515,345.24217
Detached,1,H1,hybrid_bidirectional,best,2508.901474,280.383774
Detached,1,H2,safe_unidirectional,worst,2437.824779,646.479083
Detached,1,H2,safe_unidirectional,best,2213.633,570.507599
Detached,1,H2,hybrid_bidirectional,worst,1972.666313,216.579631
Detached,1,H2,hybrid_bidirectional,best,1505.699112,159.450019
Detached,1,H3,safe_unidirectional,worst,2080.473224,621.464474
Detached,1,H3,safe_unidirectional,best,1862.922071,545.957834
Detached,1,H3,hybrid_bidirectional,worst,1360.477723,241.111294
Detached,1,H3,hybrid_bidirectional,best,846.474978,140.636993
Detached,1,H1,safe_unidirectional,worst,2934.391379,680.073363
Detached,1,H1,safe_unidirectional,best,2714.836372,605.249801
Detached,1,H1,hybrid_bidirectional,worst,2779.960502,353.983542
Detached,1,H1,hybrid_bidirectional,best,2414.495228,286.021646
Detached,1,H2,safe_unidirectional,worst,2410.641188,643.41085
Detached,1,H2,safe_unidirectional,best,2189.887607,568.503388
Detached,1,H2,hybrid_bidirectional,worst,1934.588816,215.599251
Detached,1,H2,hybrid_bidirectional,best,1492.334294,159.171886
Detached,1,H3,safe_unidirectional,worst,2053.979692,618.444545
Detached,1,H3,safe_unidirectional,best,1838.351376,543.895852
Detached,1,H3,hybrid_bidirectional,worst,1348.59462,235.444543
Detached,1,H3,hybrid_bidirectional,best,862.903739,146.337467
Detached,1,H1,safe_unidirectional,worst,2869.600471,656.727201
Detached,1,H1,safe_unidirectional,best,2666.046748,586.853431
Detached,1,H1,hybrid_bidirectional,worst,2742.818599,359.970994
Detached,1,H1,hybrid_bidirectional,best,2425.404106,295.421585
Detached,1,H2,safe_unidirectional,worst,2345.268551,620.023967
Detached,1,H2,safe_unidirectional,best,2138.739044,549.941892
Detached,1,H2,hybrid_bidirectional,worst,1907.506142,218.499883
Detached,1,H2,hybrid_bidirectional,best,1493.113929,164.472852
Detached,1,H3,safe_unidirectional,worst,1988.674194,595.062362
Detached,1,H3,safe_unidirectional,best,1786.950378,525.316685
Detached,1,H3,hybrid_bidirectional,worst,1351.963648,226.789241
Detached,1,H3,hybrid_bidirectional,best,933.966499,146.502603
Detached,1,H1,safe_unidirectional,worst,2858.616379,656.393983
Detached,1,H1,safe_unidirectional,best,2641.737424,583.163004
Detached,1,H1,hybrid_bidirectional,worst,2725.112926,348.6596
Detached,1,H1,hybrid_bidirectional,best,2376.270646,279.368727
Detached,1,H2,safe_unidirectional,worst,2335.295747,619.761539
Detached,1,H2,safe_unidirectional,best,2118.534831,546.538823
Detached,1,H2,hybrid_bidirectional,worst,1862.834365,204.296817
Detached,1,H2,hybrid_bidirectional,best,1404.483712,148.945357
Detached,1,H3,safe_unidirectional,worst,1977.878876,594.742358
Detached,1,H3,safe_unidirectional,best,1769.041856,522.074315
Detached,1,H3,hybrid_bidirectional,worst,1280.741435,223.651279
Detached,1,H3,hybrid_bidirectional,best,833.444245,133.869717
Semi-detached,1,H1,safe_unidirectional,worst,2944.557679,683.166998
Semi-detached,1,H1,safe_unidirectional,best,2732.879611,611.392317
Semi-detached,1,H1,hybrid_bidirectional,worst,2808.866078,363.533931
Semi-detached,1,H1,hybrid_bidirectional,best,2483.115159,302.106116
Semi-detached,1,H2,safe_unidirectional,worst,2418.295487,646.328645
Semi-detached,1,H2,safe_unidirectional,best,2205.392056,574.468189
Semi-detached,1,H2,hybrid_bidirectional,worst,1974.769496,230.040864
Semi-detached,1,H2,hybrid_bidirectional,best,1547.171156,175.531265
Semi-detached,1,H3,safe_unidirectional,worst,2062.312556,621.409839
Semi-detached,1,H3,safe_unidirectional,best,1856.125707,550.019544
Semi-detached,1,H3,hybrid_bidirectional,worst,1419.523181,256.987624
Semi-detached,1,H3,hybrid_bidirectional,best,930.353174,163.692003
Semi-detached,1,H1,safe_unidirectional,worst,2906.021043,661.434888
Semi-detached,1,H1,safe_unidirectional,best,2697.00448,591.114502
Semi-detached,1,H1,hybrid_bidirectional,worst,2778.542844,359.005159
Semi-detached,1,H1,hybrid_bidirectional,best,2440.69612,295.645465
Semi-detached,1,H2,safe_unidirectional,worst,2382.608507,624.79601
Semi-detached,1,H2,safe_unidirectional,best,2173.168518,554.445984
Semi-detached,1,H2,hybrid_bidirectional,worst,1926.374844,218.628948
Semi-detached,1,H2,hybrid_bidirectional,best,1485.24569,164.140592
Semi-detached,1,H3,safe_unidirectional,worst,2025.693266,599.811943
Semi-detached,1,H3,safe_unidirectional,best,1824.070171,530.0091
Semi-detached,1,H3,hybrid_bidirectional,worst,1333.476143,232.064531
Semi-detached,1,H3,hybrid_bidirectional,best,892.60324,147.737112
Semi-detached,1,H1,safe_unidirectional,worst,2884.303611,651.235919
Semi-detached,1,H1,safe_unidirectional,best,2676.202455,580.473015
Semi-detached,1,H1,hybrid_bidirectional,worst,2746.574172,345.278578
Semi-detached,1,H1,hybrid_bidirectional,best,2409.616886,278.344091
Semi-detached,1,H2,safe_unidirectional,worst,2363.241807,614.761592
Semi-detached,1,H2,safe_unidirectional,best,2154.274887,543.938085
Semi-detached,1,H2,hybrid_bidirectional,worst,1885.793828,210.447295
Semi-detached,1,H2,hybrid_bidirectional,best,1471.834923,158.374864
Semi-detached,1,H3,safe_unidirectional,worst,2007.355964,589.849583
Semi-detached,1,H3,safe_unidirectional,best,1803.453514,519.380589
Semi-detached,1,H3,hybrid_bidirectional,worst,1321.913124,223.667367
Semi-detached,1,H3,hybrid_bidirectional,best,860.387319,135.955863
Semi-detached,1,H1,safe_unidirectional,worst,2784.084591,627.840315
Semi-detached,1,H1,safe_unidirectional,best,2589.134776,561.964963
Semi-detached,1,H1,hybrid_bidirectional,worst,2667.575846,324.174657
Semi-detached,1,H1,hybrid_bidirectional,best,2295.215318,260.151294
Semi-detached,1,H2,safe_unidirectional,worst,2262.451359,591.325989
Semi-detached,1,H2,safe_unidirectional,best,2065.818975,525.332857
Semi-detached,1,H2,hybrid_bidirectional,worst,1800.379316,193.43157
Semi-detached,1,H2,hybrid_bidirectional,best,1327.33745,143.26228
Semi-detached,1,H3,safe_unidirectional,worst,1902.869668,566.155271
Semi-detached,1,H3,safe_unidirectional,best,1713.052968,500.639237
Semi-detached,1,H3,hybrid_bidirectional,worst,1216.818432,199.084847
Semi-detached,1,H3,hybrid_bidirectional,best,750.665579,115.08363
Semi-detached,1,H1,safe_unidirectional,worst,2740.462283,622.053914
Semi-detached,1,H1,safe_unidirectional,best,2527.477387,550.323484
Semi-detached,1,H1,hybrid_bidirectional,worst,2601.709758,330.499362
Semi-detached,1,H1,hybrid_bidirectional,best,2264.275276,264.444942
Semi-detached,1,H2,safe_unidirectional,worst,2219.455664,585.583451
Semi-detached,1,H2,safe_unidirectional,best,2006.586072,513.861092
Semi-detached,1,H2,hybrid_bidirectional,worst,1766.526662,192.125953
Semi-detached,1,H2,hybrid_bidirectional,best,1317.615245,141.26937
Semi-detached,1,H3,safe_unidirectional,worst,1863.557108,560.670552
Semi-detached,1,H3,safe_unidirectional,best,1656.912087,489.383913
Semi-detached,1,H3,hybrid_bidirectional,worst,1264.430345,211.841159
Semi-detached,1,H3,hybrid_bidirectional,best,790.086465,118.796396
Semi-detached,1,H1,safe_unidirectional,worst,2830.060599,642.912105
Semi-detached,1,H1,safe_unidirectional,best,2637.662107,576.875427
Semi-detached,1,H1,hybrid_bidirectional,worst,2676.011331,329.99987
Semi-detached,1,H1,hybrid_bidirectional,best,2363.823216,271.338338
Semi-detached,1,H2,safe_unidirectional,worst,2304.550911,606.126427
Semi-detached,1,H2,safe_unidirectional,best,2109.54688,539.907361
Semi-detached,1,H2,hybrid_bidirectional,worst,1803.351462,193.296081
Semi-detached,1,H2,hybrid_bidirectional,best,1423.392478,149.550008
Semi-detached,1,H3,safe_unidirectional,worst,1948.675126,581.215122
Semi-detached,1,H3,safe_unidirectional,best,1757.496411,515.263828
Semi-detached,1,H3,hybrid_bidirectional,worst,1272.510417,221.059047
Semi-detached,1,H3,hybrid_bidirectional,best,825.236882,143.901857
Semi-detached,1,H1,safe_unidirectional,worst,2737.808527,617.353646
Semi-detached,1,H1,safe_unidirectional,best,2541.353179,550.87383
Semi-detached,1,H1,hybrid_bidirectional,worst,2565.62509,319.930651
Semi-detached,1,H1,hybrid_bidirectional,best,2244.346939,259.167241
Semi-detached,1,H2,safe_unidirectional,worst,2214.464075,580.719535
Semi-detached,1,H2,safe_unidirectional,best,2016.125824,514.107915
Semi-detached,1,H2,hybrid_bidirectional,worst,1718.413112,188.832693
Semi-detached,1,H2,hybrid_bidirectional,best,1314.25528,141.175023
Semi-detached,1,H3,safe_unidirectional,worst,1854.321956,555.509587
Semi-detached,1,H3,safe_unidirectional,best,1662.693579,489.367658
Semi-detached,1,H3,hybrid_bidirectional,worst,1213.72222,198.468112
Semi-detached,1,H3,hybrid_bidirectional,best,736.005911,107.456981
Semi-detached,1,H1,safe_unidirectional,worst,2875.552415,661.024859
Semi-detached,1,H1,safe_unidirectional,best,2653.207067,586.086393
Semi-detached,1,H1,hybrid_bidirectional,worst,2766.4985,342.984841
Semi-detached,1,H1,hybrid_bidirectional,best,2403.668419,275.116683
Semi-detached,1,H2,safe_unidirectional,worst,2350.599671,624.278167
Semi-detached,1,H2,safe_unidirectional,best,2128.736592,549.37346
Semi-detached,1,H2,hybrid_bidirectional,worst,1873.362562,210.246246
Semi-detached,1,H2,hybrid_bidirectional,best,1414.55965,153.307836
Semi-detached,1,H3,safe_unidirectional,worst,1994.716696,599.366359
Semi-detached,1,H3,safe_unidirectional,best,1778.818968,524.879226
Semi-detached,1,H3,hybrid_bidirectional,worst,1327.309496,216.888859
Semi-detached,1,H3,hybrid_bidirectional,best,799.173172,117.630061
Semi-detached,1,H1,safe_unidirectional,worst,2929.537067,673.329594
Semi-detached,1,H1,safe_unidirectional,best,2710.58978,598.476522
Semi-detached,1,H1,hybrid_bidirectional,worst,2794.279243,356.654088
Semi-detached,1,H1,hybrid_bidirectional,best,2448.100746,291.129065
Semi-detached,1,H2,safe_unidirectional,worst,2407.162199,636.763353
Semi-detached,1,H2,safe_unidirectional,best,2187.155866,561.836148
Semi-detached,1,H2,hybrid_bidirectional,worst,1935.653143,216.511739
Semi-detached,1,H2,hybrid_bidirectional,best,1486.619057,160.391448
Semi-detached,1,H3,safe_unidirectional,worst,2050.347664,611.786336
Semi-detached,1,H3,safe_unidirectional,best,1834.549655,537.153713
Semi-detached,1,H3,hybrid_bidirectional,worst,1364.445023,237.64587
Semi-detached,1,H3,hybrid_bidirectional,best,907.488423,147.545178
Semi-detached,1,H1,safe_unidirectional,worst,2888.586555,661.415633
Semi-detached,1,H1,safe_unidirectional,best,2664.028387,584.692897
Semi-detached,1,H1,hybrid_bidirectional,worst,2752.037006,350.342481
Semi-detached,1,H1,hybrid_bidirectional,best,2367.423404,279.120801
Semi-detached,1,H2,safe_unidirectional,worst,2364.660639,624.740819
Semi-detached,1,H2,safe_unidirectional,best,2138.887102,547.933007
Semi-detached,1,H2,hybrid_bidirectional,worst,1890.26462,200.553259
Semi-detached,1,H2,hybrid_bidirectional,best,1416.802774,145.914685
Semi-detached,1,H3,safe_unidirectional,worst,2005.794852,599.620214
Semi-detached,1,H3,safe_unidirectional,best,1784.483175,523.124732
Semi-detached,1,H3,hybrid_bidirectional,worst,1304.943218,207.740207
Semi-detached,1,H3,hybrid_bidirectional,best,804.810508,125.419059
Semi-detached,1,H1,safe_unidirectional,worst,2864.315367,652.930898
Semi-detached,1,H1,safe_unidirectional,best,2662.473432,584.464518
Semi-detached,1,H1,hybrid_bidirectional,worst,2721.606245,349.232347
Semi-detached,1,H1,hybrid_bidirectional,best,2384.181286,282.167149
Semi-detached,1,H2,safe_unidirectional,worst,2341.741243,616.35071
Semi-detached,1,H2,safe_unidirectional,best,2138.809564,547.808047
Semi-detached,1,H2,hybrid_bidirectional,worst,1874.814087,202.01994
Semi-detached,1,H2,hybrid_bidirectional,best,1414.446011,148.072728
Semi-detached,1,H3,safe_unidirectional,worst,1983.869924,591.299717
Semi-detached,1,H3,safe_unidirectional,best,1787.780595,523.236019
Semi-detached,1,H3,hybrid_bidirectional,worst,1368.543842,234.537549
Semi-detached,1,H3,hybrid_bidirectional,best,888.710191,144.812346
Semi-detached,1,H1,safe_unidirectional,worst,2890.093059,660.082193
Semi-detached,1,H1,safe_unidirectional,best,2658.250464,580.971649
Semi-detached,1,H1,hybrid_bidirectional,worst,2764.29648,345.607823
Semi-detached,1,H1,hybrid_bidirectional,best,2386.693338,275.565811
Semi-detached,1,H2,safe_unidirectional,worst,2364.930431,623.320809
Semi-detached,1,H2,safe_unidirectional,best,2131.554971,544.102965
Semi-detached,1,H2,hybrid_bidirectional,worst,1894.307245,218.634348
Semi-detached,1,H2,hybrid_bidirectional,best,1439.11868,162.541866
Semi-detached,1,H3,safe_unidirectional,worst,2006.989892,598.264972
Semi-detached,1,H3,safe_unidirectional,best,1780.386551,519.521176
Semi-detached,1,H3,hybrid_bidirectional,worst,1340.985146,242.548046
Semi-detached,1,H3,hybrid_bidirectional,best,859.814513,152.6341
Semi-detached,1,H1,safe_unidirectional,worst,2828.286991,648.060598
Semi-detached,1,H1,safe_unidirectional,best,2621.092872,578.138113
Semi-detached,1,H1,hybrid_bidirectional,worst,2718.83009,329.840545
Semi-detached,1,H1,hybrid_bidirectional,best,2365.283006,266.73647
Semi-detached,1,H2,safe_unidirectional,worst,2307.213995,611.585488
Semi-detached,1,H2,safe_unidirectional,best,2100.344671,541.685739
Semi-detached,1,H2,hybrid_bidirectional,worst,1830.660865,204.023939
Semi-detached,1,H2,hybrid_bidirectional,best,1410.760859,151.007426
Semi-detached,1,H3,safe_unidirectional,worst,1949.926476,586.575362
Semi-detached,1,H3,safe_unidirectional,best,1749.420454,517.121043
Semi-detached,1,H3,hybrid_bidirectional,worst,1292.865988,219.500484
Semi-detached,1,H3,hybrid_bidirectional,best,838.659372,141.012097
Semi-detached,1,H1,safe_unidirectional,worst,2834.637351,644.411861
Semi-detached,1,H1,safe_unidirectional,best,2619.432108,571.019411
Semi-detached,1,H1,hybrid_bidirectional,worst,2683.172501,343.276959
Semi-detached,1,H1,hybrid_bidirectional,best,2325.418926,276.180048
Semi-detached,1,H2,safe_unidirectional,worst,2312.652199,607.872901
Semi-detached,1,H2,safe_unidirectional,best,2095.526703,534.346033
Semi-detached,1,H2,hybrid_bidirectional,worst,1810.696347,203.674777
Semi-detached,1,H2,hybrid_bidirectional,best,1365.309409,150.262602
Semi-detached,1,H3,safe_unidirectional,worst,1954.695824,582.815955
Semi-detached,1,H3,safe_unidirectional,best,1742.995987,509.668882
Semi-detached,1,H3,hybrid_bidirectional,worst,1263.613628,215.084702
Semi-detached,1,H3,hybrid_bidirectional,best,793.175379,124.702117
Semi-detached,1,H1,safe_unidirectional,worst,2805.674351,637.208873
Semi-detached,1,H1,safe_unidirectional,best,2569.84452,556.123452
Semi-detached,1,H1,hybrid_bidirectional,worst,2692.03286,340.052517
Semi-detached,1,H1,hybrid_bidirectional,best,2312.278314,268.80272
Semi-detached,1,H2,safe_unidirectional,worst,2284.111731,600.69949
Semi-detached,1,H2,safe_unidirectional,best,2047.123948,519.533012
Semi-detached,1,H2,hybrid_bidirectional,worst,1853.088011,198.785563
Semi-detached,1,H2,hybrid_bidirectional,best,1377.787096,143.920189
Semi-detached,1,H3,safe_unidirectional,worst,1929.05532,575.845541
Semi-detached,1,H3,safe_unidirectional,best,1694.918859,494.878656
Semi-detached,1,H3,hybrid_bidirectional,worst,1300.144268,209.007674
Semi-detached,1,H3,hybrid_bidirectional,best,775.081135,116.340675
Semi-detached,1,H1,safe_unidirectional,worst,2840.632527,646.575696
Semi-detached,1,H1,safe_unidirectional,best,2636.015772,577.182382
Semi-detached,1,H1,hybrid_bidirectional,worst,2720.846331,351.002587
Semi-detached,1,H1,hybrid_bidirectional,best,2383.736054,289.350955
Semi-detached,1,H2,safe_unidirectional,worst,2317.533883,609.958791
Semi-detached,1,H2,safe_unidirectional,best,2111.922491,540.495853
Semi-detached,1,H2,hybrid_bidirectional,worst,1881.221393,228.654478
Semi-detached,1,H2,hybrid_bidirectional,best,1466.622792,177.037714
Semi-detached,1,H3,safe_unidirectional,worst,1962.406904,585.099903
Semi-detached,1,H3,safe_unidirectional,best,1762.335191,516.024742
Semi-detached,1,H3,hybrid_bidirectional,worst,1385.530899,247.58575
Semi-detached,1,H3,hybrid_bidirectional,best,903.325582,161.276726
Semi-detached,1,H1,safe_unidirectional,worst,2757.507027,623.636656
Semi-detached,1,H1,safe_unidirectional,best,2553.0634,554.358658
Semi-detached,1,H1,hybrid_bidirectional,worst,2630.950126,327.535148
Semi-detached,1,H1,hybrid_bidirectional,best,2303.005044,265.608312
Semi-detached,1,H2,safe_unidirectional,worst,2233.839639,586.979939
Semi-detached,1,H2,safe_unidirectional,best,2028.497495,517.639045
Semi-detached,1,H2,hybrid_bidirectional,worst,1781.550108,201.899141
Semi-detached,1,H2,hybrid_bidirectional,best,1358.087131,150.103396
Semi-detached,1,H3,safe_unidirectional,worst,1877.365052,562.026718
Semi-detached,1,H3,safe_unidirectional,best,1678.375804,493.130526
Semi-detached,1,H3,hybrid_bidirectional,worst,1265.019406,214.698657
Semi-detached,1,H3,hybrid_bidirectional,best,807.638545,130.302717
Semi-detached,1,H1,safe_unidirectional,worst,2951.644927,684.534932
Semi-detached,1,H1,safe_unidirectional,best,2707.045239,600.292252
Semi-detached,1,H1,hybrid_bidirectional,worst,2821.653203,368.120663
Semi-detached,1,H1,hybrid_bidirectional,best,2434.048939,292.705898
Semi-detached,1,H2,safe_unidirectional,worst,2427.975883,647.878099
Semi-detached,1,H2,safe_unidirectional,best,2179.752475,563.381759
Semi-detached,1,H2,hybrid_bidirectional,worst,1966.263497,238.873322
Semi-detached,1,H2,hybrid_bidirectional,best,1491.050771,177.145522
Semi-detached,1,H3,safe_unidirectional,worst,2071.58106,622.930462
Semi-detached,1,H3,safe_unidirectional,best,1829.095279,538.835755
Semi-detached,1,H3,hybrid_bidirectional,worst,1399.559842,246.662291
Semi-detached,1,H3,hybrid_bidirectional,best,909.144617,143.184739
Semi-detached,1,H1,safe_unidirectional,worst,2828.851619,649.281163
Semi-detached,1,H1,safe_unidirectional,best,2618.56571,578.066693
Semi-detached,1,H1,hybrid_bidirectional,worst,2690.966431,334.25067
Semi-detached,1,H1,hybrid_bidirectional,best,2357.481462,271.814152
Semi-detached,1,H2,safe_unidirectional,worst,2302.725151,612.45231
Semi-detached,1,H2,safe_unidirectional,best,2091.994619,541.206717
Semi-detached,1,H2,hybrid_bidirectional,worst,1823.737943,198.836388
Semi-detached,1,H2,hybrid_bidirectional,best,1392.017139,148.638446
Semi-detached,1,H3,safe_unidirectional,worst,1947.780026,587.606152
Semi-detached,1,H3,safe_unidirectional,best,1743.344256,516.801191
Semi-detached,1,H3,hybrid_bidirectional,worst,1272.187677,207.747819
Semi-detached,1,H3,hybrid_bidirectional,best,821.428301,128.599415
Semi-detached,1,H1,safe_unidirectional,worst,2858.947127,652.763149
Semi-detached,1,H1,safe_unidirectional,best,2651.64046,582.263081
Semi-detached,1,H1,hybrid_bidirectional,worst,2717.264862,338.281226
Semi-detached,1,H1,hybrid_bidirectional,best,2369.217652,274.660985
Semi-detached,1,H2,safe_unidirectional,worst,2335.139415,616.096609
Semi-detached,1,H2,safe_unidirectional,best,2127.595947,545.579965
Semi-detached,1,H2,hybrid_bidirectional,worst,1880.703757,204.052582
Semi-detached,1,H2,hybrid_bidirectional,best,1422.737998,151.435797
Semi-detached,1,H3,safe_unidirectional,worst,1979.769144,591.22069
Semi-detached,1,H3,safe_unidirectional,best,1776.150204,520.978763
Semi-detached,1,H3,hybrid_bidirectional,worst,1354.450177,233.531008
Semi-detached,1,H3,hybrid_bidirectional,best,880.628298,138.037082
Semi-detached,1,H1,safe_unidirectional,worst,2777.447127,625.459926
Semi-detached,1,H1,safe_unidirectional,best,2567.816951,555.542975
Semi-detached,1,H1,hybrid_bidirectional,worst,2645.194327,336.611342
Semi-detached,1,H1,hybrid_bidirectional,best,2304.752936,270.113296
Semi-detached,1,H2,safe_unidirectional,worst,2253.488407,588.782816
Semi-detached,1,H2,safe_unidirectional,best,2047.579416,519.126348
Semi-detached,1,H2,hybrid_bidirectional,worst,1824.876568,200.028512
Semi-detached,1,H2,hybrid_bidirectional,best,1390.754478,150.742736
Semi-detached,1,H3,safe_unidirectional,worst,1896.456864,563.790608
Semi-detached,1,H3,safe_unidirectional,best,1695.796023,494.50151
Semi-detached,1,H3,hybrid_bidirectional,worst,1265.815862,213.515656
Semi-detached,1,H3,hybrid_bidirectional,best,833.935997,127.910947
Semi-detached,1,H1,safe_unidirectional,worst,2738.837943,621.233855
Semi-detached,1,H1,safe_unidirectional,best,2539.585852,553.756258
Semi-detached,1,H1,hybrid_bidirectional,worst,2589.522646,328.312659
Semi-detached,1,H1,hybrid_bidirectional,best,2275.214878,267.111515
Semi-detached,1,H2,safe_unidirectional,worst,2214.425935,584.525014
Semi-detached,1,H2,safe_unidirectional,best,2014.990636,517.034593
Semi-detached,1,H2,hybrid_bidirectional,worst,1725.31148,199.092071
Semi-detached,1,H2,hybrid_bidirectional,best,1309.859611,144.352457
Semi-detached,1,H3,safe_unidirectional,worst,1857.415794,559.534304
Semi-detached,1,H3,safe_unidirectional,best,1663.251047,492.412822
Semi-detached,1,H3,hybrid_bidirectional,worst,1193.430487,194.924182
Semi-detached,1,H3,hybrid_bidirectional,best,759.089042,116.802604
Semi-detached,1,H1,safe_unidirectional,worst,2855.078667,656.196291
Semi-detached,1,H1,safe_unidirectional,best,2637.423899,582.860105
Semi-detached,1,H1,hybrid_bidirectional,worst,2720.448434,342.416364
Semi-detached,1,H1,hybrid_bidirectional,best,2346.38117,275.576308
Semi-detached,1,H2,safe_unidirectional,worst,2333.597183,619.692587
Semi-detached,1,H2,safe_unidirectional,best,2118.281887,546.520164
Semi-detached,1,H2,hybrid_bidirectional,worst,1865.460083,204.187631
Semi-detached,1,H2,hybrid_bidirectional,best,1402.124744,151.928439
Semi-detached,1,H3,safe_unidirectional,worst,1974.964572,594.588305
Semi-detached,1,H3,safe_unidirectional,best,1763.88478,521.712366
Semi-detached,1,H3,hybrid_bidirectional,worst,1334.159126,226.000783
Semi-detached,1,H3,hybrid_bidirectional,best,795.334583,125.580444
Semi-detached,1,H1,safe_unidirectional,worst,2850.248855,651.458858
Semi-detached,1,H1,safe_unidirectional,best,2647.937523,582.842566
Semi-detached,1,H1,hybrid_bidirectional,worst,2738.676442,343.029639
Semi-detached,1,H1,hybrid_bidirectional,best,2376.320027,279.645785
Semi-detached,1,H2,safe_unidirectional,worst,2326.122268,614.769997
Semi-detached,1,H2,safe_unidirectional,best,2122.203904,546.041213
Semi-detached,1,H2,hybrid_bidirectional,worst,1860.406434,211.043885
Semi-detached,1,H2,hybrid_bidirectional,best,1430.242122,156.317943
Semi-detached,1,H3,safe_unidirectional,worst,1967.654692,589.677266
Semi-detached,1,H3,safe_unidirectional,best,1769.703658,521.366195
Semi-detached,1,H3,hybrid_bidirectional,worst,1314.283885,215.6796
Semi-detached,1,H3,hybrid_bidirectional,best,855.0368,132.350815
Semi-detached,1,H1,safe_unidirectional,worst,2808.767175,639.532021
Semi-detached,1,H1,safe_unidirectional,best,2604.748776,570.061636
Semi-detached,1,H1,hybrid_bidirectional,worst,2669.652362,335.985983
Semi-detached,1,H1,hybrid_bidirectional,best,2341.99025,277.877358
Semi-detached,1,H2,safe_unidirectional,worst,2283.054939,602.732165
Semi-detached,1,H2,safe_unidirectional,best,2079.685388,533.307199
Semi-detached,1,H2,hybrid_bidirectional,worst,1802.881617,207.869632
Semi-detached,1,H2,hybrid_bidirectional,best,1367.765523,154.170226
Semi-detached,1,H3,safe_unidirectional,worst,1925.569368,577.708175
Semi-detached,1,H3,safe_unidirectional,best,1726.045879,508.552433
Semi-detached,1,H3,hybrid_bidirectional,worst,1286.143586,205.964174
Semi-detached,1,H3,hybrid_bidirectional,best,824.985893,124.702999
Semi-detached,1,H1,safe_unidirectional,worst,2811.702479,641.866201
Semi-detached,1,H1,safe_unidirectional,best,2585.438524,565.228629
Semi-detached,1,H1,hybrid_bidirectional,worst,2668.268505,344.095566
Semi-detached,1,H1,hybrid_bidirectional,best,2302.050043,275.624174
Semi-detached,1,H2,safe_unidirectional,worst,2286.832627,605.125311
Semi-detached,1,H2,safe_unidirectional,best,2061.584475,528.558846
Semi-detached,1,H2,hybrid_bidirectional,worst,1796.975825,207.52856
Semi-detached,1,H2,hybrid_bidirectional,best,1373.912454,153.274629
Semi-detached,1,H3,safe_unidirectional,worst,1929.682792,580.124822
Semi-detached,1,H3,safe_unidirectional,best,1709.228046,503.893896
Semi-detached,1,H3,hybrid_bidirectional,worst,1259.9441,213.369958
Semi-detached,1,H3,hybrid_bidirectional,best,799.972161,132.487475
Semi-detached,1,H1,safe_unidirectional,worst,2833.254963,644.550473
Semi-detached,1,H1,safe_unidirectional,best,2603.345535,566.160805
Semi-detached,1,H1,hybrid_bidirectional,worst,2695.337114,337.607335
Semi-detached,1,H1,hybrid_bidirectional,best,2331.366159,268.72794
Semi-detached,1,H2,safe_unidirectional,worst,2308.558167,607.821698
Semi-detached,1,H2,safe_unidirectional,best,2078.602071,529.428763
Semi-detached,1,H2,hybrid_bidirectional,worst,1812.417007,208.83854
Semi-detached,1,H2,hybrid_bidirectional,best,1364.200836,145.069377
Semi-detached,1,H3,safe_unidirectional,worst,1952.733072,582.913941
Semi-detached,1,H3,safe_unidirectional,best,1726.815903,504.803731
Semi-detached,1,H3,hybrid_bidirectional,worst,1234.985179,208.309415
Semi-detached,1,H3,hybrid_bidirectional,best,801.852655,121.741645
Semi-detached,1,H1,safe_unidirectional,worst,2813.309351,640.755408
Semi-detached,1,H1,safe_unidirectional,best,2605.95552,570.226567
Semi-detached,1,H1,hybrid_bidirectional,worst,2683.087511,332.969095
Semi-detached,1,H1,hybrid_bidirectional,best,2354.776235,271.934707
Semi-detached,1,H2,safe_unidirectional,worst,2291.282439,604.213524
Semi-detached,1,H2,safe_unidirectional,best,2082.380942,533.576346
Semi-detached,1,H2,hybrid_bidirectional,worst,1834.402166,208.642431
Semi-detached,1,H2,hybrid_bidirectional,best,1412.309612,150.971228
Semi-detached,1,H3,safe_unidirectional,worst,1935.597994,579.315613
Semi-detached,1,H3,safe_unidirectional,best,1732.324858,509.07242
Semi-detached,1,H3,hybrid_bidirectional,worst,1236.927718,212.081531
Semi-detached,1,H3,hybrid_bidirectional,best,797.198353,124.176794
Semi-detached,1,H1,safe_unidirectional,worst,2831.958779,647.75857
Semi-detached,1,H1,safe_unidirectional,best,2581.413588,562.520682
Semi-detached,1,H1,hybrid_bidirectional,worst,2715.423609,355.965981
Semi-detached,1,H1,hybrid_bidirectional,best,2340.940671,280.747682
Semi-detached,1,H2,safe_unidirectional,worst,2308.482131,611.115204
Semi-detached,1,H2,safe_unidirectional,best,2056.514544,525.777749
Semi-detached,1,H2,hybrid_bidirectional,worst,1867.586194,215.239658
Semi-detached,1,H2,hybrid_bidirectional,best,1375.141631,157.619554
Semi-detached,1,H3,safe_unidirectional,worst,1950.112722,586.029346
Semi-detached,1,H3,safe_unidirectional,best,1705.074067,501.176916
Semi-detached,1,H3,hybrid_bidirectional,worst,1315.543898,237.723552
Semi-detached,1,H3,hybrid_bidirectional,best,835.529324,144.50131
Semi-detached,1,H1,safe_unidirectional,worst,2861.037503,653.23306
Semi-detached,1,H1,safe_unidirectional,best,2632.537108,575.785412
Semi-detached,1,H1,hybrid_bidirectional,worst,2717.686138,350.065904
Semi-detached,1,H1,hybrid_bidirectional,best,2357.606963,278.947017
Semi-detached,1,H2,safe_unidirectional,worst,2338.615875,616.663546
Semi-detached,1,H2,safe_unidirectional,best,2110.492774,539.242309
Semi-detached,1,H2,hybrid_bidirectional,worst,1860.657308,213.036731
Semi-detached,1,H2,hybrid_bidirectional,best,1391.647751,154.54162
Semi-detached,1,H3,safe_unidirectional,worst,1982.813208,591.75736
Semi-detached,1,H3,safe_unidirectional,best,1760.169642,514.71969
Semi-detached,1,H3,hybrid_bidirectional,worst,1314.332621,223.697536
Semi-detached,1,H3,hybrid_bidirectional,best,845.630037,138.825696
Semi-detached,1,H1,safe_unidirectional,worst,2943.532963,674.124953
Semi-detached,1,H1,safe_unidirectional,best,2727.519104,600.102441
Semi-detached,1,H1,hybrid_bidirectional,worst,2802.849628,341.202565
Semi-detached,1,H1,hybrid_bidirectional,best,2444.53863,273.482195
Semi-detached,1,H2,safe_unidirectional,worst,2418.611775,637.38047
Semi-detached,1,H2,safe_unidirectional,best,2200.665467,563.222687
Semi-detached,1,H2,hybrid_bidirectional,worst,1894.273341,207.189102
Semi-detached,1,H2,hybrid_bidirectional,best,1428.526668,149.656243
Semi-detached,1,H3,safe_unidirectional,worst,2059.893464,612.270188
Semi-detached,1,H3,safe_unidirectional,best,1846.841955,538.455041
Semi-detached,1,H3,hybrid_bidirectional,worst,1308.426829,216.314368
Semi-detached,1,H3,hybrid_bidirectional,best,814.324271,126.206628
Semi-detached,1,H1,safe_unidirectional,worst,2958.753139,678.060857
Semi-detached,1,H1,safe_unidirectional,best,2768.559695,613.427116
Semi-detached,1,H1,hybrid_bidirectional,worst,2840.805534,355.987603
Semi-detached,1,H1,hybrid_bidirectional,best,2505.935824,292.900201
Semi-detached,1,H2,safe_unidirectional,worst,2436.081528,641.473844
Semi-detached,1,H2,safe_unidirectional,best,2246.415316,576.877009
Semi-detached,1,H2,hybrid_bidirectional,worst,1961.742207,226.180091
Semi-detached,1,H2,hybrid_bidirectional,best,1533.197786,166.340172
Semi-detached,1,H3,safe_unidirectional,worst,2076.6424,616.313105
Semi-detached,1,H3,safe_unidirectional,best,1889.949594,551.924409
Semi-detached,1,H3,hybrid_bidirectional,worst,1406.665237,238.259957
Semi-detached,1,H3,hybrid_bidirectional,best,944.040968,139.356378
Semi-detached,1,H1,safe_unidirectional,worst,2803.800423,639.446785
Semi-detached,1,H1,safe_unidirectional,best,2600.503879,570.162743
Semi-detached,1,H1,hybrid_bidirectional,worst,2650.746987,332.012206
Semi-detached,1,H1,hybrid_bidirectional,best,2316.942304,269.407868
Semi-detached,1,H2,safe_unidirectional,worst,2279.034412,602.713164
Semi-detached,1,H2,safe_unidirectional,best,2074.549674,533.345948
Semi-detached,1,H2,hybrid_bidirectional,worst,1781.889188,195.362061
Semi-detached,1,H2,hybrid_bidirectional,best,1323.877329,145.160092
Semi-detached,1,H3,safe_unidirectional,worst,1921.162632,577.66214
Semi-detached,1,H3,safe_unidirectional,best,1722.502431,508.702641
Semi-detached,1,H3,hybrid_bidirectional,worst,1185.804146,191.281932
Semi-detached,1,H3,hybrid_bidirectional,best,755.258638,115.603065
Semi-detached,1,H1,safe_unidirectional,worst,2940.110167,683.732902
Semi-detached,1,H1,safe_unidirectional,best,2723.643034,610.924005
Semi-detached,1,H1,hybrid_bidirectional,worst,2785.743348,362.654165
Semi-detached,1,H1,hybrid_bidirectional,best,2463.193726,297.611296
Semi-detached,1,H2,safe_unidirectional,worst,2412.270495,646.784125
Semi-detached,1,H2,safe_unidirectional,best,2197.959111,574.12613
Semi-detached,1,H2,hybrid_bidirectional,worst,1917.014406,208.714087
Semi-detached,1,H2,hybrid_bidirectional,best,1491.371018,158.24985
Semi-detached,1,H3,safe_unidirectional,worst,2055.047372,621.778506
Semi-detached,1,H3,safe_unidirectional,best,1846.763168,549.542414
Semi-detached,1,H3,hybrid_bidirectional,worst,1364.65172,242.570393
Semi-detached,1,H3,hybrid_bidirectional,best,904.169625,146.853585
Semi-detached,1,H1,safe_unidirectional,worst,2701.658803,603.176548
Semi-detached,1,H1,safe_unidirectional,best,2501.928391,536.369604
Semi-detached,1,H1,hybrid_bidirectional,worst,2550.713749,322.046945
Semi-detached,1,H1,hybrid_bidirectional,best,2221.322896,259.975506
Semi-detached,1,H2,safe_unidirectional,worst,2178.421339,566.549925
Semi-detached,1,H2,safe_unidirectional,best,1981.436603,499.935179
Semi-detached,1,H2,hybrid_bidirectional,worst,1735.994615,188.33035
Semi-detached,1,H2,hybrid_bidirectional,best,1312.457937,139.399557
Semi-detached,1,H3,safe_unidirectional,worst,1822.670656,541.647378
Semi-detached,1,H3,safe_unidirectional,best,1631.58426,475.445515
Semi-detached,1,H3,hybrid_bidirectional,worst,1191.719133,197.90468
Semi-detached,1,H3,hybrid_bidirectional,best,784.71715,119.827691
Semi-detached,1,H1,safe_unidirectional,worst,2785.670803,635.290205
Semi-detached,1,H1,safe_unidirectional,best,2559.0168,558.149638
Semi-detached,1,H1,hybrid_bidirectional,worst,2661.203143,346.391415
Semi-detached,1,H1,hybrid_bidirectional,best,2282.23356,275.985874
Semi-detached,1,H2,safe_unidirectional,worst,2259.425599,598.453041
Semi-detached,1,H2,safe_unidirectional,best,2030.680035,521.166064
Semi-detached,1,H2,hybrid_bidirectional,worst,1835.224319,210.576935
Semi-detached,1,H2,hybrid_bidirectional,best,1371.434613,152.95067
Semi-detached,1,H3,safe_unidirectional,worst,1903.701424,573.552348
Semi-detached,1,H3,safe_unidirectional,best,1681.914671,496.752489
Semi-detached,1,H3,hybrid_bidirectional,worst,1254.163832,213.137174
Semi-detached,1,H3,hybrid_bidirectional,best,786.2338,125.069264
Semi-detached,1,H1,safe_unidirectional,worst,2847.533911,648.985674
Semi-detached,1,H1,safe_unidirectional,best,2601.703031,564.765973
Semi-detached,1,H1,hybrid_bidirectional,worst,2714.116698,352.821207
Semi-detached,1,H1,hybrid_bidirectional,best,2326.79575,276.97351
Semi-detached,1,H2,safe_unidirectional,worst,2321.575223,612.168566
Semi-detached,1,H2,safe_unidirectional,best,2073.567847,527.796511
Semi-detached,1,H2,hybrid_bidirectional,worst,1851.400604,208.072271
Semi-detached,1,H2,hybrid_bidirectional,best,1382.638284,149.899194
Semi-detached,1,H3,safe_unidirectional,worst,1964.16948,587.150164
Semi-detached,1,H3,safe_unidirectional,best,1721.823203,503.174385
Semi-detached,1,H3,hybrid_bidirectional,worst,1287.503625,210.964374
Semi-detached,1,H3,hybrid_bidirectional,best,816.3896,121.464629
Semi-detached,1,H1,safe_unidirectional,worst,2800.996027,642.02516
Semi-detached,1,H1,safe_unidirectional,best,2565.385616,560.891367
Semi-detached,1,H1,hybrid_bidirectional,worst,2657.679264,344.975962
Semi-detached,1,H1,hybrid_bidirectional,best,2284.76755,273.473288
Semi-detached,1,H2,safe_unidirectional,worst,2280.127919,605.564392
Semi-detached,1,H2,safe_unidirectional,best,2041.113452,524.192315
Semi-detached,1,H2,hybrid_bidirectional,worst,1828.282784,202.470611
Semi-detached,1,H2,hybrid_bidirectional,best,1359.733211,143.81055
Semi-detached,1,H3,safe_unidirectional,worst,1921.430476,580.455571
Semi-detached,1,H3,safe_unidirectional,best,1687.09732,499.411186
Semi-detached,1,H3,hybrid_bidirectional,worst,1270.095914,217.331127
Semi-detached,1,H3,hybrid_bidirectional,best,814.335362,127.698816
Semi-detached,1,H1,safe_unidirectional,worst,2700.911823,609.867999
Semi-detached,1,H1,safe_unidirectional,best,2480.938703,535.250262
Semi-detached,1,H1,hybrid_bidirectional,worst,2569.303767,315.621334
Semi-detached,1,H1,hybrid_bidirectional,best,2206.435658,246.788627
Semi-detached,1,H2,safe_unidirectional,worst,2176.336855,573.147751
Semi-detached,1,H2,safe_unidirectional,best,1956.187159,498.517654
Semi-detached,1,H2,hybrid_bidirectional,worst,1742.912879,185.728862
Semi-detached,1,H2,hybrid_bidirectional,best,1279.08155,130.860234
Semi-detached,1,H3,safe_unidirectional,worst,1821.162636,548.285556
Semi-detached,1,H3,safe_unidirectional,best,1606.074859,474.009793
Semi-detached,1,H3,hybrid_bidirectional,worst,1213.574028,205.394581
Semi-detached,1,H3,hybrid_bidirectional,best,758.304338,121.012802
Semi-detached,1,H1,safe_unidirectional,worst,2808.451811,639.262868
Semi-detached,1,H1,safe_unidirectional,best,2590.699563,564.205022
Semi-detached,1,H1,hybrid_bidirectional,worst,2658.459979,337.42603
Semi-detached,1,H1,hybrid_bidirectional,best,2305.8965,269.361353
Semi-detached,1,H2,safe_unidirectional,worst,2283.898059,602.544106
Semi-detached,1,H2,safe_unidirectional,best,2062.428639,527.226057
Semi-detached,1,H2,hybrid_bidirectional,worst,1829.05658,208.716762
Semi-detached,1,H2,hybrid_bidirectional,best,1368.904202,144.263793
Semi-detached,1,H3,safe_unidirectional,worst,1928.362672,577.656629
Semi-detached,1,H3,safe_unidirectional,best,1711.78543,502.681032
Semi-detached,1,H3,hybrid_bidirectional,worst,1290.719959,209.346954
Semi-detached,1,H3,hybrid_bidirectional,best,826.337166,124.390363
Semi-detached,1,H1,safe_unidirectional,worst,2788.976431,635.360588
Semi-detached,1,H1,safe_unidirectional,best,2594.061184,569.756397
Semi-detached,1,H1,hybrid_bidirectional,worst,2654.624399,318.394355
Semi-detached,1,H1,hybrid_bidirectional,best,2329.492984,258.788114
Semi-detached,1,H2,safe_unidirectional,worst,2262.694139,598.520827
Semi-detached,1,H2,safe_unidirectional,best,2068.692943,532.98062
Semi-detached,1,H2,hybrid_bidirectional,worst,1801.270516,195.427366
Semi-detached,1,H2,hybrid_bidirectional,best,1379.974393,141.039797
Semi-detached,1,H3,safe_unidirectional,worst,1907.036752,573.62481
Semi-detached,1,H3,safe_unidirectional,best,1719.595471,508.543797
Semi-detached,1,H3,hybrid_bidirectional,worst,1270.104678,219.219095
Semi-detached,1,H3,hybrid_bidirectional,best,810.097885,127.754699
Semi-detached,1,H1,safe_unidirectional,worst,2798.391407,636.417479
Semi-detached,1,H1,safe_unidirectional,best,2583.31004,563.490579
Semi-detached,1,H1,hybrid_bidirectional,worst,2660.588483,343.569419
Semi-detached,1,H1,hybrid_bidirectional,best,2307.139999,273.902252
Semi-detached,1,H2,safe_unidirectional,worst,2273.419395,599.669438
Semi-detached,1,H2,safe_unidirectional,best,2057.367044,526.674569
Semi-detached,1,H2,hybrid_bidirectional,worst,1818.547389,207.417897
Semi-detached,1,H2,hybrid_bidirectional,best,1364.662752,147.781625
Semi-detached,1,H3,safe_unidirectional,worst,1915.611916,574.622915
Semi-detached,1,H3,safe_unidirectional,best,1705.480015,502.042477
Semi-detached,1,H3,hybrid_bidirectional,worst,1297.12976,214.211529
Semi-detached,1,H3,hybrid_bidirectional,best,812.718674,126.914017
Semi-detached,1,H1,safe_unidirectional,worst,2831.097651,648.322285
Semi-detached,1,H1,safe_unidirectional,best,2623.951591,578.162087
Semi-detached,1,H1,hybrid_bidirectional,worst,2686.704724,336.799624
Semi-detached,1,H1,hybrid_bidirectional,best,2376.949926,274.976937
Semi-detached,1,H2,safe_unidirectional,worst,2308.044707,611.708579
Semi-detached,1,H2,safe_unidirectional,best,2101.018803,541.556792
Semi-detached,1,H2,hybrid_bidirectional,worst,1841.953044,205.911512
Semi-detached,1,H2,hybrid_bidirectional,best,1423.859791,155.602116
Semi-detached,1,H3,safe_unidirectional,worst,1951.384052,586.742333
Semi-detached,1,H3,safe_unidirectional,best,1750.549399,517.023934
Semi-detached,1,H3,hybrid_bidirectional,worst,1276.189571,218.30563
Semi-detached,1,H3,hybrid_bidirectional,best,808.280098,128.993747
Semi-detached,1,H1,safe_unidirectional,worst,2915.913799,663.690544
Semi-detached,1,H1,safe_unidirectional,best,2689.956267,587.012509
Semi-detached,1,H1,hybrid_bidirectional,worst,2795.595856,354.26115
Semi-detached,1,H1,hybrid_bidirectional,best,2408.258284,283.871281
Semi-detached,1,H2,safe_unidirectional,worst,2392.617471,627.059801
Semi-detached,1,H2,safe_unidirectional,best,2166.615095,550.378627
Semi-detached,1,H2,hybrid_bidirectional,worst,1892.043585,206.288449
Semi-detached,1,H2,hybrid_bidirectional,best,1439.260345,150.436945
Semi-detached,1,H3,safe_unidirectional,worst,2036.3593,602.121729
Semi-detached,1,H3,safe_unidirectional,best,1815.745668,525.817767
Semi-detached,1,H3,hybrid_bidirectional,worst,1372.322477,247.560128
Semi-detached,1,H3,hybrid_bidirectional,best,872.380002,143.290424
Semi-detached,1,H1,safe_unidirectional,worst,2815.475815,638.540157
Semi-detached,1,H1,safe_unidirectional,best,2619.537119,572.073718
Semi-detached,1,H1,hybrid_bidirectional,worst,2670.59139,335.79183
Semi-detached,1,H1,hybrid_bidirectional,best,2339.346665,275.207092
Semi-detached,1,H2,safe_unidirectional,worst,2291.546179,601.865083
Semi-detached,1,H2,safe_unidirectional,best,2098.026628,535.567983
Semi-detached,1,H2,hybrid_bidirectional,worst,1799.177285,208.192037
Semi-detached,1,H2,hybrid_bidirectional,best,1354.484067,152.462504
Semi-detached,1,H3,safe_unidirectional,worst,1935.29706,576.927644
Semi-detached,1,H3,safe_unidirectional,best,1744.459808,510.818306
Semi-detached,1,H3,hybrid_bidirectional,worst,1245.830847,202.252649
Semi-detached,1,H3,hybrid_bidirectional,best,816.913794,129.970634
Semi-detached,1,H1,safe_unidirectional,worst,2840.326383,646.897384
Semi-detached,1,H1,safe_unidirectional,best,2625.054907,573.688138
Semi-detached,1,H1,hybrid_bidirectional,worst,2704.613496,343.623813
Semi-detached,1,H1,hybrid_bidirectional,best,2339.230768,277.483411
Semi-detached,1,H2,safe_unidirectional,worst,2317.762219,610.317892
Semi-detached,1,H2,safe_unidirectional,best,2102.831875,537.132526
Semi-detached,1,H2,hybrid_bidirectional,worst,1844.736677,211.351198
Semi-detached,1,H2,hybrid_bidirectional,best,1404.8221,152.076813
Semi-detached,1,H3,safe_unidirectional,worst,1961.715722,585.394638
Semi-detached,1,H3,safe_unidirectional,best,1750.181852,512.447024
Semi-detached,1,H3,hybrid_bidirectional,worst,1304.059518,216.345212
Semi-detached,1,H3,hybrid_bidirectional,best,806.105621,129.145981
Semi-detached,1,H1,safe_unidirectional,worst,2778.992408,628.983089
Semi-detached,1,H1,safe_unidirectional,best,2578.344324,561.295144
Semi-detached,1,H1,hybrid_bidirectional,worst,2639.886703,323.8073
Semi-detached,1,H1,hybrid_bidirectional,best,2308.436311,262.498561
Semi-detached,1,H2,safe_unidirectional,worst,2253.685503,592.211605
Semi-detached,1,H2,safe_unidirectional,best,2054.005776,524.591445
Semi-detached,1,H2,hybrid_bidirectional,worst,1787.939246,196.079153
Semi-detached,1,H2,hybrid_bidirectional,best,1381.185496,146.645189
Semi-detached,1,H3,safe_unidirectional,worst,1899.197028,567.397412
Semi-detached,1,H3,safe_unidirectional,best,1703.726551,500.0719
Semi-detached,1,H3,hybrid_bidirectional,worst,1214.444973,194.167505
Semi-detached,1,H3,hybrid_bidirectional,best,790.710826,118.342113
Semi-detached,1,H1,safe_unidirectional,worst,2702.677963,604.151242
Semi-detached,1,H1,safe_unidirectional,best,2509.38719,539.196634
Semi-detached,1,H1,hybrid_bidirectional,worst,2564.54528,318.920688
Semi-detached,1,H1,hybrid_bidirectional,best,2248.298659,259.885605
Semi-detached,1,H2,safe_unidirectional,worst,2181.152519,567.644461
Semi-detached,1,H2,safe_unidirectional,best,1990.542503,502.877506
Semi-detached,1,H2,hybrid_bidirectional,worst,1748.840996,196.959828
Semi-detached,1,H2,hybrid_bidirectional,best,1368.593092,146.285637
Semi-detached,1,H3,safe_unidirectional,worst,1823.240548,542.590623
Semi-detached,1,H3,safe_unidirectional,best,1636.487514,478.093657
Semi-detached,1,H3,hybrid_bidirectional,worst,1230.935332,207.196655
Semi-detached,1,H3,hybrid_bidirectional,best,798.594276,120.490906
Semi-detached,1,H1,safe_unidirectional,worst,2986.990447,688.046564
Semi-detached,1,H1,safe_unidirectional,best,2759.601648,609.307276
Semi-detached,1,H1,hybrid_bidirectional,worst,2852.316785,361.209395
Semi-detached,1,H1,hybrid_bidirectional,best,2473.199969,291.810862
Semi-detached,1,H2,safe_unidirectional,worst,2463.484435,651.401143
Semi-detached,1,H2,safe_unidirectional,best,2230.848571,572.294561
Semi-detached,1,H2,hybrid_bidirectional,worst,1983.83925,222.879006
Semi-detached,1,H2,hybrid_bidirectional,best,1506.895494,161.663405
Semi-detached,1,H3,safe_unidirectional,worst,2106.968044,626.444995
Semi-detached,1,H3,safe_unidirectional,best,1878.326006,547.617982
Semi-detached,1,H3,hybrid_bidirectional,worst,1407.217756,234.962598
Semi-detached,1,H3,hybrid_bidirectional,best,908.192366,138.070465
Semi-detached,1,H1,safe_unidirectional,worst,2761.610451,625.219588
Semi-detached,1,H1,safe_unidirectional,best,2552.091171,553.666713
Semi-detached,1,H1,hybrid_bidirectional,worst,2614.793874,327.241337
Semi-detached,1,H1,hybrid_bidirectional,best,2287.199902,263.715009
Semi-detached,1,H2,safe_unidirectional,worst,2236.069928,588.431752
Semi-detached,1,H2,safe_unidirectional,best,2023.46726,516.663039
Semi-detached,1,H2,hybrid_bidirectional,worst,1755.73872,188.360507
Semi-detached,1,H2,hybrid_bidirectional,best,1320.274146,138.620344
Semi-detached,1,H3,safe_unidirectional,worst,1878.612212,563.409711
Semi-detached,1,H3,safe_unidirectional,best,1672.26081,492.078587
Semi-detached,1,H3,hybrid_bidirectional,worst,1209.783168,187.833284
Semi-detached,1,H3,hybrid_bidirectional,best,754.341708,109.05045
Semi-detached,1,H1,safe_unidirectional,worst,2855.983815,651.522668
Semi-detached,1,H1,safe_unidirectional,best,2629.375987,574.721471
Semi-detached,1,H1,hybrid_bidirectional,worst,2719.839544,338.378117
Semi-detached,1,H1,hybrid_bidirectional,best,2361.808508,271.660593
Semi-detached,1,H2,safe_unidirectional,worst,2332.541179,614.881683
Semi-detached,1,H2,safe_unidirectional,best,2106.773879,538.139323
Semi-detached,1,H2,hybrid_bidirectional,worst,1852.418109,208.951115
Semi-detached,1,H2,hybrid_bidirectional,best,1405.142397,152.303951
Semi-detached,1,H3,safe_unidirectional,worst,1974.095364,589.790476
Semi-detached,1,H3,safe_unidirectional,best,1753.089923,513.381446
Semi-detached,1,H3,hybrid_bidirectional,worst,1309.180558,206.72351
Semi-detached,1,H3,hybrid_bidirectional,best,846.315141,122.398206
Semi-detached,1,H1,safe_unidirectional,worst,2743.016751,616.425238
Semi-detached,1,H1,safe_unidirectional,best,2525.363983,542.126673
Semi-detached,1,H1,hybrid_bidirectional,worst,2616.872048,323.270062
Semi-detached,1,H1,hybrid_bidirectional,best,2267.490272,261.808466
Semi-detached,1,H2,safe_unidirectional,worst,2219.894559,579.806685
Semi-detached,1,H2,safe_unidirectional,best,1999.304575,505.302514
Semi-detached,1,H2,hybrid_bidirectional,worst,1765.800678,194.346677
Semi-detached,1,H2,hybrid_bidirectional,best,1332.842,143.395126
Semi-detached,1,H3,safe_unidirectional,worst,1862.981556,554.822775
Semi-detached,1,H3,safe_unidirectional,best,1649.298311,480.802076
Semi-detached,1,H3,hybrid_bidirectional,worst,1196.007919,196.695533
Semi-detached,1,H3,hybrid_bidirectional,best,727.57082,112.628414
Semi-detached,1,H1,safe_unidirectional,worst,2692.462947,604.544574
Semi-detached,1,H1,safe_unidirectional,best,2487.929675,534.792601
Semi-detached,1,H1,hybrid_bidirectional,worst,2534.483964,322.290176
Semi-detached,1,H1,hybrid_bidirectional,best,2201.843563,258.764927
Semi-detached,1,H2,safe_unidirectional,worst,2167.592323,567.80363
Semi-detached,1,H2,safe_unidirectional,best,1961.553132,497.946243
Semi-detached,1,H2,hybrid_bidirectional,worst,1685.929911,190.594354
Semi-detached,1,H2,hybrid_bidirectional,best,1277.849558,141.534791
Semi-detached,1,H3,safe_unidirectional,worst,1811.549558,542.880637
Semi-detached,1,H3,safe_unidirectional,best,1610.016459,473.338676
Semi-detached,1,H3,hybrid_bidirectional,worst,1179.974015,180.779915
Semi-detached,1,H3,hybrid_bidirectional,best,728.961621,106.458537
Semi-detached,1,H1,safe_unidirectional,worst,2826.936219,646.596049
Semi-detached,1,H1,safe_unidirectional,best,2618.530632,575.763817
Semi-detached,1,H1,hybrid_bidirectional,worst,2677.319959,332.813879
Semi-detached,1,H1,hybrid_bidirectional,best,2336.381559,271.366072
Semi-detached,1,H2,safe_unidirectional,worst,2302.295099,609.87117
Semi-detached,1,H2,safe_unidirectional,best,2093.083964,538.98255
Semi-detached,1,H2,hybrid_bidirectional,worst,1815.463184,193.449264
Semi-detached,1,H2,hybrid_bidirectional,best,1343.669699,141.446498
Semi-detached,1,H3,safe_unidirectional,worst,1947.15684,585.011492
Semi-detached,1,H3,safe_unidirectional,best,1743.159952,514.487869
Semi-detached,1,H3,hybrid_bidirectional,worst,1252.409864,207.196836
Semi-detached,1,H3,hybrid_bidirectional,best,744.423689,110.115734
Semi-detached,1,H1,safe_unidirectional,worst,2827.961983,645.02826
Semi-detached,1,H1,safe_unidirectional,best,2618.939123,573.778765
Semi-detached,1,H1,hybrid_bidirectional,worst,2679.673775,335.476753
Semi-detached,1,H1,hybrid_bidirectional,best,2341.622395,273.565805
Semi-detached,1,H2,safe_unidirectional,worst,2303.129699,608.29
Semi-detached,1,H2,safe_unidirectional,best,2092.109748,536.900709
Semi-detached,1,H2,hybrid_bidirectional,worst,1815.723255,203.446631
Semi-detached,1,H2,hybrid_bidirectional,best,1363.059564,153.081818
Semi-detached,1,H3,safe_unidirectional,worst,1945.67206,583.267965
Semi-detached,1,H3,safe_unidirectional,best,1740.049682,512.256505
Semi-detached,1,H3,hybrid_bidirectional,worst,1262.098138,214.150696
Semi-detached,1,H3,hybrid_bidirectional,best,831.119539,138.164783
Semi-detached,1,H1,safe_unidirectional,worst,2889.251539,663.042968
Semi-detached,1,H1,safe_unidirectional,best,2655.124936,582.888011
Semi-detached,1,H1,hybrid_bidirectional,worst,2771.343425,344.204485
Semi-detached,1,H1,hybrid_bidirectional,best,2397.229946,272.694008
Semi-detached,1,H2,safe_unidirectional,worst,2365.764639,626.398885
Semi-detached,1,H2,safe_unidirectional,best,2128.616095,546.032393
Semi-detached,1,H2,hybrid_bidirectional,worst,1889.341152,202.017829
Semi-detached,1,H2,hybrid_bidirectional,best,1374.145671,142.857932
Semi-detached,1,H3,safe_unidirectional,worst,2008.53703,601.392953
Semi-detached,1,H3,safe_unidirectional,best,1778.205035,521.503618
Semi-detached,1,H3,hybrid_bidirectional,worst,1293.983614,202.564471
Semi-detached,1,H3,hybrid_bidirectional,best,794.066129,116.690129
Semi-detached,1,H1,safe_unidirectional,worst,2834.722067,645.974337
Semi-detached,1,H1,safe_unidirectional,best,2608.618403,569.174038
Semi-detached,1,H1,hybrid_bidirectional,worst,2685.936391,333.099043
Semi-detached,1,H1,hybrid_bidirectional,best,2327.016448,263.593537
Semi-detached,1,H2,safe_unidirectional,worst,2310.425991,609.273612
Semi-detached,1,H2,safe_unidirectional,best,2084.615755,532.493852
Semi-detached,1,H2,hybrid_bidirectional,worst,1836.500721,194.884154
Semi-detached,1,H2,hybrid_bidirectional,best,1388.610993,139.907236
Semi-detached,1,H3,safe_unidirectional,worst,1954.928784,584.388808
Semi-detached,1,H3,safe_unidirectional,best,1734.426772,507.980624
Semi-detached,1,H3,hybrid_bidirectional,worst,1260.63834,216.928014
Semi-detached,1,H3,hybrid_bidirectional,best,798.950804,124.515606
Semi-detached,1,H1,safe_unidirectional,worst,2616.210783,585.043545
Semi-detached,1,H1,safe_unidirectional,best,2420.549992,518.768915
Semi-detached,1,H1,hybrid_bidirectional,worst,2465.614884,308.307342
Semi-detached,1,H1,hybrid_bidirectional,best,2141.303244,247.719027
Semi-detached,1,H2,safe_unidirectional,worst,2093.540783,548.456645
Semi-detached,1,H2,safe_unidirectional,best,1896.543771,482.08848
Semi-detached,1,H2,hybrid_bidirectional,worst,1622.567282,178.204016
Semi-detached,1,H2,hybrid_bidirectional,best,1208.539824,129.360133
Semi-detached,1,H3,safe_unidirectional,worst,1738.094716,523.57542
Semi-detached,1,H3,safe_unidirectional,best,1546.47153,457.583423
Semi-detached,1,H3,hybrid_bidirectional,worst,1106.797104,180.154495
Semi-detached,1,H3,hybrid_bidirectional,best,688.067656,102.573458
Semi-detached,1,H1,safe_unidirectional,worst,2838.344351,646.906244
Semi-detached,1,H1,safe_unidirectional,best,2613.767107,570.486702
Semi-detached,1,H1,hybrid_bidirectional,worst,2707.826308,323.9918
Semi-detached,1,H1,hybrid_bidirectional,best,2354.107503,260.605464
Semi-detached,1,H2,safe_unidirectional,worst,2313.188579,610.14534
Semi-detached,1,H2,safe_unidirectional,best,2087.986579,533.682065
Semi-detached,1,H2,hybrid_bidirectional,worst,1853.835591,197.819991
Semi-detached,1,H2,hybrid_bidirectional,best,1407.695317,146.40993
Semi-detached,1,H3,safe_unidirectional,worst,1955.552728,585.110831
Semi-detached,1,H3,safe_unidirectional,best,1735.166236,508.984641
Semi-detached,1,H3,hybrid_bidirectional,worst,1263.109193,205.089998
Semi-detached,1,H3,hybrid_bidirectional,best,820.694829,122.846094
Semi-detached,1,H1,safe_unidirectional,worst,2767.778855,624.409859
Semi-detached,1,H1,safe_unidirectional,best,2573.887532,558.994811
Semi-detached,1,H1,hybrid_bidirectional,worst,2631.649826,324.255887
Semi-detached,1,H1,hybrid_bidirectional,best,2286.925983,262.779461
Semi-detached,1,H2,safe_unidirectional,worst,2246.679079,587.932874
Semi-detached,1,H2,safe_unidirectional,best,2053.29546,522.553366
Semi-detached,1,H2,hybrid_bidirectional,worst,1767.557708,190.978937
Semi-detached,1,H2,hybrid_bidirectional,best,1331.873255,139.910091
Semi-detached,1,H3,safe_unidirectional,worst,1889.420702,562.924788
Semi-detached,1,H3,safe_unidirectional,best,1701.034352,497.895088
Semi-detached,1,H3,hybrid_bidirectional,worst,1239.501017,202.334625
Semi-detached,1,H3,hybrid_bidirectional,best,765.604441,115.070494
Semi-detached,1,H1,safe_unidirectional,worst,2808.719491,638.698219
Semi-detached,1,H1,safe_unidirectional,best,2614.09136,571.969628
Semi-detached,1,H1,hybrid_bidirectional,worst,2689.81688,339.128749
Semi-detached,1,H1,hybrid_bidirectional,best,2365.621647,277.659083
Semi-detached,1,H2,safe_unidirectional,worst,2286.367668,602.133592
Semi-detached,1,H2,safe_unidirectional,best,2090.696092,535.331959
Semi-detached,1,H2,hybrid_bidirectional,worst,1823.919607,201.726218
Semi-detached,1,H2,hybrid_bidirectional,best,1403.655928,149.98132
Semi-detached,1,H3,safe_unidirectional,worst,1929.839644,577.17663
Semi-detached,1,H3,safe_unidirectional,best,1737.609718,510.615913
Semi-detached,1,H3,hybrid_bidirectional,worst,1283.36851,208.156824
Semi-detached,1,H3,hybrid_bidirectional,best,830.669195,122.575229
Semi-detached,1,H1,safe_unidirectional,worst,2809.852455,639.530694
Semi-detached,1,H1,safe_unidirectional,best,2591.120819,565.761811
Semi-detached,1,H1,hybrid_bidirectional,worst,2684.716539,348.085594
Semi-detached,1,H1,hybrid_bidirectional,best,2330.985495,281.164896
Semi-detached,1,H2,safe_unidirectional,worst,2285.502923,602.826227
Semi-detached,1,H2,safe_unidirectional,best,2067.118112,529.081622
Semi-detached,1,H2,hybrid_bidirectional,worst,1851.815931,206.185602
Semi-detached,1,H2,hybrid_bidirectional,best,1423.315423,153.590942
Semi-detached,1,H3,safe_unidirectional,worst,1927.385952,577.758039
Semi-detached,1,H3,safe_unidirectional,best,1715.2359,504.449867
Semi-detached,1,H3,hybrid_bidirectional,worst,1269.4706,227.114699
Semi-detached,1,H3,hybrid_bidirectional,best,800.636291,127.139525
Semi-detached,1,H1,safe_unidirectional,worst,2810.731511,641.214007
Semi-detached,1,H1,safe_unidirectional,best,2592.806496,567.542758
Semi-detached,1,H1,hybrid_bidirectional,worst,2679.78603,343.722094
Semi-detached,1,H1,hybrid_bidirectional,best,2313.907602,270.150773
Semi-detached,1,H2,safe_unidirectional,worst,2287.116155,604.560932
Semi-detached,1,H2,safe_unidirectional,best,2069.473956,530.90948
Semi-detached,1,H2,hybrid_bidirectional,worst,1819.10829,209.614097
Semi-detached,1,H2,hybrid_bidirectional,best,1365.688553,151.956147
Semi-detached,1,H3,safe_unidirectional,worst,1931.152472,579.643474
Semi-detached,1,H3,safe_unidirectional,best,1718.652527,506.35198
Semi-detached,1,H3,hybrid_bidirectional,worst,1292.4676,220.340781
Semi-detached,1,H3,hybrid_bidirectional,best,802.094992,120.674865
Semi-detached,1,H1,safe_unidirectional,worst,2809.766203,642.803195
Semi-detached,1,H1,safe_unidirectional,best,2594.313343,570.005276
Semi-detached,1,H1,hybrid_bidirectional,worst,2691.072955,337.820731
Semi-detached,1,H1,hybrid_bidirectional,best,2331.25392,273.239811
Semi-detached,1,H2,safe_unidirectional,worst,2290.679647,606.467136
Semi-detached,1,H2,safe_unidirectional,best,2076.663315,533.769774
Semi-detached,1,H2,hybrid_bidirectional,worst,1819.541699,196.363186
Semi-detached,1,H2,hybrid_bidirectional,best,1391.565787,142.502671
Semi-detached,1,H3,safe_unidirectional,worst,1931.841244,581.348447
Semi-detached,1,H3,safe_unidirectional,best,1723.180963,509.026009
Semi-detached,1,H3,hybrid_bidirectional,worst,1294.874085,213.10302
Semi-detached,1,H3,hybrid_bidirectional,best,831.951355,129.735426
Semi-detached,1,H1,safe_unidirectional,worst,2892.925183,664.555704
Semi-detached,1,H1,safe_unidirectional,best,2646.220519,579.899533
Semi-detached,1,H1,hybrid_bidirectional,worst,2741.242048,347.237624
Semi-detached,1,H1,hybrid_bidirectional,best,2381.090175,273.880481
Semi-detached,1,H2,safe_unidirectional,worst,2370.699999,627.999941
Semi-detached,1,H2,safe_unidirectional,best,2121.297571,543.154927
Semi-detached,1,H2,hybrid_bidirectional,worst,1875.233019,204.934513
Semi-detached,1,H2,hybrid_bidirectional,best,1414.383528,149.066063
Semi-detached,1,H3,safe_unidirectional,worst,2012.980898,602.959604
Semi-detached,1,H3,safe_unidirectional,best,1770.108582,518.571698
Semi-detached,1,H3,hybrid_bidirectional,worst,1294.122926,215.654606
Semi-detached,1,H3,hybrid_bidirectional,best,810.698453,124.064258
Semi-detached,1,H1,safe_unidirectional,worst,2906.261371,668.878882
Semi-detached,1,H1,safe_unidirectional,best,2695.732511,597.152282
Semi-detached,1,H1,hybrid_bidirectional,worst,2769.488918,344.368993
Semi-detached,1,H1,hybrid_bidirectional,best,2417.835575,278.575178
Semi-detached,1,H2,safe_unidirectional,worst,2384.233431,632.336926
Semi-detached,1,H2,safe_unidirectional,best,2173.864987,560.621555
Semi-detached,1,H2,hybrid_bidirectional,worst,1898.549106,215.798417
Semi-detached,1,H2,hybrid_bidirectional,best,1449.983189,158.612815
Semi-detached,1,H3,safe_unidirectional,worst,2027.319316,607.352938
Semi-detached,1,H3,safe_unidirectional,best,1821.015407,535.922084
Semi-detached,1,H3,hybrid_bidirectional,worst,1331.205843,230.697052
Semi-detached,1,H3,hybrid_bidirectional,best,877.254506,147.31867
Semi-detached,1,H1,safe_unidirectional,worst,2712.298331,611.4676
Semi-detached,1,H1,safe_unidirectional,best,2488.707123,535.45393
Semi-detached,1,H1,hybrid_bidirectional,worst,2559.945247,333.419888
Semi-detached,1,H1,hybrid_bidirectional,best,2223.669463,263.162361
Semi-detached,1,H2,safe_unidirectional,worst,2190.311719,574.928538
Semi-detached,1,H2,safe_unidirectional,best,1966.032175,498.866684
Semi-detached,1,H2,hybrid_bidirectional,worst,1712.778756,187.618664
Semi-detached,1,H2,hybrid_bidirectional,best,1302.028336,139.003495
Semi-detached,1,H3,safe_unidirectional,worst,1832.792612,549.9022
Semi-detached,1,H3,safe_unidirectional,best,1613.962042,474.221774
Semi-detached,1,H3,hybrid_bidirectional,worst,1190.689271,196.827577
Semi-detached,1,H3,hybrid_bidirectional,best,762.3925,119.397016
Semi-detached,1,H1,safe_unidirectional,worst,2858.347659,651.754733
Semi-detached,1,H1,safe_unidirectional,best,2650.790119,581.729683
Semi-detached,1,H1,hybrid_bidirectional,worst,2719.183936,350.153752
Semi-detached,1,H1,hybrid_bidirectional,best,2370.498318,283.799975
Semi-detached,1,H2,safe_unidirectional,worst,2334.737163,615.101998
Semi-detached,1,H2,safe_unidirectional,best,2128.667731,545.181116
Semi-detached,1,H2,hybrid_bidirectional,worst,1890.899477,211.600041
Semi-detached,1,H2,hybrid_bidirectional,best,1465.374714,155.528679
Semi-detached,1,H3,safe_unidirectional,worst,1979.256172,590.218329
Semi-detached,1,H3,safe_unidirectional,best,1778.184416,520.647284
Semi-detached,1,H3,hybrid_bidirectional,worst,1364.513886,233.348596
Semi-detached,1,H3,hybrid_bidirectional,best,902.234276,148.709456
Semi-detached,1,H1,safe_unidirectional,worst,2731.830051,612.907808
Semi-detached,1,H1,safe_unidirectional,best,2534.109796,546.091045
Semi-detached,1,H1,hybrid_bidirectional,worst,2600.427568,322.938826
Semi-detached,1,H1,hybrid_bidirectional,best,2267.323933,263.699353
Semi-detached,1,H2,safe_unidirectional,worst,2207.463264,576.202133
Semi-detached,1,H2,safe_unidirectional,best,2010.092216,509.409814
Semi-detached,1,H2,hybrid_bidirectional,worst,1748.417707,193.549977
Semi-detached,1,H2,hybrid_bidirectional,best,1281.443306,139.192678
Semi-detached,1,H3,safe_unidirectional,worst,1850.04698,551.182993
Semi-detached,1,H3,safe_unidirectional,best,1659.316547,484.855518
Semi-detached,1,H3,hybrid_bidirectional,worst,1240.184749,206.211969
Semi-detached,1,H3,hybrid_bidirectional,best,795.542123,120.269445
Semi-detached,1,H1,safe_unidirectional,worst,2728.872047,613.115558
Semi-detached,1,H1,safe_unidirectional,best,2525.354899,544.454465
Semi-detached,1,H1,hybrid_bidirectional,worst,2576.560811,331.515974
Semi-detached,1,H1,hybrid_bidirectional,best,2266.489315,269.512879
Semi-detached,1,H2,safe_unidirectional,worst,2204.944791,576.44065
Semi-detached,1,H2,safe_unidirectional,best,2001.575779,507.789927
Semi-detached,1,H2,hybrid_bidirectional,worst,1767.441515,190.695434
Semi-detached,1,H2,hybrid_bidirectional,best,1364.327802,143.600143
Semi-detached,1,H3,safe_unidirectional,worst,1848.151952,551.465151
Semi-detached,1,H3,safe_unidirectional,best,1650.527327,483.216535
Semi-detached,1,H3,hybrid_bidirectional,worst,1221.840633,200.620995
Semi-detached,1,H3,hybrid_bidirectional,best,798.900903,116.326724
Semi-detached,1,H1,safe_unidirectional,worst,2913.476811,673.059301
Semi-detached,1,H1,safe_unidirectional,best,2698.077339,599.706305
Semi-detached,1,H1,hybrid_bidirectional,worst,2750.150142,353.487002
Semi-detached,1,H1,hybrid_bidirectional,best,2391.703567,286.612891
Semi-detached,1,H2,safe_unidirectional,worst,2389.694371,636.39453
Semi-detached,1,H2,safe_unidirectional,best,2172.546643,562.919156
Semi-detached,1,H2,hybrid_bidirectional,worst,1880.491281,217.279433
Semi-detached,1,H2,hybrid_bidirectional,best,1433.781135,163.112132
Semi-detached,1,H3,safe_unidirectional,worst,2034.215106,611.510982
Semi-detached,1,H3,safe_unidirectional,best,1823.159227,538.462037
Semi-detached,1,H3,hybrid_bidirectional,worst,1311.403711,220.730029
Semi-detached,1,H3,hybrid_bidirectional,best,821.166977,129.634403
Semi-detached,1,H1,safe_unidirectional,worst,2872.193747,658.157901
Semi-detached,1,H1,safe_unidirectional,best,2650.096539,582.122711
Semi-detached,1,H1,hybrid_bidirectional,worst,2729.715254,351.9929
Semi-detached,1,H1,hybrid_bidirectional,best,2350.083102,280.05028
Semi-detached,1,H2,safe_unidirectional,worst,2347.366251,621.419976
Semi-detached,1,H2,safe_unidirectional,best,2123.570352,545.265878
Semi-detached,1,H2,hybrid_bidirectional,worst,1874.721203,209.165264
Semi-detached,1,H2,hybrid_bidirectional,best,1381.875918,151.671952
Semi-detached,1,H3,safe_unidirectional,worst,1991.118184,596.482612
Semi-detached,1,H3,safe_unidirectional,best,1772.445024,520.687105
Semi-detached,1,H3,hybrid_bidirectional,worst,1317.66456,209.401937
Semi-detached,1,H3,hybrid_bidirectional,best,827.245797,122.562417
Semi-detached,1,H1,safe_unidirectional,worst,2896.167035,667.690764
Semi-detached,1,H1,safe_unidirectional,best,2659.0991,586.494523
Semi-detached,1,H1,hybrid_bidirectional,worst,2773.635768,351.442011
Semi-detached,1,H1,hybrid_bidirectional,best,2392.0952,276.376968
Semi-detached,1,H2,safe_unidirectional,worst,2374.582244,631.179828
Semi-detached,1,H2,safe_unidirectional,best,2135.399708,549.835565
Semi-detached,1,H2,hybrid_bidirectional,worst,1927.717563,213.301608
Semi-detached,1,H2,hybrid_bidirectional,best,1440.645189,157.629356
Semi-detached,1,H3,safe_unidirectional,worst,2016.6582,606.125145
Semi-detached,1,H3,safe_unidirectional,best,1783.133331,525.176919
Semi-detached,1,H3,hybrid_bidirectional,worst,1313.16533,224.936553
Semi-detached,1,H3,hybrid_bidirectional,best,832.439549,131.36859
Semi-detached,1,H1,safe_unidirectional,worst,2891.918283,664.705478
Semi-detached,1,H1,safe_unidirectional,best,2682.687812,593.715819
Semi-detached,1,H1,hybrid_bidirectional,worst,2767.700992,350.503722
Semi-detached,1,H1,hybrid_bidirectional,best,2417.409963,285.398637
Semi-detached,1,H2,safe_unidirectional,worst,2369.706815,628.150675
Semi-detached,1,H2,safe_unidirectional,best,2158.738324,557.039355
Semi-detached,1,H2,hybrid_bidirectional,worst,1910.49923,216.082001
Semi-detached,1,H2,hybrid_bidirectional,best,1449.719628,162.39685
Semi-detached,1,H3,safe_unidirectional,worst,2011.410436,603.069928
Semi-detached,1,H3,safe_unidirectional,best,1807.037756,532.420316
Semi-detached,1,H3,hybrid_bidirectional,worst,1331.276171,220.853411
Semi-detached,1,H3,hybrid_bidirectional,best,846.394049,131.84772
Semi-detached,1,H1,safe_unidirectional,worst,2833.731059,650.279166
Semi-detached,1,H1,safe_unidirectional,best,2603.172668,571.573178
Semi-detached,1,H1,hybrid_bidirectional,worst,2692.226942,343.869494
Semi-detached,1,H1,hybrid_bidirectional,best,2320.527896,269.975164
Semi-detached,1,H2,safe_unidirectional,worst,2311.194707,613.701621
Semi-detached,1,H2,safe_unidirectional,best,2079.77502,534.935343
Semi-detached,1,H2,hybrid_bidirectional,worst,1864.157578,212.69907
Semi-detached,1,H2,hybrid_bidirectional,best,1404.627062,152.628323
Semi-detached,1,H3,safe_unidirectional,worst,1953.81215,588.684842
Semi-detached,1,H3,safe_unidirectional,best,1728.49116,510.345473
Semi-detached,1,H3,hybrid_bidirectional,worst,1276.349939,210.477588
Semi-detached,1,H3,hybrid_bidirectional,best,784.652496,113.396303
Semi-detached,1,H1,safe_unidirectional,worst,2879.993987,663.272364
Semi-detached,1,H1,safe_unidirectional,best,2679.198636,594.656601
Semi-detached,1,H1,hybrid_bidirectional,worst,2750.020536,342.724193
Semi-detached,1,H1,hybrid_bidirectional,best,2412.021152,282.044006
Semi-detached,1,H2,safe_unidirectional,worst,2357.356956,626.687772
Semi-detached,1,H2,safe_unidirectional,best,2154.0794,557.898254
Semi-detached,1,H2,hybrid_bidirectional,worst,1880.500134,206.003643
Semi-detached,1,H2,hybrid_bidirectional,best,1414.088485,154.76202
Semi-detached,1,H3,safe_unidirectional,worst,2000.960556,601.740024
Semi-detached,1,H3,safe_unidirectional,best,1803.3572,533.3477
Semi-detached,1,H3,hybrid_bidirectional,worst,1293.907071,218.315167
Semi-detached,1,H3,hybrid_bidirectional,best,859.498908,140.492147
Semi-detached,1,H1,safe_unidirectional,worst,2829.887559,636.973222
Semi-detached,1,H1,safe_unidirectional,best,2630.193324,570.232472
Semi-detached,1,H1,hybrid_bidirectional,worst,2708.48611,336.210901
Semi-detached,1,H1,hybrid_bidirectional,best,2377.235722,272.885446
Semi-detached,1,H2,safe_unidirectional,worst,2305.020807,600.23255
Semi-detached,1,H2,safe_unidirectional,best,2109.202867,533.76314
Semi-detached,1,H2,hybrid_bidirectional,worst,1838.587575,198.512768
Semi-detached,1,H2,hybrid_bidirectional,best,1454.199949,150.63336
Semi-detached,1,H3,safe_unidirectional,worst,1948.623096,575.28471
Semi-detached,1,H3,safe_unidirectional,best,1757.187542,509.122067
Semi-detached,1,H3,hybrid_bidirectional,worst,1280.98894,221.506047
Semi-detached,1,H3,hybrid_bidirectional,best,815.231903,133.831805
Semi-detached,1,H1,safe_unidirectional,worst,2816.366771,633.989661
Semi-detached,1,H1,safe_unidirectional,best,2601.009751,561.135381
Semi-detached,1,H1,hybrid_bidirectional,worst,2679.303818,338.491063
Semi-detached,1,H1,hybrid_bidirectional,best,2339.490902,272.906872
Semi-detached,1,H2,safe_unidirectional,worst,2291.597535,597.255814
Semi-detached,1,H2,safe_unidirectional,best,2078.475124,524.557958
Semi-detached,1,H2,hybrid_bidirectional,worst,1819.824272,201.113196
Semi-detached,1,H2,hybrid_bidirectional,best,1399.699856,152.039592
Semi-detached,1,H3,safe_unidirectional,worst,1934.6589,572.27011
Semi-detached,1,H3,safe_unidirectional,best,1725.789012,499.86993
Semi-detached,1,H3,hybrid_bidirectional,worst,1305.405365,208.919509
Semi-detached,1,H3,hybrid_bidirectional,best,809.9213,119.617649
Semi-detached,1,H1,safe_unidirectional,worst,2844.026347,655.465144
Semi-detached,1,H1,safe_unidirectional,best,2624.914003,581.339632
Semi-detached,1,H1,hybrid_bidirectional,worst,2702.386832,337.95608
Semi-detached,1,H1,hybrid_bidirectional,best,2365.298186,272.152666
Semi-detached,1,H2,safe_unidirectional,worst,2318.695387,618.691977
Semi-detached,1,H2,safe_unidirectional,best,2099.327971,544.54861
Semi-detached,1,H2,hybrid_bidirectional,worst,1836.182257,207.735836
Semi-detached,1,H2,hybrid_bidirectional,best,1393.828108,150.196765
Semi-detached,1,H3,safe_unidirectional,worst,1962.24694,593.740585
Semi-detached,1,H3,safe_unidirectional,best,1748.72481,520.006389
Semi-detached,1,H3,hybrid_bidirectional,worst,1278.79298,220.25184
Semi-detached,1,H3,hybrid_bidirectional,best,823.410848,131.626624
Semi-detached,1,H1,safe_unidirectional,worst,2832.459279,643.836986
Semi-detached,1,H1,safe_unidirectional,best,2611.292944,568.74165
Semi-detached,1,H1,hybrid_bidirectional,worst,2701.868111,339.512949
Semi-detached,1,H1,hybrid_bidirectional,best,2337.145536,271.841246
Semi-detached,1,H2,safe_unidirectional,worst,2309.966259,607.262475
Semi-detached,1,H2,safe_unidirectional,best,2091.175136,532.333404
Semi-detached,1,H2,hybrid_bidirectional,worst,1846.079992,205.908784
Semi-detached,1,H2,hybrid_bidirectional,best,1406.453176,147.631801
Semi-detached,1,H3,safe_unidirectional,worst,1952.053412,582.208575
Semi-detached,1,H3,safe_unidirectional,best,1736.231652,507.48736
Semi-detached,1,H3,hybrid_bidirectional,worst,1277.653237,215.398118
Semi-detached,1,H3,hybrid_bidirectional,best,773.969125,114.842373
Semi-detached,1,H1,safe_unidirectional,worst,2872.129263,653.991519
Semi-detached,1,H1,safe_unidirectional,best,2649.549204,577.564507
Semi-detached,1,H1,hybrid_bidirectional,worst,2740.43583,336.553837
Semi-detached,1,H1,hybrid_bidirectional,best,2373.001749,271.004919
Semi-detached,1,H2,safe_unidirectional,worst,2351.380888,617.539133
Semi-detached,1,H2,safe_unidirectional,best,2126.018462,540.917355
Semi-detached,1,H2,hybrid_bidirectional,worst,1867.178376,214.579794
Semi-detached,1,H2,hybrid_bidirectional,best,1401.897317,156.963194
Semi-detached,1,H3,safe_unidirectional,worst,1994.99922,592.592416
Semi-detached,1,H3,safe_unidirectional,best,1774.932827,516.34136
Semi-detached,1,H3,hybrid_bidirectional,worst,1335.092075,213.558731
Semi-detached,1,H3,hybrid_bidirectional,best,856.997924,125.834995
Semi-detached,1,H1,safe_unidirectional,worst,2859.537647,657.191986
Semi-detached,1,H1,safe_unidirectional,best,2664.258143,590.976407
Semi-detached,1,H1,hybrid_bidirectional,worst,2719.78737,349.696054
Semi-detached,1,H1,hybrid_bidirectional,best,2401.363167,288.121903
Semi-detached,1,H2,safe_unidirectional,worst,2334.066379,620.408997
Semi-detached,1,H2,safe_unidirectional,best,2139.580998,554.249006
Semi-detached,1,H2,hybrid_bidirectional,worst,1861.759434,204.514421
Semi-detached,1,H2,hybrid_bidirectional,best,1479.992931,157.32264
Semi-detached,1,H3,safe_unidirectional,worst,1978.524748,595.521083
Semi-detached,1,H3,safe_unidirectional,best,1787.404952,529.596683
Semi-detached,1,H3,hybrid_bidirectional,worst,1323.195946,224.587529
Semi-detached,1,H3,hybrid_bidirectional,best,880.945793,143.003483
Semi-detached,1,H1,safe_unidirectional,worst,2827.189963,641.094159
Semi-detached,1,H1,safe_unidirectional,best,2643.884756,579.21435
Semi-detached,1,H1,hybrid_bidirectional,worst,2706.507863,335.286899
Semi-detached,1,H1,hybrid_bidirectional,best,2392.574331,277.169349
Semi-detached,1,H2,safe_unidirectional,worst,2305.797944,604.596717
Semi-detached,1,H2,safe_unidirectional,best,2123.530838,542.789575
Semi-detached,1,H2,hybrid_bidirectional,worst,1831.725189,209.738113
Semi-detached,1,H2,hybrid_bidirectional,best,1422.510723,159.004233
Semi-detached,1,H3,safe_unidirectional,worst,1947.048504,579.484256
Semi-detached,1,H3,safe_unidirectional,best,1768.618012,517.945677
Semi-detached,1,H3,hybrid_bidirectional,worst,1275.114992,216.346907
Semi-detached,1,H3,hybrid_bidirectional,best,844.716896,145.09685
Semi-detached,1,H1,safe_unidirectional,worst,2768.102127,627.074217
Semi-detached,1,H1,safe_unidirectional,best,2559.926524,556.301409
Semi-detached,1,H1,hybrid_bidirectional,worst,2623.779773,320.580759
Semi-detached,1,H1,hybrid_bidirectional,best,2274.349299,253.548772
Semi-detached,1,H2,safe_unidirectional,worst,2245.975364,590.525344
Semi-detached,1,H2,safe_unidirectional,best,2035.919904,519.620946
Semi-detached,1,H2,hybrid_bidirectional,worst,1723.551294,186.990258
Semi-detached,1,H2,hybrid_bidirectional,best,1303.496291,135.595937
Semi-detached,1,H3,safe_unidirectional,worst,1889.212908,565.551972
Semi-detached,1,H3,safe_unidirectional,best,1685.062951,495.060959
Semi-detached,1,H3,hybrid_bidirectional,worst,1200.948728,205.727388
Semi-detached,1,H3,hybrid_bidirectional,best,754.099247,116.174024
Semi-detached,1,H1,safe_unidirectional,worst,2860.160711,648.302181
Semi-detached,1,H1,safe_unidirectional,best,2626.197455,568.945939
Semi-detached,1,H1,hybrid_bidirectional,worst,2740.307474,362.010135
Semi-detached,1,H1,hybrid_bidirectional,best,2366.817464,288.132038
Semi-detached,1,H2,safe_unidirectional,worst,2336.174394,611.623139
Semi-detached,1,H2,safe_unidirectional,best,2102.715034,532.30217
Semi-detached,1,H2,hybrid_bidirectional,worst,1865.031027,225.871839
Semi-detached,1,H2,hybrid_bidirectional,best,1422.325063,159.07961
Semi-detached,1,H3,safe_unidirectional,worst,1976.91354,586.474879
Semi-detached,1,H3,safe_unidirectional,best,1748.836323,507.53066
Semi-detached,1,H3,hybrid_bidirectional,worst,1302.055379,221.440342
Semi-detached,1,H3,hybrid_bidirectional,best,855.926279,136.015423
Semi-detached,1,H1,safe_unidirectional,worst,2837.093831,647.11349
Semi-detached,1,H1,safe_unidirectional,best,2623.591,574.794017
Semi-detached,1,H1,hybrid_bidirectional,worst,2703.258091,346.631815
Semi-detached,1,H1,hybrid_bidirectional,best,2339.193094,280.122751
Semi-detached,1,H2,safe_unidirectional,worst,2312.887628,610.419055
Semi-detached,1,H2,safe_unidirectional,best,2099.096988,538.079436
Semi-detached,1,H2,hybrid_bidirectional,worst,1847.866481,215.097268
Semi-detached,1,H2,hybrid_bidirectional,best,1373.768619,159.240569
Semi-detached,1,H3,safe_unidirectional,worst,1955.136444,585.376473
Semi-detached,1,H3,safe_unidirectional,best,1748.054699,513.506476
Semi-detached,1,H3,hybrid_bidirectional,worst,1293.666271,223.805021
Semi-detached,1,H3,hybrid_bidirectional,best,805.104515,131.777606
Semi-detached,1,H1,safe_unidirectional,worst,2854.468671,655.432534
Semi-detached,1,H1,safe_unidirectional,best,2630.882803,579.651742
Semi-detached,1,H1,hybrid_bidirectional,worst,2725.295894,342.391086
Semi-detached,1,H1,hybrid_bidirectional,best,2378.659791,278.73135
Semi-detached,1,H2,safe_unidirectional,worst,2329.068336,618.654511
Semi-detached,1,H2,safe_unidirectional,best,2105.734418,542.891355
Semi-detached,1,H2,hybrid_bidirectional,worst,1910.708486,215.977451
Semi-detached,1,H2,hybrid_bidirectional,best,1479.346118,163.836008
Semi-detached,1,H3,safe_unidirectional,worst,1975.106548,593.877186
Semi-detached,1,H3,safe_unidirectional,best,1757.255047,518.497799
Semi-detached,1,H3,hybrid_bidirectional,worst,1321.185863,231.752498
Semi-detached,1,H3,hybrid_bidirectional,best,889.993107,147.997772
Semi-detached,1,H1,safe_unidirectional,worst,2896.870175,663.179674
Semi-detached,1,H1,safe_unidirectional,best,2670.968163,585.481474
Semi-detached,1,H1,hybrid_bidirectional,worst,2776.698341,348.115501
Semi-detached,1,H1,hybrid_bidirectional,best,2420.195232,281.43196
Semi-detached,1,H2,safe_unidirectional,worst,2372.4845,626.472677
Semi-detached,1,H2,safe_unidirectional,best,2144.598346,548.635587
Semi-detached,1,H2,hybrid_bidirectional,worst,1893.983087,216.782029
Semi-detached,1,H2,hybrid_bidirectional,best,1467.605184,155.253655
Semi-detached,1,H3,safe_unidirectional,worst,2015.044852,601.451901
Semi-detached,1,H3,safe_unidirectional,best,1790.904367,523.877008
Semi-detached,1,H3,hybrid_bidirectional,worst,1315.604638,204.976566
Semi-detached,1,H3,hybrid_bidirectional,best,854.481219,114.144031
Semi-detached,1,H1,safe_unidirectional,worst,2844.234043,654.624299
Semi-detached,1,H1,safe_unidirectional,best,2625.626528,580.110549
Semi-detached,1,H1,hybrid_bidirectional,worst,2714.205191,340.901665
Semi-detached,1,H1,hybrid_bidirectional,best,2382.485844,275.377919
Semi-detached,1,H2,safe_unidirectional,worst,2322.497451,618.102738
Semi-detached,1,H2,safe_unidirectional,best,2102.319052,543.479025
Semi-detached,1,H2,hybrid_bidirectional,worst,1856.073719,202.305409
Semi-detached,1,H2,hybrid_bidirectional,best,1406.763581,148.623541
Semi-detached,1,H3,safe_unidirectional,worst,1965.013404,593.078855
Semi-detached,1,H3,safe_unidirectional,best,1751.401312,518.914784
Semi-detached,1,H3,hybrid_bidirectional,worst,1310.409414,216.791027
Semi-detached,1,H3,hybrid_bidirectional,best,850.883781,136.373554
Semi-detached,1,H1,safe_unidirectional,worst,2800.788483,629.100437
Semi-detached,1,H1,safe_unidirectional,best,2598.768248,559.602062
Semi-detached,1,H1,hybrid_bidirectional,worst,2672.111067,330.050276
Semi-detached,1,H1,hybrid_bidirectional,best,2307.152127,266.911799
Semi-detached,1,H2,safe_unidirectional,worst,2280.042427,592.648214
Semi-detached,1,H2,safe_unidirectional,best,2073.462499,522.83066
Semi-detached,1,H2,hybrid_bidirectional,worst,1816.596399,193.891284
Semi-detached,1,H2,hybrid_bidirectional,best,1367.068326,142.19325
Semi-detached,1,H3,safe_unidirectional,worst,1921.926364,567.580089
Semi-detached,1,H3,safe_unidirectional,best,1721.491355,498.19268
Semi-detached,1,H3,hybrid_bidirectional,worst,1273.411138,207.051916
Semi-detached,1,H3,hybrid_bidirectional,best,833.107791,126.95865
Semi-detached,1,H1,safe_unidirectional,worst,2724.062759,618.637278
Semi-detached,1,H1,safe_unidirectional,best,2518.279836,548.847563
Semi-detached,1,H1,hybrid_bidirectional,worst,2592.691416,328.168025
Semi-detached,1,H1,hybrid_bidirectional,best,2232.616674,261.836841
Semi-detached,1,H2,safe_unidirectional,worst,2200.710699,582.002634
Semi-detached,1,H2,safe_unidirectional,best,1992.872247,512.069032
Semi-detached,1,H2,hybrid_bidirectional,worst,1749.756568,184.861846
Semi-detached,1,H2,hybrid_bidirectional,best,1299.743816,134.870348
Semi-detached,1,H3,safe_unidirectional,worst,1844.797383,557.088702
Semi-detached,1,H3,safe_unidirectional,best,1643.945446,487.644155
Semi-detached,1,H3,hybrid_bidirectional,worst,1193.970164,190.515384
Semi-detached,1,H3,hybrid_bidirectional,best,758.869715,110.609457
Semi-detached,1,H1,safe_unidirectional,worst,2824.109831,642.411276
Semi-detached,1,H1,safe_unidirectional,best,2620.361943,573.515513
Semi-detached,1,H1,hybrid_bidirectional,worst,2697.788467,336.766069
Semi-detached,1,H1,hybrid_bidirectional,best,2353.845528,274.886171
Semi-detached,1,H2,safe_unidirectional,worst,2300.672444,605.770659
Semi-detached,1,H2,safe_unidirectional,best,2098.471362,536.983172
Semi-detached,1,H2,hybrid_bidirectional,worst,1821.52702,209.065461
Semi-detached,1,H2,hybrid_bidirectional,best,1354.174349,155.899456
Semi-detached,1,H3,safe_unidirectional,worst,1942.498552,580.698486
Semi-detached,1,H3,safe_unidirectional,best,1744.90376,512.23344
Semi-detached,1,H3,hybrid_bidirectional,worst,1283.004611,211.20107
Semi-detached,1,H3,hybrid_bidirectional,best,811.074326,129.073469
Semi-detached,1,H1,safe_unidirectional,worst,2719.279771,607.702854
Semi-detached,1,H1,safe_unidirectional,best,2505.688104,534.7863
Semi-detached,1,H1,hybrid_bidirectional,worst,2587.876863,327.835552
Semi-detached,1,H1,hybrid_bidirectional,best,2242.151299,258.967026
Semi-detached,1,H2,safe_unidirectional,worst,2195.627627,571.047204
Semi-detached,1,H2,safe_unidirectional,best,1980.508619,498.023736
Semi-detached,1,H2,hybrid_bidirectional,worst,1749.90721,194.12239
Semi-detached,1,H2,hybrid_bidirectional,best,1296.73107,140.942643
Semi-detached,1,H3,safe_unidirectional,worst,1837.663124,545.989688
Semi-detached,1,H3,safe_unidirectional,best,1628.028684,473.35014
Semi-detached,1,H3,hybrid_bidirectional,worst,1196.072435,191.699857
Semi-detached,1,H3,hybrid_bidirectional,best,761.510914,110.577957
Semi-detached,1,H1,safe_unidirectional,worst,2878.709375,663.548432
Semi-detached,1,H1,safe_unidirectional,best,2665.63759,591.721727
Semi-detached,1,H1,hybrid_bidirectional,worst,2752.300774,354.509913
Semi-detached,1,H1,hybrid_bidirectional,best,2411.23125,285.618972
Semi-detached,1,H2,safe_unidirectional,worst,2356.764959,627.012323
Semi-detached,1,H2,safe_unidirectional,best,2147.265532,555.435683
Semi-detached,1,H2,hybrid_bidirectional,worst,1930.972901,221.065735
Semi-detached,1,H2,hybrid_bidirectional,best,1491.177072,164.315225
Semi-detached,1,H3,safe_unidirectional,worst,1998.212502,601.913651
Semi-detached,1,H3,safe_unidirectional,best,1793.70229,530.686256
Semi-detached,1,H3,hybrid_bidirectional,worst,1380.104184,238.12725
Semi-detached,1,H3,hybrid_bidirectional,best,910.020645,141.709185
Semi-detached,1,H1,safe_unidirectional,worst,2831.514387,640.152553
Semi-detached,1,H1,safe_unidirectional,best,2598.000015,560.419991
Semi-detached,1,H1,hybrid_bidirectional,worst,2719.193438,345.726929
Semi-detached,1,H1,hybrid_bidirectional,best,2352.847155,275.175716
Semi-detached,1,H2,safe_unidirectional,worst,2309.711887,603.626378
Semi-detached,1,H2,safe_unidirectional,best,2072.322499,523.622565
Semi-detached,1,H2,hybrid_bidirectional,worst,1835.654728,200.188963
Semi-detached,1,H2,hybrid_bidirectional,best,1374.069077,145.67751
Semi-detached,1,H3,safe_unidirectional,worst,1952.415567,578.615635
Semi-detached,1,H3,safe_unidirectional,best,1722.25271,499.11768
Semi-detached,1,H3,hybrid_bidirectional,worst,1284.56497,223.523732
Semi-detached,1,H3,hybrid_bidirectional,best,821.349048,135.629997
Semi-detached,1,H1,safe_unidirectional,worst,2756.199647,613.759457
Semi-detached,1,H1,safe_unidirectional,best,2545.446584,541.871501
Semi-detached,1,H1,hybrid_bidirectional,worst,2610.257227,314.789349
Semi-detached,1,H1,hybrid_bidirectional,best,2246.265106,250.124539
Semi-detached,1,H2,safe_unidirectional,worst,2231.964351,577.062986
Semi-detached,1,H2,safe_unidirectional,best,2020.861212,505.150525
Semi-detached,1,H2,hybrid_bidirectional,worst,1753.343246,182.382395
Semi-detached,1,H2,hybrid_bidirectional,best,1303.784944,132.910425
Semi-detached,1,H3,safe_unidirectional,worst,1873.029734,551.937563
Semi-detached,1,H3,safe_unidirectional,best,1665.986368,480.309286
Semi-detached,1,H3,hybrid_bidirectional,worst,1207.489229,195.751048
Semi-detached,1,H3,hybrid_bidirectional,best,746.16612,103.769103
Semi-detached,1,H1,safe_unidirectional,worst,2804.426827,620.759201
Semi-detached,1,H1,safe_unidirectional,best,2576.392471,542.661568
Semi-detached,1,H1,hybrid_bidirectional,worst,2660.603611,343.911693
Semi-detached,1,H1,hybrid_bidirectional,best,2290.789054,270.837748
Semi-detached,1,H2,safe_unidirectional,worst,2280.551151,584.087904
Semi-detached,1,H2,safe_unidirectional,best,2050.058984,505.818224
Semi-detached,1,H2,hybrid_bidirectional,worst,1797.7544,199.791156
Semi-detached,1,H2,hybrid_bidirectional,best,1348.541619,141.983885
Semi-detached,1,H3,safe_unidirectional,worst,1924.43784,559.159972
Semi-detached,1,H3,safe_unidirectional,best,1698.522204,481.21065
Semi-detached,1,H3,hybrid_bidirectional,worst,1257.380317,199.486543
Semi-detached,1,H3,hybrid_bidirectional,best,804.020211,104.1611
Semi-detached,1,H1,safe_unidirectional,worst,2799.380159,634.460177
Semi-detached,1,H1,safe_unidirectional,best,2591.999835,563.830512
Semi-detached,1,H1,hybrid_bidirectional,worst,2678.60344,341.085121
Semi-detached,1,H1,hybrid_bidirectional,best,2346.217039,277.412778
Semi-detached,1,H2,safe_unidirectional,worst,2275.784907,597.808509
Semi-detached,1,H2,safe_unidirectional,best,2067.912872,527.144424
Semi-detached,1,H2,hybrid_bidirectional,worst,1870.385672,216.424963
Semi-detached,1,H2,hybrid_bidirectional,best,1443.477785,162.89146
Semi-detached,1,H3,safe_unidirectional,worst,1920.382962,572.930373
Semi-detached,1,H3,safe_unidirectional,best,1716.275076,502.529779
Semi-detached,1,H3,hybrid_bidirectional,worst,1330.348216,226.005529
Semi-detached,1,H3,hybrid_bidirectional,best,847.382571,135.627032
Semi-detached,1,H1,safe_unidirectional,worst,2799.586203,633.315079
Semi-detached,1,H1,safe_unidirectional,best,2576.600267,557.488043
Semi-detached,1,H1,hybrid_bidirectional,worst,2651.174051,328.10352
Semi-detached,1,H1,hybrid_bidirectional,best,2334.770746,263.10639
Semi-detached,1,H2,safe_unidirectional,worst,2274.864894,596.584587
Semi-detached,1,H2,safe_unidirectional,best,2051.535123,520.733483
Semi-detached,1,H2,hybrid_bidirectional,worst,1776.714587,193.88961
Semi-detached,1,H2,hybrid_bidirectional,best,1371.18053,145.11574
Semi-detached,1,H3,safe_unidirectional,worst,1918.355216,571.62891
Semi-detached,1,H3,safe_unidirectional,best,1699.924192,496.120718
Semi-detached,1,H3,hybrid_bidirectional,worst,1211.560511,200.937124
Semi-detached,1,H3,hybrid_bidirectional,best,759.400072,120.009954
Semi-detached,1,H1,safe_unidirectional,worst,2874.140523,661.276476
Semi-detached,1,H1,safe_unidirectional,best,2665.98208,590.319507
Semi-detached,1,H1,hybrid_bidirectional,worst,2712.6163,351.801883
Semi-detached,1,H1,hybrid_bidirectional,best,2398.137238,287.446785
Semi-detached,1,H2,safe_unidirectional,worst,2352.013736,624.727601
Semi-detached,1,H2,safe_unidirectional,best,2145.235894,553.867274
Semi-detached,1,H2,hybrid_bidirectional,worst,1865.702018,214.713601
Semi-detached,1,H2,hybrid_bidirectional,best,1454.463124,163.207415
Semi-detached,1,H3,safe_unidirectional,worst,1993.616132,599.639768
Semi-detached,1,H3,safe_unidirectional,best,1789.02535,528.932535
Semi-detached,1,H3,hybrid_bidirectional,worst,1312.649868,224.15772
Semi-detached,1,H3,hybrid_bidirectional,best,874.61454,140.486376
Terraced,1,H1,safe_unidirectional,worst,2672.017315,597.504599
Terraced,1,H1,safe_unidirectional,best,2473.296591,530.2567
Terraced,1,H1,hybrid_bidirectional,worst,2523.719279,330.089671
Terraced,1,H1,hybrid_bidirectional,best,2214.029216,269.387909
Terraced,1,H2,safe_unidirectional,worst,2150.604615,561.00571
Terraced,1,H2,safe_unidirectional,best,1952.119036,493.774271
Terraced,1,H2,hybrid_bidirectional,worst,1699.409282,203.236889
Terraced,1,H2,hybrid_bidirectional,best,1301.533483,153.189032
Terraced,1,H3,safe_unidirectional,worst,1792.268216,535.922162
Terraced,1,H3,safe_unidirectional,best,1599.50356,469.091188
Terraced,1,H3,hybrid_bidirectional,worst,1187.015199,191.961475
Terraced,1,H3,hybrid_bidirectional,best,758.25421,111.673378
Terraced,1,H1,safe_unidirectional,worst,2683.825039,604.388372
Terraced,1,H1,safe_unidirectional,best,2469.367932,531.697209
Terraced,1,H1,hybrid_bidirectional,worst,2550.365693,321.571725
Terraced,1,H1,hybrid_bidirectional,best,2205.85429,255.879134
Terraced,1,H2,safe_unidirectional,worst,2160.128507,567.729615
Terraced,1,H2,safe_unidirectional,best,1946.063512,495.065899
Terraced,1,H2,hybrid_bidirectional,worst,1692.356827,188.293531
Terraced,1,H2,hybrid_bidirectional,best,1283.450274,140.582027
Terraced,1,H3,safe_unidirectional,worst,1804.487148,542.83472
Terraced,1,H3,safe_unidirectional,best,1595.016872,470.492635
Terraced,1,H3,hybrid_bidirectional,worst,1183.021241,193.967276
Terraced,1,H3,hybrid_bidirectional,best,734.647514,114.594469
Terraced,1,H1,safe_unidirectional,worst,2724.957907,615.033441
Terraced,1,H1,safe_unidirectional,best,2521.571128,546.557998
Terraced,1,H1,hybrid_bidirectional,worst,2568.437872,321.861387
Terraced,1,H1,hybrid_bidirectional,best,2214.607488,257.155043
Terraced,1,H2,safe_unidirectional,worst,2203.645067,578.541543
Terraced,1,H2,safe_unidirectional,best,2000.572955,510.088126
Terraced,1,H2,hybrid_bidirectional,worst,1688.755737,192.341433
Terraced,1,H2,hybrid_bidirectional,best,1280.084116,144.378701
Terraced,1,H3,safe_unidirectional,worst,1845.454668,553.468215
Terraced,1,H3,safe_unidirectional,best,1650.191178,485.561401
Terraced,1,H3,hybrid_bidirectional,worst,1155.795758,193.328152
Terraced,1,H3,hybrid_bidirectional,best,729.667085,126.497986
Terraced,1,H1,safe_unidirectional,worst,2749.088419,616.326965
Terraced,1,H1,safe_unidirectional,best,2546.793648,548.342414
Terraced,1,H1,hybrid_bidirectional,worst,2623.445084,324.59999
Terraced,1,H1,hybrid_bidirectional,best,2284.248698,262.239677
Terraced,1,H2,safe_unidirectional,worst,2228.804391,579.907083
Terraced,1,H2,safe_unidirectional,best,2026.7735,511.941004
Terraced,1,H2,hybrid_bidirectional,worst,1804.755561,192.41391
Terraced,1,H2,hybrid_bidirectional,best,1362.0873,141.68366
Terraced,1,H3,safe_unidirectional,worst,1870.44764,554.822111
Terraced,1,H3,safe_unidirectional,best,1674.631728,487.29108
Terraced,1,H3,hybrid_bidirectional,worst,1226.055058,201.807134
Terraced,1,H3,hybrid_bidirectional,best,808.060703,125.30409
Terraced,1,H1,safe_unidirectional,worst,2540.990699,556.450627
Terraced,1,H1,safe_unidirectional,best,2342.856052,488.95328
Terraced,1,H1,hybrid_bidirectional,worst,2389.132908,295.98814
Terraced,1,H1,hybrid_bidirectional,best,2071.396735,236.920632
Terraced,1,H2,safe_unidirectional,worst,2018.161923,519.852612
Terraced,1,H2,safe_unidirectional,best,1819.125475,452.292139
Terraced,1,H2,hybrid_bidirectional,worst,1539.350681,171.225402
Terraced,1,H2,hybrid_bidirectional,best,1147.638242,125.562022
Terraced,1,H3,safe_unidirectional,worst,1660.997244,494.851085
Terraced,1,H3,safe_unidirectional,best,1466.311338,427.59515
Terraced,1,H3,hybrid_bidirectional,worst,1039.428238,163.834422
Terraced,1,H3,hybrid_bidirectional,best,649.182361,94.656916
Terraced,1,H1,safe_unidirectional,worst,2690.631239,595.00973
Terraced,1,H1,safe_unidirectional,best,2503.354103,532.188566
Terraced,1,H1,hybrid_bidirectional,worst,2542.58778,315.22049
Terraced,1,H1,hybrid_bidirectional,best,2232.307976,253.283482
Terraced,1,H2,safe_unidirectional,worst,2169.871383,558.55654
Terraced,1,H2,safe_unidirectional,best,1982.736355,495.745324
Terraced,1,H2,hybrid_bidirectional,worst,1713.431922,184.82345
Terraced,1,H2,hybrid_bidirectional,best,1313.768756,136.156389
Terraced,1,H3,safe_unidirectional,worst,1811.11974,533.443925
Terraced,1,H3,safe_unidirectional,best,1630.169891,471.065671
Terraced,1,H3,hybrid_bidirectional,worst,1176.110266,187.197602
Terraced,1,H3,hybrid_bidirectional,best,721.584055,102.461929
Terraced,1,H1,safe_unidirectional,worst,2693.011891,604.356124
Terraced,1,H1,safe_unidirectional,best,2499.068431,539.192528
Terraced,1,H1,hybrid_bidirectional,worst,2524.250498,314.383088
Terraced,1,H1,hybrid_bidirectional,best,2225.451032,254.87329
Terraced,1,H2,safe_unidirectional,worst,2168.017607,567.606524
Terraced,1,H2,safe_unidirectional,best,1975.635952,502.552254
Terraced,1,H2,hybrid_bidirectional,worst,1679.558365,180.102588
Terraced,1,H2,hybrid_bidirectional,best,1282.30705,134.227751
Terraced,1,H3,safe_unidirectional,worst,1812.113894,542.693264
Terraced,1,H3,safe_unidirectional,best,1624.740576,477.989578
Terraced,1,H3,hybrid_bidirectional,worst,1175.50532,184.142023
Terraced,1,H3,hybrid_bidirectional,best,757.378258,107.731093
Terraced,1,H1,safe_unidirectional,worst,2688.104783,604.215857
Terraced,1,H1,safe_unidirectional,best,2481.591026,534.356854
Terraced,1,H1,hybrid_bidirectional,worst,2547.923222,313.887993
Terraced,1,H1,hybrid_bidirectional,best,2231.815348,254.328715
Terraced,1,H2,safe_unidirectional,worst,2162.535883,567.426034
Terraced,1,H2,safe_unidirectional,best,1954.766671,497.479149
Terraced,1,H2,hybrid_bidirectional,worst,1681.672371,186.236178
Terraced,1,H2,hybrid_bidirectional,best,1278.539104,137.357308
Terraced,1,H3,safe_unidirectional,worst,1806.284764,542.488456
Terraced,1,H3,safe_unidirectional,best,1604.704635,472.974807
Terraced,1,H3,hybrid_bidirectional,worst,1152.468139,187.349822
Terraced,1,H3,hybrid_bidirectional,best,736.873522,107.645658
Terraced,1,H1,safe_unidirectional,worst,2604.355507,579.890543
Terraced,1,H1,safe_unidirectional,best,2406.900487,513.451332
Terraced,1,H1,hybrid_bidirectional,worst,2444.811268,311.629933
Terraced,1,H1,hybrid_bidirectional,best,2127.790343,251.119619
Terraced,1,H2,safe_unidirectional,worst,2082.771115,543.379635
Terraced,1,H2,safe_unidirectional,best,1885.652411,476.963967
Terraced,1,H2,hybrid_bidirectional,worst,1650.073019,189.352035
Terraced,1,H2,hybrid_bidirectional,best,1226.658715,138.264437
Terraced,1,H3,safe_unidirectional,worst,1726.951256,518.472245
Terraced,1,H3,safe_unidirectional,best,1536.298208,452.509173
Terraced,1,H3,hybrid_bidirectional,worst,1156.888666,192.640892
Terraced,1,H3,hybrid_bidirectional,best,695.170327,102.173648
Terraced,1,H1,safe_unidirectional,worst,2737.269431,615.569206
Terraced,1,H1,safe_unidirectional,best,2544.816188,550.574993
Terraced,1,H1,hybrid_bidirectional,worst,2619.864858,321.940763
Terraced,1,H1,hybrid_bidirectional,best,2305.78904,262.154025
Terraced,1,H2,safe_unidirectional,worst,2212.290739,578.820697
Terraced,1,H2,safe_unidirectional,best,2019.097203,513.774664
Terraced,1,H2,hybrid_bidirectional,worst,1782.53355,197.705498
Terraced,1,H2,hybrid_bidirectional,best,1374.282694,147.625357
Terraced,1,H3,safe_unidirectional,worst,1856.850966,553.939913
Terraced,1,H3,safe_unidirectional,best,1669.525128,489.304618
Terraced,1,H3,hybrid_bidirectional,worst,1245.238683,209.253847
Terraced,1,H3,hybrid_bidirectional,best,787.149156,116.696429
Terraced,1,H1,safe_unidirectional,worst,2765.854707,629.907817
Terraced,1,H1,safe_unidirectional,best,2554.482472,558.156482
Terraced,1,H1,hybrid_bidirectional,worst,2633.794068,323.12919
Terraced,1,H1,hybrid_bidirectional,best,2332.189498,262.863197
Terraced,1,H2,safe_unidirectional,worst,2244.412864,593.406888
Terraced,1,H2,safe_unidirectional,best,2031.032032,521.514951
Terraced,1,H2,hybrid_bidirectional,worst,1766.480696,192.702079
Terraced,1,H2,hybrid_bidirectional,best,1361.897503,142.174531
Terraced,1,H3,safe_unidirectional,worst,1887.441068,568.418863
Terraced,1,H3,safe_unidirectional,best,1680.343966,496.966786
Terraced,1,H3,hybrid_bidirectional,worst,1239.873978,211.420426
Terraced,1,H3,hybrid_bidirectional,best,805.429179,121.085517
Terraced,1,H1,safe_unidirectional,worst,2733.588147,618.320919
Terraced,1,H1,safe_unidirectional,best,2523.239895,547.068505
Terraced,1,H1,hybrid_bidirectional,worst,2589.378823,333.244032
Terraced,1,H1,hybrid_bidirectional,best,2264.422716,268.883415
Terraced,1,H2,safe_unidirectional,worst,2210.115651,581.677844
Terraced,1,H2,safe_unidirectional,best,2001.581043,510.552385
Terraced,1,H2,hybrid_bidirectional,worst,1791.862393,195.040234
Terraced,1,H2,hybrid_bidirectional,best,1345.972346,143.9129
Terraced,1,H3,safe_unidirectional,worst,1854.215344,556.764823
Terraced,1,H3,safe_unidirectional,best,1649.884384,485.933619
Terraced,1,H3,hybrid_bidirectional,worst,1254.446029,203.816957
Terraced,1,H3,hybrid_bidirectional,best,804.063411,115.533958
Terraced,1,H1,safe_unidirectional,worst,2813.603391,636.556152
Terraced,1,H1,safe_unidirectional,best,2595.38574,562.634915
Terraced,1,H1,hybrid_bidirectional,worst,2674.066151,329.140889
Terraced,1,H1,hybrid_bidirectional,best,2341.985111,262.814707
Terraced,1,H2,safe_unidirectional,worst,2289.111919,599.841749
Terraced,1,H2,safe_unidirectional,best,2072.091011,526.004284
Terraced,1,H2,hybrid_bidirectional,worst,1835.570894,204.497695
Terraced,1,H2,hybrid_bidirectional,best,1390.66966,149.256187
Terraced,1,H3,safe_unidirectional,worst,1933.181304,574.926606
Terraced,1,H3,safe_unidirectional,best,1721.684279,501.475813
Terraced,1,H3,hybrid_bidirectional,worst,1248.817993,211.569272
Terraced,1,H3,hybrid_bidirectional,best,808.459185,128.171608
Terraced,1,H1,safe_unidirectional,worst,2609.046603,577.851586
Terraced,1,H1,safe_unidirectional,best,2414.018863,511.711366
Terraced,1,H1,hybrid_bidirectional,worst,2441.373183,306.521087
Terraced,1,H1,hybrid_bidirectional,best,2117.789912,246.965648
Terraced,1,H2,safe_unidirectional,worst,2085.702903,541.217527
Terraced,1,H2,safe_unidirectional,best,1888.671467,474.937048
Terraced,1,H2,hybrid_bidirectional,worst,1592.842719,171.406966
Terraced,1,H2,hybrid_bidirectional,best,1177.24201,126.316058
Terraced,1,H3,safe_unidirectional,worst,1730.327968,516.341281
Terraced,1,H3,safe_unidirectional,best,1540.1569,450.541028
Terraced,1,H3,hybrid_bidirectional,worst,1080.502891,166.905242
Terraced,1,H3,hybrid_bidirectional,best,688.310395,100.362292
Terraced,1,H1,safe_unidirectional,worst,2887.545951,657.904896
Terraced,1,H1,safe_unidirectional,best,2675.091887,585.648102
Terraced,1,H1,hybrid_bidirectional,worst,2780.70692,351.192272
Terraced,1,H1,hybrid_bidirectional,best,2438.428848,284.904733
Terraced,1,H2,safe_unidirectional,worst,2361.818195,621.103953
Terraced,1,H2,safe_unidirectional,best,2149.517763,548.857913
Terraced,1,H2,hybrid_bidirectional,worst,1876.412124,213.17221
Terraced,1,H2,hybrid_bidirectional,best,1428.263428,160.895989
Terraced,1,H3,safe_unidirectional,worst,2006.307588,596.218211
Terraced,1,H3,safe_unidirectional,best,1798.495348,524.286344
Terraced,1,H3,hybrid_bidirectional,worst,1289.608747,210.895711
Terraced,1,H3,hybrid_bidirectional,best,838.072227,133.436459
Terraced,1,H1,safe_unidirectional,worst,2604.821551,574.176824
Terraced,1,H1,safe_unidirectional,best,2413.891327,509.634172
Terraced,1,H1,hybrid_bidirectional,worst,2455.692582,297.046703
Terraced,1,H1,hybrid_bidirectional,best,2146.644888,235.79326
Terraced,1,H2,safe_unidirectional,worst,2082.039519,537.582082
Terraced,1,H2,safe_unidirectional,best,1890.492059,472.996223
Terraced,1,H2,hybrid_bidirectional,worst,1622.070801,175.31009
Terraced,1,H2,hybrid_bidirectional,best,1219.035301,126.653189
Terraced,1,H3,safe_unidirectional,worst,1725.518272,512.625595
Terraced,1,H3,safe_unidirectional,best,1538.819702,448.379158
Terraced,1,H3,hybrid_bidirectional,worst,1096.784152,180.829864
Terraced,1,H3,hybrid_bidirectional,best,669.240355,98.849829
Terraced,1,H1,safe_unidirectional,worst,2736.245939,610.940101
Terraced,1,H1,safe_unidirectional,best,2518.98228,536.960347
Terraced,1,H1,hybrid_bidirectional,worst,2599.332776,324.880787
Terraced,1,H1,hybrid_bidirectional,best,2251.313624,256.166202
Terraced,1,H2,safe_unidirectional,worst,2214.594731,574.424517
Terraced,1,H2,safe_unidirectional,best,1995.625316,500.32536
Terraced,1,H2,hybrid_bidirectional,worst,1714.491414,188.34396
Terraced,1,H2,hybrid_bidirectional,best,1265.496234,131.652341
Terraced,1,H3,safe_unidirectional,worst,1858.309548,549.484554
Terraced,1,H3,safe_unidirectional,best,1644.59402,475.753169
Terraced,1,H3,hybrid_bidirectional,worst,1162.649501,190.661894
Terraced,1,H3,hybrid_bidirectional,best,651.530075,96.898336
Terraced,1,H1,safe_unidirectional,worst,2736.092719,619.794123
Terraced,1,H1,safe_unidirectional,best,2527.165587,548.797929
Terraced,1,H1,hybrid_bidirectional,worst,2586.791884,324.64448
Terraced,1,H1,hybrid_bidirectional,best,2252.565412,262.595231
Terraced,1,H2,safe_unidirectional,worst,2215.898319,583.380515
Terraced,1,H2,safe_unidirectional,best,2005.537996,512.283998
Terraced,1,H2,hybrid_bidirectional,worst,1740.17523,199.801108
Terraced,1,H2,hybrid_bidirectional,best,1315.739222,148.332378
Terraced,1,H3,safe_unidirectional,worst,1855.834824,558.17607
Terraced,1,H3,safe_unidirectional,best,1651.530296,487.503459
Terraced,1,H3,hybrid_bidirectional,worst,1175.31522,188.503631
Terraced,1,H3,hybrid_bidirectional,best,763.957472,116.410539
Terraced,1,H1,safe_unidirectional,worst,2758.686231,610.110634
Terraced,1,H1,safe_unidirectional,best,2569.186304,545.925901
Terraced,1,H1,hybrid_bidirectional,worst,2624.723948,321.950583
Terraced,1,H1,hybrid_bidirectional,best,2308.344678,263.261686
Terraced,1,H2,safe_unidirectional,worst,2233.604618,573.354921
Terraced,1,H2,safe_unidirectional,best,2044.823962,509.220537
Terraced,1,H2,hybrid_bidirectional,worst,1753.869682,192.79251
Terraced,1,H2,hybrid_bidirectional,best,1332.258099,142.565365
Terraced,1,H3,safe_unidirectional,worst,1877.552012,548.431239
Terraced,1,H3,safe_unidirectional,best,1692.537308,484.560471
Terraced,1,H3,hybrid_bidirectional,worst,1161.461153,180.005947
Terraced,1,H3,hybrid_bidirectional,best,762.731061,112.346293
Terraced,1,H1,safe_unidirectional,worst,2616.013467,578.330956
Terraced,1,H1,safe_unidirectional,best,2447.075072,521.434297
Terraced,1,H1,hybrid_bidirectional,worst,2454.162264,299.507281
Terraced,1,H1,hybrid_bidirectional,best,2149.385132,246.634944
Terraced,1,H2,safe_unidirectional,worst,2091.007007,541.580503
Terraced,1,H2,safe_unidirectional,best,1920.975571,484.607332
Terraced,1,H2,hybrid_bidirectional,worst,1609.360087,180.637655
Terraced,1,H2,hybrid_bidirectional,best,1189.893581,135.641775
Terraced,1,H3,safe_unidirectional,worst,1735.395542,516.687701
Terraced,1,H3,safe_unidirectional,best,1571.949912,460.175536
Terraced,1,H3,hybrid_bidirectional,worst,1111.090323,178.622387
Terraced,1,H3,hybrid_bidirectional,best,720.752113,108.966442
Terraced,1,H1,safe_unidirectional,worst,2661.950723,594.648747
Terraced,1,H1,safe_unidirectional,best,2469.531332,529.793614
Terraced,1,H1,hybrid_bidirectional,worst,2517.803968,310.889951
Terraced,1,H1,hybrid_bidirectional,best,2211.237864,250.713831
Terraced,1,H2,safe_unidirectional,worst,2138.947572,558.038526
Terraced,1,H2,safe_unidirectional,best,1945.4001,493.104427
Terraced,1,H2,hybrid_bidirectional,worst,1703.553608,174.7765
Terraced,1,H2,hybrid_bidirectional,best,1302.49499,130.2654
Terraced,1,H3,safe_unidirectional,worst,1782.083544,533.058044
Terraced,1,H3,safe_unidirectional,best,1595.172706,468.58851
Terraced,1,H3,hybrid_bidirectional,worst,1131.189432,183.109396
Terraced,1,H3,hybrid_bidirectional,best,701.730325,106.128493
Terraced,1,H1,safe_unidirectional,worst,2663.106671,593.460803
Terraced,1,H1,safe_unidirectional,best,2471.751088,528.595628
Terraced,1,H1,hybrid_bidirectional,worst,2513.729958,302.457324
Terraced,1,H1,hybrid_bidirectional,best,2196.072242,244.801852
Terraced,1,H2,safe_unidirectional,worst,2141.281323,556.933029
Terraced,1,H2,safe_unidirectional,best,1947.795307,491.918723
Terraced,1,H2,hybrid_bidirectional,worst,1657.602863,170.583609
Terraced,1,H2,hybrid_bidirectional,best,1244.30009,125.213276
Terraced,1,H3,safe_unidirectional,worst,1783.055588,531.857227
Terraced,1,H3,safe_unidirectional,best,1596.123895,467.301724
Terraced,1,H3,hybrid_bidirectional,worst,1118.884495,171.476517
Terraced,1,H3,hybrid_bidirectional,best,657.569596,95.212372
Terraced,1,H1,safe_unidirectional,worst,2745.085083,614.070807
Terraced,1,H1,safe_unidirectional,best,2551.611319,548.795187
Terraced,1,H1,hybrid_bidirectional,worst,2611.00977,317.281643
Terraced,1,H1,hybrid_bidirectional,best,2288.995594,260.108408
Terraced,1,H2,safe_unidirectional,worst,2223.613639,577.567806
Terraced,1,H2,safe_unidirectional,best,2028.975624,512.210688
Terraced,1,H2,hybrid_bidirectional,worst,1763.815432,197.736059
Terraced,1,H2,hybrid_bidirectional,best,1331.472344,142.401762
Terraced,1,H3,safe_unidirectional,worst,1866.365396,552.560429
Terraced,1,H3,safe_unidirectional,best,1678.641508,487.6873
Terraced,1,H3,hybrid_bidirectional,worst,1239.483748,194.671406
Terraced,1,H3,hybrid_bidirectional,best,762.471447,113.299441
Terraced,1,H1,safe_unidirectional,worst,2733.541391,614.220927
Terraced,1,H1,safe_unidirectional,best,2517.45684,540.55539
Terraced,1,H1,hybrid_bidirectional,worst,2601.174164,328.163668
Terraced,1,H1,hybrid_bidirectional,best,2234.724967,259.345295
Terraced,1,H2,safe_unidirectional,worst,2210.403827,577.601297
Terraced,1,H2,safe_unidirectional,best,1994.414924,503.942456
Terraced,1,H2,hybrid_bidirectional,worst,1761.478815,191.104461
Terraced,1,H2,hybrid_bidirectional,best,1321.063626,137.617036
Terraced,1,H3,safe_unidirectional,worst,1853.754768,552.635863
Terraced,1,H3,safe_unidirectional,best,1642.248238,479.290788
Terraced,1,H3,hybrid_bidirectional,worst,1170.879065,181.290557
Terraced,1,H3,hybrid_bidirectional,best,709.087154,93.634933
Terraced,1,H1,safe_unidirectional,worst,2579.095447,571.227799
Terraced,1,H1,safe_unidirectional,best,2395.888115,509.313232
Terraced,1,H1,hybrid_bidirectional,worst,2413.47236,304.715399
Terraced,1,H1,hybrid_bidirectional,best,2093.924382,247.266758
Terraced,1,H2,safe_unidirectional,worst,2059.425119,534.850876
Terraced,1,H2,safe_unidirectional,best,1874.910844,472.844823
Terraced,1,H2,hybrid_bidirectional,worst,1577.66288,182.562129
Terraced,1,H2,hybrid_bidirectional,best,1191.424406,138.255525
Terraced,1,H3,safe_unidirectional,worst,1704.2659,509.989731
Terraced,1,H3,safe_unidirectional,best,1524.899319,448.344016
Terraced,1,H3,hybrid_bidirectional,worst,1104.692091,175.409234
Terraced,1,H3,hybrid_bidirectional,best,721.339299,108.533915
Terraced,1,H1,safe_unidirectional,worst,2818.364143,641.248758
Terraced,1,H1,safe_unidirectional,best,2619.109244,573.814082
Terraced,1,H1,hybrid_bidirectional,worst,2708.062985,330.165621
Terraced,1,H1,hybrid_bidirectional,best,2375.059797,268.65322
Terraced,1,H2,safe_unidirectional,worst,2292.977559,604.471697
Terraced,1,H2,safe_unidirectional,best,2094.714756,537.106468
Terraced,1,H2,hybrid_bidirectional,worst,1848.609434,202.697773
Terraced,1,H2,hybrid_bidirectional,best,1360.821451,145.686306
Terraced,1,H3,safe_unidirectional,worst,1938.112232,579.631124
Terraced,1,H3,safe_unidirectional,best,1744.643835,512.601503
Terraced,1,H3,hybrid_bidirectional,worst,1289.669048,203.31943
Terraced,1,H3,hybrid_bidirectional,best,798.015734,124.046884
Terraced,1,H1,safe_unidirectional,worst,2702.659107,606.509094
Terraced,1,H1,safe_unidirectional,best,2506.153247,540.46787
Terraced,1,H1,hybrid_bidirectional,worst,2554.671166,321.723943
Terraced,1,H1,hybrid_bidirectional,best,2205.14366,258.037242
Terraced,1,H2,safe_unidirectional,worst,2178.131495,569.792162
Terraced,1,H2,safe_unidirectional,best,1981.373171,503.733264
Terraced,1,H2,hybrid_bidirectional,worst,1703.854783,183.010777
Terraced,1,H2,hybrid_bidirectional,best,1271.314119,136.195619
Terraced,1,H3,safe_unidirectional,worst,1822.460286,544.895177
Terraced,1,H3,safe_unidirectional,best,1632.14077,479.286996
Terraced,1,H3,hybrid_bidirectional,worst,1175.49285,176.705849
Terraced,1,H3,hybrid_bidirectional,best,699.314125,101.096474
Terraced,1,H1,safe_unidirectional,worst,2600.503615,574.759696
Terraced,1,H1,safe_unidirectional,best,2394.845863,504.971604
Terraced,1,H1,hybrid_bidirectional,worst,2442.998576,305.505396
Terraced,1,H1,hybrid_bidirectional,best,2107.584092,241.635289
Terraced,1,H2,safe_unidirectional,worst,2078.567888,538.224195
Terraced,1,H2,safe_unidirectional,best,1872.15629,468.383334
Terraced,1,H2,hybrid_bidirectional,worst,1573.350028,178.324671
Terraced,1,H2,hybrid_bidirectional,best,1153.594259,128.497648
Terraced,1,H3,safe_unidirectional,worst,1720.442972,513.155451
Terraced,1,H3,safe_unidirectional,best,1520.320304,443.754815
Terraced,1,H3,hybrid_bidirectional,worst,1112.438166,163.932022
Terraced,1,H3,hybrid_bidirectional,best,679.792065,92.450816
Terraced,1,H1,safe_unidirectional,worst,2613.310755,580.323491
Terraced,1,H1,safe_unidirectional,best,2428.388872,517.334809
Terraced,1,H1,hybrid_bidirectional,worst,2475.674523,300.302178
Terraced,1,H1,hybrid_bidirectional,best,2162.001627,242.593196
Terraced,1,H2,safe_unidirectional,worst,2092.377343,543.858152
Terraced,1,H2,safe_unidirectional,best,1906.775208,480.821853
Terraced,1,H2,hybrid_bidirectional,worst,1631.85811,170.372035
Terraced,1,H2,hybrid_bidirectional,best,1219.270799,123.689154
Terraced,1,H3,safe_unidirectional,worst,1736.530938,518.948904
Terraced,1,H3,safe_unidirectional,best,1555.781064,456.252262
Terraced,1,H3,hybrid_bidirectional,worst,1102.919296,177.227145
Terraced,1,H3,hybrid_bidirectional,best,690.571368,108.059019
Terraced,1,H1,safe_unidirectional,worst,2794.092439,630.375149
Terraced,1,H1,safe_unidirectional,best,2599.247139,564.085532
Terraced,1,H1,hybrid_bidirectional,worst,2666.740075,336.136049
Terraced,1,H1,hybrid_bidirectional,best,2359.210173,274.247649
Terraced,1,H2,safe_unidirectional,worst,2273.398907,593.926602
Terraced,1,H2,safe_unidirectional,best,2075.574004,527.428412
Terraced,1,H2,hybrid_bidirectional,worst,1826.324661,211.693502
Terraced,1,H2,hybrid_bidirectional,best,1431.365457,159.295244
Terraced,1,H3,safe_unidirectional,worst,1916.82158,568.966189
Terraced,1,H3,safe_unidirectional,best,1725.227935,502.904187
Terraced,1,H3,hybrid_bidirectional,worst,1276.773438,217.468595
Terraced,1,H3,hybrid_bidirectional,best,830.110627,133.339233
Terraced,1,H1,safe_unidirectional,worst,2714.001991,607.613377
Terraced,1,H1,safe_unidirectional,best,2530.421679,545.04323
Terraced,1,H1,hybrid_bidirectional,worst,2537.724404,321.158853
Terraced,1,H1,hybrid_bidirectional,best,2263.855478,264.68246
Terraced,1,H2,safe_unidirectional,worst,2192.895051,571.135891
Terraced,1,H2,safe_unidirectional,best,2006.257164,508.351714
Terraced,1,H2,hybrid_bidirectional,worst,1707.622882,190.242222
Terraced,1,H2,hybrid_bidirectional,best,1321.909928,143.500656
Terraced,1,H3,safe_unidirectional,worst,1836.321496,546.175742
Terraced,1,H3,safe_unidirectional,best,1655.452727,483.795403
Terraced,1,H3,hybrid_bidirectional,worst,1200.997609,190.517669
Terraced,1,H3,hybrid_bidirectional,best,763.740887,112.19073
Terraced,1,H1,safe_unidirectional,worst,2725.006255,615.708829
Terraced,1,H1,safe_unidirectional,best,2533.516939,551.383627
Terraced,1,H1,hybrid_bidirectional,worst,2603.252311,321.122608
Terraced,1,H1,hybrid_bidirectional,best,2289.672062,262.631635
Terraced,1,H2,safe_unidirectional,worst,2201.447531,579.059718
Terraced,1,H2,safe_unidirectional,best,2009.089576,514.673711
Terraced,1,H2,hybrid_bidirectional,worst,1759.240603,199.877107
Terraced,1,H2,hybrid_bidirectional,best,1382.128959,152.931803
Terraced,1,H3,safe_unidirectional,worst,1844.670464,554.085324
Terraced,1,H3,safe_unidirectional,best,1660.168866,490.249262
Terraced,1,H3,hybrid_bidirectional,worst,1242.546181,209.27092
Terraced,1,H3,hybrid_bidirectional,best,811.713382,126.292236
Terraced,1,H1,safe_unidirectional,worst,2712.229283,609.841591
Terraced,1,H1,safe_unidirectional,best,2507.223687,540.563044
Terraced,1,H1,hybrid_bidirectional,worst,2577.305109,315.13029
Terraced,1,H1,hybrid_bidirectional,best,2230.044922,251.539971
Terraced,1,H2,safe_unidirectional,worst,2188.542947,573.183547
Terraced,1,H2,safe_unidirectional,best,1983.335136,503.890846
Terraced,1,H2,hybrid_bidirectional,worst,1734.079813,195.453786
Terraced,1,H2,hybrid_bidirectional,best,1324.459837,142.341924
Terraced,1,H3,safe_unidirectional,worst,1831.240418,548.17237
Terraced,1,H3,safe_unidirectional,best,1631.358195,479.25246
Terraced,1,H3,hybrid_bidirectional,worst,1224.421367,204.323268
Terraced,1,H3,hybrid_bidirectional,best,774.322607,119.990495
Terraced,1,H1,safe_unidirectional,worst,2698.207715,603.379276
Terraced,1,H1,safe_unidirectional,best,2500.488979,536.247946
Terraced,1,H1,hybrid_bidirectional,worst,2558.254539,311.542734
Terraced,1,H1,hybrid_bidirectional,best,2239.155047,252.130986
Terraced,1,H2,safe_unidirectional,worst,2174.926058,566.74956
Terraced,1,H2,safe_unidirectional,best,1977.070142,499.608628
Terraced,1,H2,hybrid_bidirectional,worst,1690.591918,183.23684
Terraced,1,H2,hybrid_bidirectional,best,1261.88044,128.944079
Terraced,1,H3,safe_unidirectional,worst,1821.106448,541.982187
Terraced,1,H3,safe_unidirectional,best,1627.816078,475.160843
Terraced,1,H3,hybrid_bidirectional,worst,1167.17455,187.812115
Terraced,1,H3,hybrid_bidirectional,best,739.738349,108.108572
Terraced,1,H1,safe_unidirectional,worst,2771.080559,622.976684
Terraced,1,H1,safe_unidirectional,best,2556.544764,549.508654
Terraced,1,H1,hybrid_bidirectional,worst,2605.060498,340.273076
Terraced,1,H1,hybrid_bidirectional,best,2253.481278,267.932766
Terraced,1,H2,safe_unidirectional,worst,2249.457207,586.463049
Terraced,1,H2,safe_unidirectional,best,2030.810032,512.707223
Terraced,1,H2,hybrid_bidirectional,worst,1741.740985,196.52528
Terraced,1,H2,hybrid_bidirectional,best,1298.413238,142.06935
Terraced,1,H3,safe_unidirectional,worst,1892.643098,561.486061
Terraced,1,H3,safe_unidirectional,best,1682.13549,488.300005
Terraced,1,H3,hybrid_bidirectional,worst,1236.313112,193.459022
Terraced,1,H3,hybrid_bidirectional,best,746.039154,104.516094
Terraced,1,H1,safe_unidirectional,worst,2730.980859,611.670544
Terraced,1,H1,safe_unidirectional,best,2531.125796,543.266934
Terraced,1,H1,hybrid_bidirectional,worst,2579.848282,326.589469
Terraced,1,H1,hybrid_bidirectional,best,2275.946626,267.305126
Terraced,1,H2,safe_unidirectional,worst,2208.689759,575.110167
Terraced,1,H2,safe_unidirectional,best,2005.900888,506.50119
Terraced,1,H2,hybrid_bidirectional,worst,1727.281034,191.129547
Terraced,1,H2,hybrid_bidirectional,best,1304.953481,140.535144
Terraced,1,H3,safe_unidirectional,worst,1852.164872,550.153425
Terraced,1,H3,safe_unidirectional,best,1654.514998,481.904178
Terraced,1,H3,hybrid_bidirectional,worst,1190.400958,191.448623
Terraced,1,H3,hybrid_bidirectional,best,770.682463,118.75871
Terraced,1,H1,safe_unidirectional,worst,2713.792531,607.117933
Terraced,1,H1,safe_unidirectional,best,2502.185895,535.703285
Terraced,1,H1,hybrid_bidirectional,worst,2554.309838,322.538099
Terraced,1,H1,hybrid_bidirectional,best,2215.791356,255.640902
Terraced,1,H2,safe_unidirectional,worst,2193.141031,570.672328
Terraced,1,H2,safe_unidirectional,best,1981.888931,499.282497
Terraced,1,H2,hybrid_bidirectional,worst,1698.249984,192.799046
Terraced,1,H2,hybrid_bidirectional,best,1279.355443,137.357847
Terraced,1,H3,safe_unidirectional,worst,1837.261366,545.760752
Terraced,1,H3,safe_unidirectional,best,1631.548399,474.75866
Terraced,1,H3,hybrid_bidirectional,worst,1231.707632,208.531358
Terraced,1,H3,hybrid_bidirectional,best,807.912976,117.570468
Terraced,1,H1,safe_unidirectional,worst,2587.378091,564.857659
Terraced,1,H1,safe_unidirectional,best,2387.803203,497.595443
Terraced,1,H1,hybrid_bidirectional,worst,2434.833632,298.935298
Terraced,1,H1,hybrid_bidirectional,best,2129.591847,240.49024
Terraced,1,H2,safe_unidirectional,worst,2064.372223,528.247248
Terraced,1,H2,safe_unidirectional,best,1866.357982,461.094277
Terraced,1,H2,hybrid_bidirectional,worst,1606.1091,168.627866
Terraced,1,H2,hybrid_bidirectional,best,1223.478826,123.393825
Terraced,1,H3,safe_unidirectional,worst,1708.613856,503.344163
Terraced,1,H3,safe_unidirectional,best,1515.27029,436.518139
Terraced,1,H3,hybrid_bidirectional,worst,1120.779473,174.495068
Terraced,1,H3,hybrid_bidirectional,best,710.170593,102.805945
Terraced,1,H1,safe_unidirectional,worst,2656.905359,593.763733
Terraced,1,H1,safe_unidirectional,best,2440.472876,520.558416
Terraced,1,H1,hybrid_bidirectional,worst,2509.918326,312.699859
Terraced,1,H1,hybrid_bidirectional,best,2176.1262,246.139197
Terraced,1,H2,safe_unidirectional,worst,2134.199587,557.174329
Terraced,1,H2,safe_unidirectional,best,1919.098964,484.062242
Terraced,1,H2,hybrid_bidirectional,worst,1666.146394,189.61255
Terraced,1,H2,hybrid_bidirectional,best,1267.53115,140.898369
Terraced,1,H3,safe_unidirectional,worst,1778.25394,532.258133
Terraced,1,H3,safe_unidirectional,best,1568.630339,459.529438
Terraced,1,H3,hybrid_bidirectional,worst,1149.935927,174.722675
Terraced,1,H3,hybrid_bidirectional,best,699.898137,102.083615
Terraced,1,H1,safe_unidirectional,worst,2821.519247,636.583372
Terraced,1,H1,safe_unidirectional,best,2612.019748,566.038985
Terraced,1,H1,hybrid_bidirectional,worst,2701.129005,337.720832
Terraced,1,H1,hybrid_bidirectional,best,2351.508708,274.087647
Terraced,1,H2,safe_unidirectional,worst,2298.202639,599.95121
Terraced,1,H2,safe_unidirectional,best,2089.560376,529.466829
Terraced,1,H2,hybrid_bidirectional,worst,1820.030415,214.598842
Terraced,1,H2,hybrid_bidirectional,best,1393.479301,159.556102
Terraced,1,H3,safe_unidirectional,worst,1942.464234,575.049521
Terraced,1,H3,safe_unidirectional,best,1738.77748,504.912027
Terraced,1,H3,hybrid_bidirectional,worst,1263.996195,208.836655
Terraced,1,H3,hybrid_bidirectional,best,789.648403,126.574224
Terraced,1,H1,safe_unidirectional,worst,2666.753339,596.744222
Terraced,1,H1,safe_unidirectional,best,2489.060323,537.779011
Terraced,1,H1,hybrid_bidirectional,worst,2510.314542,311.844803
Terraced,1,H1,hybrid_bidirectional,best,2207.218603,256.487688
Terraced,1,H2,safe_unidirectional,worst,2142.100527,560.018525
Terraced,1,H2,safe_unidirectional,best,1967.457859,501.266838
Terraced,1,H2,hybrid_bidirectional,worst,1678.741144,183.296655
Terraced,1,H2,hybrid_bidirectional,best,1297.804086,141.870998
Terraced,1,H3,safe_unidirectional,worst,1786.69586,535.140198
Terraced,1,H3,safe_unidirectional,best,1617.384855,476.761728
Terraced,1,H3,hybrid_bidirectional,worst,1168.272082,190.9075
Terraced,1,H3,hybrid_bidirectional,best,743.6899,114.841852
Terraced,1,H1,safe_unidirectional,worst,2795.354447,629.620905
Terraced,1,H1,safe_unidirectional,best,2600.627192,563.402213
Terraced,1,H1,hybrid_bidirectional,worst,2650.882387,326.538475
Terraced,1,H1,hybrid_bidirectional,best,2311.599795,262.13289
Terraced,1,H2,safe_unidirectional,worst,2272.727739,593.037035
Terraced,1,H2,safe_unidirectional,best,2076.155811,526.689217
Terraced,1,H2,hybrid_bidirectional,worst,1803.508636,194.951479
Terraced,1,H2,hybrid_bidirectional,best,1386.957785,149.116319
Terraced,1,H3,safe_unidirectional,worst,1917.87522,568.197359
Terraced,1,H3,safe_unidirectional,best,1726.821367,502.235806
Terraced,1,H3,hybrid_bidirectional,worst,1286.167692,202.693138
Terraced,1,H3,hybrid_bidirectional,best,807.48697,118.107029
Terraced,1,H1,safe_unidirectional,worst,2764.276847,627.137028
Terraced,1,H1,safe_unidirectional,best,2573.415795,563.12173
Terraced,1,H1,hybrid_bidirectional,worst,2617.330339,323.361188
Terraced,1,H1,hybrid_bidirectional,best,2286.096782,262.834509
Terraced,1,H2,safe_unidirectional,worst,2242.467763,590.610392
Terraced,1,H2,safe_unidirectional,best,2052.270823,526.641582
Terraced,1,H2,hybrid_bidirectional,worst,1717.390473,194.112614
Terraced,1,H2,hybrid_bidirectional,best,1309.373114,144.305013
Terraced,1,H3,safe_unidirectional,worst,1883.584902,565.488592
Terraced,1,H3,safe_unidirectional,best,1699.690875,501.960986
Terraced,1,H3,hybrid_bidirectional,worst,1197.866441,193.495854
Terraced,1,H3,hybrid_bidirectional,best,788.438477,115.833576
Terraced,1,H1,safe_unidirectional,worst,2737.703699,621.771966
Terraced,1,H1,safe_unidirectional,best,2542.304899,555.525686
Terraced,1,H1,hybrid_bidirectional,worst,2601.09603,321.784431
Terraced,1,H1,hybrid_bidirectional,best,2275.806795,263.721017
Terraced,1,H2,safe_unidirectional,worst,2216.000211,585.252722
Terraced,1,H2,safe_unidirectional,best,2018.34126,518.848232
Terraced,1,H2,hybrid_bidirectional,worst,1724.034116,195.073224
Terraced,1,H2,hybrid_bidirectional,best,1308.380562,145.406584
Terraced,1,H3,safe_unidirectional,worst,1859.448984,560.294136
Terraced,1,H3,safe_unidirectional,best,1668.469955,494.35724
Terraced,1,H3,hybrid_bidirectional,worst,1203.244785,198.243536
Terraced,1,H3,hybrid_bidirectional,best,777.670667,122.314132
Terraced,1,H1,safe_unidirectional,worst,2711.821419,613.251086
Terraced,1,H1,safe_unidirectional,best,2505.606635,543.508935
Terraced,1,H1,hybrid_bidirectional,worst,2555.261791,324.013005
Terraced,1,H1,hybrid_bidirectional,best,2214.12474,262.788192
Terraced,1,H2,safe_unidirectional,worst,2189.866536,576.714244
Terraced,1,H2,safe_unidirectional,best,1984.5381,507.034137
Terraced,1,H2,hybrid_bidirectional,worst,1687.185054,196.740495
Terraced,1,H2,hybrid_bidirectional,best,1271.633484,145.557263
Terraced,1,H3,safe_unidirectional,worst,1834.034018,551.805968
Terraced,1,H3,safe_unidirectional,best,1632.665763,482.403074
Terraced,1,H3,hybrid_bidirectional,worst,1245.266409,208.762184
Terraced,1,H3,hybrid_bidirectional,best,785.369863,118.18243
Terraced,1,H1,safe_unidirectional,worst,2603.521615,576.210646
Terraced,1,H1,safe_unidirectional,best,2396.283171,506.10849
Terraced,1,H1,hybrid_bidirectional,worst,2452.862487,299.563112
Terraced,1,H1,hybrid_bidirectional,best,2114.410252,236.088681
Terraced,1,H2,safe_unidirectional,worst,2080.272274,539.583192
Terraced,1,H2,safe_unidirectional,best,1873.32297,469.501276
Terraced,1,H2,hybrid_bidirectional,worst,1639.085718,180.802024
Terraced,1,H2,hybrid_bidirectional,best,1190.211438,125.696229
Terraced,1,H3,safe_unidirectional,worst,1723.413332,514.603066
Terraced,1,H3,safe_unidirectional,best,1521.186462,444.85172
Terraced,1,H3,hybrid_bidirectional,worst,1129.147646,177.530607
Terraced,1,H3,hybrid_bidirectional,best,691.265259,102.572449
Terraced,1,H1,safe_unidirectional,worst,2603.952807,576.488685
Terraced,1,H1,safe_unidirectional,best,2400.94572,507.527777
Terraced,1,H1,hybrid_bidirectional,worst,2456.914552,312.964486
Terraced,1,H1,hybrid_bidirectional,best,2144.365223,249.525374
Terraced,1,H2,safe_unidirectional,worst,2080.653532,539.857736
Terraced,1,H2,safe_unidirectional,best,1878.359952,470.946773
Terraced,1,H2,hybrid_bidirectional,worst,1644.716762,186.342345
Terraced,1,H2,hybrid_bidirectional,best,1247.4802,137.250676
Terraced,1,H3,safe_unidirectional,worst,1723.700908,514.871052
Terraced,1,H3,safe_unidirectional,best,1524.455484,446.17346
Terraced,1,H3,hybrid_bidirectional,worst,1159.059303,191.450375
Terraced,1,H3,hybrid_bidirectional,best,752.006119,112.785092
Terraced,1,H1,safe_unidirectional,worst,2600.659075,573.490805
Terraced,1,H1,safe_unidirectional,best,2416.730435,511.862787
Terraced,1,H1,hybrid_bidirectional,worst,2450.085082,290.351905
Terraced,1,H1,hybrid_bidirectional,best,2132.806932,231.134279
Terraced,1,H2,safe_unidirectional,worst,2078.164135,536.916159
Terraced,1,H2,safe_unidirectional,best,1894.982392,475.340424
Terraced,1,H2,hybrid_bidirectional,worst,1617.738381,168.992788
Terraced,1,H2,hybrid_bidirectional,best,1202.49296,123.647553
Terraced,1,H3,safe_unidirectional,worst,1721.903074,511.977884
Terraced,1,H3,safe_unidirectional,best,1543.522324,450.738219
Terraced,1,H3,hybrid_bidirectional,worst,1110.429571,166.268312
Terraced,1,H3,hybrid_bidirectional,best,657.136178,89.492769
Terraced,1,H1,safe_unidirectional,worst,2725.812611,611.412503
Terraced,1,H1,safe_unidirectional,best,2529.722224,544.439377
Terraced,1,H1,hybrid_bidirectional,worst,2564.098234,319.891417
Terraced,1,H1,hybrid_bidirectional,best,2244.942854,257.985824
Terraced,1,H2,safe_unidirectional,worst,2204.043591,574.888671
Terraced,1,H2,safe_unidirectional,best,2005.989684,507.7781
Terraced,1,H2,hybrid_bidirectional,worst,1692.384203,184.983063
Terraced,1,H2,hybrid_bidirectional,best,1282.095829,137.589523
Terraced,1,H3,safe_unidirectional,worst,1847.813716,549.95258
Terraced,1,H3,safe_unidirectional,best,1654.247139,483.156121
Terraced,1,H3,hybrid_bidirectional,worst,1189.530447,191.776574
Terraced,1,H3,hybrid_bidirectional,best,739.442159,116.788806
Terraced,1,H1,safe_unidirectional,worst,2796.522827,639.689484
Terraced,1,H1,safe_unidirectional,best,2588.775391,569.750271
Terraced,1,H1,hybrid_bidirectional,worst,2669.99105,332.964818
Terraced,1,H1,hybrid_bidirectional,best,2338.611915,273.871279
Terraced,1,H2,safe_unidirectional,worst,2275.810723,603.239636
Terraced,1,H2,safe_unidirectional,best,2068.617116,533.339192
Terraced,1,H2,hybrid_bidirectional,worst,1812.936389,208.983268
Terraced,1,H2,hybrid_bidirectional,best,1410.936785,157.101236
Terraced,1,H3,safe_unidirectional,worst,1915.882186,578.044639
Terraced,1,H3,safe_unidirectional,best,1714.243164,508.533015
Terraced,1,H3,hybrid_bidirectional,worst,1268.170086,223.90677
Terraced,1,H3,hybrid_bidirectional,best,839.090253,143.12249
Terraced,1,H1,safe_unidirectional,worst,2567.611511,560.068012
Terraced,1,H1,safe_unidirectional,best,2381.086964,497.219809
Terraced,1,H1,hybrid_bidirectional,worst,2405.831787,303.176325
Terraced,1,H1,hybrid_bidirectional,best,2080.511022,243.902305
Terraced,1,H2,safe_unidirectional,worst,2044.541411,523.453105
Terraced,1,H2,safe_unidirectional,best,1857.062735,460.538113
Terraced,1,H2,hybrid_bidirectional,worst,1551.005807,171.355309
Terraced,1,H2,hybrid_bidirectional,best,1171.780867,128.61044
Terraced,1,H3,safe_unidirectional,worst,1686.36412,498.380695
Terraced,1,H3,safe_unidirectional,best,1505.162606,435.905104
Terraced,1,H3,hybrid_bidirectional,worst,1083.571529,166.457772
Terraced,1,H3,hybrid_bidirectional,best,651.745308,92.765763
Terraced,1,H1,safe_unidirectional,worst,2834.213627,632.291487
Terraced,1,H1,safe_unidirectional,best,2641.236412,567.510882
Terraced,1,H1,hybrid_bidirectional,worst,2733.644792,334.107199
Terraced,1,H1,hybrid_bidirectional,best,2423.468238,274.121414
Terraced,1,H2,safe_unidirectional,worst,2316.163887,596.028005
Terraced,1,H2,safe_unidirectional,best,2123.368306,531.260115
Terraced,1,H2,hybrid_bidirectional,worst,1833.092659,201.823407
Terraced,1,H2,hybrid_bidirectional,best,1410.853396,152.198198
Terraced,1,H3,safe_unidirectional,worst,1958.290588,570.976874
Terraced,1,H3,safe_unidirectional,best,1771.645858,506.639543
Terraced,1,H3,hybrid_bidirectional,worst,1299.245589,199.005118
Terraced,1,H3,hybrid_bidirectional,best,829.887228,115.51531
Terraced,1,H1,safe_unidirectional,worst,2757.371859,624.734233
Terraced,1,H1,safe_unidirectional,best,2538.245464,549.760907
Terraced,1,H1,hybrid_bidirectional,worst,2611.560616,331.376198
Terraced,1,H1,hybrid_bidirectional,best,2266.488234,262.519843
Terraced,1,H2,safe_unidirectional,worst,2234.333079,588.121518
Terraced,1,H2,safe_unidirectional,best,2013.361643,513.019039
Terraced,1,H2,hybrid_bidirectional,worst,1774.854344,192.711169
Terraced,1,H2,hybrid_bidirectional,best,1309.105118,138.003388
Terraced,1,H3,safe_unidirectional,worst,1878.155196,563.189066
Terraced,1,H3,safe_unidirectional,best,1662.84564,488.482919
Terraced,1,H3,hybrid_bidirectional,worst,1277.545915,200.426585
Terraced,1,H3,hybrid_bidirectional,best,785.711967,117.671889
Terraced,1,H1,safe_unidirectional,worst,2633.248735,586.431192
Terraced,1,H1,safe_unidirectional,best,2418.419692,513.617424
Terraced,1,H1,hybrid_bidirectional,worst,2456.183606,308.200142
Terraced,1,H1,hybrid_bidirectional,best,2132.439692,243.230486
Terraced,1,H2,safe_unidirectional,worst,2108.970732,549.731732
Terraced,1,H2,safe_unidirectional,best,1893.717208,476.88825
Terraced,1,H2,hybrid_bidirectional,worst,1603.466186,187.71392
Terraced,1,H2,hybrid_bidirectional,best,1202.932483,136.444114
Terraced,1,H3,safe_unidirectional,worst,1753.92062,524.878224
Terraced,1,H3,safe_unidirectional,best,1543.844527,452.397162
Terraced,1,H3,hybrid_bidirectional,worst,1091.276593,175.787396
Terraced,1,H3,hybrid_bidirectional,best,691.769439,103.485262
Terraced,1,H1,safe_unidirectional,worst,2671.473483,594.631572
Terraced,1,H1,safe_unidirectional,best,2469.589584,525.5908
Terraced,1,H1,hybrid_bidirectional,worst,2530.36635,315.245195
Terraced,1,H1,hybrid_bidirectional,best,2195.528143,253.690774
Terraced,1,H2,safe_unidirectional,worst,2149.965183,558.125991
Terraced,1,H2,safe_unidirectional,best,1943.376516,488.755885
Terraced,1,H2,hybrid_bidirectional,worst,1675.162111,182.212713
Terraced,1,H2,hybrid_bidirectional,best,1263.916339,131.918912
Terraced,1,H3,safe_unidirectional,worst,1791.83474,533.05686
Terraced,1,H3,safe_unidirectional,best,1591.667372,464.136245
Terraced,1,H3,hybrid_bidirectional,worst,1178.476604,190.226879
Terraced,1,H3,hybrid_bidirectional,best,710.433835,109.138776
Terraced,1,H1,safe_unidirectional,worst,2690.408907,602.458122
Terraced,1,H1,safe_unidirectional,best,2487.645708,533.915393
Terraced,1,H1,hybrid_bidirectional,worst,2565.772464,319.378017
Terraced,1,H1,hybrid_bidirectional,best,2236.163187,257.502064
Terraced,1,H2,safe_unidirectional,worst,2166.713831,565.799467
Terraced,1,H2,safe_unidirectional,best,1964.374336,497.286397
Terraced,1,H2,hybrid_bidirectional,worst,1706.560843,186.633481
Terraced,1,H2,hybrid_bidirectional,best,1270.369701,136.915491
Terraced,1,H3,safe_unidirectional,worst,1810.04092,540.832363
Terraced,1,H3,safe_unidirectional,best,1612.074559,472.625413
Terraced,1,H3,hybrid_bidirectional,worst,1208.69944,199.604372
Terraced,1,H3,hybrid_bidirectional,best,744.72577,123.929915
Terraced,1,H1,safe_unidirectional,worst,2753.118499,619.480401
Terraced,1,H1,safe_unidirectional,best,2558.523564,553.42867
Terraced,1,H1,hybrid_bidirectional,worst,2599.985351,324.478009
Terraced,1,H1,hybrid_bidirectional,best,2274.300023,266.523406
Terraced,1,H2,safe_unidirectional,worst,2232.776912,583.05649
Terraced,1,H2,safe_unidirectional,best,2036.139868,516.861811
Terraced,1,H2,hybrid_bidirectional,worst,1762.670045,193.374306
Terraced,1,H2,hybrid_bidirectional,best,1365.352109,148.53844
Terraced,1,H3,safe_unidirectional,worst,1876.164476,558.09362
Terraced,1,H3,safe_unidirectional,best,1685.209883,492.296712
Terraced,1,H3,hybrid_bidirectional,worst,1242.590789,204.073445
Terraced,1,H3,hybrid_bidirectional,best,761.618381,110.786181
Terraced,1,H1,safe_unidirectional,worst,2663.705863,594.652192
Terraced,1,H1,safe_unidirectional,best,2464.690403,527.416176
Terraced,1,H1,hybrid_bidirectional,worst,2526.21829,314.159999
Terraced,1,H1,hybrid_bidirectional,best,2215.872552,253.942161
Terraced,1,H2,safe_unidirectional,worst,2139.556847,557.961761
Terraced,1,H2,safe_unidirectional,best,1941.536264,490.795386
Terraced,1,H2,hybrid_bidirectional,worst,1663.761474,191.662876
Terraced,1,H2,hybrid_bidirectional,best,1278.415616,135.262857
Terraced,1,H3,safe_unidirectional,worst,1784.132224,533.082038
Terraced,1,H3,safe_unidirectional,best,1592.006579,466.328309
Terraced,1,H3,hybrid_bidirectional,worst,1200.396553,198.061065
Terraced,1,H3,hybrid_bidirectional,best,759.843355,109.759907
Terraced,1,H1,safe_unidirectional,worst,2694.763547,605.763607
Terraced,1,H1,safe_unidirectional,best,2486.356058,535.241329
Terraced,1,H1,hybrid_bidirectional,worst,2563.082164,319.061357
Terraced,1,H1,hybrid_bidirectional,best,2226.11661,253.672534
Terraced,1,H2,safe_unidirectional,worst,2168.715475,568.940242
Terraced,1,H2,safe_unidirectional,best,1960.571943,498.436441
Terraced,1,H2,hybrid_bidirectional,worst,1729.650634,190.800077
Terraced,1,H2,hybrid_bidirectional,best,1300.795177,137.191639
Terraced,1,H3,safe_unidirectional,worst,1812.816616,544.027322
Terraced,1,H3,safe_unidirectional,best,1609.726542,473.877263
Terraced,1,H3,hybrid_bidirectional,worst,1208.707326,197.24178
Terraced,1,H3,hybrid_bidirectional,best,743.589507,103.098556
Terraced,1,H1,safe_unidirectional,worst,2696.395679,601.484072
Terraced,1,H1,safe_unidirectional,best,2513.308031,540.268991
Terraced,1,H1,hybrid_bidirectional,worst,2555.518324,323.467043
Terraced,1,H1,hybrid_bidirectional,best,2242.896824,266.826758
Terraced,1,H2,safe_unidirectional,worst,2172.385251,564.803342
Terraced,1,H2,safe_unidirectional,best,1991.060254,503.711647
Terraced,1,H2,hybrid_bidirectional,worst,1706.189305,179.76829
Terraced,1,H2,hybrid_bidirectional,best,1289.381346,132.514124
Terraced,1,H3,safe_unidirectional,worst,1816.670424,539.903304
Terraced,1,H3,safe_unidirectional,best,1640.840779,479.196284
Terraced,1,H3,hybrid_bidirectional,worst,1164.051482,181.464672
Terraced,1,H3,hybrid_bidirectional,best,744.853559,107.44523
Terraced,1,H1,safe_unidirectional,worst,2560.732887,562.946464
Terraced,1,H1,safe_unidirectional,best,2374.095623,500.368838
Terraced,1,H1,hybrid_bidirectional,worst,2418.700232,300.934472
Terraced,1,H1,hybrid_bidirectional,best,2113.090398,244.559273
Terraced,1,H2,safe_unidirectional,worst,2036.869939,526.276058
Terraced,1,H2,safe_unidirectional,best,1851.29526,463.772813
Terraced,1,H2,hybrid_bidirectional,worst,1552.057503,179.812409
Terraced,1,H2,hybrid_bidirectional,best,1168.782418,129.44894
Terraced,1,H3,safe_unidirectional,worst,1682.42185,501.464691
Terraced,1,H3,safe_unidirectional,best,1502.102012,439.329286
Terraced,1,H3,hybrid_bidirectional,worst,1067.469548,171.060947
Terraced,1,H3,hybrid_bidirectional,best,635.824262,88.54785
Terraced,1,H1,safe_unidirectional,worst,2649.686807,584.183177
Terraced,1,H1,safe_unidirectional,best,2442.755863,513.166867
Terraced,1,H1,hybrid_bidirectional,worst,2510.640784,309.487135
Terraced,1,H1,hybrid_bidirectional,best,2183.152706,246.872574
Terraced,1,H2,safe_unidirectional,worst,2129.729431,547.786161
Terraced,1,H2,safe_unidirectional,best,1919.554459,476.542768
Terraced,1,H2,hybrid_bidirectional,worst,1655.746749,184.600102
Terraced,1,H2,hybrid_bidirectional,best,1233.736362,133.798802
Terraced,1,H3,safe_unidirectional,worst,1772.838676,522.803808
Terraced,1,H3,safe_unidirectional,best,1567.493764,451.89852
Terraced,1,H3,hybrid_bidirectional,worst,1157.866478,179.55804
Terraced,1,H3,hybrid_bidirectional,best,751.942179,111.90604
Terraced,1,H1,safe_unidirectional,worst,2717.806075,610.837589
Terraced,1,H1,safe_unidirectional,best,2516.209923,543.085162
Terraced,1,H1,hybrid_bidirectional,worst,2560.210942,316.78762
Terraced,1,H1,hybrid_bidirectional,best,2227.99963,258.944698
Terraced,1,H2,safe_unidirectional,worst,2196.370755,574.337117
Terraced,1,H2,safe_unidirectional,best,1997.988379,506.809654
Terraced,1,H2,hybrid_bidirectional,worst,1710.762088,185.198943
Terraced,1,H2,hybrid_bidirectional,best,1303.684472,137.181603
Terraced,1,H3,safe_unidirectional,worst,1839.63784,549.365813
Terraced,1,H3,safe_unidirectional,best,1646.281636,482.190182
Terraced,1,H3,hybrid_bidirectional,worst,1230.367126,203.546917
Terraced,1,H3,hybrid_bidirectional,best,803.377756,119.83492
Terraced,1,H1,safe_unidirectional,worst,2656.208443,588.475702
Terraced,1,H1,safe_unidirectional,best,2447.076619,517.508685
Terraced,1,H1,hybrid_bidirectional,worst,2526.871216,303.27578
Terraced,1,H1,hybrid_bidirectional,best,2194.347744,243.090931
Terraced,1,H2,safe_unidirectional,worst,2134.103039,551.928323
Terraced,1,H2,safe_unidirectional,best,1924.773052,480.947435
Terraced,1,H2,hybrid_bidirectional,worst,1653.403286,183.471154
Terraced,1,H2,hybrid_bidirectional,best,1238.080672,132.802236
Terraced,1,H3,safe_unidirectional,worst,1774.884804,526.783047
Terraced,1,H3,safe_unidirectional,best,1570.597566,456.155151
Terraced,1,H3,hybrid_bidirectional,worst,1120.012459,166.863179
Terraced,1,H3,hybrid_bidirectional,best,676.253712,93.626787
Terraced,1,H1,safe_unidirectional,worst,2704.709523,609.754795
Terraced,1,H1,safe_unidirectional,best,2495.994487,538.792414
Terraced,1,H1,hybrid_bidirectional,worst,2570.455782,321.355383
Terraced,1,H1,hybrid_bidirectional,best,2219.24652,251.273758
Terraced,1,H2,safe_unidirectional,worst,2184.151543,573.315736
Terraced,1,H2,safe_unidirectional,best,1974.092699,502.259289
Terraced,1,H2,hybrid_bidirectional,worst,1707.405012,189.316529
Terraced,1,H2,hybrid_bidirectional,best,1311.903143,137.723721
Terraced,1,H3,safe_unidirectional,worst,1826.876008,548.306449
Terraced,1,H3,safe_unidirectional,best,1623.636284,477.72734
Terraced,1,H3,hybrid_bidirectional,worst,1178.404187,191.430237
Terraced,1,H3,hybrid_bidirectional,best,729.334971,105.483227
Terraced,1,H1,safe_unidirectional,worst,2676.888787,594.970382
Terraced,1,H1,safe_unidirectional,best,2487.732575,531.208412
Terraced,1,H1,hybrid_bidirectional,worst,2514.584019,315.318394
Terraced,1,H1,hybrid_bidirectional,best,2213.513599,258.597806
Terraced,1,H2,safe_unidirectional,worst,2154.585663,558.409163
Terraced,1,H2,safe_unidirectional,best,1967.815824,494.814239
Terraced,1,H2,hybrid_bidirectional,worst,1649.693806,192.643943
Terraced,1,H2,hybrid_bidirectional,best,1287.130279,148.000827
Terraced,1,H3,safe_unidirectional,worst,1797.541998,533.416107
Terraced,1,H3,safe_unidirectional,best,1615.23304,470.133444
Terraced,1,H3,hybrid_bidirectional,worst,1147.515322,180.811764
Terraced,1,H3,hybrid_bidirectional,best,743.720976,111.7638
Terraced,1,H1,safe_unidirectional,worst,2689.875207,601.479862
Terraced,1,H1,safe_unidirectional,best,2495.286795,536.177335
Terraced,1,H1,hybrid_bidirectional,worst,2553.036807,324.322149
Terraced,1,H1,hybrid_bidirectional,best,2234.386228,264.493905
Terraced,1,H2,safe_unidirectional,worst,2167.746083,564.930824
Terraced,1,H2,safe_unidirectional,best,1974.440691,499.718108
Terraced,1,H2,hybrid_bidirectional,worst,1719.878625,200.496871
Terraced,1,H2,hybrid_bidirectional,best,1332.389095,152.622963
Terraced,1,H3,safe_unidirectional,worst,1812.779608,540.08317
Terraced,1,H3,safe_unidirectional,best,1624.4844,475.221168
Terraced,1,H3,hybrid_bidirectional,worst,1188.061881,207.271852
Terraced,1,H3,hybrid_bidirectional,best,768.277656,125.226285
Terraced,1,H1,safe_unidirectional,worst,2689.580539,603.715273
Terraced,1,H1,safe_unidirectional,best,2472.231354,530.373594
Terraced,1,H1,hybrid_bidirectional,worst,2531.841825,319.166358
Terraced,1,H1,hybrid_bidirectional,best,2201.83163,255.048507
Terraced,1,H2,safe_unidirectional,worst,2166.389059,567.091869
Terraced,1,H2,safe_unidirectional,best,1949.260983,493.765668
Terraced,1,H2,hybrid_bidirectional,worst,1678.491482,185.36031
Terraced,1,H2,hybrid_bidirectional,best,1253.27228,134.328638
Terraced,1,H3,safe_unidirectional,worst,1809.683308,542.122467
Terraced,1,H3,safe_unidirectional,best,1599.076415,469.252748
Terraced,1,H3,hybrid_bidirectional,worst,1159.774869,186.937156
Terraced,1,H3,hybrid_bidirectional,best,754.122193,113.038285
Terraced,1,H1,safe_unidirectional,worst,2661.197587,589.765407
Terraced,1,H1,safe_unidirectional,best,2453.590348,519.630529
Terraced,1,H1,hybrid_bidirectional,worst,2507.320331,314.496171
Terraced,1,H1,hybrid_bidirectional,best,2165.30353,249.037717
Terraced,1,H2,safe_unidirectional,worst,2136.642699,553.046565
Terraced,1,H2,safe_unidirectional,best,1929.960163,482.976416
Terraced,1,H2,hybrid_bidirectional,worst,1663.172785,182.242216
Terraced,1,H2,hybrid_bidirectional,best,1234.30995,133.25309
Terraced,1,H3,safe_unidirectional,worst,1782.680956,528.269243
Terraced,1,H3,safe_unidirectional,best,1580.590912,458.520569
Terraced,1,H3,hybrid_bidirectional,worst,1127.336655,169.381734
Terraced,1,H3,hybrid_bidirectional,best,682.693667,101.702373
Terraced,1,H1,safe_unidirectional,worst,2562.132215,564.041817
Terraced,1,H1,safe_unidirectional,best,2351.338783,491.896605
Terraced,1,H1,hybrid_bidirectional,worst,2425.363466,293.065712
Terraced,1,H1,hybrid_bidirectional,best,2074.425228,231.127092
Terraced,1,H2,safe_unidirectional,worst,2040.108635,527.500167
Terraced,1,H2,safe_unidirectional,best,1828.332423,455.286159
Terraced,1,H2,hybrid_bidirectional,worst,1523.833511,164.804302
Terraced,1,H2,hybrid_bidirectional,best,1096.613418,117.454323
Terraced,1,H3,safe_unidirectional,worst,1683.50691,502.538046
Terraced,1,H3,safe_unidirectional,best,1475.478434,430.58638
Terraced,1,H3,hybrid_bidirectional,worst,1045.990171,157.16098
Terraced,1,H3,hybrid_bidirectional,best,605.633327,89.985805
Terraced,1,H1,safe_unidirectional,worst,2785.950683,624.544671
Terraced,1,H1,safe_unidirectional,best,2583.990879,556.160062
Terraced,1,H1,hybrid_bidirectional,worst,2658.481527,328.90955
Terraced,1,H1,hybrid_bidirectional,best,2336.121036,266.885636
Terraced,1,H2,safe_unidirectional,worst,2260.718627,587.778427
Terraced,1,H2,safe_unidirectional,best,2056.747411,519.253019
Terraced,1,H2,hybrid_bidirectional,worst,1811.702222,204.338778
Terraced,1,H2,hybrid_bidirectional,best,1381.449293,151.60984
Terraced,1,H3,safe_unidirectional,worst,1904.294528,562.82874
Terraced,1,H3,safe_unidirectional,best,1707.358939,494.795826
Terraced,1,H3,hybrid_bidirectional,worst,1261.422957,210.808974
Terraced,1,H3,hybrid_bidirectional,best,819.022333,118.424895
Terraced,1,H1,safe_unidirectional,worst,2813.184235,645.911301
Terraced,1,H1,safe_unidirectional,best,2586.343266,568.7399
Terraced,1,H1,hybrid_bidirectional,worst,2667.274872,337.696552
Terraced,1,H1,hybrid_bidirectional,best,2323.333759,270.758795
Terraced,1,H2,safe_unidirectional,worst,2290.194735,609.302036
Terraced,1,H2,safe_unidirectional,best,2063.680307,532.153493
Terraced,1,H2,hybrid_bidirectional,worst,1811.890627,207.868444
Terraced,1,H2,hybrid_bidirectional,best,1375.708753,153.179724
Terraced,1,H3,safe_unidirectional,worst,1934.794062,584.423989
Terraced,1,H3,safe_unidirectional,best,1712.415699,507.56497
Terraced,1,H3,hybrid_bidirectional,worst,1254.768299,202.736104
Terraced,1,H3,hybrid_bidirectional,best,817.219629,125.524475
Terraced,1,H1,safe_unidirectional,worst,2740.209387,618.166735
Terraced,1,H1,safe_unidirectional,best,2530.018795,546.935569
Terraced,1,H1,hybrid_bidirectional,worst,2600.708312,333.195298
Terraced,1,H1,hybrid_bidirectional,best,2249.914956,267.807141
Terraced,1,H2,safe_unidirectional,worst,2216.825708,581.529877
Terraced,1,H2,safe_unidirectional,best,2006.8549,510.314097
Terraced,1,H2,hybrid_bidirectional,worst,1742.471549,196.986784
Terraced,1,H2,hybrid_bidirectional,best,1278.429525,143.940723
Terraced,1,H3,safe_unidirectional,worst,1860.55286,556.590778
Terraced,1,H3,safe_unidirectional,best,1654.879896,485.675846
Terraced,1,H3,hybrid_bidirectional,worst,1222.887533,214.734964
Terraced,1,H3,hybrid_bidirectional,best,774.424288,133.582804
Terraced,1,H1,safe_unidirectional,worst,2669.871171,596.618586
Terraced,1,H1,safe_unidirectional,best,2467.883548,528.069341
Terraced,1,H1,hybrid_bidirectional,worst,2524.415003,310.060093
Terraced,1,H1,hybrid_bidirectional,best,2201.173222,247.606693
Terraced,1,H2,safe_unidirectional,worst,2146.145091,559.957761
Terraced,1,H2,safe_unidirectional,best,1945.122931,491.476097
Terraced,1,H2,hybrid_bidirectional,worst,1642.517768,185.073129
Terraced,1,H2,hybrid_bidirectional,best,1256.25357,136.857093
Terraced,1,H3,safe_unidirectional,worst,1790.94952,535.094071
Terraced,1,H3,safe_unidirectional,best,1593.084775,466.833427
Terraced,1,H3,hybrid_bidirectional,worst,1173.008265,185.827665
Terraced,1,H3,hybrid_bidirectional,best,742.991492,116.776889
Terraced,1,H1,safe_unidirectional,worst,2853.397571,650.69391
Terraced,1,H1,safe_unidirectional,best,2631.766643,575.323966
Terraced,1,H1,hybrid_bidirectional,worst,2729.39516,335.449496
Terraced,1,H1,hybrid_bidirectional,best,2361.008574,267.172261
Terraced,1,H2,safe_unidirectional,worst,2331.311515,614.147886
Terraced,1,H2,safe_unidirectional,best,2109.807696,538.786839
Terraced,1,H2,hybrid_bidirectional,worst,1873.068696,212.9295
Terraced,1,H2,hybrid_bidirectional,best,1428.847961,157.711251
Terraced,1,H3,safe_unidirectional,worst,1973.930272,589.131199
Terraced,1,H3,safe_unidirectional,best,1756.95088,514.086862
Terraced,1,H3,hybrid_bidirectional,worst,1332.913341,231.016587
Terraced,1,H3,hybrid_bidirectional,best,904.180875,148.34435
Terraced,1,H1,safe_unidirectional,worst,2623.739711,577.143199
Terraced,1,H1,safe_unidirectional,best,2434.627203,513.293914
Terraced,1,H1,hybrid_bidirectional,worst,2471.157986,307.633081
Terraced,1,H1,hybrid_bidirectional,best,2170.407244,250.869279
Terraced,1,H2,safe_unidirectional,worst,2100.142735,540.491411
Terraced,1,H2,safe_unidirectional,best,1910.450331,476.601533
Terraced,1,H2,hybrid_bidirectional,worst,1627.841094,180.331656
Terraced,1,H2,hybrid_bidirectional,best,1255.313308,134.280085
Terraced,1,H3,safe_unidirectional,worst,1743.733676,515.542777
Terraced,1,H3,safe_unidirectional,best,1559.342619,452.023993
Terraced,1,H3,hybrid_bidirectional,worst,1095.421502,173.40084
Terraced,1,H3,hybrid_bidirectional,best,685.393166,101.816219
Terraced,1,H1,safe_unidirectional,worst,2620.040868,584.711482
Terraced,1,H1,safe_unidirectional,best,2415.78876,515.49381
Terraced,1,H1,hybrid_bidirectional,worst,2465.614558,298.191234
Terraced,1,H1,hybrid_bidirectional,best,2167.39154,238.094196
Terraced,1,H2,safe_unidirectional,worst,2098.107459,548.176143
Terraced,1,H2,safe_unidirectional,best,1891.927252,478.823505
Terraced,1,H2,hybrid_bidirectional,worst,1631.678735,174.950264
Terraced,1,H2,hybrid_bidirectional,best,1221.821371,126.024839
Terraced,1,H3,safe_unidirectional,worst,1741.225256,523.194389
Terraced,1,H3,safe_unidirectional,best,1541.830227,454.316713
Terraced,1,H3,hybrid_bidirectional,worst,1111.874627,176.07268
Terraced,1,H3,hybrid_bidirectional,best,692.612081,99.967597
Terraced,1,H1,safe_unidirectional,worst,2733.437443,619.110368
Terraced,1,H1,safe_unidirectional,best,2525.274759,548.472079
Terraced,1,H1,hybrid_bidirectional,worst,2604.935056,326.047695
Terraced,1,H1,hybrid_bidirectional,best,2263.225813,256.201393
Terraced,1,H2,safe_unidirectional,worst,2209.638115,582.444415
Terraced,1,H2,safe_unidirectional,best,2001.904744,511.836178
Terraced,1,H2,hybrid_bidirectional,worst,1740.913571,202.420133
Terraced,1,H2,hybrid_bidirectional,best,1311.788091,148.735559
Terraced,1,H3,safe_unidirectional,worst,1853.116592,557.487908
Terraced,1,H3,safe_unidirectional,best,1649.609846,487.175535
Terraced,1,H3,hybrid_bidirectional,worst,1234.912132,203.824402
Terraced,1,H3,hybrid_bidirectional,best,772.942371,123.953338
Terraced,1,H1,safe_unidirectional,worst,2679.624451,598.336682
Terraced,1,H1,safe_unidirectional,best,2461.363571,524.288228
Terraced,1,H1,hybrid_bidirectional,worst,2526.548069,322.461217
Terraced,1,H1,hybrid_bidirectional,best,2194.650038,254.082654
Terraced,1,H2,safe_unidirectional,worst,2155.314567,561.63499
Terraced,1,H2,safe_unidirectional,best,1935.28393,487.462653
Terraced,1,H2,hybrid_bidirectional,worst,1703.406699,197.121067
Terraced,1,H2,hybrid_bidirectional,best,1279.570788,140.856043
Terraced,1,H3,safe_unidirectional,worst,1801.261632,536.851284
Terraced,1,H3,safe_unidirectional,best,1588.354559,463.177597
Terraced,1,H3,hybrid_bidirectional,worst,1202.07635,198.381033
Terraced,1,H3,hybrid_bidirectional,best,745.562049,118.36215
Terraced,1,H1,safe_unidirectional,worst,2771.404195,616.420487
Terraced,1,H1,safe_unidirectional,best,2557.304295,543.292165
Terraced,1,H1,hybrid_bidirectional,worst,2632.82059,316.257259
Terraced,1,H1,hybrid_bidirectional,best,2282.415168,253.190636
Terraced,1,H2,safe_unidirectional,worst,2250.142863,579.932194
Terraced,1,H2,safe_unidirectional,best,2034.914027,506.724847
Terraced,1,H2,hybrid_bidirectional,worst,1757.230619,189.906597
Terraced,1,H2,hybrid_bidirectional,best,1333.698151,142.05964
Terraced,1,H3,safe_unidirectional,worst,1894.526372,555.03904
Terraced,1,H3,safe_unidirectional,best,1683.445028,482.122017
Terraced,1,H3,hybrid_bidirectional,worst,1227.971397,200.215114
Terraced,1,H3,hybrid_bidirectional,best,756.772074,113.693743
Terraced,1,H1,safe_unidirectional,worst,2772.098967,625.213906
Terraced,1,H1,safe_unidirectional,best,2581.706056,561.062276
Terraced,1,H1,hybrid_bidirectional,worst,2641.45789,323.826006
Terraced,1,H1,hybrid_bidirectional,best,2305.717129,263.854363
Terraced,1,H2,safe_unidirectional,worst,2248.807651,588.583513
Terraced,1,H2,safe_unidirectional,best,2058.921763,524.467375
Terraced,1,H2,hybrid_bidirectional,worst,1824.312489,193.738211
Terraced,1,H2,hybrid_bidirectional,best,1389.463388,146.435135
Terraced,1,H3,safe_unidirectional,worst,1895.04354,563.820026
Terraced,1,H3,safe_unidirectional,best,1709.834675,500.031279
Terraced,1,H3,hybrid_bidirectional,worst,1261.210345,208.274437
Terraced,1,H3,hybrid_bidirectional,best,801.983644,124.20447
Terraced,1,H1,safe_unidirectional,worst,2741.649371,609.897005
Terraced,1,H1,safe_unidirectional,best,2543.73684,542.877226
Terraced,1,H1,hybrid_bidirectional,worst,2611.791803,320.597401
Terraced,1,H1,hybrid_bidirectional,best,2269.069935,259.565688
Terraced,1,H2,safe_unidirectional,worst,2219.526563,573.348409
Terraced,1,H2,safe_unidirectional,best,2021.691803,506.334073
Terraced,1,H2,hybrid_bidirectional,worst,1754.283872,192.74378
Terraced,1,H2,hybrid_bidirectional,best,1320.476794,144.840534
Terraced,1,H3,safe_unidirectional,worst,1863.336738,548.415121
Terraced,1,H3,safe_unidirectional,best,1671.54296,481.823654
Terraced,1,H3,hybrid_bidirectional,worst,1210.23733,198.609726
Terraced,1,H3,hybrid_bidirectional,best,765.831663,118.330734
Terraced,1,H1,safe_unidirectional,worst,2690.737063,608.355298
Terraced,1,H1,safe_unidirectional,best,2482.353679,537.616331
Terraced,1,H1,hybrid_bidirectional,worst,2540.40311,317.114124
Terraced,1,H1,hybrid_bidirectional,best,2198.241107,253.832779
Terraced,1,H2,safe_unidirectional,worst,2165.308799,571.57532
Terraced,1,H2,safe_unidirectional,best,1956.038912,500.774297
Terraced,1,H2,hybrid_bidirectional,worst,1687.653982,185.127072
Terraced,1,H2,hybrid_bidirectional,best,1275.645696,134.168937
Terraced,1,H3,safe_unidirectional,worst,1809.805032,546.690056
Terraced,1,H3,safe_unidirectional,best,1605.29728,476.222383
Terraced,1,H3,hybrid_bidirectional,worst,1167.876596,187.022173
Terraced,1,H3,hybrid_bidirectional,best,724.932512,113.229901
Terraced,1,H1,safe_unidirectional,worst,2657.445643,595.000432
Terraced,1,H1,safe_unidirectional,best,2461.781388,528.563005
Terraced,1,H1,hybrid_bidirectional,worst,2518.951094,317.143413
Terraced,1,H1,hybrid_bidirectional,best,2190.75089,256.25887
Terraced,1,H2,safe_unidirectional,worst,2132.375471,558.24552
Terraced,1,H2,safe_unidirectional,best,1936.399647,491.786283
Terraced,1,H2,hybrid_bidirectional,worst,1672.476861,191.699265
Terraced,1,H2,hybrid_bidirectional,best,1264.384593,137.743815
Terraced,1,H3,safe_unidirectional,worst,1776.207668,533.313774
Terraced,1,H3,safe_unidirectional,best,1584.850623,467.177852
Terraced,1,H3,hybrid_bidirectional,worst,1139.441586,183.299488
Terraced,1,H3,hybrid_bidirectional,best,681.01761,99.151371
Terraced,1,H1,safe_unidirectional,worst,2718.006739,608.412825
Terraced,1,H1,safe_unidirectional,best,2541.205752,549.444724
Terraced,1,H1,hybrid_bidirectional,worst,2576.65101,312.866436
Terraced,1,H1,hybrid_bidirectional,best,2245.717279,255.62166
Terraced,1,H2,safe_unidirectional,worst,2195.047899,571.805706
Terraced,1,H2,safe_unidirectional,best,2019.399436,512.918282
Terraced,1,H2,hybrid_bidirectional,worst,1707.738798,183.966479
Terraced,1,H2,hybrid_bidirectional,best,1323.265066,137.552973
Terraced,1,H3,safe_unidirectional,worst,1836.45158,546.703963
Terraced,1,H3,safe_unidirectional,best,1666.573084,488.220437
Terraced,1,H3,hybrid_bidirectional,worst,1168.650237,186.162697
Terraced,1,H3,hybrid_bidirectional,best,770.958976,125.424057
Terraced,1,H1,safe_unidirectional,worst,2658.125871,591.310838
Terraced,1,H1,safe_unidirectional,best,2444.599456,518.707572
Terraced,1,H1,hybrid_bidirectional,worst,2513.465504,309.645711
Terraced,1,H1,hybrid_bidirectional,best,2154.023279,241.798126
Terraced,1,H2,safe_unidirectional,worst,2136.135119,554.771485
Terraced,1,H2,safe_unidirectional,best,1922.828884,482.183632
Terraced,1,H2,hybrid_bidirectional,worst,1640.437744,180.424597
Terraced,1,H2,hybrid_bidirectional,best,1212.54274,128.627139
Terraced,1,H3,safe_unidirectional,worst,1780.261972,529.860365
Terraced,1,H3,safe_unidirectional,best,1571.078268,457.561089
Terraced,1,H3,hybrid_bidirectional,worst,1122.883744,176.607329
Terraced,1,H3,hybrid_bidirectional,best,716.365138,104.085155
Terraced,1,H1,safe_unidirectional,worst,2754.673723,615.78996
Terraced,1,H1,safe_unidirectional,best,2532.637831,540.228451
Terraced,1,H1,hybrid_bidirectional,worst,2639.384147,328.425503
Terraced,1,H1,hybrid_bidirectional,best,2294.086443,260.166122
Terraced,1,H2,safe_unidirectional,worst,2232.460307,579.235021
Terraced,1,H2,safe_unidirectional,best,2009.42258,503.603384
Terraced,1,H2,hybrid_bidirectional,worst,1796.938353,199.637117
Terraced,1,H2,hybrid_bidirectional,best,1346.178013,144.234091
Terraced,1,H3,safe_unidirectional,worst,1875.933932,554.278175
Terraced,1,H3,safe_unidirectional,best,1659.003132,479.074022
Terraced,1,H3,hybrid_bidirectional,worst,1247.547526,203.904145
Terraced,1,H3,hybrid_bidirectional,best,753.045872,105.917991
Terraced,1,H1,safe_unidirectional,worst,2764.296715,625.568908
Terraced,1,H1,safe_unidirectional,best,2580.720719,563.312239
Terraced,1,H1,hybrid_bidirectional,worst,2643.141684,329.670353
Terraced,1,H1,hybrid_bidirectional,best,2322.936462,271.565913
Terraced,1,H2,safe_unidirectional,worst,2240.105683,588.875536
Terraced,1,H2,safe_unidirectional,best,2055.472031,526.54483
Terraced,1,H2,hybrid_bidirectional,worst,1754.626292,195.379711
Terraced,1,H2,hybrid_bidirectional,best,1345.976092,144.808194
Terraced,1,H3,safe_unidirectional,worst,1885.123104,564.026755
Terraced,1,H3,safe_unidirectional,best,1705.293659,502.032344
Terraced,1,H3,hybrid_bidirectional,worst,1215.597067,202.215474
Terraced,1,H3,hybrid_bidirectional,best,816.031811,136.040415
Terraced,1,H1,safe_unidirectional,worst,2667.207803,596.779536
Terraced,1,H1,safe_unidirectional,best,2488.719167,537.026317
Terraced,1,H1,hybrid_bidirectional,worst,2528.968252,300.211643
Terraced,1,H1,hybrid_bidirectional,best,2224.608335,245.128621
Terraced,1,H2,safe_unidirectional,worst,2141.563519,559.984436
Terraced,1,H2,safe_unidirectional,best,1964.419619,500.325349
Terraced,1,H2,hybrid_bidirectional,worst,1697.772002,184.39048
Terraced,1,H2,hybrid_bidirectional,best,1291.341497,136.916703
Terraced,1,H3,safe_unidirectional,worst,1787.006516,535.165446
Terraced,1,H3,safe_unidirectional,best,1614.990463,475.865308
Terraced,1,H3,hybrid_bidirectional,worst,1205.985827,200.886616
Terraced,1,H3,hybrid_bidirectional,best,757.113271,121.8169
Terraced,1,H1,safe_unidirectional,worst,2712.313091,610.856436
Terraced,1,H1,safe_unidirectional,best,2498.648508,538.047125
Terraced,1,H1,hybrid_bidirectional,worst,2571.130635,327.100689
Terraced,1,H1,hybrid_bidirectional,best,2240.033936,260.915806
Terraced,1,H2,safe_unidirectional,worst,2189.494536,574.259137
Terraced,1,H2,safe_unidirectional,best,1975.751244,501.444317
Terraced,1,H2,hybrid_bidirectional,worst,1700.128787,188.93515
Terraced,1,H2,hybrid_bidirectional,best,1261.271726,139.454502
Terraced,1,H3,safe_unidirectional,worst,1834.050782,549.378074
Terraced,1,H3,safe_unidirectional,best,1624.097894,476.828582
Terraced,1,H3,hybrid_bidirectional,worst,1158.252378,193.136671
Terraced,1,H3,hybrid_bidirectional,best,754.291328,109.696641
Terraced,1,H1,safe_unidirectional,worst,2702.305375,605.285811
Terraced,1,H1,safe_unidirectional,best,2500.509224,536.777706
Terraced,1,H1,hybrid_bidirectional,worst,2527.451126,316.297664
Terraced,1,H1,hybrid_bidirectional,best,2211.433504,257.886889
Terraced,1,H2,safe_unidirectional,worst,2179.4421,568.685382
Terraced,1,H2,safe_unidirectional,best,1976.632468,500.106333
Terraced,1,H2,hybrid_bidirectional,worst,1717.963395,192.136999
Terraced,1,H2,hybrid_bidirectional,best,1318.586676,140.767065
Terraced,1,H3,safe_unidirectional,worst,1823.227912,543.750389
Terraced,1,H3,safe_unidirectional,best,1625.884454,475.553972
Terraced,1,H3,hybrid_bidirectional,worst,1167.388361,192.737998
Terraced,1,H3,hybrid_bidirectional,best,773.132469,121.387087
Terraced,1,H1,safe_unidirectional,worst,2690.950283,600.468357
Terraced,1,H1,safe_unidirectional,best,2490.436299,532.436728
Terraced,1,H1,hybrid_bidirectional,worst,2560.571744,314.672092
Terraced,1,H1,hybrid_bidirectional,best,2207.700282,250.326554
Terraced,1,H2,safe_unidirectional,worst,2169.094643,563.938462
Terraced,1,H2,safe_unidirectional,best,1967.26276,495.81458
Terraced,1,H2,hybrid_bidirectional,worst,1708.432932,180.136403
Terraced,1,H2,hybrid_bidirectional,best,1275.738284,131.718039
Terraced,1,H3,safe_unidirectional,worst,1814.126828,539.090715
Terraced,1,H3,safe_unidirectional,best,1617.145879,471.306399
Terraced,1,H3,hybrid_bidirectional,worst,1179.916922,185.809674
Terraced,1,H3,hybrid_bidirectional,best,703.790966,101.80357
Terraced,1,H1,safe_unidirectional,worst,2728.344271,610.266392
Terraced,1,H1,safe_unidirectional,best,2541.462432,548.15198
Terraced,1,H1,hybrid_bidirectional,worst,2589.429607,334.314772
Terraced,1,H1,hybrid_bidirectional,best,2269.417002,273.408147
Terraced,1,H2,safe_unidirectional,worst,2203.326219,573.515128
Terraced,1,H2,safe_unidirectional,best,2018.497775,511.544454
Terraced,1,H2,hybrid_bidirectional,worst,1778.618713,202.708531
Terraced,1,H2,hybrid_bidirectional,best,1399.58361,154.715794
Terraced,1,H3,safe_unidirectional,worst,1848.02866,548.644299
Terraced,1,H3,safe_unidirectional,best,1669.41104,487.108383
Terraced,1,H3,hybrid_bidirectional,worst,1257.916731,216.593392
Terraced,1,H3,hybrid_bidirectional,best,854.72199,139.008838
Terraced,1,H1,safe_unidirectional,worst,2558.383151,564.303937
Terraced,1,H1,safe_unidirectional,best,2370.960459,501.338544
Terraced,1,H1,hybrid_bidirectional,worst,2400.305376,294.812011
Terraced,1,H1,hybrid_bidirectional,best,2101.580416,236.300696
Terraced,1,H2,safe_unidirectional,worst,2037.531463,527.844319
Terraced,1,H2,safe_unidirectional,best,1850.614592,464.914333
Terraced,1,H2,hybrid_bidirectional,worst,1558.089005,167.095955
Terraced,1,H2,hybrid_bidirectional,best,1180.135254,121.74467
Terraced,1,H3,safe_unidirectional,worst,1681.485032,502.921069
Terraced,1,H3,safe_unidirectional,best,1500.966812,440.438988
Terraced,1,H3,hybrid_bidirectional,worst,1045.228957,163.146925
Terraced,1,H3,hybrid_bidirectional,best,679.536784,96.915487
Terraced,1,H1,safe_unidirectional,worst,2673.428523,598.368111
Terraced,1,H1,safe_unidirectional,best,2469.744167,529.462526
Terraced,1,H1,hybrid_bidirectional,worst,2537.551058,312.168683
Terraced,1,H1,hybrid_bidirectional,best,2227.544454,252.141864
Terraced,1,H2,safe_unidirectional,worst,2149.300076,561.679119
Terraced,1,H2,safe_unidirectional,best,1945.8395,492.7892
Terraced,1,H2,hybrid_bidirectional,worst,1690.593538,181.177317
Terraced,1,H2,hybrid_bidirectional,best,1270.206966,133.146797
Terraced,1,H3,safe_unidirectional,worst,1793.395868,536.765825
Terraced,1,H3,safe_unidirectional,best,1594.815346,468.217509
Terraced,1,H3,hybrid_bidirectional,worst,1167.437972,192.949507
Terraced,1,H3,hybrid_bidirectional,best,736.240011,117.797186
Terraced,1,H1,safe_unidirectional,worst,2666.241603,598.488603
Terraced,1,H1,safe_unidirectional,best,2462.340472,529.815062
Terraced,1,H1,hybrid_bidirectional,worst,2542.801783,314.104186
Terraced,1,H1,hybrid_bidirectional,best,2230.121775,254.706657
Terraced,1,H2,safe_unidirectional,worst,2140.98481,561.720628
Terraced,1,H2,safe_unidirectional,best,1939.254486,493.199043
Terraced,1,H2,hybrid_bidirectional,worst,1675.054638,180.414415
Terraced,1,H2,hybrid_bidirectional,best,1266.946406,133.028077
Terraced,1,H3,safe_unidirectional,worst,1784.840288,536.790511
Terraced,1,H3,safe_unidirectional,best,1587.427372,468.571145
Terraced,1,H3,hybrid_bidirectional,worst,1139.804809,171.961712
Terraced,1,H3,hybrid_bidirectional,best,682.05545,98.927546
Terraced,1,H1,safe_unidirectional,worst,2709.824527,607.499614
Terraced,1,H1,safe_unidirectional,best,2512.027814,540.884531
Terraced,1,H1,hybrid_bidirectional,worst,2559.837242,324.245734
Terraced,1,H1,hybrid_bidirectional,best,2231.010893,264.241796
Terraced,1,H2,safe_unidirectional,worst,2186.195583,570.845588
Terraced,1,H2,safe_unidirectional,best,1988.656303,504.248526
Terraced,1,H2,hybrid_bidirectional,worst,1721.450071,195.595546
Terraced,1,H2,hybrid_bidirectional,best,1288.962648,147.534228
Terraced,1,H3,safe_unidirectional,worst,1831.098068,545.988762
Terraced,1,H3,safe_unidirectional,best,1638.957832,479.769633
Terraced,1,H3,hybrid_bidirectional,worst,1197.625185,204.916068
Terraced,1,H3,hybrid_bidirectional,best,760.396758,117.942721
Terraced,1,H1,safe_unidirectional,worst,2597.351451,566.396102
Terraced,1,H1,safe_unidirectional,best,2415.764336,505.151099
Terraced,1,H1,hybrid_bidirectional,worst,2401.174964,285.825519
Terraced,1,H1,hybrid_bidirectional,best,2079.275186,229.215398
Terraced,1,H2,safe_unidirectional,worst,2074.302967,529.782708
Terraced,1,H2,safe_unidirectional,best,1890.501384,468.382692
Terraced,1,H2,hybrid_bidirectional,worst,1537.33398,172.773563
Terraced,1,H2,hybrid_bidirectional,best,1133.521436,121.556339
Terraced,1,H3,safe_unidirectional,worst,1719.393404,504.939039
Terraced,1,H3,safe_unidirectional,best,1542.350686,444.012144
Terraced,1,H3,hybrid_bidirectional,worst,1057.09182,164.552099
Terraced,1,H3,hybrid_bidirectional,best,623.928885,86.67107
Terraced,1,H1,safe_unidirectional,worst,2575.106443,568.911042
Terraced,1,H1,safe_unidirectional,best,2381.468987,503.902862
Terraced,1,H1,hybrid_bidirectional,worst,2420.111596,294.819521
Terraced,1,H1,hybrid_bidirectional,best,2108.501408,235.570126
Terraced,1,H2,safe_unidirectional,worst,2052.139575,532.303361
Terraced,1,H2,safe_unidirectional,best,1858.915319,467.324105
Terraced,1,H2,hybrid_bidirectional,worst,1604.743037,170.730659
Terraced,1,H2,hybrid_bidirectional,best,1188.369443,121.263857
Terraced,1,H3,safe_unidirectional,worst,1697.2349,507.460034
Terraced,1,H3,safe_unidirectional,best,1511.183626,442.982887
Terraced,1,H3,hybrid_bidirectional,worst,1107.972707,172.438054
Terraced,1,H3,hybrid_bidirectional,best,679.374119,93.657791
Terraced,1,H1,safe_unidirectional,worst,2817.793831,634.81389
Terraced,1,H1,safe_unidirectional,best,2621.581579,568.945533
Terraced,1,H1,hybrid_bidirectional,worst,2673.767595,341.960452
Terraced,1,H1,hybrid_bidirectional,best,2374.746817,280.05555
Terraced,1,H2,safe_unidirectional,worst,2292.901275,598.071411
Terraced,1,H2,safe_unidirectional,best,2097.406152,532.253253
Terraced,1,H2,hybrid_bidirectional,worst,1831.243323,211.853811
Terraced,1,H2,hybrid_bidirectional,best,1439.816384,161.53396
Terraced,1,H3,safe_unidirectional,worst,1937.860968,573.21859
Terraced,1,H3,safe_unidirectional,best,1748.860488,507.855056
Terraced,1,H3,hybrid_bidirectional,worst,1273.107679,222.805279
Terraced,1,H3,hybrid_bidirectional,best,881.303443,140.00061
