Archetype,House number,CAH Type,Operation,Solar,Grid Import,Total Load,Total Cost
Detached,1,H1,safe_unidirectional,worst,3579.131432,3579.131432,900.552452
Detached,1,H1,safe_unidirectional,best,3579.131432,3579.131432,900.552452
Detached,1,H1,hybrid_bidirectional,worst,3798.236772,3798.236772,550.484792
Detached,1,H1,hybrid_bidirectional,best,3798.236772,3798.236772,550.484792
Detached,1,H2,safe_unidirectional,worst,3053.484766,3053.484766,863.757186
Detached,1,H2,safe_unidirectional,best,3053.484766,3053.484766,863.757186
Detached,1,H2,hybrid_bidirectional,worst,3321.919639,3321.919639,395.559733
Detached,1,H2,hybrid_bidirectional,best,3321.919639,3321.919639,395.559733
Detached,1,H3,safe_unidirectional,worst,2688.664766,2688.664766,838.219786
Detached,1,H3,safe_unidirectional,best,2688.664766,2688.664766,838.219786
Detached,1,H3,hybrid_bidirectional,worst,2844.063076,2844.063076,541.012619
Detached,1,H3,hybrid_bidirectional,best,2844.063076,2844.063076,541.012619
Detached,1,H1,safe_unidirectional,worst,3590.363132,3590.363132,901.982923
Detached,1,H1,safe_unidirectional,best,3590.363132,3590.363132,901.982923
Detached,1,H1,hybrid_bidirectional,worst,3811.939969,3811.939969,549.17166
Detached,1,H1,hybrid_bidirectional,best,3811.939969,3811.939969,549.17166
Detached,1,H2,safe_unidirectional,worst,3064.716466,3064.716466,865.187657
Detached,1,H2,safe_unidirectional,best,3064.716466,3064.716466,865.187657
Detached,1,H2,hybrid_bidirectional,worst,3345.911256,3345.911256,375.71952
Detached,1,H2,hybrid_bidirectional,best,3345.911256,3345.911256,375.71952
Detached,1,H3,safe_unidirectional,worst,2699.896466,2699.896466,839.650257
Detached,1,H3,safe_unidirectional,best,2699.896466,2699.896466,839.650257
Detached,1,H3,hybrid_bidirectional,worst,2842.079062,2842.079062,544.70052
Detached,1,H3,hybrid_bidirectional,best,2842.079062,2842.079062,544.70052
Detached,1,H1,safe_unidirectional,worst,3562.672032,3562.672032,896.067146
Detached,1,H1,safe_unidirectional,best,3562.672032,3562.672032,896.067146
Detached,1,H1,hybrid_bidirectional,worst,3783.254099,3783.254099,545.459635
Detached,1,H1,hybrid_bidirectional,best,3783.254099,3783.254099,545.459635
Detached,1,H2,safe_unidirectional,worst,3037.025366,3037.025366,859.27188
Detached,1,H2,safe_unidirectional,best,3037.025366,3037.025366,859.27188
Detached,1,H2,hybrid_bidirectional,worst,3310.491489,3310.491489,382.894704
Detached,1,H2,hybrid_bidirectional,best,3310.491489,3310.491489,382.894704
Detached,1,H3,safe_unidirectional,worst,2672.205366,2672.205366,833.73448
Detached,1,H3,safe_unidirectional,best,2672.205366,2672.205366,833.73448
Detached,1,H3,hybrid_bidirectional,worst,2829.848272,2829.848272,540.692577
Detached,1,H3,hybrid_bidirectional,best,2829.848272,2829.848272,540.692577
Detached,1,H1,safe_unidirectional,worst,3643.016232,3643.016232,920.434244
Detached,1,H1,safe_unidirectional,best,3643.016232,3643.016232,920.434244
Detached,1,H1,hybrid_bidirectional,worst,3866.354622,3866.354622,557.959995
Detached,1,H1,hybrid_bidirectional,best,3866.354622,3866.354622,557.959995
Detached,1,H2,safe_unidirectional,worst,3117.369566,3117.369566,883.638978
Detached,1,H2,safe_unidirectional,best,3117.369566,3117.369566,883.638978
Detached,1,H2,hybrid_bidirectional,worst,3380.328459,3380.328459,399.231271
Detached,1,H2,hybrid_bidirectional,best,3380.328459,3380.328459,399.231271
Detached,1,H3,safe_unidirectional,worst,2752.549566,2752.549566,858.101578
Detached,1,H3,safe_unidirectional,best,2752.549566,2752.549566,858.101578
Detached,1,H3,hybrid_bidirectional,worst,2896.510892,2896.510892,553.102822
Detached,1,H3,hybrid_bidirectional,best,2896.510892,2896.510892,553.102822
Detached,1,H1,safe_unidirectional,worst,3772.758032,3772.758032,968.841162
Detached,1,H1,safe_unidirectional,best,3772.758032,3772.758032,968.841162
Detached,1,H1,hybrid_bidirectional,worst,3996.191882,3996.191882,590.950593
Detached,1,H1,hybrid_bidirectional,best,3996.191882,3996.191882,590.950593
Detached,1,H2,safe_unidirectional,worst,3247.111366,3247.111366,932.045896
Detached,1,H2,safe_unidirectional,best,3247.111366,3247.111366,932.045896
Detached,1,H2,hybrid_bidirectional,worst,3508.040289,3508.040289,432.996973
Detached,1,H2,hybrid_bidirectional,best,3508.040289,3508.040289,432.996973
Detached,1,H3,safe_unidirectional,worst,2882.291366,2882.291366,906.508496
Detached,1,H3,safe_unidirectional,best,2882.291366,2882.291366,906.508496
Detached,1,H3,hybrid_bidirectional,worst,3031.431216,3031.431216,589.635345
Detached,1,H3,hybrid_bidirectional,best,3031.431216,3031.431216,589.635345
Detached,1,H1,safe_unidirectional,worst,3555.394732,3555.394732,890.597899
Detached,1,H1,safe_unidirectional,best,3555.394732,3555.394732,890.597899
Detached,1,H1,hybrid_bidirectional,worst,3770.315809,3770.315809,541.093353
Detached,1,H1,hybrid_bidirectional,best,3770.315809,3770.315809,541.093353
Detached,1,H2,safe_unidirectional,worst,3029.748066,3029.748066,853.802633
Detached,1,H2,safe_unidirectional,best,3029.748066,3029.748066,853.802633
Detached,1,H2,hybrid_bidirectional,worst,3295.240602,3295.240602,388.990084
Detached,1,H2,hybrid_bidirectional,best,3295.240602,3295.240602,388.990084
Detached,1,H3,safe_unidirectional,worst,2664.928066,2664.928066,828.265233
Detached,1,H3,safe_unidirectional,best,2664.928066,2664.928066,828.265233
Detached,1,H3,hybrid_bidirectional,worst,2812.852056,2812.852056,536.616631
Detached,1,H3,hybrid_bidirectional,best,2812.852056,2812.852056,536.616631
Detached,1,H1,safe_unidirectional,worst,3550.676432,3550.676432,891.907018
Detached,1,H1,safe_unidirectional,best,3550.676432,3550.676432,891.907018
Detached,1,H1,hybrid_bidirectional,worst,3769.134766,3769.134766,540.111094
Detached,1,H1,hybrid_bidirectional,best,3769.134766,3769.134766,540.111094
Detached,1,H2,safe_unidirectional,worst,3025.029766,3025.029766,855.111752
Detached,1,H2,safe_unidirectional,best,3025.029766,3025.029766,855.111752
Detached,1,H2,hybrid_bidirectional,worst,3296.768619,3296.768619,373.685146
Detached,1,H2,hybrid_bidirectional,best,3296.768619,3296.768619,373.685146
Detached,1,H3,safe_unidirectional,worst,2660.209766,2660.209766,829.574352
Detached,1,H3,safe_unidirectional,best,2660.209766,2660.209766,829.574352
Detached,1,H3,hybrid_bidirectional,worst,2811.172679,2811.172679,533.049229
Detached,1,H3,hybrid_bidirectional,best,2811.172679,2811.172679,533.049229
Detached,1,H1,safe_unidirectional,worst,3681.448832,3681.448832,938.896394
Detached,1,H1,safe_unidirectional,best,3681.448832,3681.448832,938.896394
Detached,1,H1,hybrid_bidirectional,worst,3912.159399,3912.159399,562.999934
Detached,1,H1,hybrid_bidirectional,best,3912.159399,3912.159399,562.999934
Detached,1,H2,safe_unidirectional,worst,3155.802166,3155.802166,902.101128
Detached,1,H2,safe_unidirectional,best,3155.802166,3155.802166,902.101128
Detached,1,H2,hybrid_bidirectional,worst,3441.511979,3441.511979,399.873168
Detached,1,H2,hybrid_bidirectional,best,3441.511979,3441.511979,399.873168
Detached,1,H3,safe_unidirectional,worst,2790.982166,2790.982166,876.563728
Detached,1,H3,safe_unidirectional,best,2790.982166,2790.982166,876.563728
Detached,1,H3,hybrid_bidirectional,worst,2944.837709,2944.837709,575.212705
Detached,1,H3,hybrid_bidirectional,best,2944.837709,2944.837709,575.212705
Detached,1,H1,safe_unidirectional,worst,3609.795832,3609.795832,900.59658
Detached,1,H1,safe_unidirectional,best,3609.795832,3609.795832,900.59658
Detached,1,H1,hybrid_bidirectional,worst,3836.512029,3836.512029,546.83335
Detached,1,H1,hybrid_bidirectional,best,3836.512029,3836.512029,546.83335
Detached,1,H2,safe_unidirectional,worst,3084.149166,3084.149166,863.801314
Detached,1,H2,safe_unidirectional,best,3084.149166,3084.149166,863.801314
Detached,1,H2,hybrid_bidirectional,worst,3363.214706,3363.214706,391.087776
Detached,1,H2,hybrid_bidirectional,best,3363.214706,3363.214706,391.087776
Detached,1,H3,safe_unidirectional,worst,2719.329166,2719.329166,838.263914
Detached,1,H3,safe_unidirectional,best,2719.329166,2719.329166,838.263914
Detached,1,H3,hybrid_bidirectional,worst,2874.826509,2874.826509,535.732754
Detached,1,H3,hybrid_bidirectional,best,2874.826509,2874.826509,535.732754
Detached,1,H1,safe_unidirectional,worst,3554.389532,3554.389532,893.020319
Detached,1,H1,safe_unidirectional,best,3554.389532,3554.389532,893.020319
Detached,1,H1,hybrid_bidirectional,worst,3764.315166,3764.315166,550.339158
Detached,1,H1,hybrid_bidirectional,best,3764.315166,3764.315166,550.339158
Detached,1,H2,safe_unidirectional,worst,3028.742866,3028.742866,856.225053
Detached,1,H2,safe_unidirectional,best,3028.742866,3028.742866,856.225053
Detached,1,H2,hybrid_bidirectional,worst,3295.016576,3295.016576,370.747666
Detached,1,H2,hybrid_bidirectional,best,3295.016576,3295.016576,370.747666
Detached,1,H3,safe_unidirectional,worst,2663.922866,2663.922866,830.687653
Detached,1,H3,safe_unidirectional,best,2663.922866,2663.922866,830.687653
Detached,1,H3,hybrid_bidirectional,worst,2809.126852,2809.126852,527.271116
Detached,1,H3,hybrid_bidirectional,best,2809.126852,2809.126852,527.271116
Detached,1,H1,safe_unidirectional,worst,3473.586332,3473.586332,869.773459
Detached,1,H1,safe_unidirectional,best,3473.586332,3473.586332,869.773459
Detached,1,H1,hybrid_bidirectional,worst,3681.583809,3681.583809,527.946812
Detached,1,H1,hybrid_bidirectional,best,3681.583809,3681.583809,527.946812
Detached,1,H2,safe_unidirectional,worst,2947.939666,2947.939666,832.978193
Detached,1,H2,safe_unidirectional,best,2947.939666,2947.939666,832.978193
Detached,1,H2,hybrid_bidirectional,worst,3204.119869,3204.119869,376.493495
Detached,1,H2,hybrid_bidirectional,best,3204.119869,3204.119869,376.493495
Detached,1,H3,safe_unidirectional,worst,2583.119666,2583.119666,807.440793
Detached,1,H3,safe_unidirectional,best,2583.119666,2583.119666,807.440793
Detached,1,H3,hybrid_bidirectional,worst,2721.434299,2721.434299,503.619095
Detached,1,H3,hybrid_bidirectional,best,2721.434299,2721.434299,503.619095
Detached,1,H1,safe_unidirectional,worst,3642.567632,3642.567632,914.026402
Detached,1,H1,safe_unidirectional,best,3642.567632,3642.567632,914.026402
Detached,1,H1,hybrid_bidirectional,worst,3863.382139,3863.382139,568.491512
Detached,1,H1,hybrid_bidirectional,best,3863.382139,3863.382139,568.491512
Detached,1,H2,safe_unidirectional,worst,3116.920966,3116.920966,877.231136
Detached,1,H2,safe_unidirectional,best,3116.920966,3116.920966,877.231136
Detached,1,H2,hybrid_bidirectional,worst,3391.134802,3391.134802,398.691966
Detached,1,H2,hybrid_bidirectional,best,3391.134802,3391.134802,398.691966
Detached,1,H3,safe_unidirectional,worst,2752.100966,2752.100966,851.693736
Detached,1,H3,safe_unidirectional,best,2752.100966,2752.100966,851.693736
Detached,1,H3,hybrid_bidirectional,worst,2903.380479,2903.380479,542.078787
Detached,1,H3,hybrid_bidirectional,best,2903.380479,2903.380479,542.078787
Detached,1,H1,safe_unidirectional,worst,3471.834032,3471.834032,869.242418
Detached,1,H1,safe_unidirectional,best,3471.834032,3471.834032,869.242418
Detached,1,H1,hybrid_bidirectional,worst,3678.383739,3678.383739,529.204081
Detached,1,H1,hybrid_bidirectional,best,3678.383739,3678.383739,529.204081
Detached,1,H2,safe_unidirectional,worst,2946.187366,2946.187366,832.447152
Detached,1,H2,safe_unidirectional,best,2946.187366,2946.187366,832.447152
Detached,1,H2,hybrid_bidirectional,worst,3183.783659,3183.783659,372.150558
Detached,1,H2,hybrid_bidirectional,best,3183.783659,3183.783659,372.150558
Detached,1,H3,safe_unidirectional,worst,2581.367366,2581.367366,806.909752
Detached,1,H3,safe_unidirectional,best,2581.367366,2581.367366,806.909752
Detached,1,H3,hybrid_bidirectional,worst,2722.192949,2722.192949,503.057792
Detached,1,H3,hybrid_bidirectional,best,2722.192949,2722.192949,503.057792
Detached,1,H1,safe_unidirectional,worst,3745.925732,3745.925732,952.024285
Detached,1,H1,safe_unidirectional,best,3745.925732,3745.925732,952.024285
Detached,1,H1,hybrid_bidirectional,worst,3979.661719,3979.661719,568.779853
Detached,1,H1,hybrid_bidirectional,best,3979.661719,3979.661719,568.779853
Detached,1,H2,safe_unidirectional,worst,3220.279066,3220.279066,915.229019
Detached,1,H2,safe_unidirectional,best,3220.279066,3220.279066,915.229019
Detached,1,H2,hybrid_bidirectional,worst,3504.943152,3504.943152,410.697824
Detached,1,H2,hybrid_bidirectional,best,3504.943152,3504.943152,410.697824
Detached,1,H3,safe_unidirectional,worst,2855.459066,2855.459066,889.691619
Detached,1,H3,safe_unidirectional,best,2855.459066,2855.459066,889.691619
Detached,1,H3,hybrid_bidirectional,worst,3005.005772,3005.005772,586.369544
Detached,1,H3,hybrid_bidirectional,best,3005.005772,3005.005772,586.369544
Detached,1,H1,safe_unidirectional,worst,3572.041032,3572.041032,900.290092
Detached,1,H1,safe_unidirectional,best,3572.041032,3572.041032,900.290092
Detached,1,H1,hybrid_bidirectional,worst,3790.996929,3790.996929,545.193057
Detached,1,H1,hybrid_bidirectional,best,3790.996929,3790.996929,545.193057
Detached,1,H2,safe_unidirectional,worst,3046.394366,3046.394366,863.494826
Detached,1,H2,safe_unidirectional,best,3046.394366,3046.394366,863.494826
Detached,1,H2,hybrid_bidirectional,worst,3309.669932,3309.669932,376.398191
Detached,1,H2,hybrid_bidirectional,best,3309.669932,3309.669932,376.398191
Detached,1,H3,safe_unidirectional,worst,2681.574366,2681.574366,837.957426
Detached,1,H3,safe_unidirectional,best,2681.574366,2681.574366,837.957426
Detached,1,H3,hybrid_bidirectional,worst,2821.439846,2821.439846,535.980735
Detached,1,H3,hybrid_bidirectional,best,2821.439846,2821.439846,535.980735
Detached,1,H1,safe_unidirectional,worst,3438.982432,3438.982432,848.504526
Detached,1,H1,safe_unidirectional,best,3438.982432,3438.982432,848.504526
Detached,1,H1,hybrid_bidirectional,worst,3642.698966,3642.698966,522.993644
Detached,1,H1,hybrid_bidirectional,best,3642.698966,3642.698966,522.993644
Detached,1,H2,safe_unidirectional,worst,2913.335766,2913.335766,811.70926
Detached,1,H2,safe_unidirectional,best,2913.335766,2913.335766,811.70926
Detached,1,H2,hybrid_bidirectional,worst,3165.660659,3165.660659,364.360219
Detached,1,H2,hybrid_bidirectional,best,3165.660659,3165.660659,364.360219
Detached,1,H3,safe_unidirectional,worst,2548.515766,2548.515766,786.17186
Detached,1,H3,safe_unidirectional,best,2548.515766,2548.515766,786.17186
Detached,1,H3,hybrid_bidirectional,worst,2687.372122,2687.372122,496.155781
Detached,1,H3,hybrid_bidirectional,best,2687.372122,2687.372122,496.155781
Detached,1,H1,safe_unidirectional,worst,3616.463132,3616.463132,917.205291
Detached,1,H1,safe_unidirectional,best,3616.463132,3616.463132,917.205291
Detached,1,H1,hybrid_bidirectional,worst,3827.873186,3827.873186,569.50327
Detached,1,H1,hybrid_bidirectional,best,3827.873186,3827.873186,569.50327
Detached,1,H2,safe_unidirectional,worst,3090.816466,3090.816466,880.410025
Detached,1,H2,safe_unidirectional,best,3090.816466,3090.816466,880.410025
Detached,1,H2,hybrid_bidirectional,worst,3361.845909,3361.845909,401.468391
Detached,1,H2,hybrid_bidirectional,best,3361.845909,3361.845909,401.468391
Detached,1,H3,safe_unidirectional,worst,2725.996466,2725.996466,854.872625
Detached,1,H3,safe_unidirectional,best,2725.996466,2725.996466,854.872625
Detached,1,H3,hybrid_bidirectional,worst,2871.711816,2871.711816,562.079864
Detached,1,H3,hybrid_bidirectional,best,2871.711816,2871.711816,562.079864
Detached,1,H1,safe_unidirectional,worst,3520.337832,3520.337832,882.64508
Detached,1,H1,safe_unidirectional,best,3520.337832,3520.337832,882.64508
Detached,1,H1,hybrid_bidirectional,worst,3733.597722,3733.597722,539.813873
Detached,1,H1,hybrid_bidirectional,best,3733.597722,3733.597722,539.813873
Detached,1,H2,safe_unidirectional,worst,2994.691166,2994.691166,845.849814
Detached,1,H2,safe_unidirectional,best,2994.691166,2994.691166,845.849814
Detached,1,H2,hybrid_bidirectional,worst,3257.485029,3257.485029,383.00805
Detached,1,H2,hybrid_bidirectional,best,3257.485029,3257.485029,383.00805
Detached,1,H3,safe_unidirectional,worst,2629.871166,2629.871166,820.312414
Detached,1,H3,safe_unidirectional,best,2629.871166,2629.871166,820.312414
Detached,1,H3,hybrid_bidirectional,worst,2777.235819,2777.235819,517.161311
Detached,1,H3,hybrid_bidirectional,best,2777.235819,2777.235819,517.161311
Detached,1,H1,safe_unidirectional,worst,3607.047532,3607.047532,912.119511
Detached,1,H1,safe_unidirectional,best,3607.047532,3607.047532,912.119511
Detached,1,H1,hybrid_bidirectional,worst,3828.569166,3828.569166,555.924654
Detached,1,H1,hybrid_bidirectional,best,3828.569166,3828.569166,555.924654
Detached,1,H2,safe_unidirectional,worst,3081.400866,3081.400866,875.324245
Detached,1,H2,safe_unidirectional,best,3081.400866,3081.400866,875.324245
Detached,1,H2,hybrid_bidirectional,worst,3349.604592,3349.604592,397.062951
Detached,1,H2,hybrid_bidirectional,best,3349.604592,3349.604592,397.062951
Detached,1,H3,safe_unidirectional,worst,2716.580866,2716.580866,849.786845
Detached,1,H3,safe_unidirectional,best,2716.580866,2716.580866,849.786845
Detached,1,H3,hybrid_bidirectional,worst,2873.784666,2873.784666,541.792913
Detached,1,H3,hybrid_bidirectional,best,2873.784666,2873.784666,541.792913
Detached,1,H1,safe_unidirectional,worst,3682.669932,3682.669932,935.721439
Detached,1,H1,safe_unidirectional,best,3682.669932,3682.669932,935.721439
Detached,1,H1,hybrid_bidirectional,worst,3912.163709,3912.163709,568.8401
Detached,1,H1,hybrid_bidirectional,best,3912.163709,3912.163709,568.8401
Detached,1,H2,safe_unidirectional,worst,3157.023266,3157.023266,898.926173
Detached,1,H2,safe_unidirectional,best,3157.023266,3157.023266,898.926173
Detached,1,H2,hybrid_bidirectional,worst,3444.926019,3444.926019,398.43234
Detached,1,H2,hybrid_bidirectional,best,3444.926019,3444.926019,398.43234
Detached,1,H3,safe_unidirectional,worst,2792.203266,2792.203266,873.388773
Detached,1,H3,safe_unidirectional,best,2792.203266,2792.203266,873.388773
Detached,1,H3,hybrid_bidirectional,worst,2950.027842,2950.027842,572.290345
Detached,1,H3,hybrid_bidirectional,best,2950.027842,2950.027842,572.290345
Detached,1,H1,safe_unidirectional,worst,3596.732632,3596.732632,906.515388
Detached,1,H1,safe_unidirectional,best,3596.732632,3596.732632,906.515388
Detached,1,H1,hybrid_bidirectional,worst,3804.066469,3804.066469,567.350947
Detached,1,H1,hybrid_bidirectional,best,3804.066469,3804.066469,567.350947
Detached,1,H2,safe_unidirectional,worst,3071.085966,3071.085966,869.720122
Detached,1,H2,safe_unidirectional,best,3071.085966,3071.085966,869.720122
Detached,1,H2,hybrid_bidirectional,worst,3337.087702,3337.087702,405.304835
Detached,1,H2,hybrid_bidirectional,best,3337.087702,3337.087702,405.304835
Detached,1,H3,safe_unidirectional,worst,2706.265966,2706.265966,844.182722
Detached,1,H3,safe_unidirectional,best,2706.265966,2706.265966,844.182722
Detached,1,H3,hybrid_bidirectional,worst,2856.401619,2856.401619,555.819668
Detached,1,H3,hybrid_bidirectional,best,2856.401619,2856.401619,555.819668
Detached,1,H1,safe_unidirectional,worst,3544.048532,3544.048532,890.223133
Detached,1,H1,safe_unidirectional,best,3544.048532,3544.048532,890.223133
Detached,1,H1,hybrid_bidirectional,worst,3759.252566,3759.252566,547.668168
Detached,1,H1,hybrid_bidirectional,best,3759.252566,3759.252566,547.668168
Detached,1,H2,safe_unidirectional,worst,3018.401866,3018.401866,853.427867
Detached,1,H2,safe_unidirectional,best,3018.401866,3018.401866,853.427867
Detached,1,H2,hybrid_bidirectional,worst,3286.916802,3286.916802,382.755136
Detached,1,H2,hybrid_bidirectional,best,3286.916802,3286.916802,382.755136
Detached,1,H3,safe_unidirectional,worst,2653.581866,2653.581866,827.890467
Detached,1,H3,safe_unidirectional,best,2653.581866,2653.581866,827.890467
Detached,1,H3,hybrid_bidirectional,worst,2803.309959,2803.309959,534.948372
Detached,1,H3,hybrid_bidirectional,best,2803.309959,2803.309959,534.948372
Detached,1,H1,safe_unidirectional,worst,3794.673032,3794.673032,957.299268
Detached,1,H1,safe_unidirectional,best,3794.673032,3794.673032,957.299268
Detached,1,H1,hybrid_bidirectional,worst,4025.418066,4025.418066,598.154093
Detached,1,H1,hybrid_bidirectional,best,4025.418066,4025.418066,598.154093
Detached,1,H2,safe_unidirectional,worst,3269.026366,3269.026366,920.504002
Detached,1,H2,safe_unidirectional,best,3269.026366,3269.026366,920.504002
Detached,1,H2,hybrid_bidirectional,worst,3563.735532,3563.735532,413.393011
Detached,1,H2,hybrid_bidirectional,best,3563.735532,3563.735532,413.393011
Detached,1,H3,safe_unidirectional,worst,2904.206366,2904.206366,894.966602
Detached,1,H3,safe_unidirectional,best,2904.206366,2904.206366,894.966602
Detached,1,H3,hybrid_bidirectional,worst,3056.922342,3056.922342,599.670469
Detached,1,H3,hybrid_bidirectional,best,3056.922342,3056.922342,599.670469
Detached,1,H1,safe_unidirectional,worst,3626.008732,3626.008732,913.545775
Detached,1,H1,safe_unidirectional,best,3626.008732,3626.008732,913.545775
Detached,1,H1,hybrid_bidirectional,worst,3847.848376,3847.848376,557.45398
Detached,1,H1,hybrid_bidirectional,best,3847.848376,3847.848376,557.45398
Detached,1,H2,safe_unidirectional,worst,3100.362066,3100.362066,876.750509
Detached,1,H2,safe_unidirectional,best,3100.362066,3100.362066,876.750509
Detached,1,H2,hybrid_bidirectional,worst,3369.952016,3369.952016,395.012086
Detached,1,H2,hybrid_bidirectional,best,3369.952016,3369.952016,395.012086
Detached,1,H3,safe_unidirectional,worst,2735.542066,2735.542066,851.213109
Detached,1,H3,safe_unidirectional,best,2735.542066,2735.542066,851.213109
Detached,1,H3,hybrid_bidirectional,worst,2889.581219,2889.581219,549.629858
Detached,1,H3,hybrid_bidirectional,best,2889.581219,2889.581219,549.629858
Detached,1,H1,safe_unidirectional,worst,3685.814732,3685.814732,930.714703
Detached,1,H1,safe_unidirectional,best,3685.814732,3685.814732,930.714703
Detached,1,H1,hybrid_bidirectional,worst,3915.591969,3915.591969,562.297115
Detached,1,H1,hybrid_bidirectional,best,3915.591969,3915.591969,562.297115
Detached,1,H2,safe_unidirectional,worst,3160.168066,3160.168066,893.919437
Detached,1,H2,safe_unidirectional,best,3160.168066,3160.168066,893.919437
Detached,1,H2,hybrid_bidirectional,worst,3439.468162,3439.468162,398.509314
Detached,1,H2,hybrid_bidirectional,best,3439.468162,3439.468162,398.509314
Detached,1,H3,safe_unidirectional,worst,2795.348066,2795.348066,868.382037
Detached,1,H3,safe_unidirectional,best,2795.348066,2795.348066,868.382037
Detached,1,H3,hybrid_bidirectional,worst,2944.315569,2944.315569,566.101032
Detached,1,H3,hybrid_bidirectional,best,2944.315569,2944.315569,566.101032
Detached,1,H1,safe_unidirectional,worst,3571.428432,3571.428432,901.429034
Detached,1,H1,safe_unidirectional,best,3571.428432,3571.428432,901.429034
Detached,1,H1,hybrid_bidirectional,worst,3789.036766,3789.036766,542.289242
Detached,1,H1,hybrid_bidirectional,best,3789.036766,3789.036766,542.289242
Detached,1,H2,safe_unidirectional,worst,3045.781766,3045.781766,864.633768
Detached,1,H2,safe_unidirectional,best,3045.781766,3045.781766,864.633768
Detached,1,H2,hybrid_bidirectional,worst,3300.891506,3300.891506,382.109847
Detached,1,H2,hybrid_bidirectional,best,3300.891506,3300.891506,382.109847
Detached,1,H3,safe_unidirectional,worst,2680.961766,2680.961766,839.096368
Detached,1,H3,safe_unidirectional,best,2680.961766,2680.961766,839.096368
Detached,1,H3,hybrid_bidirectional,worst,2820.766452,2820.766452,537.341607
Detached,1,H3,hybrid_bidirectional,best,2820.766452,2820.766452,537.341607
Detached,1,H1,safe_unidirectional,worst,3563.655232,3563.655232,894.780182
Detached,1,H1,safe_unidirectional,best,3563.655232,3563.655232,894.780182
Detached,1,H1,hybrid_bidirectional,worst,3784.117529,3784.117529,543.547129
Detached,1,H1,hybrid_bidirectional,best,3784.117529,3784.117529,543.547129
Detached,1,H2,safe_unidirectional,worst,3038.008566,3038.008566,857.984916
Detached,1,H2,safe_unidirectional,best,3038.008566,3038.008566,857.984916
Detached,1,H2,hybrid_bidirectional,worst,3289.498199,3289.498199,397.184837
Detached,1,H2,hybrid_bidirectional,best,3289.498199,3289.498199,397.184837
Detached,1,H3,safe_unidirectional,worst,2673.188566,2673.188566,832.447516
Detached,1,H3,safe_unidirectional,best,2673.188566,2673.188566,832.447516
Detached,1,H3,hybrid_bidirectional,worst,2814.573522,2814.573522,532.582116
Detached,1,H3,hybrid_bidirectional,best,2814.573522,2814.573522,532.582116
Detached,1,H1,safe_unidirectional,worst,3576.422732,3576.422732,906.262303
Detached,1,H1,safe_unidirectional,best,3576.422732,3576.422732,906.262303
Detached,1,H1,hybrid_bidirectional,worst,3782.054966,3782.054966,565.049924
Detached,1,H1,hybrid_bidirectional,best,3782.054966,3782.054966,565.049924
Detached,1,H2,safe_unidirectional,worst,3050.776066,3050.776066,869.467037
Detached,1,H2,safe_unidirectional,best,3050.776066,3050.776066,869.467037
Detached,1,H2,hybrid_bidirectional,worst,3317.254006,3317.254006,387.872477
Detached,1,H2,hybrid_bidirectional,best,3317.254006,3317.254006,387.872477
Detached,1,H3,safe_unidirectional,worst,2685.956066,2685.956066,843.929637
Detached,1,H3,safe_unidirectional,best,2685.956066,2685.956066,843.929637
Detached,1,H3,hybrid_bidirectional,worst,2827.757102,2827.757102,551.437854
Detached,1,H3,hybrid_bidirectional,best,2827.757102,2827.757102,551.437854
Detached,1,H1,safe_unidirectional,worst,3550.197732,3550.197732,883.996297
Detached,1,H1,safe_unidirectional,best,3550.197732,3550.197732,883.996297
Detached,1,H1,hybrid_bidirectional,worst,3767.469412,3767.469412,542.50414
Detached,1,H1,hybrid_bidirectional,best,3767.469412,3767.469412,542.50414
Detached,1,H2,safe_unidirectional,worst,3024.551066,3024.551066,847.201031
Detached,1,H2,safe_unidirectional,best,3024.551066,3024.551066,847.201031
Detached,1,H2,hybrid_bidirectional,worst,3294.796236,3294.796236,372.565615
Detached,1,H2,hybrid_bidirectional,best,3294.796236,3294.796236,372.565615
Detached,1,H3,safe_unidirectional,worst,2659.731066,2659.731066,821.663631
Detached,1,H3,safe_unidirectional,best,2659.731066,2659.731066,821.663631
Detached,1,H3,hybrid_bidirectional,worst,2807.617486,2807.617486,527.721525
Detached,1,H3,hybrid_bidirectional,best,2807.617486,2807.617486,527.721525
Detached,1,H1,safe_unidirectional,worst,3714.704132,3714.704132,941.468117
Detached,1,H1,safe_unidirectional,best,3714.704132,3714.704132,941.468117
Detached,1,H1,hybrid_bidirectional,worst,3940.254082,3940.254082,584.732899
Detached,1,H1,hybrid_bidirectional,best,3940.254082,3940.254082,584.732899
Detached,1,H2,safe_unidirectional,worst,3189.057466,3189.057466,904.672851
Detached,1,H2,safe_unidirectional,best,3189.057466,3189.057466,904.672851
Detached,1,H2,hybrid_bidirectional,worst,3451.650482,3451.650482,431.989467
Detached,1,H2,hybrid_bidirectional,best,3451.650482,3451.650482,431.989467
Detached,1,H3,safe_unidirectional,worst,2824.237466,2824.237466,879.135451
Detached,1,H3,safe_unidirectional,best,2824.237466,2824.237466,879.135451
Detached,1,H3,hybrid_bidirectional,worst,2963.542506,2963.542506,582.421407
Detached,1,H3,hybrid_bidirectional,best,2963.542506,2963.542506,582.421407
Detached,1,H1,safe_unidirectional,worst,3728.861832,3728.861832,947.661052
Detached,1,H1,safe_unidirectional,best,3728.861832,3728.861832,947.661052
Detached,1,H1,hybrid_bidirectional,worst,3954.587366,3954.587366,583.059552
Detached,1,H1,hybrid_bidirectional,best,3954.587366,3954.587366,583.059552
Detached,1,H2,safe_unidirectional,worst,3203.215166,3203.215166,910.865786
Detached,1,H2,safe_unidirectional,best,3203.215166,3203.215166,910.865786
Detached,1,H2,hybrid_bidirectional,worst,3491.335522,3491.335522,409.943836
Detached,1,H2,hybrid_bidirectional,best,3491.335522,3491.335522,409.943836
Detached,1,H3,safe_unidirectional,worst,2838.395166,2838.395166,885.328386
Detached,1,H3,safe_unidirectional,best,2838.395166,2838.395166,885.328386
Detached,1,H3,hybrid_bidirectional,worst,2998.345279,2998.345279,582.508384
Detached,1,H3,hybrid_bidirectional,best,2998.345279,2998.345279,582.508384
Detached,1,H1,safe_unidirectional,worst,3724.092232,3724.092232,941.6065
Detached,1,H1,safe_unidirectional,best,3724.092232,3724.092232,941.6065
Detached,1,H1,hybrid_bidirectional,worst,3953.258819,3953.258819,578.626206
Detached,1,H1,hybrid_bidirectional,best,3953.258819,3953.258819,578.626206
Detached,1,H2,safe_unidirectional,worst,3198.445566,3198.445566,904.811234
Detached,1,H2,safe_unidirectional,best,3198.445566,3198.445566,904.811234
Detached,1,H2,hybrid_bidirectional,worst,3469.708986,3469.708986,426.460645
Detached,1,H2,hybrid_bidirectional,best,3469.708986,3469.708986,426.460645
Detached,1,H3,safe_unidirectional,worst,2833.625566,2833.625566,879.273834
Detached,1,H3,safe_unidirectional,best,2833.625566,2833.625566,879.273834
Detached,1,H3,hybrid_bidirectional,worst,2967.750716,2967.750716,592.023241
Detached,1,H3,hybrid_bidirectional,best,2967.750716,2967.750716,592.023241
Detached,1,H1,safe_unidirectional,worst,3707.372632,3707.372632,931.25392
Detached,1,H1,safe_unidirectional,best,3707.372632,3707.372632,931.25392
Detached,1,H1,hybrid_bidirectional,worst,3934.320522,3934.320522,576.485857
Detached,1,H1,hybrid_bidirectional,best,3934.320522,3934.320522,576.485857
Detached,1,H2,safe_unidirectional,worst,3181.725966,3181.725966,894.458654
Detached,1,H2,safe_unidirectional,best,3181.725966,3181.725966,894.458654
Detached,1,H2,hybrid_bidirectional,worst,3455.260792,3455.260792,419.556148
Detached,1,H2,hybrid_bidirectional,best,3455.260792,3455.260792,419.556148
Detached,1,H3,safe_unidirectional,worst,2816.905966,2816.905966,868.921254
Detached,1,H3,safe_unidirectional,best,2816.905966,2816.905966,868.921254
Detached,1,H3,hybrid_bidirectional,worst,2967.238302,2967.238302,565.135568
Detached,1,H3,hybrid_bidirectional,best,2967.238302,2967.238302,565.135568
Detached,1,H1,safe_unidirectional,worst,3568.913432,3568.913432,897.821556
Detached,1,H1,safe_unidirectional,best,3568.913432,3568.913432,897.821556
Detached,1,H1,hybrid_bidirectional,worst,3786.206236,3786.206236,547.746295
Detached,1,H1,hybrid_bidirectional,best,3786.206236,3786.206236,547.746295
Detached,1,H2,safe_unidirectional,worst,3043.266766,3043.266766,861.02629
Detached,1,H2,safe_unidirectional,best,3043.266766,3043.266766,861.02629
Detached,1,H2,hybrid_bidirectional,worst,3308.857389,3308.857389,389.661948
Detached,1,H2,hybrid_bidirectional,best,3308.857389,3308.857389,389.661948
Detached,1,H3,safe_unidirectional,worst,2678.446766,2678.446766,835.48889
Detached,1,H3,safe_unidirectional,best,2678.446766,2678.446766,835.48889
Detached,1,H3,hybrid_bidirectional,worst,2821.805119,2821.805119,548.562202
Detached,1,H3,hybrid_bidirectional,best,2821.805119,2821.805119,548.562202
Detached,1,H1,safe_unidirectional,worst,3647.659432,3647.659432,925.238904
Detached,1,H1,safe_unidirectional,best,3647.659432,3647.659432,925.238904
Detached,1,H1,hybrid_bidirectional,worst,3866.755789,3866.755789,573.302697
Detached,1,H1,hybrid_bidirectional,best,3866.755789,3866.755789,573.302697
Detached,1,H2,safe_unidirectional,worst,3122.012766,3122.012766,888.443638
Detached,1,H2,safe_unidirectional,best,3122.012766,3122.012766,888.443638
Detached,1,H2,hybrid_bidirectional,worst,3401.051299,3401.051299,388.638846
Detached,1,H2,hybrid_bidirectional,best,3401.051299,3401.051299,388.638846
Detached,1,H3,safe_unidirectional,worst,2757.192766,2757.192766,862.906238
Detached,1,H3,safe_unidirectional,best,2757.192766,2757.192766,862.906238
Detached,1,H3,hybrid_bidirectional,worst,2903.466986,2903.466986,556.176124
Detached,1,H3,hybrid_bidirectional,best,2903.466986,2903.466986,556.176124
Detached,1,H1,safe_unidirectional,worst,3611.272332,3611.272332,910.631563
Detached,1,H1,safe_unidirectional,best,3611.272332,3611.272332,910.631563
Detached,1,H1,hybrid_bidirectional,worst,3828.413096,3828.413096,557.263485
Detached,1,H1,hybrid_bidirectional,best,3828.413096,3828.413096,557.263485
Detached,1,H2,safe_unidirectional,worst,3085.625666,3085.625666,873.836297
Detached,1,H2,safe_unidirectional,best,3085.625666,3085.625666,873.836297
Detached,1,H2,hybrid_bidirectional,worst,3350.217472,3350.217472,401.706945
Detached,1,H2,hybrid_bidirectional,best,3350.217472,3350.217472,401.706945
Detached,1,H3,safe_unidirectional,worst,2720.805666,2720.805666,848.298897
Detached,1,H3,safe_unidirectional,best,2720.805666,2720.805666,848.298897
Detached,1,H3,hybrid_bidirectional,worst,2866.750589,2866.750589,550.342019
Detached,1,H3,hybrid_bidirectional,best,2866.750589,2866.750589,550.342019
Detached,1,H1,safe_unidirectional,worst,3759.309732,3759.309732,953.872789
Detached,1,H1,safe_unidirectional,best,3759.309732,3759.309732,953.872789
Detached,1,H1,hybrid_bidirectional,worst,3996.212982,3996.212982,577.565216
Detached,1,H1,hybrid_bidirectional,best,3996.212982,3996.212982,577.565216
Detached,1,H2,safe_unidirectional,worst,3233.663066,3233.663066,917.077523
Detached,1,H2,safe_unidirectional,best,3233.663066,3233.663066,917.077523
Detached,1,H2,hybrid_bidirectional,worst,3513.884599,3513.884599,428.488852
Detached,1,H2,hybrid_bidirectional,best,3513.884599,3513.884599,428.488852
Detached,1,H3,safe_unidirectional,worst,2868.843066,2868.843066,891.540123
Detached,1,H3,safe_unidirectional,best,2868.843066,2868.843066,891.540123
Detached,1,H3,hybrid_bidirectional,worst,3019.871472,3019.871472,597.426484
Detached,1,H3,hybrid_bidirectional,best,3019.871472,3019.871472,597.426484
Detached,1,H1,safe_unidirectional,worst,3566.840432,3566.840432,898.205814
Detached,1,H1,safe_unidirectional,best,3566.840432,3566.840432,898.205814
Detached,1,H1,hybrid_bidirectional,worst,3783.415159,3783.415159,543.362795
Detached,1,H1,hybrid_bidirectional,best,3783.415159,3783.415159,543.362795
Detached,1,H2,safe_unidirectional,worst,3041.193766,3041.193766,861.410548
Detached,1,H2,safe_unidirectional,best,3041.193766,3041.193766,861.410548
Detached,1,H2,hybrid_bidirectional,worst,3299.993956,3299.993956,380.329608
Detached,1,H2,hybrid_bidirectional,best,3299.993956,3299.993956,380.329608
Detached,1,H3,safe_unidirectional,worst,2676.373766,2676.373766,835.873148
Detached,1,H3,safe_unidirectional,best,2676.373766,2676.373766,835.873148
Detached,1,H3,hybrid_bidirectional,worst,2821.506049,2821.506049,531.599333
Detached,1,H3,hybrid_bidirectional,best,2821.506049,2821.506049,531.599333
Detached,1,H1,safe_unidirectional,worst,3555.559432,3555.559432,894.540236
Detached,1,H1,safe_unidirectional,best,3555.559432,3555.559432,894.540236
Detached,1,H1,hybrid_bidirectional,worst,3769.179016,3769.179016,543.526397
Detached,1,H1,hybrid_bidirectional,best,3769.179016,3769.179016,543.526397
Detached,1,H2,safe_unidirectional,worst,3029.912766,3029.912766,857.74497
Detached,1,H2,safe_unidirectional,best,3029.912766,3029.912766,857.74497
Detached,1,H2,hybrid_bidirectional,worst,3293.457526,3293.457526,395.512312
Detached,1,H2,hybrid_bidirectional,best,3293.457526,3293.457526,395.512312
Detached,1,H3,safe_unidirectional,worst,2665.092766,2665.092766,832.20757
Detached,1,H3,safe_unidirectional,best,2665.092766,2665.092766,832.20757
Detached,1,H3,hybrid_bidirectional,worst,2815.420626,2815.420626,535.310779
Detached,1,H3,hybrid_bidirectional,best,2815.420626,2815.420626,535.310779
Detached,1,H1,safe_unidirectional,worst,3495.636032,3495.636032,875.447106
Detached,1,H1,safe_unidirectional,best,3495.636032,3495.636032,875.447106
Detached,1,H1,hybrid_bidirectional,worst,3713.099959,3713.099959,522.9561
Detached,1,H1,hybrid_bidirectional,best,3713.099959,3713.099959,522.9561
Detached,1,H2,safe_unidirectional,worst,2969.989366,2969.989366,838.65184
Detached,1,H2,safe_unidirectional,best,2969.989366,2969.989366,838.65184
Detached,1,H2,hybrid_bidirectional,worst,3232.559166,3232.559166,372.889772
Detached,1,H2,hybrid_bidirectional,best,3232.559166,3232.559166,372.889772
Detached,1,H3,safe_unidirectional,worst,2605.169366,2605.169366,813.11444
Detached,1,H3,safe_unidirectional,best,2605.169366,2605.169366,813.11444
Detached,1,H3,hybrid_bidirectional,worst,2756.073906,2756.073906,505.232566
Detached,1,H3,hybrid_bidirectional,best,2756.073906,2756.073906,505.232566
Detached,1,H1,safe_unidirectional,worst,3569.405032,3569.405032,897.404328
Detached,1,H1,safe_unidirectional,best,3569.405032,3569.405032,897.404328
Detached,1,H1,hybrid_bidirectional,worst,3784.159739,3784.159739,551.635277
Detached,1,H1,hybrid_bidirectional,best,3784.159739,3784.159739,551.635277
Detached,1,H2,safe_unidirectional,worst,3043.758366,3043.758366,860.609062
Detached,1,H2,safe_unidirectional,best,3043.758366,3043.758366,860.609062
Detached,1,H2,hybrid_bidirectional,worst,3315.135242,3315.135242,392.577376
Detached,1,H2,hybrid_bidirectional,best,3315.135242,3315.135242,392.577376
Detached,1,H3,safe_unidirectional,worst,2678.938366,2678.938366,835.071662
Detached,1,H3,safe_unidirectional,best,2678.938366,2678.938366,835.071662
Detached,1,H3,hybrid_bidirectional,worst,2833.442266,2833.442266,540.779826
Detached,1,H3,hybrid_bidirectional,best,2833.442266,2833.442266,540.779826
Detached,1,H1,safe_unidirectional,worst,3556.391132,3556.391132,900.045435
Detached,1,H1,safe_unidirectional,best,3556.391132,3556.391132,900.045435
Detached,1,H1,hybrid_bidirectional,worst,3775.968229,3775.968229,541.927025
Detached,1,H1,hybrid_bidirectional,best,3775.968229,3775.968229,541.927025
Detached,1,H2,safe_unidirectional,worst,3030.744466,3030.744466,863.250169
Detached,1,H2,safe_unidirectional,best,3030.744466,3030.744466,863.250169
Detached,1,H2,hybrid_bidirectional,worst,3287.853002,3287.853002,396.06843
Detached,1,H2,hybrid_bidirectional,best,3287.853002,3287.853002,396.06843
Detached,1,H3,safe_unidirectional,worst,2665.924466,2665.924466,837.712769
Detached,1,H3,safe_unidirectional,best,2665.924466,2665.924466,837.712769
Detached,1,H3,hybrid_bidirectional,worst,2805.556666,2805.556666,537.979526
Detached,1,H3,hybrid_bidirectional,best,2805.556666,2805.556666,537.979526
Detached,1,H1,safe_unidirectional,worst,3663.224432,3663.224432,923.269398
Detached,1,H1,safe_unidirectional,best,3663.224432,3663.224432,923.269398
Detached,1,H1,hybrid_bidirectional,worst,3888.402909,3888.402909,565.319712
Detached,1,H1,hybrid_bidirectional,best,3888.402909,3888.402909,565.319712
Detached,1,H2,safe_unidirectional,worst,3137.577766,3137.577766,886.474132
Detached,1,H2,safe_unidirectional,best,3137.577766,3137.577766,886.474132
Detached,1,H2,hybrid_bidirectional,worst,3410.779139,3410.779139,407.15185
Detached,1,H2,hybrid_bidirectional,best,3410.779139,3410.779139,407.15185
Detached,1,H3,safe_unidirectional,worst,2772.757766,2772.757766,860.936732
Detached,1,H3,safe_unidirectional,best,2772.757766,2772.757766,860.936732
Detached,1,H3,hybrid_bidirectional,worst,2924.795069,2924.795069,562.618796
Detached,1,H3,hybrid_bidirectional,best,2924.795069,2924.795069,562.618796
Detached,1,H1,safe_unidirectional,worst,3613.476632,3613.476632,911.804196
Detached,1,H1,safe_unidirectional,best,3613.476632,3613.476632,911.804196
Detached,1,H1,hybrid_bidirectional,worst,3839.756899,3839.756899,544.223803
Detached,1,H1,hybrid_bidirectional,best,3839.756899,3839.756899,544.223803
Detached,1,H2,safe_unidirectional,worst,3087.829966,3087.829966,875.00893
Detached,1,H2,safe_unidirectional,best,3087.829966,3087.829966,875.00893
Detached,1,H2,hybrid_bidirectional,worst,3367.078259,3367.078259,371.243801
Detached,1,H2,hybrid_bidirectional,best,3367.078259,3367.078259,371.243801
Detached,1,H3,safe_unidirectional,worst,2723.009966,2723.009966,849.47153
Detached,1,H3,safe_unidirectional,best,2723.009966,2723.009966,849.47153
Detached,1,H3,hybrid_bidirectional,worst,2865.366102,2865.366102,557.00269
Detached,1,H3,hybrid_bidirectional,best,2865.366102,2865.366102,557.00269
Detached,1,H1,safe_unidirectional,worst,3557.913232,3557.913232,900.693138
Detached,1,H1,safe_unidirectional,best,3557.913232,3557.913232,900.693138
Detached,1,H1,hybrid_bidirectional,worst,3769.737632,3769.737632,556.045503
Detached,1,H1,hybrid_bidirectional,best,3769.737632,3769.737632,556.045503
Detached,1,H2,safe_unidirectional,worst,3032.266566,3032.266566,863.897872
Detached,1,H2,safe_unidirectional,best,3032.266566,3032.266566,863.897872
Detached,1,H2,hybrid_bidirectional,worst,3295.925229,3295.925229,390.786435
Detached,1,H2,hybrid_bidirectional,best,3295.925229,3295.925229,390.786435
Detached,1,H3,safe_unidirectional,worst,2667.446566,2667.446566,838.360472
Detached,1,H3,safe_unidirectional,best,2667.446566,2667.446566,838.360472
Detached,1,H3,hybrid_bidirectional,worst,2811.632289,2811.632289,533.069861
Detached,1,H3,hybrid_bidirectional,best,2811.632289,2811.632289,533.069861
Detached,1,H1,safe_unidirectional,worst,3682.661132,3682.661132,935.995419
Detached,1,H1,safe_unidirectional,best,3682.661132,3682.661132,935.995419
Detached,1,H1,hybrid_bidirectional,worst,3903.755019,3903.755019,579.072436
Detached,1,H1,hybrid_bidirectional,best,3903.755019,3903.755019,579.072436
Detached,1,H2,safe_unidirectional,worst,3157.014466,3157.014466,899.200153
Detached,1,H2,safe_unidirectional,best,3157.014466,3157.014466,899.200153
Detached,1,H2,hybrid_bidirectional,worst,3430.945989,3430.945989,400.289545
Detached,1,H2,hybrid_bidirectional,best,3430.945989,3430.945989,400.289545
Detached,1,H3,safe_unidirectional,worst,2792.194466,2792.194466,873.662753
Detached,1,H3,safe_unidirectional,best,2792.194466,2792.194466,873.662753
Detached,1,H3,hybrid_bidirectional,worst,2932.005666,2932.005666,572.527388
Detached,1,H3,hybrid_bidirectional,best,2932.005666,2932.005666,572.527388
Detached,1,H1,safe_unidirectional,worst,3595.178932,3595.178932,905.461825
Detached,1,H1,safe_unidirectional,best,3595.178932,3595.178932,905.461825
Detached,1,H1,hybrid_bidirectional,worst,3811.315886,3811.315886,554.816675
Detached,1,H1,hybrid_bidirectional,best,3811.315886,3811.315886,554.816675
Detached,1,H2,safe_unidirectional,worst,3069.532266,3069.532266,868.666559
Detached,1,H2,safe_unidirectional,best,3069.532266,3069.532266,868.666559
Detached,1,H2,hybrid_bidirectional,worst,3334.727946,3334.727946,393.246004
Detached,1,H2,hybrid_bidirectional,best,3334.727946,3334.727946,393.246004
Detached,1,H3,safe_unidirectional,worst,2704.712266,2704.712266,843.129159
Detached,1,H3,safe_unidirectional,best,2704.712266,2704.712266,843.129159
Detached,1,H3,hybrid_bidirectional,worst,2844.892966,2844.892966,544.176693
Detached,1,H3,hybrid_bidirectional,best,2844.892966,2844.892966,544.176693
Detached,1,H1,safe_unidirectional,worst,3583.548232,3583.548232,913.3104
Detached,1,H1,safe_unidirectional,best,3583.548232,3583.548232,913.3104
Detached,1,H1,hybrid_bidirectional,worst,3800.339416,3800.339416,557.060071
Detached,1,H1,hybrid_bidirectional,best,3800.339416,3800.339416,557.060071
Detached,1,H2,safe_unidirectional,worst,3057.901566,3057.901566,876.515134
Detached,1,H2,safe_unidirectional,best,3057.901566,3057.901566,876.515134
Detached,1,H2,hybrid_bidirectional,worst,3327.872886,3327.872886,388.281949
Detached,1,H2,hybrid_bidirectional,best,3327.872886,3327.872886,388.281949
Detached,1,H3,safe_unidirectional,worst,2693.081566,2693.081566,850.977734
Detached,1,H3,safe_unidirectional,best,2693.081566,2693.081566,850.977734
Detached,1,H3,hybrid_bidirectional,worst,2840.669202,2840.669202,557.357352
Detached,1,H3,hybrid_bidirectional,best,2840.669202,2840.669202,557.357352
Detached,1,H1,safe_unidirectional,worst,3693.365032,3693.365032,938.332376
Detached,1,H1,safe_unidirectional,best,3693.365032,3693.365032,938.332376
Detached,1,H1,hybrid_bidirectional,worst,3922.123139,3922.123139,567.061034
Detached,1,H1,hybrid_bidirectional,best,3922.123139,3922.123139,567.061034
Detached,1,H2,safe_unidirectional,worst,3167.718366,3167.718366,901.53711
Detached,1,H2,safe_unidirectional,best,3167.718366,3167.718366,901.53711
Detached,1,H2,hybrid_bidirectional,worst,3437.157749,3437.157749,408.369929
Detached,1,H2,hybrid_bidirectional,best,3437.157749,3437.157749,408.369929
Detached,1,H3,safe_unidirectional,worst,2802.898366,2802.898366,875.99971
Detached,1,H3,safe_unidirectional,best,2802.898366,2802.898366,875.99971
Detached,1,H3,hybrid_bidirectional,worst,2944.902396,2944.902396,571.431966
Detached,1,H3,hybrid_bidirectional,best,2944.902396,2944.902396,571.431966
Detached,1,H1,safe_unidirectional,worst,3689.759132,3689.759132,929.978107
Detached,1,H1,safe_unidirectional,best,3689.759132,3689.759132,929.978107
Detached,1,H1,hybrid_bidirectional,worst,3920.996526,3920.996526,566.978074
Detached,1,H1,hybrid_bidirectional,best,3920.996526,3920.996526,566.978074
Detached,1,H2,safe_unidirectional,worst,3164.112466,3164.112466,893.182841
Detached,1,H2,safe_unidirectional,best,3164.112466,3164.112466,893.182841
Detached,1,H2,hybrid_bidirectional,worst,3445.148482,3445.148482,404.443891
Detached,1,H2,hybrid_bidirectional,best,3445.148482,3445.148482,404.443891
Detached,1,H3,safe_unidirectional,worst,2799.292466,2799.292466,867.645441
Detached,1,H3,safe_unidirectional,best,2799.292466,2799.292466,867.645441
Detached,1,H3,hybrid_bidirectional,worst,2953.407746,2953.407746,565.611829
Detached,1,H3,hybrid_bidirectional,best,2953.407746,2953.407746,565.611829
Detached,1,H1,safe_unidirectional,worst,3691.586132,3691.586132,935.622557
Detached,1,H1,safe_unidirectional,best,3691.586132,3691.586132,935.622557
Detached,1,H1,hybrid_bidirectional,worst,3915.483076,3915.483076,570.250294
Detached,1,H1,hybrid_bidirectional,best,3915.483076,3915.483076,570.250294
Detached,1,H2,safe_unidirectional,worst,3165.939466,3165.939466,898.827291
Detached,1,H2,safe_unidirectional,best,3165.939466,3165.939466,898.827291
Detached,1,H2,hybrid_bidirectional,worst,3439.388359,3439.388359,410.056279
Detached,1,H2,hybrid_bidirectional,best,3439.388359,3439.388359,410.056279
Detached,1,H3,safe_unidirectional,worst,2801.119466,2801.119466,873.289891
Detached,1,H3,safe_unidirectional,best,2801.119466,2801.119466,873.289891
Detached,1,H3,hybrid_bidirectional,worst,2944.643876,2944.643876,566.021483
Detached,1,H3,hybrid_bidirectional,best,2944.643876,2944.643876,566.021483
Detached,1,H1,safe_unidirectional,worst,3682.647932,3682.647932,936.009531
Detached,1,H1,safe_unidirectional,best,3682.647932,3682.647932,936.009531
Detached,1,H1,hybrid_bidirectional,worst,3906.347346,3906.347346,568.6965
Detached,1,H1,hybrid_bidirectional,best,3906.347346,3906.347346,568.6965
Detached,1,H2,safe_unidirectional,worst,3157.001266,3157.001266,899.214265
Detached,1,H2,safe_unidirectional,best,3157.001266,3157.001266,899.214265
Detached,1,H2,hybrid_bidirectional,worst,3430.821822,3430.821822,400.027383
Detached,1,H2,hybrid_bidirectional,best,3430.821822,3430.821822,400.027383
Detached,1,H3,safe_unidirectional,worst,2792.181266,2792.181266,873.676865
Detached,1,H3,safe_unidirectional,best,2792.181266,2792.181266,873.676865
Detached,1,H3,hybrid_bidirectional,worst,2935.170226,2935.170226,577.571588
Detached,1,H3,hybrid_bidirectional,best,2935.170226,2935.170226,577.571588
Detached,1,H1,safe_unidirectional,worst,3686.822632,3686.822632,935.630796
Detached,1,H1,safe_unidirectional,best,3686.822632,3686.822632,935.630796
Detached,1,H1,hybrid_bidirectional,worst,3917.033592,3917.033592,565.818075
Detached,1,H1,hybrid_bidirectional,best,3917.033592,3917.033592,565.818075
Detached,1,H2,safe_unidirectional,worst,3161.175966,3161.175966,898.83553
Detached,1,H2,safe_unidirectional,best,3161.175966,3161.175966,898.83553
Detached,1,H2,hybrid_bidirectional,worst,3441.283359,3441.283359,418.595706
Detached,1,H2,hybrid_bidirectional,best,3441.283359,3441.283359,418.595706
Detached,1,H3,safe_unidirectional,worst,2796.355966,2796.355966,873.29813
Detached,1,H3,safe_unidirectional,best,2796.355966,2796.355966,873.29813
Detached,1,H3,hybrid_bidirectional,worst,2941.349972,2941.349972,572.549452
Detached,1,H3,hybrid_bidirectional,best,2941.349972,2941.349972,572.549452
Detached,1,H1,safe_unidirectional,worst,3466.009132,3466.009132,857.019067
Detached,1,H1,safe_unidirectional,best,3466.009132,3466.009132,857.019067
Detached,1,H1,hybrid_bidirectional,worst,3675.789289,3675.789289,523.956267
Detached,1,H1,hybrid_bidirectional,best,3675.789289,3675.789289,523.956267
Detached,1,H2,safe_unidirectional,worst,2940.362466,2940.362466,820.223801
Detached,1,H2,safe_unidirectional,best,2940.362466,2940.362466,820.223801
Detached,1,H2,hybrid_bidirectional,worst,3198.344379,3198.344379,369.911556
Detached,1,H2,hybrid_bidirectional,best,3198.344379,3198.344379,369.911556
Detached,1,H3,safe_unidirectional,worst,2575.542466,2575.542466,794.686401
Detached,1,H3,safe_unidirectional,best,2575.542466,2575.542466,794.686401
Detached,1,H3,hybrid_bidirectional,worst,2723.373139,2723.373139,495.462478
Detached,1,H3,hybrid_bidirectional,best,2723.373139,2723.373139,495.462478
Detached,1,H1,safe_unidirectional,worst,3580.856032,3580.856032,896.190094
Detached,1,H1,safe_unidirectional,best,3580.856032,3580.856032,896.190094
Detached,1,H1,hybrid_bidirectional,worst,3800.798866,3800.798866,549.069533
Detached,1,H1,hybrid_bidirectional,best,3800.798866,3800.798866,549.069533
Detached,1,H2,safe_unidirectional,worst,3055.209366,3055.209366,859.394828
Detached,1,H2,safe_unidirectional,best,3055.209366,3055.209366,859.394828
Detached,1,H2,hybrid_bidirectional,worst,3330.242279,3330.242279,387.549943
Detached,1,H2,hybrid_bidirectional,best,3330.242279,3330.242279,387.549943
Detached,1,H3,safe_unidirectional,worst,2690.389366,2690.389366,833.857428
Detached,1,H3,safe_unidirectional,best,2690.389366,2690.389366,833.857428
Detached,1,H3,hybrid_bidirectional,worst,2836.128596,2836.128596,540.399693
Detached,1,H3,hybrid_bidirectional,best,2836.128596,2836.128596,540.399693
Detached,1,H1,safe_unidirectional,worst,3565.524432,3565.524432,897.026258
Detached,1,H1,safe_unidirectional,best,3565.524432,3565.524432,897.026258
Detached,1,H1,hybrid_bidirectional,worst,3785.353742,3785.353742,540.018392
Detached,1,H1,hybrid_bidirectional,best,3785.353742,3785.353742,540.018392
Detached,1,H2,safe_unidirectional,worst,3039.877766,3039.877766,860.230992
Detached,1,H2,safe_unidirectional,best,3039.877766,3039.877766,860.230992
Detached,1,H2,hybrid_bidirectional,worst,3303.406802,3303.406802,388.440285
Detached,1,H2,hybrid_bidirectional,best,3303.406802,3303.406802,388.440285
Detached,1,H3,safe_unidirectional,worst,2675.057766,2675.057766,834.693592
Detached,1,H3,safe_unidirectional,best,2675.057766,2675.057766,834.693592
Detached,1,H3,hybrid_bidirectional,worst,2816.805889,2816.805889,529.207592
Detached,1,H3,hybrid_bidirectional,best,2816.805889,2816.805889,529.207592
Detached,1,H1,safe_unidirectional,worst,3472.554732,3472.554732,871.134343
Detached,1,H1,safe_unidirectional,best,3472.554732,3472.554732,871.134343
Detached,1,H1,hybrid_bidirectional,worst,3681.609996,3681.609996,529.050673
Detached,1,H1,hybrid_bidirectional,best,3681.609996,3681.609996,529.050673
Detached,1,H2,safe_unidirectional,worst,2946.908066,2946.908066,834.339077
Detached,1,H2,safe_unidirectional,best,2946.908066,2946.908066,834.339077
Detached,1,H2,hybrid_bidirectional,worst,3210.789842,3210.789842,364.157627
Detached,1,H2,hybrid_bidirectional,best,3210.789842,3210.789842,364.157627
Detached,1,H3,safe_unidirectional,worst,2582.088066,2582.088066,808.801677
Detached,1,H3,safe_unidirectional,best,2582.088066,2582.088066,808.801677
Detached,1,H3,hybrid_bidirectional,worst,2730.889362,2730.889362,501.56725
Detached,1,H3,hybrid_bidirectional,best,2730.889362,2730.889362,501.56725
Detached,1,H1,safe_unidirectional,worst,3646.892532,3646.892532,918.777477
Detached,1,H1,safe_unidirectional,best,3646.892532,3646.892532,918.777477
Detached,1,H1,hybrid_bidirectional,worst,3877.206366,3877.206366,551.882238
Detached,1,H1,hybrid_bidirectional,best,3877.206366,3877.206366,551.882238
Detached,1,H2,safe_unidirectional,worst,3121.245866,3121.245866,881.982211
Detached,1,H2,safe_unidirectional,best,3121.245866,3121.245866,881.982211
Detached,1,H2,hybrid_bidirectional,worst,3390.243146,3390.243146,405.56779
Detached,1,H2,hybrid_bidirectional,best,3390.243146,3390.243146,405.56779
Detached,1,H3,safe_unidirectional,worst,2756.425866,2756.425866,856.444811
Detached,1,H3,safe_unidirectional,best,2756.425866,2756.425866,856.444811
Detached,1,H3,hybrid_bidirectional,worst,2904.766459,2904.766459,558.735583
Detached,1,H3,hybrid_bidirectional,best,2904.766459,2904.766459,558.735583
Detached,1,H1,safe_unidirectional,worst,3645.894132,3645.894132,921.740801
Detached,1,H1,safe_unidirectional,best,3645.894132,3645.894132,921.740801
Detached,1,H1,hybrid_bidirectional,worst,3870.226692,3870.226692,561.540457
Detached,1,H1,hybrid_bidirectional,best,3870.226692,3870.226692,561.540457
Detached,1,H2,safe_unidirectional,worst,3120.247466,3120.247466,884.945535
Detached,1,H2,safe_unidirectional,best,3120.247466,3120.247466,884.945535
Detached,1,H2,hybrid_bidirectional,worst,3392.643912,3392.643912,411.445993
Detached,1,H2,hybrid_bidirectional,best,3392.643912,3392.643912,411.445993
Detached,1,H3,safe_unidirectional,worst,2755.427466,2755.427466,859.408135
Detached,1,H3,safe_unidirectional,best,2755.427466,2755.427466,859.408135
Detached,1,H3,hybrid_bidirectional,worst,2910.544666,2910.544666,557.751878
Detached,1,H3,hybrid_bidirectional,best,2910.544666,2910.544666,557.751878
Detached,1,H1,safe_unidirectional,worst,3540.618132,3540.618132,880.734101
Detached,1,H1,safe_unidirectional,best,3540.618132,3540.618132,880.734101
Detached,1,H1,hybrid_bidirectional,worst,3754.377292,3754.377292,539.599783
Detached,1,H1,hybrid_bidirectional,best,3754.377292,3754.377292,539.599783
Detached,1,H2,safe_unidirectional,worst,3014.971466,3014.971466,843.938835
Detached,1,H2,safe_unidirectional,best,3014.971466,3014.971466,843.938835
Detached,1,H2,hybrid_bidirectional,worst,3285.971562,3285.971562,371.404566
Detached,1,H2,hybrid_bidirectional,best,3285.971562,3285.971562,371.404566
Detached,1,H3,safe_unidirectional,worst,2650.151466,2650.151466,818.401435
Detached,1,H3,safe_unidirectional,best,2650.151466,2650.151466,818.401435
Detached,1,H3,hybrid_bidirectional,worst,2806.585332,2806.585332,518.515823
Detached,1,H3,hybrid_bidirectional,best,2806.585332,2806.585332,518.515823
Detached,1,H1,safe_unidirectional,worst,3639.703932,3639.703932,922.665067
Detached,1,H1,safe_unidirectional,best,3639.703932,3639.703932,922.665067
Detached,1,H1,hybrid_bidirectional,worst,3861.258599,3861.258599,560.162414
Detached,1,H1,hybrid_bidirectional,best,3861.258599,3861.258599,560.162414
Detached,1,H2,safe_unidirectional,worst,3114.057266,3114.057266,885.869801
Detached,1,H2,safe_unidirectional,best,3114.057266,3114.057266,885.869801
Detached,1,H2,hybrid_bidirectional,worst,3381.039956,3381.039956,400.22281
Detached,1,H2,hybrid_bidirectional,best,3381.039956,3381.039956,400.22281
Detached,1,H3,safe_unidirectional,worst,2749.237266,2749.237266,860.332401
Detached,1,H3,safe_unidirectional,best,2749.237266,2749.237266,860.332401
Detached,1,H3,hybrid_bidirectional,worst,2890.187946,2890.187946,555.842017
Detached,1,H3,hybrid_bidirectional,best,2890.187946,2890.187946,555.842017
Detached,1,H1,safe_unidirectional,worst,3683.681032,3683.681032,930.676644
Detached,1,H1,safe_unidirectional,best,3683.681032,3683.681032,930.676644
Detached,1,H1,hybrid_bidirectional,worst,3912.310432,3912.310432,560.98101
Detached,1,H1,hybrid_bidirectional,best,3912.310432,3912.310432,560.98101
Detached,1,H2,safe_unidirectional,worst,3158.034366,3158.034366,893.881378
Detached,1,H2,safe_unidirectional,best,3158.034366,3158.034366,893.881378
Detached,1,H2,hybrid_bidirectional,worst,3430.834849,3430.834849,411.257228
Detached,1,H2,hybrid_bidirectional,best,3430.834849,3430.834849,411.257228
Detached,1,H3,safe_unidirectional,worst,2793.214366,2793.214366,868.343978
Detached,1,H3,safe_unidirectional,best,2793.214366,2793.214366,868.343978
Detached,1,H3,hybrid_bidirectional,worst,2936.739106,2936.739106,562.393215
Detached,1,H3,hybrid_bidirectional,best,2936.739106,2936.739106,562.393215
Detached,1,H1,safe_unidirectional,worst,3602.737732,3602.737732,908.378417
Detached,1,H1,safe_unidirectional,best,3602.737732,3602.737732,908.378417
Detached,1,H1,hybrid_bidirectional,worst,3821.656789,3821.656789,559.741444
Detached,1,H1,hybrid_bidirectional,best,3821.656789,3821.656789,559.741444
Detached,1,H2,safe_unidirectional,worst,3077.091066,3077.091066,871.583151
Detached,1,H2,safe_unidirectional,best,3077.091066,3077.091066,871.583151
Detached,1,H2,hybrid_bidirectional,worst,3344.897559,3344.897559,406.366394
Detached,1,H2,hybrid_bidirectional,best,3344.897559,3344.897559,406.366394
Detached,1,H3,safe_unidirectional,worst,2712.271066,2712.271066,846.045751
Detached,1,H3,safe_unidirectional,best,2712.271066,2712.271066,846.045751
Detached,1,H3,hybrid_bidirectional,worst,2856.793946,2856.793946,546.547843
Detached,1,H3,hybrid_bidirectional,best,2856.793946,2856.793946,546.547843
Detached,1,H1,safe_unidirectional,worst,3667.829632,3667.829632,923.758222
Detached,1,H1,safe_unidirectional,best,3667.829632,3667.829632,923.758222
Detached,1,H1,hybrid_bidirectional,worst,3891.562726,3891.562726,571.36103
Detached,1,H1,hybrid_bidirectional,best,3891.562726,3891.562726,571.36103
Detached,1,H2,safe_unidirectional,worst,3142.182966,3142.182966,886.962956
Detached,1,H2,safe_unidirectional,best,3142.182966,3142.182966,886.962956
Detached,1,H2,hybrid_bidirectional,worst,3414.867466,3414.867466,415.4825
Detached,1,H2,hybrid_bidirectional,best,3414.867466,3414.867466,415.4825
Detached,1,H3,safe_unidirectional,worst,2777.362966,2777.362966,861.425556
Detached,1,H3,safe_unidirectional,best,2777.362966,2777.362966,861.425556
Detached,1,H3,hybrid_bidirectional,worst,2926.973746,2926.973746,564.504372
Detached,1,H3,hybrid_bidirectional,best,2926.973746,2926.973746,564.504372
Detached,1,H1,safe_unidirectional,worst,3527.052532,3527.052532,884.830529
Detached,1,H1,safe_unidirectional,best,3527.052532,3527.052532,884.830529
Detached,1,H1,hybrid_bidirectional,worst,3738.915752,3738.915752,542.949239
Detached,1,H1,hybrid_bidirectional,best,3738.915752,3738.915752,542.949239
Detached,1,H2,safe_unidirectional,worst,3001.405866,3001.405866,848.035263
Detached,1,H2,safe_unidirectional,best,3001.405866,3001.405866,848.035263
Detached,1,H2,hybrid_bidirectional,worst,3271.044146,3271.044146,366.52124
Detached,1,H2,hybrid_bidirectional,best,3271.044146,3271.044146,366.52124
Detached,1,H3,safe_unidirectional,worst,2636.585866,2636.585866,822.497863
Detached,1,H3,safe_unidirectional,best,2636.585866,2636.585866,822.497863
Detached,1,H3,hybrid_bidirectional,worst,2782.480309,2782.480309,531.145195
Detached,1,H3,hybrid_bidirectional,best,2782.480309,2782.480309,531.145195
Detached,1,H1,safe_unidirectional,worst,3497.855432,3497.855432,875.880056
Detached,1,H1,safe_unidirectional,best,3497.855432,3497.855432,875.880056
Detached,1,H1,hybrid_bidirectional,worst,3707.280612,3707.280612,537.829787
Detached,1,H1,hybrid_bidirectional,best,3707.280612,3707.280612,537.829787
Detached,1,H2,safe_unidirectional,worst,2972.208766,2972.208766,839.08479
Detached,1,H2,safe_unidirectional,best,2972.208766,2972.208766,839.08479
Detached,1,H2,hybrid_bidirectional,worst,3241.933666,3241.933666,373.696634
Detached,1,H2,hybrid_bidirectional,best,3241.933666,3241.933666,373.696634
Detached,1,H3,safe_unidirectional,worst,2607.388766,2607.388766,813.54739
Detached,1,H3,safe_unidirectional,best,2607.388766,2607.388766,813.54739
Detached,1,H3,hybrid_bidirectional,worst,2756.249946,2756.249946,520.546017
Detached,1,H3,hybrid_bidirectional,best,2756.249946,2756.249946,520.546017
Detached,1,H1,safe_unidirectional,worst,3785.170932,3785.170932,965.385913
Detached,1,H1,safe_unidirectional,best,3785.170932,3785.170932,965.385913
Detached,1,H1,hybrid_bidirectional,worst,4024.526006,4024.526006,584.096379
Detached,1,H1,hybrid_bidirectional,best,4024.526006,4024.526006,584.096379
Detached,1,H2,safe_unidirectional,worst,3259.524266,3259.524266,928.590647
Detached,1,H2,safe_unidirectional,best,3259.524266,3259.524266,928.590647
Detached,1,H2,hybrid_bidirectional,worst,3533.229436,3533.229436,429.799147
Detached,1,H2,hybrid_bidirectional,best,3533.229436,3533.229436,429.799147
Detached,1,H3,safe_unidirectional,worst,2894.704266,2894.704266,903.053247
Detached,1,H3,safe_unidirectional,best,2894.704266,2894.704266,903.053247
Detached,1,H3,hybrid_bidirectional,worst,3037.705982,3037.705982,600.803716
Detached,1,H3,hybrid_bidirectional,best,3037.705982,3037.705982,600.803716
Detached,1,H1,safe_unidirectional,worst,3843.931632,3843.931632,974.647886
Detached,1,H1,safe_unidirectional,best,3843.931632,3843.931632,974.647886
Detached,1,H1,hybrid_bidirectional,worst,4091.047046,4091.047046,588.047397
Detached,1,H1,hybrid_bidirectional,best,4091.047046,4091.047046,588.047397
Detached,1,H2,safe_unidirectional,worst,3318.284966,3318.284966,937.85262
Detached,1,H2,safe_unidirectional,best,3318.284966,3318.284966,937.85262
Detached,1,H2,hybrid_bidirectional,worst,3608.475649,3608.475649,435.107538
Detached,1,H2,hybrid_bidirectional,best,3608.475649,3608.475649,435.107538
Detached,1,H3,safe_unidirectional,worst,2953.464966,2953.464966,912.31522
Detached,1,H3,safe_unidirectional,best,2953.464966,2953.464966,912.31522
Detached,1,H3,hybrid_bidirectional,worst,3098.555006,3098.555006,611.303148
Detached,1,H3,hybrid_bidirectional,best,3098.555006,3098.555006,611.303148
Detached,1,H1,safe_unidirectional,worst,3577.192432,3577.192432,893.951298
Detached,1,H1,safe_unidirectional,best,3577.192432,3577.192432,893.951298
Detached,1,H1,hybrid_bidirectional,worst,3787.827899,3787.827899,548.709469
Detached,1,H1,hybrid_bidirectional,best,3787.827899,3787.827899,548.709469
Detached,1,H2,safe_unidirectional,worst,3051.545766,3051.545766,857.156032
Detached,1,H2,safe_unidirectional,best,3051.545766,3051.545766,857.156032
Detached,1,H2,hybrid_bidirectional,worst,3307.302632,3307.302632,383.824468
Detached,1,H2,hybrid_bidirectional,best,3307.302632,3307.302632,383.824468
Detached,1,H3,safe_unidirectional,worst,2686.725766,2686.725766,831.618632
Detached,1,H3,safe_unidirectional,best,2686.725766,2686.725766,831.618632
Detached,1,H3,hybrid_bidirectional,worst,2833.791529,2833.791529,521.48304
Detached,1,H3,hybrid_bidirectional,best,2833.791529,2833.791529,521.48304
Detached,1,H1,safe_unidirectional,worst,3663.038732,3663.038732,934.668695
Detached,1,H1,safe_unidirectional,best,3663.038732,3663.038732,934.668695
Detached,1,H1,hybrid_bidirectional,worst,3888.612199,3888.612199,565.303214
Detached,1,H1,hybrid_bidirectional,best,3888.612199,3888.612199,565.303214
Detached,1,H2,safe_unidirectional,worst,3137.392066,3137.392066,897.873429
Detached,1,H2,safe_unidirectional,best,3137.392066,3137.392066,897.873429
Detached,1,H2,hybrid_bidirectional,worst,3418.538839,3418.538839,401.413122
Detached,1,H2,hybrid_bidirectional,best,3418.538839,3418.538839,401.413122
Detached,1,H3,safe_unidirectional,worst,2772.572066,2772.572066,872.336029
Detached,1,H3,safe_unidirectional,best,2772.572066,2772.572066,872.336029
Detached,1,H3,hybrid_bidirectional,worst,2918.145122,2918.145122,561.898092
Detached,1,H3,hybrid_bidirectional,best,2918.145122,2918.145122,561.898092
Detached,1,H1,safe_unidirectional,worst,3701.346932,3701.346932,941.984381
Detached,1,H1,safe_unidirectional,best,3701.346932,3701.346932,941.984381
Detached,1,H1,hybrid_bidirectional,worst,3914.413099,3914.413099,589.933281
Detached,1,H1,hybrid_bidirectional,best,3914.413099,3914.413099,589.933281
Detached,1,H2,safe_unidirectional,worst,3175.700266,3175.700266,905.189115
Detached,1,H2,safe_unidirectional,best,3175.700266,3175.700266,905.189115
Detached,1,H2,hybrid_bidirectional,worst,3440.815469,3440.815469,408.207567
Detached,1,H2,hybrid_bidirectional,best,3440.815469,3440.815469,408.207567
Detached,1,H3,safe_unidirectional,worst,2810.880266,2810.880266,879.651715
Detached,1,H3,safe_unidirectional,best,2810.880266,2810.880266,879.651715
Detached,1,H3,hybrid_bidirectional,worst,2953.414872,2953.414872,573.909967
Detached,1,H3,hybrid_bidirectional,best,2953.414872,2953.414872,573.909967
Detached,1,H1,safe_unidirectional,worst,3691.298732,3691.298732,938.346467
Detached,1,H1,safe_unidirectional,best,3691.298732,3691.298732,938.346467
Detached,1,H1,hybrid_bidirectional,worst,3919.642549,3919.642549,570.728831
Detached,1,H1,hybrid_bidirectional,best,3919.642549,3919.642549,570.728831
Detached,1,H2,safe_unidirectional,worst,3165.652066,3165.652066,901.551201
Detached,1,H2,safe_unidirectional,best,3165.652066,3165.652066,901.551201
Detached,1,H2,hybrid_bidirectional,worst,3447.250319,3447.250319,410.939578
Detached,1,H2,hybrid_bidirectional,best,3447.250319,3447.250319,410.939578
Detached,1,H3,safe_unidirectional,worst,2800.832066,2800.832066,876.013801
Detached,1,H3,safe_unidirectional,best,2800.832066,2800.832066,876.013801
Detached,1,H3,hybrid_bidirectional,worst,2951.584109,2951.584109,575.826885
Detached,1,H3,hybrid_bidirectional,best,2951.584109,2951.584109,575.826885
Detached,1,H1,safe_unidirectional,worst,3816.879832,3816.879832,970.420964
Detached,1,H1,safe_unidirectional,best,3816.879832,3816.879832,970.420964
Detached,1,H1,hybrid_bidirectional,worst,4052.857099,4052.857099,599.503485
Detached,1,H1,hybrid_bidirectional,best,4052.857099,4052.857099,599.503485
Detached,1,H2,safe_unidirectional,worst,3291.233166,3291.233166,933.625698
Detached,1,H2,safe_unidirectional,best,3291.233166,3291.233166,933.625698
Detached,1,H2,hybrid_bidirectional,worst,3577.802276,3577.802276,442.012479
Detached,1,H2,hybrid_bidirectional,best,3577.802276,3577.802276,442.012479
Detached,1,H3,safe_unidirectional,worst,2926.413166,2926.413166,908.088298
Detached,1,H3,safe_unidirectional,best,2926.413166,2926.413166,908.088298
Detached,1,H3,hybrid_bidirectional,worst,3077.050809,3077.050809,607.293087
Detached,1,H3,hybrid_bidirectional,best,3077.050809,3077.050809,607.293087
Detached,1,H1,safe_unidirectional,worst,3482.913032,3482.913032,862.574512
Detached,1,H1,safe_unidirectional,best,3482.913032,3482.913032,862.574512
Detached,1,H1,hybrid_bidirectional,worst,3698.547499,3698.547499,520.777295
Detached,1,H1,hybrid_bidirectional,best,3698.547499,3698.547499,520.777295
Detached,1,H2,safe_unidirectional,worst,2957.266366,2957.266366,825.779246
Detached,1,H2,safe_unidirectional,best,2957.266366,2957.266366,825.779246
Detached,1,H2,hybrid_bidirectional,worst,3218.705726,3218.705726,363.854143
Detached,1,H2,hybrid_bidirectional,best,3218.705726,3218.705726,363.854143
Detached,1,H3,safe_unidirectional,worst,2592.446366,2592.446366,800.241846
Detached,1,H3,safe_unidirectional,best,2592.446366,2592.446366,800.241846
Detached,1,H3,hybrid_bidirectional,worst,2738.836116,2738.836116,499.905257
Detached,1,H3,hybrid_bidirectional,best,2738.836116,2738.836116,499.905257
Detached,1,H1,safe_unidirectional,worst,3706.522132,3706.522132,943.248077
Detached,1,H1,safe_unidirectional,best,3706.522132,3706.522132,943.248077
Detached,1,H1,hybrid_bidirectional,worst,3939.399049,3939.399049,568.19137
Detached,1,H1,hybrid_bidirectional,best,3939.399049,3939.399049,568.19137
Detached,1,H2,safe_unidirectional,worst,3180.875466,3180.875466,906.452811
Detached,1,H2,safe_unidirectional,best,3180.875466,3180.875466,906.452811
Detached,1,H2,hybrid_bidirectional,worst,3456.967462,3456.967462,412.744774
Detached,1,H2,hybrid_bidirectional,best,3456.967462,3456.967462,412.744774
Detached,1,H3,safe_unidirectional,worst,2816.055466,2816.055466,880.915411
Detached,1,H3,safe_unidirectional,best,2816.055466,2816.055466,880.915411
Detached,1,H3,hybrid_bidirectional,worst,2969.375796,2969.375796,581.008978
Detached,1,H3,hybrid_bidirectional,best,2969.375796,2969.375796,581.008978
Detached,1,H1,safe_unidirectional,worst,3617.182232,3617.182232,913.68294
Detached,1,H1,safe_unidirectional,best,3617.182232,3617.182232,913.68294
Detached,1,H1,hybrid_bidirectional,worst,3839.811026,3839.811026,555.024348
Detached,1,H1,hybrid_bidirectional,best,3839.811026,3839.811026,555.024348
Detached,1,H2,safe_unidirectional,worst,3091.535566,3091.535566,876.887674
Detached,1,H2,safe_unidirectional,best,3091.535566,3091.535566,876.887674
Detached,1,H2,hybrid_bidirectional,worst,3356.824749,3356.824749,407.345664
Detached,1,H2,hybrid_bidirectional,best,3356.824749,3356.824749,407.345664
Detached,1,H3,safe_unidirectional,worst,2726.715566,2726.715566,851.350274
Detached,1,H3,safe_unidirectional,best,2726.715566,2726.715566,851.350274
Detached,1,H3,hybrid_bidirectional,worst,2875.661119,2875.661119,547.347661
Detached,1,H3,hybrid_bidirectional,best,2875.661119,2875.661119,547.347661
Detached,1,H1,safe_unidirectional,worst,3547.652032,3547.652032,883.495034
Detached,1,H1,safe_unidirectional,best,3547.652032,3547.652032,883.495034
Detached,1,H1,hybrid_bidirectional,worst,3756.527599,3756.527599,558.143964
Detached,1,H1,hybrid_bidirectional,best,3756.527599,3756.527599,558.143964
Detached,1,H2,safe_unidirectional,worst,3022.005366,3022.005366,846.699768
Detached,1,H2,safe_unidirectional,best,3022.005366,3022.005366,846.699768
Detached,1,H2,hybrid_bidirectional,worst,3291.733599,3291.733599,387.170935
Detached,1,H2,hybrid_bidirectional,best,3291.733599,3291.733599,387.170935
Detached,1,H3,safe_unidirectional,worst,2657.185366,2657.185366,821.162368
Detached,1,H3,safe_unidirectional,best,2657.185366,2657.185366,821.162368
Detached,1,H3,hybrid_bidirectional,worst,2812.574936,2812.574936,524.273373
Detached,1,H3,hybrid_bidirectional,best,2812.574936,2812.574936,524.273373
Detached,1,H1,safe_unidirectional,worst,3691.614232,3691.614232,935.044336
Detached,1,H1,safe_unidirectional,best,3691.614232,3691.614232,935.044336
Detached,1,H1,hybrid_bidirectional,worst,3921.078689,3921.078689,568.668619
Detached,1,H1,hybrid_bidirectional,best,3921.078689,3921.078689,568.668619
Detached,1,H2,safe_unidirectional,worst,3165.967566,3165.967566,898.24907
Detached,1,H2,safe_unidirectional,best,3165.967566,3165.967566,898.24907
Detached,1,H2,hybrid_bidirectional,worst,3449.329999,3449.329999,403.20084
Detached,1,H2,hybrid_bidirectional,best,3449.329999,3449.329999,403.20084
Detached,1,H3,safe_unidirectional,worst,2801.147566,2801.147566,872.71167
Detached,1,H3,safe_unidirectional,best,2801.147566,2801.147566,872.71167
Detached,1,H3,hybrid_bidirectional,worst,2941.271412,2941.271412,577.279758
Detached,1,H3,hybrid_bidirectional,best,2941.271412,2941.271412,577.279758
Detached,1,H1,safe_unidirectional,worst,3612.030632,3612.030632,911.009556
Detached,1,H1,safe_unidirectional,best,3612.030632,3612.030632,911.009556
Detached,1,H1,hybrid_bidirectional,worst,3829.087332,3829.087332,558.400229
Detached,1,H1,hybrid_bidirectional,best,3829.087332,3829.087332,558.400229
Detached,1,H2,safe_unidirectional,worst,3086.383966,3086.383966,874.21429
Detached,1,H2,safe_unidirectional,best,3086.383966,3086.383966,874.21429
Detached,1,H2,hybrid_bidirectional,worst,3360.618869,3360.618869,390.388693
Detached,1,H2,hybrid_bidirectional,best,3360.618869,3360.618869,390.388693
Detached,1,H3,safe_unidirectional,worst,2721.563966,2721.563966,848.67689
Detached,1,H3,safe_unidirectional,best,2721.563966,2721.563966,848.67689
Detached,1,H3,hybrid_bidirectional,worst,2869.827919,2869.827919,542.515981
Detached,1,H3,hybrid_bidirectional,best,2869.827919,2869.827919,542.515981
Detached,1,H1,safe_unidirectional,worst,3706.632532,3706.632532,941.244229
Detached,1,H1,safe_unidirectional,best,3706.632532,3706.632532,941.244229
Detached,1,H1,hybrid_bidirectional,worst,3938.042519,3938.042519,561.812883
Detached,1,H1,hybrid_bidirectional,best,3938.042519,3938.042519,561.812883
Detached,1,H2,safe_unidirectional,worst,3180.985866,3180.985866,904.448963
Detached,1,H2,safe_unidirectional,best,3180.985866,3180.985866,904.448963
Detached,1,H2,hybrid_bidirectional,worst,3457.921352,3457.921352,396.845315
Detached,1,H2,hybrid_bidirectional,best,3457.921352,3457.921352,396.845315
Detached,1,H3,safe_unidirectional,worst,2816.165866,2816.165866,878.911563
Detached,1,H3,safe_unidirectional,best,2816.165866,2816.165866,878.911563
Detached,1,H3,hybrid_bidirectional,worst,2960.788292,2960.788292,573.254577
Detached,1,H3,hybrid_bidirectional,best,2960.788292,2960.788292,573.254577
Detached,1,H1,safe_unidirectional,worst,3740.425932,3740.425932,947.593467
Detached,1,H1,safe_unidirectional,best,3740.425932,3740.425932,947.593467
Detached,1,H1,hybrid_bidirectional,worst,3973.013066,3973.013066,576.719313
Detached,1,H1,hybrid_bidirectional,best,3973.013066,3973.013066,576.719313
Detached,1,H2,safe_unidirectional,worst,3214.779266,3214.779266,910.798201
Detached,1,H2,safe_unidirectional,best,3214.779266,3214.779266,910.798201
Detached,1,H2,hybrid_bidirectional,worst,3492.254932,3492.254932,418.238782
Detached,1,H2,hybrid_bidirectional,best,3492.254932,3492.254932,418.238782
Detached,1,H3,safe_unidirectional,worst,2849.959266,2849.959266,885.260801
Detached,1,H3,safe_unidirectional,best,2849.959266,2849.959266,885.260801
Detached,1,H3,hybrid_bidirectional,worst,3001.327012,3001.327012,576.036154
Detached,1,H3,hybrid_bidirectional,best,3001.327012,3001.327012,576.036154
Detached,1,H1,safe_unidirectional,worst,3712.077132,3712.077132,950.582439
Detached,1,H1,safe_unidirectional,best,3712.077132,3712.077132,950.582439
Detached,1,H1,hybrid_bidirectional,worst,3940.070079,3940.070079,578.008443
Detached,1,H1,hybrid_bidirectional,best,3940.070079,3940.070079,578.008443
Detached,1,H2,safe_unidirectional,worst,3186.430466,3186.430466,913.787173
Detached,1,H2,safe_unidirectional,best,3186.430466,3186.430466,913.787173
Detached,1,H2,hybrid_bidirectional,worst,3462.392522,3462.392522,420.035864
Detached,1,H2,hybrid_bidirectional,best,3462.392522,3462.392522,420.035864
Detached,1,H3,safe_unidirectional,worst,2821.610466,2821.610466,888.249773
Detached,1,H3,safe_unidirectional,best,2821.610466,2821.610466,888.249773
Detached,1,H3,hybrid_bidirectional,worst,2971.019889,2971.019889,580.007605
Detached,1,H3,hybrid_bidirectional,best,2971.019889,2971.019889,580.007605
Detached,1,H1,safe_unidirectional,worst,3595.133332,3595.133332,907.393741
Detached,1,H1,safe_unidirectional,best,3595.133332,3595.133332,907.393741
Detached,1,H1,hybrid_bidirectional,worst,3819.270366,3819.270366,547.669264
Detached,1,H1,hybrid_bidirectional,best,3819.270366,3819.270366,547.669264
Detached,1,H2,safe_unidirectional,worst,3069.486666,3069.486666,870.598475
Detached,1,H2,safe_unidirectional,best,3069.486666,3069.486666,870.598475
Detached,1,H2,hybrid_bidirectional,worst,3345.182559,3345.182559,380.703273
Detached,1,H2,hybrid_bidirectional,best,3345.182559,3345.182559,380.703273
Detached,1,H3,safe_unidirectional,worst,2704.666666,2704.666666,845.061075
Detached,1,H3,safe_unidirectional,best,2704.666666,2704.666666,845.061075
Detached,1,H3,hybrid_bidirectional,worst,2854.776942,2854.776942,537.93964
Detached,1,H3,hybrid_bidirectional,best,2854.776942,2854.776942,537.93964
Detached,1,H1,safe_unidirectional,worst,3599.153332,3599.153332,906.564773
Detached,1,H1,safe_unidirectional,best,3599.153332,3599.153332,906.564773
Detached,1,H1,hybrid_bidirectional,worst,3818.868586,3818.868586,548.549185
Detached,1,H1,hybrid_bidirectional,best,3818.868586,3818.868586,548.549185
Detached,1,H2,safe_unidirectional,worst,3073.506666,3073.506666,869.769507
Detached,1,H2,safe_unidirectional,best,3073.506666,3073.506666,869.769507
Detached,1,H2,hybrid_bidirectional,worst,3333.297839,3333.297839,391.439572
Detached,1,H2,hybrid_bidirectional,best,3333.297839,3333.297839,391.439572
Detached,1,H3,safe_unidirectional,worst,2708.686666,2708.686666,844.232107
Detached,1,H3,safe_unidirectional,best,2708.686666,2708.686666,844.232107
Detached,1,H3,hybrid_bidirectional,worst,2850.256606,2850.256606,540.533823
Detached,1,H3,hybrid_bidirectional,best,2850.256606,2850.256606,540.533823
Detached,1,H1,safe_unidirectional,worst,3633.974032,3633.974032,916.540634
Detached,1,H1,safe_unidirectional,best,3633.974032,3633.974032,916.540634
Detached,1,H1,hybrid_bidirectional,worst,3853.574289,3853.574289,562.13418
Detached,1,H1,hybrid_bidirectional,best,3853.574289,3853.574289,562.13418
Detached,1,H2,safe_unidirectional,worst,3108.327366,3108.327366,879.745368
Detached,1,H2,safe_unidirectional,best,3108.327366,3108.327366,879.745368
Detached,1,H2,hybrid_bidirectional,worst,3361.795616,3361.795616,408.574173
Detached,1,H2,hybrid_bidirectional,best,3361.795616,3361.795616,408.574173
Detached,1,H3,safe_unidirectional,worst,2743.507366,2743.507366,854.207968
Detached,1,H3,safe_unidirectional,best,2743.507366,2743.507366,854.207968
Detached,1,H3,hybrid_bidirectional,worst,2889.050276,2889.050276,547.934335
Detached,1,H3,hybrid_bidirectional,best,2889.050276,2889.050276,547.934335
Detached,1,H1,safe_unidirectional,worst,3629.236832,3629.236832,915.426038
Detached,1,H1,safe_unidirectional,best,3629.236832,3629.236832,915.426038
Detached,1,H1,hybrid_bidirectional,worst,3855.137802,3855.137802,549.950163
Detached,1,H1,hybrid_bidirectional,best,3855.137802,3855.137802,549.950163
Detached,1,H2,safe_unidirectional,worst,3103.590166,3103.590166,878.630772
Detached,1,H2,safe_unidirectional,best,3103.590166,3103.590166,878.630772
Detached,1,H2,hybrid_bidirectional,worst,3379.468679,3379.468679,382.794925
Detached,1,H2,hybrid_bidirectional,best,3379.468679,3379.468679,382.794925
Detached,1,H3,safe_unidirectional,worst,2738.770166,2738.770166,853.093372
Detached,1,H3,safe_unidirectional,best,2738.770166,2738.770166,853.093372
Detached,1,H3,hybrid_bidirectional,worst,2879.966506,2879.966506,555.998092
Detached,1,H3,hybrid_bidirectional,best,2879.966506,2879.966506,555.998092
Detached,1,H1,safe_unidirectional,worst,3749.249032,3749.249032,951.710944
Detached,1,H1,safe_unidirectional,best,3749.249032,3749.249032,951.710944
Detached,1,H1,hybrid_bidirectional,worst,3987.217899,3987.217899,574.761462
Detached,1,H1,hybrid_bidirectional,best,3987.217899,3987.217899,574.761462
Detached,1,H2,safe_unidirectional,worst,3223.602366,3223.602366,914.915678
Detached,1,H2,safe_unidirectional,best,3223.602366,3223.602366,914.915678
Detached,1,H2,hybrid_bidirectional,worst,3514.619412,3514.619412,416.812373
Detached,1,H2,hybrid_bidirectional,best,3514.619412,3514.619412,416.812373
Detached,1,H3,safe_unidirectional,worst,2858.782366,2858.782366,889.378278
Detached,1,H3,safe_unidirectional,best,2858.782366,2858.782366,889.378278
Detached,1,H3,hybrid_bidirectional,worst,3018.399952,3018.399952,586.147783
Detached,1,H3,hybrid_bidirectional,best,3018.399952,3018.399952,586.147783
Detached,1,H1,safe_unidirectional,worst,3522.022032,3522.022032,880.255518
Detached,1,H1,safe_unidirectional,best,3522.022032,3522.022032,880.255518
Detached,1,H1,hybrid_bidirectional,worst,3732.983699,3732.983699,544.430327
Detached,1,H1,hybrid_bidirectional,best,3732.983699,3732.983699,544.430327
Detached,1,H2,safe_unidirectional,worst,2996.375366,2996.375366,843.460252
Detached,1,H2,safe_unidirectional,best,2996.375366,2996.375366,843.460252
Detached,1,H2,hybrid_bidirectional,worst,3269.707912,3269.707912,373.751025
Detached,1,H2,hybrid_bidirectional,best,3269.707912,3269.707912,373.751025
Detached,1,H3,safe_unidirectional,worst,2631.555366,2631.555366,817.922852
Detached,1,H3,safe_unidirectional,best,2631.555366,2631.555366,817.922852
Detached,1,H3,hybrid_bidirectional,worst,2784.545096,2784.545096,527.720626
Detached,1,H3,hybrid_bidirectional,best,2784.545096,2784.545096,527.720626
Detached,1,H1,safe_unidirectional,worst,3637.194832,3637.194832,913.06603
Detached,1,H1,safe_unidirectional,best,3637.194832,3637.194832,913.06603
Detached,1,H1,hybrid_bidirectional,worst,3869.392432,3869.392432,545.650944
Detached,1,H1,hybrid_bidirectional,best,3869.392432,3869.392432,545.650944
Detached,1,H2,safe_unidirectional,worst,3111.548166,3111.548166,876.270764
Detached,1,H2,safe_unidirectional,best,3111.548166,3111.548166,876.270764
Detached,1,H2,hybrid_bidirectional,worst,3394.148052,3394.148052,389.489301
Detached,1,H2,hybrid_bidirectional,best,3394.148052,3394.148052,389.489301
Detached,1,H3,safe_unidirectional,worst,2746.728166,2746.728166,850.733364
Detached,1,H3,safe_unidirectional,best,2746.728166,2746.728166,850.733364
Detached,1,H3,hybrid_bidirectional,worst,2902.319426,2902.319426,548.548421
Detached,1,H3,hybrid_bidirectional,best,2902.319426,2902.319426,548.548421
Detached,1,H1,safe_unidirectional,worst,3580.185132,3580.185132,905.534947
Detached,1,H1,safe_unidirectional,best,3580.185132,3580.185132,905.534947
Detached,1,H1,hybrid_bidirectional,worst,3807.656939,3807.656939,535.57003
Detached,1,H1,hybrid_bidirectional,best,3807.656939,3807.656939,535.57003
Detached,1,H2,safe_unidirectional,worst,3054.538466,3054.538466,868.739681
Detached,1,H2,safe_unidirectional,best,3054.538466,3054.538466,868.739681
Detached,1,H2,hybrid_bidirectional,worst,3330.515052,3330.515052,386.509217
Detached,1,H2,hybrid_bidirectional,best,3330.515052,3330.515052,386.509217
Detached,1,H3,safe_unidirectional,worst,2689.718466,2689.718466,843.202281
Detached,1,H3,safe_unidirectional,best,2689.718466,2689.718466,843.202281
Detached,1,H3,hybrid_bidirectional,worst,2847.121409,2847.121409,540.574026
Detached,1,H3,hybrid_bidirectional,best,2847.121409,2847.121409,540.574026
Detached,1,H1,safe_unidirectional,worst,3608.343732,3608.343732,909.370149
Detached,1,H1,safe_unidirectional,best,3608.343732,3608.343732,909.370149
Detached,1,H1,hybrid_bidirectional,worst,3823.788132,3823.788132,564.003151
Detached,1,H1,hybrid_bidirectional,best,3823.788132,3823.788132,564.003151
Detached,1,H2,safe_unidirectional,worst,3082.697066,3082.697066,872.574883
Detached,1,H2,safe_unidirectional,best,3082.697066,3082.697066,872.574883
Detached,1,H2,hybrid_bidirectional,worst,3347.858952,3347.858952,395.910452
Detached,1,H2,hybrid_bidirectional,best,3347.858952,3347.858952,395.910452
Detached,1,H3,safe_unidirectional,worst,2717.877066,2717.877066,847.037483
Detached,1,H3,safe_unidirectional,best,2717.877066,2717.877066,847.037483
Detached,1,H3,hybrid_bidirectional,worst,2857.603652,2857.603652,550.671196
Detached,1,H3,hybrid_bidirectional,best,2857.603652,2857.603652,550.671196
Detached,1,H1,safe_unidirectional,worst,3575.928632,3575.928632,905.250768
Detached,1,H1,safe_unidirectional,best,3575.928632,3575.928632,905.250768
Detached,1,H1,hybrid_bidirectional,worst,3796.903116,3796.903116,542.965349
Detached,1,H1,hybrid_bidirectional,best,3796.903116,3796.903116,542.965349
Detached,1,H2,safe_unidirectional,worst,3050.281966,3050.281966,868.455502
Detached,1,H2,safe_unidirectional,best,3050.281966,3050.281966,868.455502
Detached,1,H2,hybrid_bidirectional,worst,3308.854162,3308.854162,396.220886
Detached,1,H2,hybrid_bidirectional,best,3308.854162,3308.854162,396.220886
Detached,1,H3,safe_unidirectional,worst,2685.461966,2685.461966,842.918102
Detached,1,H3,safe_unidirectional,best,2685.461966,2685.461966,842.918102
Detached,1,H3,hybrid_bidirectional,worst,2831.458892,2831.458892,535.771898
Detached,1,H3,hybrid_bidirectional,best,2831.458892,2831.458892,535.771898
Detached,1,H1,safe_unidirectional,worst,3626.659932,3626.659932,910.463031
Detached,1,H1,safe_unidirectional,best,3626.659932,3626.659932,910.463031
Detached,1,H1,hybrid_bidirectional,worst,3843.131432,3843.131432,567.559163
Detached,1,H1,hybrid_bidirectional,best,3843.131432,3843.131432,567.559163
Detached,1,H2,safe_unidirectional,worst,3101.013266,3101.013266,873.667765
Detached,1,H2,safe_unidirectional,best,3101.013266,3101.013266,873.667765
Detached,1,H2,hybrid_bidirectional,worst,3376.712736,3376.712736,400.356243
Detached,1,H2,hybrid_bidirectional,best,3376.712736,3376.712736,400.356243
Detached,1,H3,safe_unidirectional,worst,2736.193266,2736.193266,848.130365
Detached,1,H3,safe_unidirectional,best,2736.193266,2736.193266,848.130365
Detached,1,H3,hybrid_bidirectional,worst,2886.678322,2886.678322,552.456087
Detached,1,H3,hybrid_bidirectional,best,2886.678322,2886.678322,552.456087
Detached,1,H1,safe_unidirectional,worst,3594.371132,3594.371132,907.570967
Detached,1,H1,safe_unidirectional,best,3594.371132,3594.371132,907.570967
Detached,1,H1,hybrid_bidirectional,worst,3816.116346,3816.116346,548.709892
Detached,1,H1,hybrid_bidirectional,best,3816.116346,3816.116346,548.709892
Detached,1,H2,safe_unidirectional,worst,3068.724466,3068.724466,870.775701
Detached,1,H2,safe_unidirectional,best,3068.724466,3068.724466,870.775701
Detached,1,H2,hybrid_bidirectional,worst,3351.445349,3351.445349,376.318241
Detached,1,H2,hybrid_bidirectional,best,3351.445349,3351.445349,376.318241
Detached,1,H3,safe_unidirectional,worst,2703.904466,2703.904466,845.238301
Detached,1,H3,safe_unidirectional,best,2703.904466,2703.904466,845.238301
Detached,1,H3,hybrid_bidirectional,worst,2843.465469,2843.465469,548.801194
Detached,1,H3,hybrid_bidirectional,best,2843.465469,2843.465469,548.801194
Detached,1,H1,safe_unidirectional,worst,3620.953232,3620.953232,911.09749
Detached,1,H1,safe_unidirectional,best,3620.953232,3620.953232,911.09749
Detached,1,H1,hybrid_bidirectional,worst,3848.138966,3848.138966,546.891812
Detached,1,H1,hybrid_bidirectional,best,3848.138966,3848.138966,546.891812
Detached,1,H2,safe_unidirectional,worst,3095.306566,3095.306566,874.302224
Detached,1,H2,safe_unidirectional,best,3095.306566,3095.306566,874.302224
Detached,1,H2,hybrid_bidirectional,worst,3356.826439,3356.826439,396.019709
Detached,1,H2,hybrid_bidirectional,best,3356.826439,3356.826439,396.019709
Detached,1,H3,safe_unidirectional,worst,2730.486566,2730.486566,848.764824
Detached,1,H3,safe_unidirectional,best,2730.486566,2730.486566,848.764824
Detached,1,H3,hybrid_bidirectional,worst,2865.079036,2865.079036,561.253581
Detached,1,H3,hybrid_bidirectional,best,2865.079036,2865.079036,561.253581
Detached,1,H1,safe_unidirectional,worst,3691.828032,3691.828032,938.90443
Detached,1,H1,safe_unidirectional,best,3691.828032,3691.828032,938.90443
Detached,1,H1,hybrid_bidirectional,worst,3916.301799,3916.301799,574.241318
Detached,1,H1,hybrid_bidirectional,best,3916.301799,3916.301799,574.241318
Detached,1,H2,safe_unidirectional,worst,3166.181366,3166.181366,902.109164
Detached,1,H2,safe_unidirectional,best,3166.181366,3166.181366,902.109164
Detached,1,H2,hybrid_bidirectional,worst,3434.462329,3434.462329,429.142739
Detached,1,H2,hybrid_bidirectional,best,3434.462329,3434.462329,429.142739
Detached,1,H3,safe_unidirectional,worst,2801.361366,2801.361366,876.571764
Detached,1,H3,safe_unidirectional,best,2801.361366,2801.361366,876.571764
Detached,1,H3,hybrid_bidirectional,worst,2951.782359,2951.782359,573.524678
Detached,1,H3,hybrid_bidirectional,best,2951.782359,2951.782359,573.524678
Detached,1,H1,safe_unidirectional,worst,3643.589632,3643.589632,916.863222
Detached,1,H1,safe_unidirectional,best,3643.589632,3643.589632,916.863222
Detached,1,H1,hybrid_bidirectional,worst,3875.167179,3875.167179,546.667718
Detached,1,H1,hybrid_bidirectional,best,3875.167179,3875.167179,546.667718
Detached,1,H2,safe_unidirectional,worst,3117.942966,3117.942966,880.067956
Detached,1,H2,safe_unidirectional,best,3117.942966,3117.942966,880.067956
Detached,1,H2,hybrid_bidirectional,worst,3395.400852,3395.400852,391.31896
Detached,1,H2,hybrid_bidirectional,best,3395.400852,3395.400852,391.31896
Detached,1,H3,safe_unidirectional,worst,2753.122966,2753.122966,854.530556
Detached,1,H3,safe_unidirectional,best,2753.122966,2753.122966,854.530556
Detached,1,H3,hybrid_bidirectional,worst,2894.862372,2894.862372,558.011997
Detached,1,H3,hybrid_bidirectional,best,2894.862372,2894.862372,558.011997
Detached,1,H1,safe_unidirectional,worst,3658.834732,3658.834732,928.334843
Detached,1,H1,safe_unidirectional,best,3658.834732,3658.834732,928.334843
Detached,1,H1,hybrid_bidirectional,worst,3877.529532,3877.529532,567.225451
Detached,1,H1,hybrid_bidirectional,best,3877.529532,3877.529532,567.225451
Detached,1,H2,safe_unidirectional,worst,3133.188066,3133.188066,891.539577
Detached,1,H2,safe_unidirectional,best,3133.188066,3133.188066,891.539577
Detached,1,H2,hybrid_bidirectional,worst,3406.438742,3406.438742,405.150121
Detached,1,H2,hybrid_bidirectional,best,3406.438742,3406.438742,405.150121
Detached,1,H3,safe_unidirectional,worst,2768.368066,2768.368066,866.002177
Detached,1,H3,safe_unidirectional,best,2768.368066,2768.368066,866.002177
Detached,1,H3,hybrid_bidirectional,worst,2910.863476,2910.863476,565.487287
Detached,1,H3,hybrid_bidirectional,best,2910.863476,2910.863476,565.487287
Detached,1,H1,safe_unidirectional,worst,3536.375432,3536.375432,884.910896
Detached,1,H1,safe_unidirectional,best,3536.375432,3536.375432,884.910896
Detached,1,H1,hybrid_bidirectional,worst,3747.192966,3747.192966,551.0714
Detached,1,H1,hybrid_bidirectional,best,3747.192966,3747.192966,551.0714
Detached,1,H2,safe_unidirectional,worst,3010.728766,3010.728766,848.11563
Detached,1,H2,safe_unidirectional,best,3010.728766,3010.728766,848.11563
Detached,1,H2,hybrid_bidirectional,worst,3280.733892,3280.733892,383.352301
Detached,1,H2,hybrid_bidirectional,best,3280.733892,3280.733892,383.352301
Detached,1,H3,safe_unidirectional,worst,2645.908766,2645.908766,822.57823
Detached,1,H3,safe_unidirectional,best,2645.908766,2645.908766,822.57823
Detached,1,H3,hybrid_bidirectional,worst,2797.119572,2797.119572,521.598235
Detached,1,H3,hybrid_bidirectional,best,2797.119572,2797.119572,521.598235
Detached,1,H1,safe_unidirectional,worst,3541.861132,3541.861132,890.412987
Detached,1,H1,safe_unidirectional,best,3541.861132,3541.861132,890.412987
Detached,1,H1,hybrid_bidirectional,worst,3754.707799,3754.707799,542.166478
Detached,1,H1,hybrid_bidirectional,best,3754.707799,3754.707799,542.166478
Detached,1,H2,safe_unidirectional,worst,3016.214466,3016.214466,853.617721
Detached,1,H2,safe_unidirectional,best,3016.214466,3016.214466,853.617721
Detached,1,H2,hybrid_bidirectional,worst,3276.584182,3276.584182,377.409405
Detached,1,H2,hybrid_bidirectional,best,3276.584182,3276.584182,377.409405
Detached,1,H3,safe_unidirectional,worst,2651.394466,2651.394466,828.080321
Detached,1,H3,safe_unidirectional,best,2651.394466,2651.394466,828.080321
Detached,1,H3,hybrid_bidirectional,worst,2798.183196,2798.183196,528.805292
Detached,1,H3,hybrid_bidirectional,best,2798.183196,2798.183196,528.805292
Semi-detached,1,H1,safe_unidirectional,worst,3548.898232,3548.898232,889.506228
Semi-detached,1,H1,safe_unidirectional,best,3548.898232,3548.898232,889.506228
Semi-detached,1,H1,hybrid_bidirectional,worst,3760.851916,3760.851916,546.52232
Semi-detached,1,H1,hybrid_bidirectional,best,3760.851916,3760.851916,546.52232
Semi-detached,1,H2,safe_unidirectional,worst,3023.251566,3023.251566,852.710962
Semi-detached,1,H2,safe_unidirectional,best,3023.251566,3023.251566,852.710962
Semi-detached,1,H2,hybrid_bidirectional,worst,3278.593252,3278.593252,382.381536
Semi-detached,1,H2,hybrid_bidirectional,best,3278.593252,3278.593252,382.381536
Semi-detached,1,H3,safe_unidirectional,worst,2658.431566,2658.431566,827.173562
Semi-detached,1,H3,safe_unidirectional,best,2658.431566,2658.431566,827.173562
Semi-detached,1,H3,hybrid_bidirectional,worst,2794.267556,2794.267556,531.650435
Semi-detached,1,H3,hybrid_bidirectional,best,2794.267556,2794.267556,531.650435
Semi-detached,1,H1,safe_unidirectional,worst,3594.055232,3594.055232,897.316926
Semi-detached,1,H1,safe_unidirectional,best,3594.055232,3594.055232,897.316926
Semi-detached,1,H1,hybrid_bidirectional,worst,3809.499499,3809.499499,559.835017
Semi-detached,1,H1,hybrid_bidirectional,best,3809.499499,3809.499499,559.835017
Semi-detached,1,H2,safe_unidirectional,worst,3068.408566,3068.408566,860.52166
Semi-detached,1,H2,safe_unidirectional,best,3068.408566,3068.408566,860.52166
Semi-detached,1,H2,hybrid_bidirectional,worst,3338.646996,3338.646996,391.990944
Semi-detached,1,H2,hybrid_bidirectional,best,3338.646996,3338.646996,391.990944
Semi-detached,1,H3,safe_unidirectional,worst,2703.588566,2703.588566,834.98426
Semi-detached,1,H3,safe_unidirectional,best,2703.588566,2703.588566,834.98426
Semi-detached,1,H3,hybrid_bidirectional,worst,2841.125449,2841.125449,542.84576
Semi-detached,1,H3,hybrid_bidirectional,best,2841.125449,2841.125449,542.84576
Semi-detached,1,H1,safe_unidirectional,worst,3561.174032,3561.174032,882.00857
Semi-detached,1,H1,safe_unidirectional,best,3561.174032,3561.174032,882.00857
Semi-detached,1,H1,hybrid_bidirectional,worst,3777.898489,3777.898489,545.956
Semi-detached,1,H1,hybrid_bidirectional,best,3777.898489,3777.898489,545.956
Semi-detached,1,H2,safe_unidirectional,worst,3035.527366,3035.527366,845.213304
Semi-detached,1,H2,safe_unidirectional,best,3035.527366,3035.527366,845.213304
Semi-detached,1,H2,hybrid_bidirectional,worst,3303.127652,3303.127652,379.241829
Semi-detached,1,H2,hybrid_bidirectional,best,3303.127652,3303.127652,379.241829
Semi-detached,1,H3,safe_unidirectional,worst,2670.707366,2670.707366,819.675904
Semi-detached,1,H3,safe_unidirectional,best,2670.707366,2670.707366,819.675904
Semi-detached,1,H3,hybrid_bidirectional,worst,2816.523886,2816.523886,535.053397
Semi-detached,1,H3,hybrid_bidirectional,best,2816.523886,2816.523886,535.053397
Semi-detached,1,H1,safe_unidirectional,worst,3457.270232,3457.270232,858.586584
Semi-detached,1,H1,safe_unidirectional,best,3457.270232,3457.270232,858.586584
Semi-detached,1,H1,hybrid_bidirectional,worst,3669.115582,3669.115582,518.834282
Semi-detached,1,H1,hybrid_bidirectional,best,3669.115582,3669.115582,518.834282
Semi-detached,1,H2,safe_unidirectional,worst,2931.623566,2931.623566,821.791318
Semi-detached,1,H2,safe_unidirectional,best,2931.623566,2931.623566,821.791318
Semi-detached,1,H2,hybrid_bidirectional,worst,3190.644986,3190.644986,365.133689
Semi-detached,1,H2,hybrid_bidirectional,best,3190.644986,3190.644986,365.133689
Semi-detached,1,H3,safe_unidirectional,worst,2566.803566,2566.803566,796.253918
Semi-detached,1,H3,safe_unidirectional,best,2566.803566,2566.803566,796.253918
Semi-detached,1,H3,hybrid_bidirectional,worst,2708.626032,2708.626032,506.297988
Semi-detached,1,H3,hybrid_bidirectional,best,2708.626032,2708.626032,506.297988
Semi-detached,1,H1,safe_unidirectional,worst,3377.620032,3377.620032,839.01751
Semi-detached,1,H1,safe_unidirectional,best,3377.620032,3377.620032,839.01751
Semi-detached,1,H1,hybrid_bidirectional,worst,3576.821832,3576.821832,516.374308
Semi-detached,1,H1,hybrid_bidirectional,best,3576.821832,3576.821832,516.374308
Semi-detached,1,H2,safe_unidirectional,worst,2851.973366,2851.973366,802.222244
Semi-detached,1,H2,safe_unidirectional,best,2851.973366,2851.973366,802.222244
Semi-detached,1,H2,hybrid_bidirectional,worst,3109.154986,3109.154986,351.252343
Semi-detached,1,H2,hybrid_bidirectional,best,3109.154986,3109.154986,351.252343
Semi-detached,1,H3,safe_unidirectional,worst,2487.153366,2487.153366,776.684844
Semi-detached,1,H3,safe_unidirectional,best,2487.153366,2487.153366,776.684844
Semi-detached,1,H3,hybrid_bidirectional,worst,2635.983279,2635.983279,483.283029
Semi-detached,1,H3,hybrid_bidirectional,best,2635.983279,2635.983279,483.283029
Semi-detached,1,H1,safe_unidirectional,worst,3480.388432,3480.388432,865.496466
Semi-detached,1,H1,safe_unidirectional,best,3480.388432,3480.388432,865.496466
Semi-detached,1,H1,hybrid_bidirectional,worst,3693.360582,3693.360582,518.145529
Semi-detached,1,H1,hybrid_bidirectional,best,3693.360582,3693.360582,518.145529
Semi-detached,1,H2,safe_unidirectional,worst,2954.741766,2954.741766,828.7012
Semi-detached,1,H2,safe_unidirectional,best,2954.741766,2954.741766,828.7012
Semi-detached,1,H2,hybrid_bidirectional,worst,3204.596392,3204.596392,360.441613
Semi-detached,1,H2,hybrid_bidirectional,best,3204.596392,3204.596392,360.441613
Semi-detached,1,H3,safe_unidirectional,worst,2589.921766,2589.921766,803.1638
Semi-detached,1,H3,safe_unidirectional,best,2589.921766,2589.921766,803.1638
Semi-detached,1,H3,hybrid_bidirectional,worst,2728.916986,2728.916986,502.246833
Semi-detached,1,H3,hybrid_bidirectional,best,2728.916986,2728.916986,502.246833
Semi-detached,1,H1,safe_unidirectional,worst,3358.283832,3358.283832,829.714748
Semi-detached,1,H1,safe_unidirectional,best,3358.283832,3358.283832,829.714748
Semi-detached,1,H1,hybrid_bidirectional,worst,3557.776132,3557.776132,500.591933
Semi-detached,1,H1,hybrid_bidirectional,best,3557.776132,3557.776132,500.591933
Semi-detached,1,H2,safe_unidirectional,worst,2832.637166,2832.637166,792.919482
Semi-detached,1,H2,safe_unidirectional,best,2832.637166,2832.637166,792.919482
Semi-detached,1,H2,hybrid_bidirectional,worst,3080.924342,3080.924342,346.139954
Semi-detached,1,H2,hybrid_bidirectional,best,3080.924342,3080.924342,346.139954
Semi-detached,1,H3,safe_unidirectional,worst,2467.817166,2467.817166,767.382082
Semi-detached,1,H3,safe_unidirectional,best,2467.817166,2467.817166,767.382082
Semi-detached,1,H3,hybrid_bidirectional,worst,2600.083432,2600.083432,477.140235
Semi-detached,1,H3,hybrid_bidirectional,best,2600.083432,2600.083432,477.140235
Semi-detached,1,H1,safe_unidirectional,worst,3530.048232,3530.048232,884.99442
Semi-detached,1,H1,safe_unidirectional,best,3530.048232,3530.048232,884.99442
Semi-detached,1,H1,hybrid_bidirectional,worst,3751.109219,3751.109219,527.87724
Semi-detached,1,H1,hybrid_bidirectional,best,3751.109219,3751.109219,527.87724
Semi-detached,1,H2,safe_unidirectional,worst,3004.401566,3004.401566,848.199154
Semi-detached,1,H2,safe_unidirectional,best,3004.401566,3004.401566,848.199154
Semi-detached,1,H2,hybrid_bidirectional,worst,3274.028502,3274.028502,381.679616
Semi-detached,1,H2,hybrid_bidirectional,best,3274.028502,3274.028502,381.679616
Semi-detached,1,H3,safe_unidirectional,worst,2639.581566,2639.581566,822.661754
Semi-detached,1,H3,safe_unidirectional,best,2639.581566,2639.581566,822.661754
Semi-detached,1,H3,hybrid_bidirectional,worst,2794.706269,2794.706269,519.019866
Semi-detached,1,H3,hybrid_bidirectional,best,2794.706269,2794.706269,519.019866
Semi-detached,1,H1,safe_unidirectional,worst,3599.927432,3599.927432,902.381272
Semi-detached,1,H1,safe_unidirectional,best,3599.927432,3599.927432,902.381272
Semi-detached,1,H1,hybrid_bidirectional,worst,3819.365579,3819.365579,552.909951
Semi-detached,1,H1,hybrid_bidirectional,best,3819.365579,3819.365579,552.909951
Semi-detached,1,H2,safe_unidirectional,worst,3074.280766,3074.280766,865.586006
Semi-detached,1,H2,safe_unidirectional,best,3074.280766,3074.280766,865.586006
Semi-detached,1,H2,hybrid_bidirectional,worst,3345.758762,3345.758762,385.983494
Semi-detached,1,H2,hybrid_bidirectional,best,3345.758762,3345.758762,385.983494
Semi-detached,1,H3,safe_unidirectional,worst,2709.460766,2709.460766,840.048606
Semi-detached,1,H3,safe_unidirectional,best,2709.460766,2709.460766,840.048606
Semi-detached,1,H3,hybrid_bidirectional,worst,2866.041776,2866.041776,539.740706
Semi-detached,1,H3,hybrid_bidirectional,best,2866.041776,2866.041776,539.740706
Semi-detached,1,H1,safe_unidirectional,worst,3575.830432,3575.830432,897.20221
Semi-detached,1,H1,safe_unidirectional,best,3575.830432,3575.830432,897.20221
Semi-detached,1,H1,hybrid_bidirectional,worst,3791.705699,3791.705699,551.889648
Semi-detached,1,H1,hybrid_bidirectional,best,3791.705699,3791.705699,551.889648
Semi-detached,1,H2,safe_unidirectional,worst,3050.183766,3050.183766,860.406944
Semi-detached,1,H2,safe_unidirectional,best,3050.183766,3050.183766,860.406944
Semi-detached,1,H2,hybrid_bidirectional,worst,3323.193226,3323.193226,385.804157
Semi-detached,1,H2,hybrid_bidirectional,best,3323.193226,3323.193226,385.804157
Semi-detached,1,H3,safe_unidirectional,worst,2685.363766,2685.363766,834.869544
Semi-detached,1,H3,safe_unidirectional,best,2685.363766,2685.363766,834.869544
Semi-detached,1,H3,hybrid_bidirectional,worst,2826.906562,2826.906562,531.312583
Semi-detached,1,H3,hybrid_bidirectional,best,2826.906562,2826.906562,531.312583
Semi-detached,1,H1,safe_unidirectional,worst,3507.833532,3507.833532,872.771923
Semi-detached,1,H1,safe_unidirectional,best,3507.833532,3507.833532,872.771923
Semi-detached,1,H1,hybrid_bidirectional,worst,3718.402932,3718.402932,531.687563
Semi-detached,1,H1,hybrid_bidirectional,best,3718.402932,3718.402932,531.687563
Semi-detached,1,H2,safe_unidirectional,worst,2982.186866,2982.186866,835.976657
Semi-detached,1,H2,safe_unidirectional,best,2982.186866,2982.186866,835.976657
Semi-detached,1,H2,hybrid_bidirectional,worst,3241.992239,3241.992239,372.588179
Semi-detached,1,H2,hybrid_bidirectional,best,3241.992239,3241.992239,372.588179
Semi-detached,1,H3,safe_unidirectional,worst,2617.366866,2617.366866,810.439257
Semi-detached,1,H3,safe_unidirectional,best,2617.366866,2617.366866,810.439257
Semi-detached,1,H3,hybrid_bidirectional,worst,2765.815736,2765.815736,513.956562
Semi-detached,1,H3,hybrid_bidirectional,best,2765.815736,2765.815736,513.956562
Semi-detached,1,H1,safe_unidirectional,worst,3567.034532,3567.034532,892.417829
Semi-detached,1,H1,safe_unidirectional,best,3567.034532,3567.034532,892.417829
Semi-detached,1,H1,hybrid_bidirectional,worst,3786.124682,3786.124682,544.094805
Semi-detached,1,H1,hybrid_bidirectional,best,3786.124682,3786.124682,544.094805
Semi-detached,1,H2,safe_unidirectional,worst,3041.387866,3041.387866,855.622563
Semi-detached,1,H2,safe_unidirectional,best,3041.387866,3041.387866,855.622563
Semi-detached,1,H2,hybrid_bidirectional,worst,3312.813722,3312.813722,388.180542
Semi-detached,1,H2,hybrid_bidirectional,best,3312.813722,3312.813722,388.180542
Semi-detached,1,H3,safe_unidirectional,worst,2676.567866,2676.567866,830.085163
Semi-detached,1,H3,safe_unidirectional,best,2676.567866,2676.567866,830.085163
Semi-detached,1,H3,hybrid_bidirectional,worst,2823.282602,2823.282602,547.139546
Semi-detached,1,H3,hybrid_bidirectional,best,2823.282602,2823.282602,547.139546
Semi-detached,1,H1,safe_unidirectional,worst,3459.541632,3459.541632,862.922342
Semi-detached,1,H1,safe_unidirectional,best,3459.541632,3459.541632,862.922342
Semi-detached,1,H1,hybrid_bidirectional,worst,3679.927419,3679.927419,506.617041
Semi-detached,1,H1,hybrid_bidirectional,best,3679.927419,3679.927419,506.617041
Semi-detached,1,H2,safe_unidirectional,worst,2933.894966,2933.894966,826.127076
Semi-detached,1,H2,safe_unidirectional,best,2933.894966,2933.894966,826.127076
Semi-detached,1,H2,hybrid_bidirectional,worst,3193.084179,3193.084179,368.067909
Semi-detached,1,H2,hybrid_bidirectional,best,3193.084179,3193.084179,368.067909
Semi-detached,1,H3,safe_unidirectional,worst,2569.074966,2569.074966,800.589676
Semi-detached,1,H3,safe_unidirectional,best,2569.074966,2569.074966,800.589676
Semi-detached,1,H3,hybrid_bidirectional,worst,2720.464329,2720.464329,504.97876
Semi-detached,1,H3,hybrid_bidirectional,best,2720.464329,2720.464329,504.97876
Semi-detached,1,H1,safe_unidirectional,worst,3506.465232,3506.465232,874.281242
Semi-detached,1,H1,safe_unidirectional,best,3506.465232,3506.465232,874.281242
Semi-detached,1,H1,hybrid_bidirectional,worst,3709.780192,3709.780192,537.679006
Semi-detached,1,H1,hybrid_bidirectional,best,3709.780192,3709.780192,537.679006
Semi-detached,1,H2,safe_unidirectional,worst,2980.818566,2980.818566,837.485976
Semi-detached,1,H2,safe_unidirectional,best,2980.818566,2980.818566,837.485976
Semi-detached,1,H2,hybrid_bidirectional,worst,3224.030979,3224.030979,373.569656
Semi-detached,1,H2,hybrid_bidirectional,best,3224.030979,3224.030979,373.569656
Semi-detached,1,H3,safe_unidirectional,worst,2615.998566,2615.998566,811.948576
Semi-detached,1,H3,safe_unidirectional,best,2615.998566,2615.998566,811.948576
Semi-detached,1,H3,hybrid_bidirectional,worst,2752.297372,2752.297372,520.462698
Semi-detached,1,H3,hybrid_bidirectional,best,2752.297372,2752.297372,520.462698
Semi-detached,1,H1,safe_unidirectional,worst,3504.189132,3504.189132,875.839127
Semi-detached,1,H1,safe_unidirectional,best,3504.189132,3504.189132,875.839127
Semi-detached,1,H1,hybrid_bidirectional,worst,3715.211992,3715.211992,538.789372
Semi-detached,1,H1,hybrid_bidirectional,best,3715.211992,3715.211992,538.789372
Semi-detached,1,H2,safe_unidirectional,worst,2978.542466,2978.542466,839.043861
Semi-detached,1,H2,safe_unidirectional,best,2978.542466,2978.542466,839.043861
Semi-detached,1,H2,hybrid_bidirectional,worst,3246.795639,3246.795639,373.89727
Semi-detached,1,H2,hybrid_bidirectional,best,3246.795639,3246.795639,373.89727
Semi-detached,1,H3,safe_unidirectional,worst,2613.722466,2613.722466,813.506461
Semi-detached,1,H3,safe_unidirectional,best,2613.722466,2613.722466,813.506461
Semi-detached,1,H3,hybrid_bidirectional,worst,2769.386029,2769.386029,515.532268
Semi-detached,1,H3,hybrid_bidirectional,best,2769.386029,2769.386029,515.532268
Semi-detached,1,H1,safe_unidirectional,worst,3470.587832,3470.587832,861.34604
Semi-detached,1,H1,safe_unidirectional,best,3470.587832,3470.587832,861.34604
Semi-detached,1,H1,hybrid_bidirectional,worst,3675.907366,3675.907366,532.76727
Semi-detached,1,H1,hybrid_bidirectional,best,3675.907366,3675.907366,532.76727
Semi-detached,1,H2,safe_unidirectional,worst,2944.941166,2944.941166,824.550774
Semi-detached,1,H2,safe_unidirectional,best,2944.941166,2944.941166,824.550774
Semi-detached,1,H2,hybrid_bidirectional,worst,3192.055472,3192.055472,387.972895
Semi-detached,1,H2,hybrid_bidirectional,best,3192.055472,3192.055472,387.972895
Semi-detached,1,H3,safe_unidirectional,worst,2580.121166,2580.121166,799.013374
Semi-detached,1,H3,safe_unidirectional,best,2580.121166,2580.121166,799.013374
Semi-detached,1,H3,hybrid_bidirectional,worst,2724.845512,2724.845512,513.078605
Semi-detached,1,H3,hybrid_bidirectional,best,2724.845512,2724.845512,513.078605
Semi-detached,1,H1,safe_unidirectional,worst,3406.165932,3406.165932,845.312799
Semi-detached,1,H1,safe_unidirectional,best,3406.165932,3406.165932,845.312799
Semi-detached,1,H1,hybrid_bidirectional,worst,3614.651446,3614.651446,506.591566
Semi-detached,1,H1,hybrid_bidirectional,best,3614.651446,3614.651446,506.591566
Semi-detached,1,H2,safe_unidirectional,worst,2880.519266,2880.519266,808.517533
Semi-detached,1,H2,safe_unidirectional,best,2880.519266,2880.519266,808.517533
Semi-detached,1,H2,hybrid_bidirectional,worst,3133.771472,3133.771472,361.82741
Semi-detached,1,H2,hybrid_bidirectional,best,3133.771472,3133.771472,361.82741
Semi-detached,1,H3,safe_unidirectional,worst,2515.699266,2515.699266,782.980133
Semi-detached,1,H3,safe_unidirectional,best,2515.699266,2515.699266,782.980133
Semi-detached,1,H3,hybrid_bidirectional,worst,2665.212532,2665.212532,489.841743
Semi-detached,1,H3,hybrid_bidirectional,best,2665.212532,2665.212532,489.841743
Semi-detached,1,H1,safe_unidirectional,worst,3641.690432,3641.690432,920.526406
Semi-detached,1,H1,safe_unidirectional,best,3641.690432,3641.690432,920.526406
Semi-detached,1,H1,hybrid_bidirectional,worst,3862.340722,3862.340722,569.668928
Semi-detached,1,H1,hybrid_bidirectional,best,3862.340722,3862.340722,569.668928
Semi-detached,1,H2,safe_unidirectional,worst,3116.043766,3116.043766,883.73114
Semi-detached,1,H2,safe_unidirectional,best,3116.043766,3116.043766,883.73114
Semi-detached,1,H2,hybrid_bidirectional,worst,3389.099942,3389.099942,419.397206
Semi-detached,1,H2,hybrid_bidirectional,best,3389.099942,3389.099942,419.397206
Semi-detached,1,H3,safe_unidirectional,worst,2751.223766,2751.223766,858.19374
Semi-detached,1,H3,safe_unidirectional,best,2751.223766,2751.223766,858.19374
Semi-detached,1,H3,hybrid_bidirectional,worst,2904.032286,2904.032286,555.932358
Semi-detached,1,H3,hybrid_bidirectional,best,2904.032286,2904.032286,555.932358
Semi-detached,1,H1,safe_unidirectional,worst,3498.079832,3498.079832,878.56856
Semi-detached,1,H1,safe_unidirectional,best,3498.079832,3498.079832,878.56856
Semi-detached,1,H1,hybrid_bidirectional,worst,3712.341036,3712.341036,530.482063
Semi-detached,1,H1,hybrid_bidirectional,best,3712.341036,3712.341036,530.482063
Semi-detached,1,H2,safe_unidirectional,worst,2972.433166,2972.433166,841.773294
Semi-detached,1,H2,safe_unidirectional,best,2972.433166,2972.433166,841.773294
Semi-detached,1,H2,hybrid_bidirectional,worst,3231.524866,3231.524866,372.295104
Semi-detached,1,H2,hybrid_bidirectional,best,3231.524866,3231.524866,372.295104
Semi-detached,1,H3,safe_unidirectional,worst,2607.613166,2607.613166,816.235894
Semi-detached,1,H3,safe_unidirectional,best,2607.613166,2607.613166,816.235894
Semi-detached,1,H3,hybrid_bidirectional,worst,2752.879062,2752.879062,511.513984
Semi-detached,1,H3,hybrid_bidirectional,best,2752.879062,2752.879062,511.513984
Semi-detached,1,H1,safe_unidirectional,worst,3532.608132,3532.608132,883.130789
Semi-detached,1,H1,safe_unidirectional,best,3532.608132,3532.608132,883.130789
Semi-detached,1,H1,hybrid_bidirectional,worst,3752.471032,3752.471032,532.9437
Semi-detached,1,H1,hybrid_bidirectional,best,3752.471032,3752.471032,532.9437
Semi-detached,1,H2,safe_unidirectional,worst,3006.961466,3006.961466,846.335523
Semi-detached,1,H2,safe_unidirectional,best,3006.961466,3006.961466,846.335523
Semi-detached,1,H2,hybrid_bidirectional,worst,3281.790512,3281.790512,371.072895
Semi-detached,1,H2,hybrid_bidirectional,best,3281.790512,3281.790512,371.072895
Semi-detached,1,H3,safe_unidirectional,worst,2642.141466,2642.141466,820.798123
Semi-detached,1,H3,safe_unidirectional,best,2642.141466,2642.141466,820.798123
Semi-detached,1,H3,hybrid_bidirectional,worst,2789.992359,2789.992359,536.165628
Semi-detached,1,H3,hybrid_bidirectional,best,2789.992359,2789.992359,536.165628
Semi-detached,1,H1,safe_unidirectional,worst,3456.679532,3456.679532,857.911343
Semi-detached,1,H1,safe_unidirectional,best,3456.679532,3456.679532,857.911343
Semi-detached,1,H1,hybrid_bidirectional,worst,3661.621159,3661.621159,535.2672
Semi-detached,1,H1,hybrid_bidirectional,best,3661.621159,3661.621159,535.2672
Semi-detached,1,H2,safe_unidirectional,worst,2931.032866,2931.032866,821.116077
Semi-detached,1,H2,safe_unidirectional,best,2931.032866,2931.032866,821.116077
Semi-detached,1,H2,hybrid_bidirectional,worst,3196.517276,3196.517276,365.321677
Semi-detached,1,H2,hybrid_bidirectional,best,3196.517276,3196.517276,365.321677
Semi-detached,1,H3,safe_unidirectional,worst,2566.212866,2566.212866,795.578677
Semi-detached,1,H3,safe_unidirectional,best,2566.212866,2566.212866,795.578677
Semi-detached,1,H3,hybrid_bidirectional,worst,2720.121309,2720.121309,507.881189
Semi-detached,1,H3,hybrid_bidirectional,best,2720.121309,2720.121309,507.881189
Semi-detached,1,H1,safe_unidirectional,worst,3385.276932,3385.276932,842.386869
Semi-detached,1,H1,safe_unidirectional,best,3385.276932,3385.276932,842.386869
Semi-detached,1,H1,hybrid_bidirectional,worst,3578.689932,3578.689932,514.262023
Semi-detached,1,H1,hybrid_bidirectional,best,3578.689932,3578.689932,514.262023
Semi-detached,1,H2,safe_unidirectional,worst,2859.630266,2859.630266,805.591603
Semi-detached,1,H2,safe_unidirectional,best,2859.630266,2859.630266,805.591603
Semi-detached,1,H2,hybrid_bidirectional,worst,3094.836709,3094.836709,373.226414
Semi-detached,1,H2,hybrid_bidirectional,best,3094.836709,3094.836709,373.226414
Semi-detached,1,H3,safe_unidirectional,worst,2494.810266,2494.810266,780.054203
Semi-detached,1,H3,safe_unidirectional,best,2494.810266,2494.810266,780.054203
Semi-detached,1,H3,hybrid_bidirectional,worst,2638.207026,2638.207026,486.008212
Semi-detached,1,H3,hybrid_bidirectional,best,2638.207026,2638.207026,486.008212
Semi-detached,1,H1,safe_unidirectional,worst,3544.900032,3544.900032,892.207878
Semi-detached,1,H1,safe_unidirectional,best,3544.900032,3544.900032,892.207878
Semi-detached,1,H1,hybrid_bidirectional,worst,3755.794506,3755.794506,543.306624
Semi-detached,1,H1,hybrid_bidirectional,best,3755.794506,3755.794506,543.306624
Semi-detached,1,H2,safe_unidirectional,worst,3019.253366,3019.253366,855.412612
Semi-detached,1,H2,safe_unidirectional,best,3019.253366,3019.253366,855.412612
Semi-detached,1,H2,hybrid_bidirectional,worst,3281.907296,3281.907296,378.735589
Semi-detached,1,H2,hybrid_bidirectional,best,3281.907296,3281.907296,378.735589
Semi-detached,1,H3,safe_unidirectional,worst,2654.433366,2654.433366,829.875212
Semi-detached,1,H3,safe_unidirectional,best,2654.433366,2654.433366,829.875212
Semi-detached,1,H3,hybrid_bidirectional,worst,2791.461626,2791.461626,532.929908
Semi-detached,1,H3,hybrid_bidirectional,best,2791.461626,2791.461626,532.929908
Semi-detached,1,H1,safe_unidirectional,worst,3540.677232,3540.677232,888.215526
Semi-detached,1,H1,safe_unidirectional,best,3540.677232,3540.677232,888.215526
Semi-detached,1,H1,hybrid_bidirectional,worst,3754.755029,3754.755029,544.696242
Semi-detached,1,H1,hybrid_bidirectional,best,3754.755029,3754.755029,544.696242
Semi-detached,1,H2,safe_unidirectional,worst,3015.030566,3015.030566,851.42026
Semi-detached,1,H2,safe_unidirectional,best,3015.030566,3015.030566,851.42026
Semi-detached,1,H2,hybrid_bidirectional,worst,3273.612439,3273.612439,387.822192
Semi-detached,1,H2,hybrid_bidirectional,best,3273.612439,3273.612439,387.822192
Semi-detached,1,H3,safe_unidirectional,worst,2650.210566,2650.210566,825.88286
Semi-detached,1,H3,safe_unidirectional,best,2650.210566,2650.210566,825.88286
Semi-detached,1,H3,hybrid_bidirectional,worst,2796.832872,2796.832872,528.482664
Semi-detached,1,H3,hybrid_bidirectional,best,2796.832872,2796.832872,528.482664
Semi-detached,1,H1,safe_unidirectional,worst,3490.357232,3490.357232,873.742242
Semi-detached,1,H1,safe_unidirectional,best,3490.357232,3490.357232,873.742242
Semi-detached,1,H1,hybrid_bidirectional,worst,3701.939232,3701.939232,535.378034
Semi-detached,1,H1,hybrid_bidirectional,best,3701.939232,3701.939232,535.378034
Semi-detached,1,H2,safe_unidirectional,worst,2964.710566,2964.710566,836.946976
Semi-detached,1,H2,safe_unidirectional,best,2964.710566,2964.710566,836.946976
Semi-detached,1,H2,hybrid_bidirectional,worst,3228.180522,3228.180522,371.504128
Semi-detached,1,H2,hybrid_bidirectional,best,3228.180522,3228.180522,371.504128
Semi-detached,1,H3,safe_unidirectional,worst,2599.890566,2599.890566,811.409576
Semi-detached,1,H3,safe_unidirectional,best,2599.890566,2599.890566,811.409576
Semi-detached,1,H3,hybrid_bidirectional,worst,2752.803282,2752.803282,511.616267
Semi-detached,1,H3,hybrid_bidirectional,best,2752.803282,2752.803282,511.616267
Semi-detached,1,H1,safe_unidirectional,worst,3411.049732,3411.049732,846.427577
Semi-detached,1,H1,safe_unidirectional,best,3411.049732,3411.049732,846.427577
Semi-detached,1,H1,hybrid_bidirectional,worst,3612.038292,3612.038292,522.912245
Semi-detached,1,H1,hybrid_bidirectional,best,3612.038292,3612.038292,522.912245
Semi-detached,1,H2,safe_unidirectional,worst,2885.403066,2885.403066,809.632311
Semi-detached,1,H2,safe_unidirectional,best,2885.403066,2885.403066,809.632311
Semi-detached,1,H2,hybrid_bidirectional,worst,3137.161072,3137.161072,366.807357
Semi-detached,1,H2,hybrid_bidirectional,best,3137.161072,3137.161072,366.807357
Semi-detached,1,H3,safe_unidirectional,worst,2520.583066,2520.583066,784.094911
Semi-detached,1,H3,safe_unidirectional,best,2520.583066,2520.583066,784.094911
Semi-detached,1,H3,hybrid_bidirectional,worst,2666.076679,2666.076679,497.976128
Semi-detached,1,H3,hybrid_bidirectional,best,2666.076679,2666.076679,497.976128
Semi-detached,1,H1,safe_unidirectional,worst,3469.391132,3469.391132,861.885019
Semi-detached,1,H1,safe_unidirectional,best,3469.391132,3469.391132,861.885019
Semi-detached,1,H1,hybrid_bidirectional,worst,3679.599709,3679.599709,520.653542
Semi-detached,1,H1,hybrid_bidirectional,best,3679.599709,3679.599709,520.653542
Semi-detached,1,H2,safe_unidirectional,worst,2943.744466,2943.744466,825.089753
Semi-detached,1,H2,safe_unidirectional,best,2943.744466,2943.744466,825.089753
Semi-detached,1,H2,hybrid_bidirectional,worst,3190.531312,3190.531312,377.810974
Semi-detached,1,H2,hybrid_bidirectional,best,3190.531312,3190.531312,377.810974
Semi-detached,1,H3,safe_unidirectional,worst,2578.924466,2578.924466,799.552353
Semi-detached,1,H3,safe_unidirectional,best,2578.924466,2578.924466,799.552353
Semi-detached,1,H3,hybrid_bidirectional,worst,2717.737106,2717.737106,504.628373
Semi-detached,1,H3,hybrid_bidirectional,best,2717.737106,2717.737106,504.628373
Semi-detached,1,H1,safe_unidirectional,worst,3485.589532,3485.589532,870.469427
Semi-detached,1,H1,safe_unidirectional,best,3485.589532,3485.589532,870.469427
Semi-detached,1,H1,hybrid_bidirectional,worst,3697.254866,3697.254866,528.633341
Semi-detached,1,H1,hybrid_bidirectional,best,3697.254866,3697.254866,528.633341
Semi-detached,1,H2,safe_unidirectional,worst,2959.942866,2959.942866,833.674161
Semi-detached,1,H2,safe_unidirectional,best,2959.942866,2959.942866,833.674161
Semi-detached,1,H2,hybrid_bidirectional,worst,3228.850206,3228.850206,375.905104
Semi-detached,1,H2,hybrid_bidirectional,best,3228.850206,3228.850206,375.905104
Semi-detached,1,H3,safe_unidirectional,worst,2595.122866,2595.122866,808.136761
Semi-detached,1,H3,safe_unidirectional,best,2595.122866,2595.122866,808.136761
Semi-detached,1,H3,hybrid_bidirectional,worst,2756.144872,2756.144872,510.32536
Semi-detached,1,H3,hybrid_bidirectional,best,2756.144872,2756.144872,510.32536
Semi-detached,1,H1,safe_unidirectional,worst,3477.216532,3477.216532,868.590865
Semi-detached,1,H1,safe_unidirectional,best,3477.216532,3477.216532,868.590865
Semi-detached,1,H1,hybrid_bidirectional,worst,3679.519666,3679.519666,542.327861
Semi-detached,1,H1,hybrid_bidirectional,best,3679.519666,3679.519666,542.327861
Semi-detached,1,H2,safe_unidirectional,worst,2951.569866,2951.569866,831.795599
Semi-detached,1,H2,safe_unidirectional,best,2951.569866,2951.569866,831.795599
Semi-detached,1,H2,hybrid_bidirectional,worst,3200.091539,3200.091539,374.945123
Semi-detached,1,H2,hybrid_bidirectional,best,3200.091539,3200.091539,374.945123
Semi-detached,1,H3,safe_unidirectional,worst,2586.749866,2586.749866,806.258199
Semi-detached,1,H3,safe_unidirectional,best,2586.749866,2586.749866,806.258199
Semi-detached,1,H3,hybrid_bidirectional,worst,2723.350936,2723.350936,514.511604
Semi-detached,1,H3,hybrid_bidirectional,best,2723.350936,2723.350936,514.511604
Semi-detached,1,H1,safe_unidirectional,worst,3498.673932,3498.673932,870.785155
Semi-detached,1,H1,safe_unidirectional,best,3498.673932,3498.673932,870.785155
Semi-detached,1,H1,hybrid_bidirectional,worst,3708.219999,3708.219999,538.292608
Semi-detached,1,H1,hybrid_bidirectional,best,3708.219999,3708.219999,538.292608
Semi-detached,1,H2,safe_unidirectional,worst,2973.027266,2973.027266,833.989889
Semi-detached,1,H2,safe_unidirectional,best,2973.027266,2973.027266,833.989889
Semi-detached,1,H2,hybrid_bidirectional,worst,3229.961716,3229.961716,379.532409
Semi-detached,1,H2,hybrid_bidirectional,best,3229.961716,3229.961716,379.532409
Semi-detached,1,H3,safe_unidirectional,worst,2608.207266,2608.207266,808.452489
Semi-detached,1,H3,safe_unidirectional,best,2608.207266,2608.207266,808.452489
Semi-detached,1,H3,hybrid_bidirectional,worst,2759.239376,2759.239376,514.55008
Semi-detached,1,H3,hybrid_bidirectional,best,2759.239376,2759.239376,514.55008
Semi-detached,1,H1,safe_unidirectional,worst,3646.536232,3646.536232,915.855656
Semi-detached,1,H1,safe_unidirectional,best,3646.536232,3646.536232,915.855656
Semi-detached,1,H1,hybrid_bidirectional,worst,3879.049756,3879.049756,547.923041
Semi-detached,1,H1,hybrid_bidirectional,best,3879.049756,3879.049756,547.923041
Semi-detached,1,H2,safe_unidirectional,worst,3120.889566,3120.889566,879.06039
Semi-detached,1,H2,safe_unidirectional,best,3120.889566,3120.889566,879.06039
Semi-detached,1,H2,hybrid_bidirectional,worst,3401.414516,3401.414516,404.602173
Semi-detached,1,H2,hybrid_bidirectional,best,3401.414516,3401.414516,404.602173
Semi-detached,1,H3,safe_unidirectional,worst,2756.069566,2756.069566,853.52299
Semi-detached,1,H3,safe_unidirectional,best,2756.069566,2756.069566,853.52299
Semi-detached,1,H3,hybrid_bidirectional,worst,2914.152729,2914.152729,562.502777
Semi-detached,1,H3,hybrid_bidirectional,best,2914.152729,2914.152729,562.502777
Semi-detached,1,H1,safe_unidirectional,worst,3662.772432,3662.772432,919.418306
Semi-detached,1,H1,safe_unidirectional,best,3662.772432,3662.772432,919.418306
Semi-detached,1,H1,hybrid_bidirectional,worst,3891.502886,3891.502886,557.534498
Semi-detached,1,H1,hybrid_bidirectional,best,3891.502886,3891.502886,557.534498
Semi-detached,1,H2,safe_unidirectional,worst,3137.125766,3137.125766,882.62304
Semi-detached,1,H2,safe_unidirectional,best,3137.125766,3137.125766,882.62304
Semi-detached,1,H2,hybrid_bidirectional,worst,3420.013939,3420.013939,408.690505
Semi-detached,1,H2,hybrid_bidirectional,best,3420.013939,3420.013939,408.690505
Semi-detached,1,H3,safe_unidirectional,worst,2772.305766,2772.305766,857.08564
Semi-detached,1,H3,safe_unidirectional,best,2772.305766,2772.305766,857.08564
Semi-detached,1,H3,hybrid_bidirectional,worst,2929.648499,2929.648499,551.185947
Semi-detached,1,H3,hybrid_bidirectional,best,2929.648499,2929.648499,551.185947
Semi-detached,1,H1,safe_unidirectional,worst,3465.451332,3465.451332,866.435789
Semi-detached,1,H1,safe_unidirectional,best,3465.451332,3465.451332,866.435789
Semi-detached,1,H1,hybrid_bidirectional,worst,3674.569032,3674.569032,527.281876
Semi-detached,1,H1,hybrid_bidirectional,best,3674.569032,3674.569032,527.281876
Semi-detached,1,H2,safe_unidirectional,worst,2939.804666,2939.804666,829.640523
Semi-detached,1,H2,safe_unidirectional,best,2939.804666,2939.804666,829.640523
Semi-detached,1,H2,hybrid_bidirectional,worst,3200.845842,3200.845842,367.614086
Semi-detached,1,H2,hybrid_bidirectional,best,3200.845842,3200.845842,367.614086
Semi-detached,1,H3,safe_unidirectional,worst,2574.984666,2574.984666,804.103123
Semi-detached,1,H3,safe_unidirectional,best,2574.984666,2574.984666,804.103123
Semi-detached,1,H3,hybrid_bidirectional,worst,2717.455829,2717.455829,497.721135
Semi-detached,1,H3,hybrid_bidirectional,best,2717.455829,2717.455829,497.721135
Semi-detached,1,H1,safe_unidirectional,worst,3616.923332,3616.923332,916.494973
Semi-detached,1,H1,safe_unidirectional,best,3616.923332,3616.923332,916.494973
Semi-detached,1,H1,hybrid_bidirectional,worst,3836.509432,3836.509432,562.101332
Semi-detached,1,H1,hybrid_bidirectional,best,3836.509432,3836.509432,562.101332
Semi-detached,1,H2,safe_unidirectional,worst,3091.276666,3091.276666,879.699707
Semi-detached,1,H2,safe_unidirectional,best,3091.276666,3091.276666,879.699707
Semi-detached,1,H2,hybrid_bidirectional,worst,3373.739079,3373.739079,388.973189
Semi-detached,1,H2,hybrid_bidirectional,best,3373.739079,3373.739079,388.973189
Semi-detached,1,H3,safe_unidirectional,worst,2726.456666,2726.456666,854.162307
Semi-detached,1,H3,safe_unidirectional,best,2726.456666,2726.456666,854.162307
Semi-detached,1,H3,hybrid_bidirectional,worst,2883.330026,2883.330026,553.15834
Semi-detached,1,H3,hybrid_bidirectional,best,2883.330026,2883.330026,553.15834
Semi-detached,1,H1,safe_unidirectional,worst,3327.544832,3327.544832,816.39435
Semi-detached,1,H1,safe_unidirectional,best,3327.544832,3327.544832,816.39435
Semi-detached,1,H1,hybrid_bidirectional,worst,3522.255566,3522.255566,502.323563
Semi-detached,1,H1,hybrid_bidirectional,best,3522.255566,3522.255566,502.323563
Semi-detached,1,H2,safe_unidirectional,worst,2801.898166,2801.898166,779.599084
Semi-detached,1,H2,safe_unidirectional,best,2801.898166,2801.898166,779.599084
Semi-detached,1,H2,hybrid_bidirectional,worst,3056.574036,3056.574036,339.36315
Semi-detached,1,H2,hybrid_bidirectional,best,3056.574036,3056.574036,339.36315
Semi-detached,1,H3,safe_unidirectional,worst,2437.078166,2437.078166,754.061684
Semi-detached,1,H3,safe_unidirectional,best,2437.078166,2437.078166,754.061684
Semi-detached,1,H3,hybrid_bidirectional,worst,2580.192766,2580.192766,465.761976
Semi-detached,1,H3,hybrid_bidirectional,best,2580.192766,2580.192766,465.761976
Semi-detached,1,H1,safe_unidirectional,worst,3435.896032,3435.896032,857.922634
Semi-detached,1,H1,safe_unidirectional,best,3435.896032,3435.896032,857.922634
Semi-detached,1,H1,hybrid_bidirectional,worst,3636.116699,3636.116699,534.951753
Semi-detached,1,H1,hybrid_bidirectional,best,3636.116699,3636.116699,534.951753
Semi-detached,1,H2,safe_unidirectional,worst,2910.249366,2910.249366,821.127368
Semi-detached,1,H2,safe_unidirectional,best,2910.249366,2910.249366,821.127368
Semi-detached,1,H2,hybrid_bidirectional,worst,3166.522292,3166.522292,372.597335
Semi-detached,1,H2,hybrid_bidirectional,best,3166.522292,3166.522292,372.597335
Semi-detached,1,H3,safe_unidirectional,worst,2545.429366,2545.429366,795.589968
Semi-detached,1,H3,safe_unidirectional,best,2545.429366,2545.429366,795.589968
Semi-detached,1,H3,hybrid_bidirectional,worst,2693.189979,2693.189979,503.422342
Semi-detached,1,H3,hybrid_bidirectional,best,2693.189979,2693.189979,503.422342
Semi-detached,1,H1,safe_unidirectional,worst,3508.023032,3508.023032,875.517428
Semi-detached,1,H1,safe_unidirectional,best,3508.023032,3508.023032,875.517428
Semi-detached,1,H1,hybrid_bidirectional,worst,3715.393956,3715.393956,545.651301
Semi-detached,1,H1,hybrid_bidirectional,best,3715.393956,3715.393956,545.651301
Semi-detached,1,H2,safe_unidirectional,worst,2982.376366,2982.376366,838.722162
Semi-detached,1,H2,safe_unidirectional,best,2982.376366,2982.376366,838.722162
Semi-detached,1,H2,hybrid_bidirectional,worst,3244.585399,3244.585399,379.840647
Semi-detached,1,H2,hybrid_bidirectional,best,3244.585399,3244.585399,379.840647
Semi-detached,1,H3,safe_unidirectional,worst,2617.556366,2617.556366,813.184762
Semi-detached,1,H3,safe_unidirectional,best,2617.556366,2617.556366,813.184762
Semi-detached,1,H3,hybrid_bidirectional,worst,2769.318146,2769.318146,514.128287
Semi-detached,1,H3,hybrid_bidirectional,best,2769.318146,2769.318146,514.128287
Semi-detached,1,H1,safe_unidirectional,worst,3455.053432,3455.053432,865.369864
Semi-detached,1,H1,safe_unidirectional,best,3455.053432,3455.053432,865.369864
Semi-detached,1,H1,hybrid_bidirectional,worst,3658.238032,3658.238032,534.997794
Semi-detached,1,H1,hybrid_bidirectional,best,3658.238032,3658.238032,534.997794
Semi-detached,1,H2,safe_unidirectional,worst,2929.406766,2929.406766,828.574598
Semi-detached,1,H2,safe_unidirectional,best,2929.406766,2929.406766,828.574598
Semi-detached,1,H2,hybrid_bidirectional,worst,3193.229406,3193.229406,364.781035
Semi-detached,1,H2,hybrid_bidirectional,best,3193.229406,3193.229406,364.781035
Semi-detached,1,H3,safe_unidirectional,worst,2564.586766,2564.586766,803.037198
Semi-detached,1,H3,safe_unidirectional,best,2564.586766,2564.586766,803.037198
Semi-detached,1,H3,hybrid_bidirectional,worst,2710.942882,2710.942882,516.993978
Semi-detached,1,H3,hybrid_bidirectional,best,2710.942882,2710.942882,516.993978
Semi-detached,1,H1,safe_unidirectional,worst,3323.164732,3323.164732,822.198771
Semi-detached,1,H1,safe_unidirectional,best,3323.164732,3323.164732,822.198771
Semi-detached,1,H1,hybrid_bidirectional,worst,3522.915769,3522.915769,496.743232
Semi-detached,1,H1,hybrid_bidirectional,best,3522.915769,3522.915769,496.743232
Semi-detached,1,H2,safe_unidirectional,worst,2797.518066,2797.518066,785.403505
Semi-detached,1,H2,safe_unidirectional,best,2797.518066,2797.518066,785.403505
Semi-detached,1,H2,hybrid_bidirectional,worst,3052.672396,3052.672396,337.270385
Semi-detached,1,H2,hybrid_bidirectional,best,3052.672396,3052.672396,337.270385
Semi-detached,1,H3,safe_unidirectional,worst,2432.698066,2432.698066,759.866105
Semi-detached,1,H3,safe_unidirectional,best,2432.698066,2432.698066,759.866105
Semi-detached,1,H3,hybrid_bidirectional,worst,2579.955652,2579.955652,478.864735
Semi-detached,1,H3,hybrid_bidirectional,best,2579.955652,2579.955652,478.864735
Semi-detached,1,H1,safe_unidirectional,worst,3456.741732,3456.741732,860.991049
Semi-detached,1,H1,safe_unidirectional,best,3456.741732,3456.741732,860.991049
Semi-detached,1,H1,hybrid_bidirectional,worst,3661.489932,3661.489932,532.495875
Semi-detached,1,H1,hybrid_bidirectional,best,3661.489932,3661.489932,532.495875
Semi-detached,1,H2,safe_unidirectional,worst,2931.095066,2931.095066,824.195783
Semi-detached,1,H2,safe_unidirectional,best,2931.095066,2931.095066,824.195783
Semi-detached,1,H2,hybrid_bidirectional,worst,3180.580982,3180.580982,379.774269
Semi-detached,1,H2,hybrid_bidirectional,best,3180.580982,3180.580982,379.774269
Semi-detached,1,H3,safe_unidirectional,worst,2566.275066,2566.275066,798.658383
Semi-detached,1,H3,safe_unidirectional,best,2566.275066,2566.275066,798.658383
Semi-detached,1,H3,hybrid_bidirectional,worst,2717.876236,2717.876236,498.534774
Semi-detached,1,H3,hybrid_bidirectional,best,2717.876236,2717.876236,498.534774
Semi-detached,1,H1,safe_unidirectional,worst,3420.154632,3420.154632,851.384984
Semi-detached,1,H1,safe_unidirectional,best,3420.154632,3420.154632,851.384984
Semi-detached,1,H1,hybrid_bidirectional,worst,3635.574406,3635.574406,497.215136
Semi-detached,1,H1,hybrid_bidirectional,best,3635.574406,3635.574406,497.215136
Semi-detached,1,H2,safe_unidirectional,worst,2894.507966,2894.507966,814.589718
Semi-detached,1,H2,safe_unidirectional,best,2894.507966,2894.507966,814.589718
Semi-detached,1,H2,hybrid_bidirectional,worst,3152.988802,3152.988802,356.319493
Semi-detached,1,H2,hybrid_bidirectional,best,3152.988802,3152.988802,356.319493
Semi-detached,1,H3,safe_unidirectional,worst,2529.687966,2529.687966,789.052318
Semi-detached,1,H3,safe_unidirectional,best,2529.687966,2529.687966,789.052318
Semi-detached,1,H3,hybrid_bidirectional,worst,2674.843092,2674.843092,500.936247
Semi-detached,1,H3,hybrid_bidirectional,best,2674.843092,2674.843092,500.936247
Semi-detached,1,H1,safe_unidirectional,worst,3432.130932,3432.130932,853.727653
Semi-detached,1,H1,safe_unidirectional,best,3432.130932,3432.130932,853.727653
Semi-detached,1,H1,hybrid_bidirectional,worst,3635.401132,3635.401132,527.488579
Semi-detached,1,H1,hybrid_bidirectional,best,3635.401132,3635.401132,527.488579
Semi-detached,1,H2,safe_unidirectional,worst,2906.484266,2906.484266,816.932387
Semi-detached,1,H2,safe_unidirectional,best,2906.484266,2906.484266,816.932387
Semi-detached,1,H2,hybrid_bidirectional,worst,3159.372292,3159.372292,367.696547
Semi-detached,1,H2,hybrid_bidirectional,best,3159.372292,3159.372292,367.696547
Semi-detached,1,H3,safe_unidirectional,worst,2541.664266,2541.664266,791.394987
Semi-detached,1,H3,safe_unidirectional,best,2541.664266,2541.664266,791.394987
Semi-detached,1,H3,hybrid_bidirectional,worst,2689.035149,2689.035149,499.618956
Semi-detached,1,H3,hybrid_bidirectional,best,2689.035149,2689.035149,499.618956
Semi-detached,1,H1,safe_unidirectional,worst,3548.384832,3548.384832,893.995706
Semi-detached,1,H1,safe_unidirectional,best,3548.384832,3548.384832,893.995706
Semi-detached,1,H1,hybrid_bidirectional,worst,3765.189152,3765.189152,543.577885
Semi-detached,1,H1,hybrid_bidirectional,best,3765.189152,3765.189152,543.577885
Semi-detached,1,H2,safe_unidirectional,worst,3022.738166,3022.738166,857.20044
Semi-detached,1,H2,safe_unidirectional,best,3022.738166,3022.738166,857.20044
Semi-detached,1,H2,hybrid_bidirectional,worst,3290.577909,3290.577909,389.60362
Semi-detached,1,H2,hybrid_bidirectional,best,3290.577909,3290.577909,389.60362
Semi-detached,1,H3,safe_unidirectional,worst,2657.918166,2657.918166,831.66304
Semi-detached,1,H3,safe_unidirectional,best,2657.918166,2657.918166,831.66304
Semi-detached,1,H3,hybrid_bidirectional,worst,2797.771386,2797.771386,537.74627
Semi-detached,1,H3,hybrid_bidirectional,best,2797.771386,2797.771386,537.74627
Semi-detached,1,H1,safe_unidirectional,worst,3607.942532,3607.942532,900.413369
Semi-detached,1,H1,safe_unidirectional,best,3607.942532,3607.942532,900.413369
Semi-detached,1,H1,hybrid_bidirectional,worst,3825.871652,3825.871652,554.790744
Semi-detached,1,H1,hybrid_bidirectional,best,3825.871652,3825.871652,554.790744
Semi-detached,1,H2,safe_unidirectional,worst,3082.295866,3082.295866,863.618103
Semi-detached,1,H2,safe_unidirectional,best,3082.295866,3082.295866,863.618103
Semi-detached,1,H2,hybrid_bidirectional,worst,3339.078872,3339.078872,389.673146
Semi-detached,1,H2,hybrid_bidirectional,best,3339.078872,3339.078872,389.673146
Semi-detached,1,H3,safe_unidirectional,worst,2717.475866,2717.475866,838.080703
Semi-detached,1,H3,safe_unidirectional,best,2717.475866,2717.475866,838.080703
Semi-detached,1,H3,hybrid_bidirectional,worst,2856.287306,2856.287306,543.285855
Semi-detached,1,H3,hybrid_bidirectional,best,2856.287306,2856.287306,543.285855
Semi-detached,1,H1,safe_unidirectional,worst,3465.762732,3465.762732,860.763563
Semi-detached,1,H1,safe_unidirectional,best,3465.762732,3465.762732,860.763563
Semi-detached,1,H1,hybrid_bidirectional,worst,3673.033132,3673.033132,525.779145
Semi-detached,1,H1,hybrid_bidirectional,best,3673.033132,3673.033132,525.779145
Semi-detached,1,H2,safe_unidirectional,worst,2940.116066,2940.116066,823.968297
Semi-detached,1,H2,safe_unidirectional,best,2940.116066,2940.116066,823.968297
Semi-detached,1,H2,hybrid_bidirectional,worst,3197.562959,3197.562959,368.952406
Semi-detached,1,H2,hybrid_bidirectional,best,3197.562959,3197.562959,368.952406
Semi-detached,1,H3,safe_unidirectional,worst,2575.296066,2575.296066,798.430897
Semi-detached,1,H3,safe_unidirectional,best,2575.296066,2575.296066,798.430897
Semi-detached,1,H3,hybrid_bidirectional,worst,2720.302749,2720.302749,508.270178
Semi-detached,1,H3,hybrid_bidirectional,best,2720.302749,2720.302749,508.270178
Semi-detached,1,H1,safe_unidirectional,worst,3504.479032,3504.479032,873.79876
Semi-detached,1,H1,safe_unidirectional,best,3504.479032,3504.479032,873.79876
Semi-detached,1,H1,hybrid_bidirectional,worst,3710.592929,3710.592929,536.224471
Semi-detached,1,H1,hybrid_bidirectional,best,3710.592929,3710.592929,536.224471
Semi-detached,1,H2,safe_unidirectional,worst,2978.832366,2978.832366,837.003494
Semi-detached,1,H2,safe_unidirectional,best,2978.832366,2978.832366,837.003494
Semi-detached,1,H2,hybrid_bidirectional,worst,3227.896082,3227.896082,381.99994
Semi-detached,1,H2,hybrid_bidirectional,best,3227.896082,3227.896082,381.99994
Semi-detached,1,H3,safe_unidirectional,worst,2614.012366,2614.012366,811.466094
Semi-detached,1,H3,safe_unidirectional,best,2614.012366,2614.012366,811.466094
Semi-detached,1,H3,hybrid_bidirectional,worst,2749.379099,2749.379099,519.591716
Semi-detached,1,H3,hybrid_bidirectional,best,2749.379099,2749.379099,519.591716
Semi-detached,1,H1,safe_unidirectional,worst,3440.763332,3440.763332,855.455057
Semi-detached,1,H1,safe_unidirectional,best,3440.763332,3440.763332,855.455057
Semi-detached,1,H1,hybrid_bidirectional,worst,3647.388832,3647.388832,518.460154
Semi-detached,1,H1,hybrid_bidirectional,best,3647.388832,3647.388832,518.460154
Semi-detached,1,H2,safe_unidirectional,worst,2915.116666,2915.116666,818.659791
Semi-detached,1,H2,safe_unidirectional,best,2915.116666,2915.116666,818.659791
Semi-detached,1,H2,hybrid_bidirectional,worst,3168.892192,3168.892192,360.032897
Semi-detached,1,H2,hybrid_bidirectional,best,3168.892192,3168.892192,360.032897
Semi-detached,1,H3,safe_unidirectional,worst,2550.296666,2550.296666,793.122391
Semi-detached,1,H3,safe_unidirectional,best,2550.296666,2550.296666,793.122391
Semi-detached,1,H3,hybrid_bidirectional,worst,2687.352772,2687.352772,503.853696
Semi-detached,1,H3,hybrid_bidirectional,best,2687.352772,2687.352772,503.853696
Semi-detached,1,H1,safe_unidirectional,worst,3329.651232,3329.651232,818.114838
Semi-detached,1,H1,safe_unidirectional,best,3329.651232,3329.651232,818.114838
Semi-detached,1,H1,hybrid_bidirectional,worst,3527.656499,3527.656499,498.175027
Semi-detached,1,H1,hybrid_bidirectional,best,3527.656499,3527.656499,498.175027
Semi-detached,1,H2,safe_unidirectional,worst,2804.004566,2804.004566,781.319572
Semi-detached,1,H2,safe_unidirectional,best,2804.004566,2804.004566,781.319572
Semi-detached,1,H2,hybrid_bidirectional,worst,3056.168766,3056.168766,348.049521
Semi-detached,1,H2,hybrid_bidirectional,best,3056.168766,3056.168766,348.049521
Semi-detached,1,H3,safe_unidirectional,worst,2439.184566,2439.184566,755.782172
Semi-detached,1,H3,safe_unidirectional,best,2439.184566,2439.184566,755.782172
Semi-detached,1,H3,hybrid_bidirectional,worst,2591.672819,2591.672819,469.480973
Semi-detached,1,H3,hybrid_bidirectional,best,2591.672819,2591.672819,469.480973
Semi-detached,1,H1,safe_unidirectional,worst,3683.761832,3683.761832,926.510104
Semi-detached,1,H1,safe_unidirectional,best,3683.761832,3683.761832,926.510104
Semi-detached,1,H1,hybrid_bidirectional,worst,3899.428609,3899.428609,563.329202
Semi-detached,1,H1,hybrid_bidirectional,best,3899.428609,3899.428609,563.329202
Semi-detached,1,H2,safe_unidirectional,worst,3158.115166,3158.115166,889.714838
Semi-detached,1,H2,safe_unidirectional,best,3158.115166,3158.115166,889.714838
Semi-detached,1,H2,hybrid_bidirectional,worst,3412.967739,3412.967739,411.787589
Semi-detached,1,H2,hybrid_bidirectional,best,3412.967739,3412.967739,411.787589
Semi-detached,1,H3,safe_unidirectional,worst,2793.295166,2793.295166,864.177438
Semi-detached,1,H3,safe_unidirectional,best,2793.295166,2793.295166,864.177438
Semi-detached,1,H3,hybrid_bidirectional,worst,2935.895639,2935.895639,563.926474
Semi-detached,1,H3,hybrid_bidirectional,best,2935.895639,2935.895639,563.926474
Semi-detached,1,H1,safe_unidirectional,worst,3432.586632,3432.586632,855.431124
Semi-detached,1,H1,safe_unidirectional,best,3432.586632,3432.586632,855.431124
Semi-detached,1,H1,hybrid_bidirectional,worst,3637.757032,3637.757032,521.10544
Semi-detached,1,H1,hybrid_bidirectional,best,3637.757032,3637.757032,521.10544
Semi-detached,1,H2,safe_unidirectional,worst,2906.939966,2906.939966,818.635858
Semi-detached,1,H2,safe_unidirectional,best,2906.939966,2906.939966,818.635858
Semi-detached,1,H2,hybrid_bidirectional,worst,3168.024789,3168.024789,354.688815
Semi-detached,1,H2,hybrid_bidirectional,best,3168.024789,3168.024789,354.688815
Semi-detached,1,H3,safe_unidirectional,worst,2542.119966,2542.119966,793.098458
Semi-detached,1,H3,safe_unidirectional,best,2542.119966,2542.119966,793.098458
Semi-detached,1,H3,hybrid_bidirectional,worst,2691.667722,2691.667722,489.552258
Semi-detached,1,H3,hybrid_bidirectional,best,2691.667722,2691.667722,489.552258
Semi-detached,1,H1,safe_unidirectional,worst,3546.460332,3546.460332,888.275327
Semi-detached,1,H1,safe_unidirectional,best,3546.460332,3546.460332,888.275327
Semi-detached,1,H1,hybrid_bidirectional,worst,3761.362912,3761.362912,539.7511
Semi-detached,1,H1,hybrid_bidirectional,best,3761.362912,3761.362912,539.7511
Semi-detached,1,H2,safe_unidirectional,worst,3020.813666,3020.813666,851.480061
Semi-detached,1,H2,safe_unidirectional,best,3020.813666,3020.813666,851.480061
Semi-detached,1,H2,hybrid_bidirectional,worst,3288.206962,3288.206962,383.115652
Semi-detached,1,H2,hybrid_bidirectional,best,3288.206962,3288.206962,383.115652
Semi-detached,1,H3,safe_unidirectional,worst,2655.993666,2655.993666,825.942661
Semi-detached,1,H3,safe_unidirectional,best,2655.993666,2655.993666,825.942661
Semi-detached,1,H3,hybrid_bidirectional,worst,2809.671219,2809.671219,512.250206
Semi-detached,1,H3,hybrid_bidirectional,best,2809.671219,2809.671219,512.250206
Semi-detached,1,H1,safe_unidirectional,worst,3408.091732,3408.091732,843.755285
Semi-detached,1,H1,safe_unidirectional,best,3408.091732,3408.091732,843.755285
Semi-detached,1,H1,hybrid_bidirectional,worst,3610.935256,3610.935256,519.371516
Semi-detached,1,H1,hybrid_bidirectional,best,3610.935256,3610.935256,519.371516
Semi-detached,1,H2,safe_unidirectional,worst,2882.445066,2882.445066,806.960019
Semi-detached,1,H2,safe_unidirectional,best,2882.445066,2882.445066,806.960019
Semi-detached,1,H2,hybrid_bidirectional,worst,3130.091306,3130.091306,363.72325
Semi-detached,1,H2,hybrid_bidirectional,best,3130.091306,3130.091306,363.72325
Semi-detached,1,H3,safe_unidirectional,worst,2517.625066,2517.625066,781.422619
Semi-detached,1,H3,safe_unidirectional,best,2517.625066,2517.625066,781.422619
Semi-detached,1,H3,hybrid_bidirectional,worst,2657.826302,2657.826302,482.456187
Semi-detached,1,H3,hybrid_bidirectional,best,2657.826302,2657.826302,482.456187
Semi-detached,1,H1,safe_unidirectional,worst,3310.329032,3310.329032,815.753556
Semi-detached,1,H1,safe_unidirectional,best,3310.329032,3310.329032,815.753556
Semi-detached,1,H1,hybrid_bidirectional,worst,3495.937882,3495.937882,505.927712
Semi-detached,1,H1,hybrid_bidirectional,best,3495.937882,3495.937882,505.927712
Semi-detached,1,H2,safe_unidirectional,worst,2784.682366,2784.682366,778.95829
Semi-detached,1,H2,safe_unidirectional,best,2784.682366,2784.682366,778.95829
Semi-detached,1,H2,hybrid_bidirectional,worst,3019.159352,3019.159352,347.043972
Semi-detached,1,H2,hybrid_bidirectional,best,3019.159352,3019.159352,347.043972
Semi-detached,1,H3,safe_unidirectional,worst,2419.862366,2419.862366,753.42089
Semi-detached,1,H3,safe_unidirectional,best,2419.862366,2419.862366,753.42089
Semi-detached,1,H3,hybrid_bidirectional,worst,2559.946166,2559.946166,451.645837
Semi-detached,1,H3,hybrid_bidirectional,best,2559.946166,2559.946166,451.645837
Semi-detached,1,H1,safe_unidirectional,worst,3541.520832,3541.520832,891.725354
Semi-detached,1,H1,safe_unidirectional,best,3541.520832,3541.520832,891.725354
Semi-detached,1,H1,hybrid_bidirectional,worst,3757.103599,3757.103599,543.292689
Semi-detached,1,H1,hybrid_bidirectional,best,3757.103599,3757.103599,543.292689
Semi-detached,1,H2,safe_unidirectional,worst,3015.874166,3015.874166,854.930088
Semi-detached,1,H2,safe_unidirectional,best,3015.874166,3015.874166,854.930088
Semi-detached,1,H2,hybrid_bidirectional,worst,3286.805346,3286.805346,384.655028
Semi-detached,1,H2,hybrid_bidirectional,best,3286.805346,3286.805346,384.655028
Semi-detached,1,H3,safe_unidirectional,worst,2651.054166,2651.054166,829.392688
Semi-detached,1,H3,safe_unidirectional,best,2651.054166,2651.054166,829.392688
Semi-detached,1,H3,hybrid_bidirectional,worst,2801.985509,2801.985509,539.747831
Semi-detached,1,H3,hybrid_bidirectional,best,2801.985509,2801.985509,539.747831
Semi-detached,1,H1,safe_unidirectional,worst,3487.945132,3487.945132,871.153719
Semi-detached,1,H1,safe_unidirectional,best,3487.945132,3487.945132,871.153719
Semi-detached,1,H1,hybrid_bidirectional,worst,3701.598532,3701.598532,527.304465
Semi-detached,1,H1,hybrid_bidirectional,best,3701.598532,3701.598532,527.304465
Semi-detached,1,H2,safe_unidirectional,worst,2962.298466,2962.298466,834.358453
Semi-detached,1,H2,safe_unidirectional,best,2962.298466,2962.298466,834.358453
Semi-detached,1,H2,hybrid_bidirectional,worst,3229.534692,3229.534692,372.709044
Semi-detached,1,H2,hybrid_bidirectional,best,3229.534692,3229.534692,372.709044
Semi-detached,1,H3,safe_unidirectional,worst,2597.478466,2597.478466,808.821053
Semi-detached,1,H3,safe_unidirectional,best,2597.478466,2597.478466,808.821053
Semi-detached,1,H3,hybrid_bidirectional,worst,2747.057502,2747.057502,509.649114
Semi-detached,1,H3,hybrid_bidirectional,best,2747.057502,2747.057502,509.649114
Semi-detached,1,H1,safe_unidirectional,worst,3574.575532,3574.575532,897.660423
Semi-detached,1,H1,safe_unidirectional,best,3574.575532,3574.575532,897.660423
Semi-detached,1,H1,hybrid_bidirectional,worst,3794.237942,3794.237942,545.616946
Semi-detached,1,H1,hybrid_bidirectional,best,3794.237942,3794.237942,545.616946
Semi-detached,1,H2,safe_unidirectional,worst,3048.928866,3048.928866,860.865157
Semi-detached,1,H2,safe_unidirectional,best,3048.928866,3048.928866,860.865157
Semi-detached,1,H2,hybrid_bidirectional,worst,3325.164092,3325.164092,378.710604
Semi-detached,1,H2,hybrid_bidirectional,best,3325.164092,3325.164092,378.710604
Semi-detached,1,H3,safe_unidirectional,worst,2684.108866,2684.108866,835.327757
Semi-detached,1,H3,safe_unidirectional,best,2684.108866,2684.108866,835.327757
Semi-detached,1,H3,hybrid_bidirectional,worst,2840.868159,2840.868159,532.568817
Semi-detached,1,H3,hybrid_bidirectional,best,2840.868159,2840.868159,532.568817
Semi-detached,1,H1,safe_unidirectional,worst,3471.583332,3471.583332,863.551705
Semi-detached,1,H1,safe_unidirectional,best,3471.583332,3471.583332,863.551705
Semi-detached,1,H1,hybrid_bidirectional,worst,3687.319749,3687.319749,514.559667
Semi-detached,1,H1,hybrid_bidirectional,best,3687.319749,3687.319749,514.559667
Semi-detached,1,H2,safe_unidirectional,worst,2945.936666,2945.936666,826.756439
Semi-detached,1,H2,safe_unidirectional,best,2945.936666,2945.936666,826.756439
Semi-detached,1,H2,hybrid_bidirectional,worst,3212.021246,3212.021246,359.883111
Semi-detached,1,H2,hybrid_bidirectional,best,3212.021246,3212.021246,359.883111
Semi-detached,1,H3,safe_unidirectional,worst,2581.116666,2581.116666,801.219039
Semi-detached,1,H3,safe_unidirectional,best,2581.116666,2581.116666,801.219039
Semi-detached,1,H3,hybrid_bidirectional,worst,2721.476006,2721.476006,509.095885
Semi-detached,1,H3,hybrid_bidirectional,best,2721.476006,2721.476006,509.095885
Semi-detached,1,H1,safe_unidirectional,worst,3236.013032,3236.013032,796.222996
Semi-detached,1,H1,safe_unidirectional,best,3236.013032,3236.013032,796.222996
Semi-detached,1,H1,hybrid_bidirectional,worst,3425.346899,3425.346899,487.075379
Semi-detached,1,H1,hybrid_bidirectional,best,3425.346899,3425.346899,487.075379
Semi-detached,1,H2,safe_unidirectional,worst,2710.366366,2710.366366,759.42773
Semi-detached,1,H2,safe_unidirectional,best,2710.366366,2710.366366,759.42773
Semi-detached,1,H2,hybrid_bidirectional,worst,2957.438709,2957.438709,327.013886
Semi-detached,1,H2,hybrid_bidirectional,best,2957.438709,2957.438709,327.013886
Semi-detached,1,H3,safe_unidirectional,worst,2345.546366,2345.546366,733.89033
Semi-detached,1,H3,safe_unidirectional,best,2345.546366,2345.546366,733.89033
Semi-detached,1,H3,hybrid_bidirectional,worst,2484.696756,2484.696756,455.342841
Semi-detached,1,H3,hybrid_bidirectional,best,2484.696756,2484.696756,455.342841
Semi-detached,1,H1,safe_unidirectional,worst,3513.406132,3513.406132,878.287041
Semi-detached,1,H1,safe_unidirectional,best,3513.406132,3513.406132,878.287041
Semi-detached,1,H1,hybrid_bidirectional,worst,3734.660726,3734.660726,520.397624
Semi-detached,1,H1,hybrid_bidirectional,best,3734.660726,3734.660726,520.397624
Semi-detached,1,H2,safe_unidirectional,worst,2987.759466,2987.759466,841.491775
Semi-detached,1,H2,safe_unidirectional,best,2987.759466,2987.759466,841.491775
Semi-detached,1,H2,hybrid_bidirectional,worst,3244.509422,3244.509422,356.761657
Semi-detached,1,H2,hybrid_bidirectional,best,3244.509422,3244.509422,356.761657
Semi-detached,1,H3,safe_unidirectional,worst,2622.939466,2622.939466,815.954375
Semi-detached,1,H3,safe_unidirectional,best,2622.939466,2622.939466,815.954375
Semi-detached,1,H3,hybrid_bidirectional,worst,2758.400059,2758.400059,521.393677
Semi-detached,1,H3,hybrid_bidirectional,best,2758.400059,2758.400059,521.393677
Semi-detached,1,H1,safe_unidirectional,worst,3395.705832,3395.705832,838.35748
Semi-detached,1,H1,safe_unidirectional,best,3395.705832,3395.705832,838.35748
Semi-detached,1,H1,hybrid_bidirectional,worst,3598.679969,3598.679969,516.499003
Semi-detached,1,H1,hybrid_bidirectional,best,3598.679969,3598.679969,516.499003
Semi-detached,1,H2,safe_unidirectional,worst,2870.059166,2870.059166,801.562214
Semi-detached,1,H2,safe_unidirectional,best,2870.059166,2870.059166,801.562214
Semi-detached,1,H2,hybrid_bidirectional,worst,3117.481612,3117.481612,353.326921
Semi-detached,1,H2,hybrid_bidirectional,best,3117.481612,3117.481612,353.326921
Semi-detached,1,H3,safe_unidirectional,worst,2505.239166,2505.239166,776.024814
Semi-detached,1,H3,safe_unidirectional,best,2505.239166,2505.239166,776.024814
Semi-detached,1,H3,hybrid_bidirectional,worst,2641.938392,2641.938392,478.945117
Semi-detached,1,H3,hybrid_bidirectional,best,2641.938392,2641.938392,478.945117
Semi-detached,1,H1,safe_unidirectional,worst,3461.501232,3461.501232,861.259758
Semi-detached,1,H1,safe_unidirectional,best,3461.501232,3461.501232,861.259758
Semi-detached,1,H1,hybrid_bidirectional,worst,3662.885846,3662.885846,534.240691
Semi-detached,1,H1,hybrid_bidirectional,best,3662.885846,3662.885846,534.240691
Semi-detached,1,H2,safe_unidirectional,worst,2935.854566,2935.854566,824.464492
Semi-detached,1,H2,safe_unidirectional,best,2935.854566,2935.854566,824.464492
Semi-detached,1,H2,hybrid_bidirectional,worst,3190.851366,3190.851366,369.095544
Semi-detached,1,H2,hybrid_bidirectional,best,3190.851366,3190.851366,369.095544
Semi-detached,1,H3,safe_unidirectional,worst,2571.034566,2571.034566,798.927092
Semi-detached,1,H3,safe_unidirectional,best,2571.034566,2571.034566,798.927092
Semi-detached,1,H3,hybrid_bidirectional,worst,2709.193919,2709.193919,501.700364
Semi-detached,1,H3,hybrid_bidirectional,best,2709.193919,2709.193919,501.700364
Semi-detached,1,H1,safe_unidirectional,worst,3445.276132,3445.276132,857.357517
Semi-detached,1,H1,safe_unidirectional,best,3445.276132,3445.276132,857.357517
Semi-detached,1,H1,hybrid_bidirectional,worst,3646.679599,3646.679599,532.337176
Semi-detached,1,H1,hybrid_bidirectional,best,3646.679599,3646.679599,532.337176
Semi-detached,1,H2,safe_unidirectional,worst,2919.629466,2919.629466,820.562251
Semi-detached,1,H2,safe_unidirectional,best,2919.629466,2919.629466,820.562251
Semi-detached,1,H2,hybrid_bidirectional,worst,3175.022226,3175.022226,366.866478
Semi-detached,1,H2,hybrid_bidirectional,best,3175.022226,3175.022226,366.866478
Semi-detached,1,H3,safe_unidirectional,worst,2554.809466,2554.809466,795.024851
Semi-detached,1,H3,safe_unidirectional,best,2554.809466,2554.809466,795.024851
Semi-detached,1,H3,hybrid_bidirectional,worst,2689.988476,2689.988476,504.341711
Semi-detached,1,H3,hybrid_bidirectional,best,2689.988476,2689.988476,504.341711
Semi-detached,1,H1,safe_unidirectional,worst,3426.444732,3426.444732,851.397647
Semi-detached,1,H1,safe_unidirectional,best,3426.444732,3426.444732,851.397647
Semi-detached,1,H1,hybrid_bidirectional,worst,3632.703062,3632.703062,520.149577
Semi-detached,1,H1,hybrid_bidirectional,best,3632.703062,3632.703062,520.149577
Semi-detached,1,H2,safe_unidirectional,worst,2900.798066,2900.798066,814.602381
Semi-detached,1,H2,safe_unidirectional,best,2900.798066,2900.798066,814.602381
Semi-detached,1,H2,hybrid_bidirectional,worst,3153.733129,3153.733129,376.348893
Semi-detached,1,H2,hybrid_bidirectional,best,3153.733129,3153.733129,376.348893
Semi-detached,1,H3,safe_unidirectional,worst,2535.978066,2535.978066,789.064981
Semi-detached,1,H3,safe_unidirectional,best,2535.978066,2535.978066,789.064981
Semi-detached,1,H3,hybrid_bidirectional,worst,2689.706292,2689.706292,496.224103
Semi-detached,1,H3,hybrid_bidirectional,best,2689.706292,2689.706292,496.224103
Semi-detached,1,H1,safe_unidirectional,worst,3478.097132,3478.097132,870.698999
Semi-detached,1,H1,safe_unidirectional,best,3478.097132,3478.097132,870.698999
Semi-detached,1,H1,hybrid_bidirectional,worst,3689.898966,3689.898966,526.325
Semi-detached,1,H1,hybrid_bidirectional,best,3689.898966,3689.898966,526.325
Semi-detached,1,H2,safe_unidirectional,worst,2952.450466,2952.450466,833.903733
Semi-detached,1,H2,safe_unidirectional,best,2952.450466,2952.450466,833.903733
Semi-detached,1,H2,hybrid_bidirectional,worst,3212.081532,3212.081532,366.525285
Semi-detached,1,H2,hybrid_bidirectional,best,3212.081532,3212.081532,366.525285
Semi-detached,1,H3,safe_unidirectional,worst,2587.630466,2587.630466,808.366333
Semi-detached,1,H3,safe_unidirectional,best,2587.630466,2587.630466,808.366333
Semi-detached,1,H3,hybrid_bidirectional,worst,2731.087049,2731.087049,512.585262
Semi-detached,1,H3,hybrid_bidirectional,best,2731.087049,2731.087049,512.585262
Semi-detached,1,H1,safe_unidirectional,worst,3533.364232,3533.364232,883.128024
Semi-detached,1,H1,safe_unidirectional,best,3533.364232,3533.364232,883.128024
Semi-detached,1,H1,hybrid_bidirectional,worst,3750.882049,3750.882049,534.951147
Semi-detached,1,H1,hybrid_bidirectional,best,3750.882049,3750.882049,534.951147
Semi-detached,1,H2,safe_unidirectional,worst,3007.717566,3007.717566,846.332758
Semi-detached,1,H2,safe_unidirectional,best,3007.717566,3007.717566,846.332758
Semi-detached,1,H2,hybrid_bidirectional,worst,3276.198829,3276.198829,374.358926
Semi-detached,1,H2,hybrid_bidirectional,best,3276.198829,3276.198829,374.358926
Semi-detached,1,H3,safe_unidirectional,worst,2642.897566,2642.897566,820.795358
Semi-detached,1,H3,safe_unidirectional,best,2642.897566,2642.897566,820.795358
Semi-detached,1,H3,hybrid_bidirectional,worst,2790.654762,2790.654762,523.546893
Semi-detached,1,H3,hybrid_bidirectional,best,2790.654762,2790.654762,523.546893
Semi-detached,1,H1,safe_unidirectional,worst,3550.652532,3550.652532,888.834025
Semi-detached,1,H1,safe_unidirectional,best,3550.652532,3550.652532,888.834025
Semi-detached,1,H1,hybrid_bidirectional,worst,3772.284559,3772.284559,534.18752
Semi-detached,1,H1,hybrid_bidirectional,best,3772.284559,3772.284559,534.18752
Semi-detached,1,H2,safe_unidirectional,worst,3025.005866,3025.005866,852.038759
Semi-detached,1,H2,safe_unidirectional,best,3025.005866,3025.005866,852.038759
Semi-detached,1,H2,hybrid_bidirectional,worst,3295.927896,3295.927896,390.097724
Semi-detached,1,H2,hybrid_bidirectional,best,3295.927896,3295.927896,390.097724
Semi-detached,1,H3,safe_unidirectional,worst,2660.185866,2660.185866,826.501359
Semi-detached,1,H3,safe_unidirectional,best,2660.185866,2660.185866,826.501359
Semi-detached,1,H3,hybrid_bidirectional,worst,2815.047936,2815.047936,533.944896
Semi-detached,1,H3,hybrid_bidirectional,best,2815.047936,2815.047936,533.944896
Semi-detached,1,H1,safe_unidirectional,worst,3388.749832,3388.749832,842.569968
Semi-detached,1,H1,safe_unidirectional,best,3388.749832,3388.749832,842.569968
Semi-detached,1,H1,hybrid_bidirectional,worst,3583.636399,3583.636399,527.443784
Semi-detached,1,H1,hybrid_bidirectional,best,3583.636399,3583.636399,527.443784
Semi-detached,1,H2,safe_unidirectional,worst,2863.103166,2863.103166,805.774702
Semi-detached,1,H2,safe_unidirectional,best,2863.103166,2863.103166,805.774702
Semi-detached,1,H2,hybrid_bidirectional,worst,3114.434212,3114.434212,358.926585
Semi-detached,1,H2,hybrid_bidirectional,best,3114.434212,3114.434212,358.926585
Semi-detached,1,H3,safe_unidirectional,worst,2498.283166,2498.283166,780.237302
Semi-detached,1,H3,safe_unidirectional,best,2498.283166,2498.283166,780.237302
Semi-detached,1,H3,hybrid_bidirectional,worst,2647.072479,2647.072479,481.533361
Semi-detached,1,H3,hybrid_bidirectional,best,2647.072479,2647.072479,481.533361
Semi-detached,1,H1,safe_unidirectional,worst,3514.383532,3514.383532,875.936007
Semi-detached,1,H1,safe_unidirectional,best,3514.383532,3514.383532,875.936007
Semi-detached,1,H1,hybrid_bidirectional,worst,3723.229912,3723.229912,539.450518
Semi-detached,1,H1,hybrid_bidirectional,best,3723.229912,3723.229912,539.450518
Semi-detached,1,H2,safe_unidirectional,worst,2988.736866,2988.736866,839.140741
Semi-detached,1,H2,safe_unidirectional,best,2988.736866,2988.736866,839.140741
Semi-detached,1,H2,hybrid_bidirectional,worst,3257.059566,3257.059566,372.812554
Semi-detached,1,H2,hybrid_bidirectional,best,3257.059566,3257.059566,372.812554
Semi-detached,1,H3,safe_unidirectional,worst,2623.916866,2623.916866,813.603341
Semi-detached,1,H3,safe_unidirectional,best,2623.916866,2623.916866,813.603341
Semi-detached,1,H3,hybrid_bidirectional,worst,2773.084306,2773.084306,521.029544
Semi-detached,1,H3,hybrid_bidirectional,best,2773.084306,2773.084306,521.029544
Semi-detached,1,H1,safe_unidirectional,worst,3370.288832,3370.288832,831.351502
Semi-detached,1,H1,safe_unidirectional,best,3370.288832,3370.288832,831.351502
Semi-detached,1,H1,hybrid_bidirectional,worst,3574.821166,3574.821166,505.861419
Semi-detached,1,H1,hybrid_bidirectional,best,3574.821166,3574.821166,505.861419
Semi-detached,1,H2,safe_unidirectional,worst,2844.642166,2844.642166,794.556236
Semi-detached,1,H2,safe_unidirectional,best,2844.642166,2844.642166,794.556236
Semi-detached,1,H2,hybrid_bidirectional,worst,3099.330676,3099.330676,354.313755
Semi-detached,1,H2,hybrid_bidirectional,best,3099.330676,3099.330676,354.313755
Semi-detached,1,H3,safe_unidirectional,worst,2479.822166,2479.822166,769.018836
Semi-detached,1,H3,safe_unidirectional,best,2479.822166,2479.822166,769.018836
Semi-detached,1,H3,hybrid_bidirectional,worst,2634.424819,2634.424819,484.755548
Semi-detached,1,H3,hybrid_bidirectional,best,2634.424819,2634.424819,484.755548
Semi-detached,1,H1,safe_unidirectional,worst,3403.954032,3403.954032,844.256758
Semi-detached,1,H1,safe_unidirectional,best,3403.954032,3403.954032,844.256758
Semi-detached,1,H1,hybrid_bidirectional,worst,3603.907839,3603.907839,525.243367
Semi-detached,1,H1,hybrid_bidirectional,best,3603.907839,3603.907839,525.243367
Semi-detached,1,H2,safe_unidirectional,worst,2878.307366,2878.307366,807.461492
Semi-detached,1,H2,safe_unidirectional,best,2878.307366,2878.307366,807.461492
Semi-detached,1,H2,hybrid_bidirectional,worst,3141.628736,3141.628736,356.396789
Semi-detached,1,H2,hybrid_bidirectional,best,3141.628736,3141.628736,356.396789
Semi-detached,1,H3,safe_unidirectional,worst,2513.487366,2513.487366,781.924092
Semi-detached,1,H3,safe_unidirectional,best,2513.487366,2513.487366,781.924092
Semi-detached,1,H3,hybrid_bidirectional,worst,2671.448109,2671.448109,491.833015
Semi-detached,1,H3,hybrid_bidirectional,best,2671.448109,2671.448109,491.833015
Semi-detached,1,H1,safe_unidirectional,worst,3582.091032,3582.091032,901.593968
Semi-detached,1,H1,safe_unidirectional,best,3582.091032,3582.091032,901.593968
Semi-detached,1,H1,hybrid_bidirectional,worst,3798.338762,3798.338762,553.899663
Semi-detached,1,H1,hybrid_bidirectional,best,3798.338762,3798.338762,553.899663
Semi-detached,1,H2,safe_unidirectional,worst,3056.444366,3056.444366,864.798702
Semi-detached,1,H2,safe_unidirectional,best,3056.444366,3056.444366,864.798702
Semi-detached,1,H2,hybrid_bidirectional,worst,3304.152872,3304.152872,398.767421
Semi-detached,1,H2,hybrid_bidirectional,best,3304.152872,3304.152872,398.767421
Semi-detached,1,H3,safe_unidirectional,worst,2691.624366,2691.624366,839.261302
Semi-detached,1,H3,safe_unidirectional,best,2691.624366,2691.624366,839.261302
Semi-detached,1,H3,hybrid_bidirectional,worst,2832.605469,2832.605469,538.594912
Semi-detached,1,H3,hybrid_bidirectional,best,2832.605469,2832.605469,538.594912
Semi-detached,1,H1,safe_unidirectional,worst,3538.662532,3538.662532,886.005829
Semi-detached,1,H1,safe_unidirectional,best,3538.662532,3538.662532,886.005829
Semi-detached,1,H1,hybrid_bidirectional,worst,3748.676702,3748.676702,548.397503
Semi-detached,1,H1,hybrid_bidirectional,best,3748.676702,3748.676702,548.397503
Semi-detached,1,H2,safe_unidirectional,worst,3013.015866,3013.015866,849.210563
Semi-detached,1,H2,safe_unidirectional,best,3013.015866,3013.015866,849.210563
Semi-detached,1,H2,hybrid_bidirectional,worst,3270.468119,3270.468119,387.555101
Semi-detached,1,H2,hybrid_bidirectional,best,3270.468119,3270.468119,387.555101
Semi-detached,1,H3,safe_unidirectional,worst,2648.195866,2648.195866,823.673163
Semi-detached,1,H3,safe_unidirectional,best,2648.195866,2648.195866,823.673163
Semi-detached,1,H3,hybrid_bidirectional,worst,2789.704949,2789.704949,530.06671
Semi-detached,1,H3,hybrid_bidirectional,best,2789.704949,2789.704949,530.06671
Semi-detached,1,H1,safe_unidirectional,worst,3554.686832,3554.686832,892.33805
Semi-detached,1,H1,safe_unidirectional,best,3554.686832,3554.686832,892.33805
Semi-detached,1,H1,hybrid_bidirectional,worst,3766.640389,3766.640389,540.379537
Semi-detached,1,H1,hybrid_bidirectional,best,3766.640389,3766.640389,540.379537
Semi-detached,1,H2,safe_unidirectional,worst,3029.040166,3029.040166,855.542784
Semi-detached,1,H2,safe_unidirectional,best,3029.040166,3029.040166,855.542784
Semi-detached,1,H2,hybrid_bidirectional,worst,3287.154962,3287.154962,395.860943
Semi-detached,1,H2,hybrid_bidirectional,best,3287.154962,3287.154962,395.860943
Semi-detached,1,H3,safe_unidirectional,worst,2664.220166,2664.220166,830.005384
Semi-detached,1,H3,safe_unidirectional,best,2664.220166,2664.220166,830.005384
Semi-detached,1,H3,hybrid_bidirectional,worst,2810.449619,2810.449619,529.081904
Semi-detached,1,H3,hybrid_bidirectional,best,2810.449619,2810.449619,529.081904
Semi-detached,1,H1,safe_unidirectional,worst,3586.062332,3586.062332,902.251247
Semi-detached,1,H1,safe_unidirectional,best,3586.062332,3586.062332,902.251247
Semi-detached,1,H1,hybrid_bidirectional,worst,3804.795799,3804.795799,547.049734
Semi-detached,1,H1,hybrid_bidirectional,best,3804.795799,3804.795799,547.049734
Semi-detached,1,H2,safe_unidirectional,worst,3060.415666,3060.415666,865.455981
Semi-detached,1,H2,safe_unidirectional,best,3060.415666,3060.415666,865.455981
Semi-detached,1,H2,hybrid_bidirectional,worst,3325.656952,3325.656952,390.829628
Semi-detached,1,H2,hybrid_bidirectional,best,3325.656952,3325.656952,390.829628
Semi-detached,1,H3,safe_unidirectional,worst,2695.595666,2695.595666,839.918581
Semi-detached,1,H3,safe_unidirectional,best,2695.595666,2695.595666,839.918581
Semi-detached,1,H3,hybrid_bidirectional,worst,2844.957909,2844.957909,534.870219
Semi-detached,1,H3,hybrid_bidirectional,best,2844.957909,2844.957909,534.870219
Semi-detached,1,H1,safe_unidirectional,worst,3475.938232,3475.938232,869.568856
Semi-detached,1,H1,safe_unidirectional,best,3475.938232,3475.938232,869.568856
Semi-detached,1,H1,hybrid_bidirectional,worst,3682.250099,3682.250099,531.302751
Semi-detached,1,H1,hybrid_bidirectional,best,3682.250099,3682.250099,531.302751
Semi-detached,1,H2,safe_unidirectional,worst,2950.291566,2950.291566,832.77359
Semi-detached,1,H2,safe_unidirectional,best,2950.291566,2950.291566,832.77359
Semi-detached,1,H2,hybrid_bidirectional,worst,3195.737056,3195.737056,379.247325
Semi-detached,1,H2,hybrid_bidirectional,best,3195.737056,3195.737056,379.247325
Semi-detached,1,H3,safe_unidirectional,worst,2585.471566,2585.471566,807.23619
Semi-detached,1,H3,safe_unidirectional,best,2585.471566,2585.471566,807.23619
Semi-detached,1,H3,hybrid_bidirectional,worst,2723.880036,2723.880036,511.572055
Semi-detached,1,H3,hybrid_bidirectional,best,2723.880036,2723.880036,511.572055
Semi-detached,1,H1,safe_unidirectional,worst,3571.895032,3571.895032,899.700748
Semi-detached,1,H1,safe_unidirectional,best,3571.895032,3571.895032,899.700748
Semi-detached,1,H1,hybrid_bidirectional,worst,3794.180832,3794.180832,541.455378
Semi-detached,1,H1,hybrid_bidirectional,best,3794.180832,3794.180832,541.455378
Semi-detached,1,H2,safe_unidirectional,worst,3046.248366,3046.248366,862.905482
Semi-detached,1,H2,safe_unidirectional,best,3046.248366,3046.248366,862.905482
Semi-detached,1,H2,hybrid_bidirectional,worst,3322.882139,3322.882139,378.023432
Semi-detached,1,H2,hybrid_bidirectional,best,3322.882139,3322.882139,378.023432
Semi-detached,1,H3,safe_unidirectional,worst,2681.428366,2681.428366,837.368082
Semi-detached,1,H3,safe_unidirectional,best,2681.428366,2681.428366,837.368082
Semi-detached,1,H3,hybrid_bidirectional,worst,2830.305526,2830.305526,541.622925
Semi-detached,1,H3,hybrid_bidirectional,best,2830.305526,2830.305526,541.622925
Semi-detached,1,H1,safe_unidirectional,worst,3481.794432,3481.794432,859.99875
Semi-detached,1,H1,safe_unidirectional,best,3481.794432,3481.794432,859.99875
Semi-detached,1,H1,hybrid_bidirectional,worst,3695.769472,3695.769472,524.764351
Semi-detached,1,H1,hybrid_bidirectional,best,3695.769472,3695.769472,524.764351
Semi-detached,1,H2,safe_unidirectional,worst,2956.147766,2956.147766,823.203484
Semi-detached,1,H2,safe_unidirectional,best,2956.147766,2956.147766,823.203484
Semi-detached,1,H2,hybrid_bidirectional,worst,3221.355912,3221.355912,357.621054
Semi-detached,1,H2,hybrid_bidirectional,best,3221.355912,3221.355912,357.621054
Semi-detached,1,H3,safe_unidirectional,worst,2591.327766,2591.327766,797.666084
Semi-detached,1,H3,safe_unidirectional,best,2591.327766,2591.327766,797.666084
Semi-detached,1,H3,hybrid_bidirectional,worst,2735.620182,2735.620182,512.3677
Semi-detached,1,H3,hybrid_bidirectional,best,2735.620182,2735.620182,512.3677
Semi-detached,1,H1,safe_unidirectional,worst,3490.428332,3490.428332,864.944019
Semi-detached,1,H1,safe_unidirectional,best,3490.428332,3490.428332,864.944019
Semi-detached,1,H1,hybrid_bidirectional,worst,3697.982499,3697.982499,538.294183
Semi-detached,1,H1,hybrid_bidirectional,best,3697.982499,3697.982499,538.294183
Semi-detached,1,H2,safe_unidirectional,worst,2964.781666,2964.781666,828.148753
Semi-detached,1,H2,safe_unidirectional,best,2964.781666,2964.781666,828.148753
Semi-detached,1,H2,hybrid_bidirectional,worst,3230.327952,3230.327952,379.856231
Semi-detached,1,H2,hybrid_bidirectional,best,3230.327952,3230.327952,379.856231
Semi-detached,1,H3,safe_unidirectional,worst,2599.961666,2599.961666,802.611353
Semi-detached,1,H3,safe_unidirectional,best,2599.961666,2599.961666,802.611353
Semi-detached,1,H3,hybrid_bidirectional,worst,2759.283052,2759.283052,499.531294
Semi-detached,1,H3,hybrid_bidirectional,best,2759.283052,2759.283052,499.531294
Semi-detached,1,H1,safe_unidirectional,worst,3490.100532,3490.100532,876.476085
Semi-detached,1,H1,safe_unidirectional,best,3490.100532,3490.100532,876.476085
Semi-detached,1,H1,hybrid_bidirectional,worst,3703.656626,3703.656626,528.533269
Semi-detached,1,H1,hybrid_bidirectional,best,3703.656626,3703.656626,528.533269
Semi-detached,1,H2,safe_unidirectional,worst,2964.453866,2964.453866,839.680819
Semi-detached,1,H2,safe_unidirectional,best,2964.453866,2964.453866,839.680819
Semi-detached,1,H2,hybrid_bidirectional,worst,3221.560336,3221.560336,372.858439
Semi-detached,1,H2,hybrid_bidirectional,best,3221.560336,3221.560336,372.858439
Semi-detached,1,H3,safe_unidirectional,worst,2599.633866,2599.633866,814.143419
Semi-detached,1,H3,safe_unidirectional,best,2599.633866,2599.633866,814.143419
Semi-detached,1,H3,hybrid_bidirectional,worst,2744.669379,2744.669379,514.824543
Semi-detached,1,H3,hybrid_bidirectional,best,2744.669379,2744.669379,514.824543
Semi-detached,1,H1,safe_unidirectional,worst,3504.671132,3504.671132,873.723979
Semi-detached,1,H1,safe_unidirectional,best,3504.671132,3504.671132,873.723979
Semi-detached,1,H1,hybrid_bidirectional,worst,3718.010522,3718.010522,534.32054
Semi-detached,1,H1,hybrid_bidirectional,best,3718.010522,3718.010522,534.32054
Semi-detached,1,H2,safe_unidirectional,worst,2979.024466,2979.024466,836.928713
Semi-detached,1,H2,safe_unidirectional,best,2979.024466,2979.024466,836.928713
Semi-detached,1,H2,hybrid_bidirectional,worst,3244.556449,3244.556449,380.252769
Semi-detached,1,H2,hybrid_bidirectional,best,3244.556449,3244.556449,380.252769
Semi-detached,1,H3,safe_unidirectional,worst,2614.204466,2614.204466,811.391313
Semi-detached,1,H3,safe_unidirectional,best,2614.204466,2614.204466,811.391313
Semi-detached,1,H3,hybrid_bidirectional,worst,2761.117782,2761.117782,532.842541
Semi-detached,1,H3,hybrid_bidirectional,best,2761.117782,2761.117782,532.842541
Semi-detached,1,H1,safe_unidirectional,worst,3525.779032,3525.779032,876.868036
Semi-detached,1,H1,safe_unidirectional,best,3525.779032,3525.779032,876.868036
Semi-detached,1,H1,hybrid_bidirectional,worst,3746.176226,3746.176226,524.594789
Semi-detached,1,H1,hybrid_bidirectional,best,3746.176226,3746.176226,524.594789
Semi-detached,1,H2,safe_unidirectional,worst,3000.132366,3000.132366,840.07277
Semi-detached,1,H2,safe_unidirectional,best,3000.132366,3000.132366,840.07277
Semi-detached,1,H2,hybrid_bidirectional,worst,3260.269556,3260.269556,390.713034
Semi-detached,1,H2,hybrid_bidirectional,best,3260.269556,3260.269556,390.713034
Semi-detached,1,H3,safe_unidirectional,worst,2635.312366,2635.312366,814.53537
Semi-detached,1,H3,safe_unidirectional,best,2635.312366,2635.312366,814.53537
Semi-detached,1,H3,hybrid_bidirectional,worst,2793.549852,2793.549852,513.706044
Semi-detached,1,H3,hybrid_bidirectional,best,2793.549852,2793.549852,513.706044
Semi-detached,1,H1,safe_unidirectional,worst,3543.742232,3543.742232,891.594552
Semi-detached,1,H1,safe_unidirectional,best,3543.742232,3543.742232,891.594552
Semi-detached,1,H1,hybrid_bidirectional,worst,3757.984179,3757.984179,549.647026
Semi-detached,1,H1,hybrid_bidirectional,best,3757.984179,3757.984179,549.647026
Semi-detached,1,H2,safe_unidirectional,worst,3018.095566,3018.095566,854.799286
Semi-detached,1,H2,safe_unidirectional,best,3018.095566,3018.095566,854.799286
Semi-detached,1,H2,hybrid_bidirectional,worst,3286.082702,3286.082702,369.64868
Semi-detached,1,H2,hybrid_bidirectional,best,3286.082702,3286.082702,369.64868
Semi-detached,1,H3,safe_unidirectional,worst,2653.275566,2653.275566,829.261886
Semi-detached,1,H3,safe_unidirectional,best,2653.275566,2653.275566,829.261886
Semi-detached,1,H3,hybrid_bidirectional,worst,2797.565136,2797.565136,529.686154
Semi-detached,1,H3,hybrid_bidirectional,best,2797.565136,2797.565136,529.686154
Semi-detached,1,H1,safe_unidirectional,worst,3472.302632,3472.302632,861.39644
Semi-detached,1,H1,safe_unidirectional,best,3472.302632,3472.302632,861.39644
Semi-detached,1,H1,hybrid_bidirectional,worst,3688.309832,3688.309832,518.974164
Semi-detached,1,H1,hybrid_bidirectional,best,3688.309832,3688.309832,518.974164
Semi-detached,1,H2,safe_unidirectional,worst,2946.655966,2946.655966,824.601174
Semi-detached,1,H2,safe_unidirectional,best,2946.655966,2946.655966,824.601174
Semi-detached,1,H2,hybrid_bidirectional,worst,3210.927179,3210.927179,373.677533
Semi-detached,1,H2,hybrid_bidirectional,best,3210.927179,3210.927179,373.677533
Semi-detached,1,H3,safe_unidirectional,worst,2581.835966,2581.835966,799.063774
Semi-detached,1,H3,safe_unidirectional,best,2581.835966,2581.835966,799.063774
Semi-detached,1,H3,hybrid_bidirectional,worst,2736.513132,2736.513132,503.235798
Semi-detached,1,H3,hybrid_bidirectional,best,2736.513132,2736.513132,503.235798
Semi-detached,1,H1,safe_unidirectional,worst,3376.165332,3376.165332,834.171221
Semi-detached,1,H1,safe_unidirectional,best,3376.165332,3376.165332,834.171221
Semi-detached,1,H1,hybrid_bidirectional,worst,3586.920216,3586.920216,492.721936
Semi-detached,1,H1,hybrid_bidirectional,best,3586.920216,3586.920216,492.721936
Semi-detached,1,H2,safe_unidirectional,worst,2850.518666,2850.518666,797.375955
Semi-detached,1,H2,safe_unidirectional,best,2850.518666,2850.518666,797.375955
Semi-detached,1,H2,hybrid_bidirectional,worst,3107.267419,3107.267419,344.188368
Semi-detached,1,H2,hybrid_bidirectional,best,3107.267419,3107.267419,344.188368
Semi-detached,1,H3,safe_unidirectional,worst,2485.698666,2485.698666,771.838555
Semi-detached,1,H3,safe_unidirectional,best,2485.698666,2485.698666,771.838555
Semi-detached,1,H3,hybrid_bidirectional,worst,2630.211739,2630.211739,478.651499
Semi-detached,1,H3,hybrid_bidirectional,best,2630.211739,2630.211739,478.651499
Semi-detached,1,H1,safe_unidirectional,worst,3523.327132,3523.327132,875.771255
Semi-detached,1,H1,safe_unidirectional,best,3523.327132,3523.327132,875.771255
Semi-detached,1,H1,hybrid_bidirectional,worst,3725.565832,3725.565832,558.156048
Semi-detached,1,H1,hybrid_bidirectional,best,3725.565832,3725.565832,558.156048
Semi-detached,1,H2,safe_unidirectional,worst,2997.680466,2997.680466,838.975989
Semi-detached,1,H2,safe_unidirectional,best,2997.680466,2997.680466,838.975989
Semi-detached,1,H2,hybrid_bidirectional,worst,3247.109969,3247.109969,396.955964
Semi-detached,1,H2,hybrid_bidirectional,best,3247.109969,3247.109969,396.955964
Semi-detached,1,H3,safe_unidirectional,worst,2632.860466,2632.860466,813.438589
Semi-detached,1,H3,safe_unidirectional,best,2632.860466,2632.860466,813.438589
Semi-detached,1,H3,hybrid_bidirectional,worst,2775.567756,2775.567756,522.496198
Semi-detached,1,H3,hybrid_bidirectional,best,2775.567756,2775.567756,522.496198
Semi-detached,1,H1,safe_unidirectional,worst,3477.689532,3477.689532,866.232411
Semi-detached,1,H1,safe_unidirectional,best,3477.689532,3477.689532,866.232411
Semi-detached,1,H1,hybrid_bidirectional,worst,3685.557932,3685.557932,535.944514
Semi-detached,1,H1,hybrid_bidirectional,best,3685.557932,3685.557932,535.944514
Semi-detached,1,H2,safe_unidirectional,worst,2952.042866,2952.042866,829.437145
Semi-detached,1,H2,safe_unidirectional,best,2952.042866,2952.042866,829.437145
Semi-detached,1,H2,hybrid_bidirectional,worst,3212.292959,3212.292959,377.838061
Semi-detached,1,H2,hybrid_bidirectional,best,3212.292959,3212.292959,377.838061
Semi-detached,1,H3,safe_unidirectional,worst,2587.222866,2587.222866,803.899745
Semi-detached,1,H3,safe_unidirectional,best,2587.222866,2587.222866,803.899745
Semi-detached,1,H3,hybrid_bidirectional,worst,2727.162486,2727.162486,510.710291
Semi-detached,1,H3,hybrid_bidirectional,best,2727.162486,2727.162486,510.710291
Semi-detached,1,H1,safe_unidirectional,worst,3532.767732,3532.767732,887.599533
Semi-detached,1,H1,safe_unidirectional,best,3532.767732,3532.767732,887.599533
Semi-detached,1,H1,hybrid_bidirectional,worst,3749.098352,3749.098352,535.743752
Semi-detached,1,H1,hybrid_bidirectional,best,3749.098352,3749.098352,535.743752
Semi-detached,1,H2,safe_unidirectional,worst,3007.121066,3007.121066,850.804267
Semi-detached,1,H2,safe_unidirectional,best,3007.121066,3007.121066,850.804267
Semi-detached,1,H2,hybrid_bidirectional,worst,3282.127532,3282.127532,372.694238
Semi-detached,1,H2,hybrid_bidirectional,best,3282.127532,3282.127532,372.694238
Semi-detached,1,H3,safe_unidirectional,worst,2642.301066,2642.301066,825.266867
Semi-detached,1,H3,safe_unidirectional,best,2642.301066,2642.301066,825.266867
Semi-detached,1,H3,hybrid_bidirectional,worst,2794.621282,2794.621282,527.540909
Semi-detached,1,H3,hybrid_bidirectional,best,2794.621282,2794.621282,527.540909
Semi-detached,1,H1,safe_unidirectional,worst,3597.559732,3597.559732,903.614609
Semi-detached,1,H1,safe_unidirectional,best,3597.559732,3597.559732,903.614609
Semi-detached,1,H1,hybrid_bidirectional,worst,3815.450949,3815.450949,555.44951
Semi-detached,1,H1,hybrid_bidirectional,best,3815.450949,3815.450949,555.44951
Semi-detached,1,H2,safe_unidirectional,worst,3071.913066,3071.913066,866.819343
Semi-detached,1,H2,safe_unidirectional,best,3071.913066,3071.913066,866.819343
Semi-detached,1,H2,hybrid_bidirectional,worst,3334.005989,3334.005989,392.811066
Semi-detached,1,H2,hybrid_bidirectional,best,3334.005989,3334.005989,392.811066
Semi-detached,1,H3,safe_unidirectional,worst,2707.093066,2707.093066,841.281943
Semi-detached,1,H3,safe_unidirectional,best,2707.093066,2707.093066,841.281943
Semi-detached,1,H3,hybrid_bidirectional,worst,2850.278252,2850.278252,534.696804
Semi-detached,1,H3,hybrid_bidirectional,best,2850.278252,2850.278252,534.696804
Semi-detached,1,H1,safe_unidirectional,worst,3482.674032,3482.674032,872.30335
Semi-detached,1,H1,safe_unidirectional,best,3482.674032,3482.674032,872.30335
Semi-detached,1,H1,hybrid_bidirectional,worst,3698.442276,3698.442276,523.57147
Semi-detached,1,H1,hybrid_bidirectional,best,3698.442276,3698.442276,523.57147
Semi-detached,1,H2,safe_unidirectional,worst,2957.027366,2957.027366,835.508084
Semi-detached,1,H2,safe_unidirectional,best,2957.027366,2957.027366,835.508084
Semi-detached,1,H2,hybrid_bidirectional,worst,3224.101242,3224.101242,366.662259
Semi-detached,1,H2,hybrid_bidirectional,best,3224.101242,3224.101242,366.662259
Semi-detached,1,H3,safe_unidirectional,worst,2592.207366,2592.207366,809.970684
Semi-detached,1,H3,safe_unidirectional,best,2592.207366,2592.207366,809.970684
Semi-detached,1,H3,hybrid_bidirectional,worst,2740.880799,2740.880799,508.134425
Semi-detached,1,H3,hybrid_bidirectional,best,2740.880799,2740.880799,508.134425
Semi-detached,1,H1,safe_unidirectional,worst,3461.644632,3461.644632,854.668012
Semi-detached,1,H1,safe_unidirectional,best,3461.644632,3461.644632,854.668012
Semi-detached,1,H1,hybrid_bidirectional,worst,3672.400299,3672.400299,516.948257
Semi-detached,1,H1,hybrid_bidirectional,best,3672.400299,3672.400299,516.948257
Semi-detached,1,H2,safe_unidirectional,worst,2935.997966,2935.997966,817.872746
Semi-detached,1,H2,safe_unidirectional,best,2935.997966,2935.997966,817.872746
Semi-detached,1,H2,hybrid_bidirectional,worst,3188.804906,3188.804906,355.713784
Semi-detached,1,H2,hybrid_bidirectional,best,3188.804906,3188.804906,355.713784
Semi-detached,1,H3,safe_unidirectional,worst,2571.177966,2571.177966,792.335346
Semi-detached,1,H3,safe_unidirectional,best,2571.177966,2571.177966,792.335346
Semi-detached,1,H3,hybrid_bidirectional,worst,2706.919589,2706.919589,502.075051
Semi-detached,1,H3,hybrid_bidirectional,best,2706.919589,2706.919589,502.075051
Semi-detached,1,H1,safe_unidirectional,worst,3423.882332,3423.882332,858.313143
Semi-detached,1,H1,safe_unidirectional,best,3423.882332,3423.882332,858.313143
Semi-detached,1,H1,hybrid_bidirectional,worst,3625.674932,3625.674932,527.059969
Semi-detached,1,H1,hybrid_bidirectional,best,3625.674932,3625.674932,527.059969
Semi-detached,1,H2,safe_unidirectional,worst,2898.235666,2898.235666,821.517877
Semi-detached,1,H2,safe_unidirectional,best,2898.235666,2898.235666,821.517877
Semi-detached,1,H2,hybrid_bidirectional,worst,3161.199292,3161.199292,357.870681
Semi-detached,1,H2,hybrid_bidirectional,best,3161.199292,3161.199292,357.870681
Semi-detached,1,H3,safe_unidirectional,worst,2533.415666,2533.415666,795.980477
Semi-detached,1,H3,safe_unidirectional,best,2533.415666,2533.415666,795.980477
Semi-detached,1,H3,hybrid_bidirectional,worst,2684.432939,2684.432939,493.718867
Semi-detached,1,H3,hybrid_bidirectional,best,2684.432939,2684.432939,493.718867
Semi-detached,1,H1,safe_unidirectional,worst,3501.618632,3501.618632,874.421816
Semi-detached,1,H1,safe_unidirectional,best,3501.618632,3501.618632,874.421816
Semi-detached,1,H1,hybrid_bidirectional,worst,3716.021579,3716.021579,528.612096
Semi-detached,1,H1,hybrid_bidirectional,best,3716.021579,3716.021579,528.612096
Semi-detached,1,H2,safe_unidirectional,worst,2975.971966,2975.971966,837.62655
Semi-detached,1,H2,safe_unidirectional,best,2975.971966,2975.971966,837.62655
Semi-detached,1,H2,hybrid_bidirectional,worst,3227.197649,3227.197649,383.600896
Semi-detached,1,H2,hybrid_bidirectional,best,3227.197649,3227.197649,383.600896
Semi-detached,1,H3,safe_unidirectional,worst,2611.151966,2611.151966,812.08915
Semi-detached,1,H3,safe_unidirectional,best,2611.151966,2611.151966,812.08915
Semi-detached,1,H3,hybrid_bidirectional,worst,2754.970522,2754.970522,518.523308
Semi-detached,1,H3,hybrid_bidirectional,best,2754.970522,2754.970522,518.523308
Semi-detached,1,H1,safe_unidirectional,worst,3364.870732,3364.870732,828.615167
Semi-detached,1,H1,safe_unidirectional,best,3364.870732,3364.870732,828.615167
Semi-detached,1,H1,hybrid_bidirectional,worst,3561.697232,3561.697232,516.132234
Semi-detached,1,H1,hybrid_bidirectional,best,3561.697232,3561.697232,516.132234
Semi-detached,1,H2,safe_unidirectional,worst,2839.224066,2839.224066,791.819901
Semi-detached,1,H2,safe_unidirectional,best,2839.224066,2839.224066,791.819901
Semi-detached,1,H2,hybrid_bidirectional,worst,3095.612826,3095.612826,350.686751
Semi-detached,1,H2,hybrid_bidirectional,best,3095.612826,3095.612826,350.686751
Semi-detached,1,H3,safe_unidirectional,worst,2474.404066,2474.404066,766.282501
Semi-detached,1,H3,safe_unidirectional,best,2474.404066,2474.404066,766.282501
Semi-detached,1,H3,hybrid_bidirectional,worst,2622.711192,2622.711192,481.65185
Semi-detached,1,H3,hybrid_bidirectional,best,2622.711192,2622.711192,481.65185
Semi-detached,1,H1,safe_unidirectional,worst,3539.010732,3539.010732,889.503435
Semi-detached,1,H1,safe_unidirectional,best,3539.010732,3539.010732,889.503435
Semi-detached,1,H1,hybrid_bidirectional,worst,3748.907609,3748.907609,549.914767
Semi-detached,1,H1,hybrid_bidirectional,best,3748.907609,3748.907609,549.914767
Semi-detached,1,H2,safe_unidirectional,worst,3013.364066,3013.364066,852.708169
Semi-detached,1,H2,safe_unidirectional,best,3013.364066,3013.364066,852.708169
Semi-detached,1,H2,hybrid_bidirectional,worst,3276.684246,3276.684246,386.522989
Semi-detached,1,H2,hybrid_bidirectional,best,3276.684246,3276.684246,386.522989
Semi-detached,1,H3,safe_unidirectional,worst,2648.544066,2648.544066,827.170769
Semi-detached,1,H3,safe_unidirectional,best,2648.544066,2648.544066,827.170769
Semi-detached,1,H3,hybrid_bidirectional,worst,2799.189526,2799.189526,524.230771
Semi-detached,1,H3,hybrid_bidirectional,best,2799.189526,2799.189526,524.230771
Semi-detached,1,H1,safe_unidirectional,worst,3496.612832,3496.612832,867.483822
Semi-detached,1,H1,safe_unidirectional,best,3496.612832,3496.612832,867.483822
Semi-detached,1,H1,hybrid_bidirectional,worst,3705.538799,3705.538799,535.850252
Semi-detached,1,H1,hybrid_bidirectional,best,3705.538799,3705.538799,535.850252
Semi-detached,1,H2,safe_unidirectional,worst,2970.966166,2970.966166,830.688556
Semi-detached,1,H2,safe_unidirectional,best,2970.966166,2970.966166,830.688556
Semi-detached,1,H2,hybrid_bidirectional,worst,3226.967649,3226.967649,365.492912
Semi-detached,1,H2,hybrid_bidirectional,best,3226.967649,3226.967649,365.492912
Semi-detached,1,H3,safe_unidirectional,worst,2606.146166,2606.146166,805.151156
Semi-detached,1,H3,safe_unidirectional,best,2606.146166,2606.146166,805.151156
Semi-detached,1,H3,hybrid_bidirectional,worst,2744.453512,2744.453512,512.751391
Semi-detached,1,H3,hybrid_bidirectional,best,2744.453512,2744.453512,512.751391
Semi-detached,1,H1,safe_unidirectional,worst,3395.153632,3395.153632,832.83203
Semi-detached,1,H1,safe_unidirectional,best,3395.153632,3395.153632,832.83203
Semi-detached,1,H1,hybrid_bidirectional,worst,3604.967159,3604.967159,502.780035
Semi-detached,1,H1,hybrid_bidirectional,best,3604.967159,3604.967159,502.780035
Semi-detached,1,H2,safe_unidirectional,worst,2869.506966,2869.506966,796.036764
Semi-detached,1,H2,safe_unidirectional,best,2869.506966,2869.506966,796.036764
Semi-detached,1,H2,hybrid_bidirectional,worst,3133.080319,3133.080319,347.152925
Semi-detached,1,H2,hybrid_bidirectional,best,3133.080319,3133.080319,347.152925
Semi-detached,1,H3,safe_unidirectional,worst,2504.686966,2504.686966,770.499364
Semi-detached,1,H3,safe_unidirectional,best,2504.686966,2504.686966,770.499364
Semi-detached,1,H3,hybrid_bidirectional,worst,2648.952192,2648.952192,489.528842
Semi-detached,1,H3,hybrid_bidirectional,best,2648.952192,2648.952192,489.528842
Semi-detached,1,H1,safe_unidirectional,worst,3459.575632,3459.575632,844.64607
Semi-detached,1,H1,safe_unidirectional,best,3459.575632,3459.575632,844.64607
Semi-detached,1,H1,hybrid_bidirectional,worst,3666.593966,3666.593966,534.60957
Semi-detached,1,H1,hybrid_bidirectional,best,3666.593966,3666.593966,534.60957
Semi-detached,1,H2,safe_unidirectional,worst,2933.928966,2933.928966,807.850804
Semi-detached,1,H2,safe_unidirectional,best,2933.928966,2933.928966,807.850804
Semi-detached,1,H2,hybrid_bidirectional,worst,3189.622856,3189.622856,362.891991
Semi-detached,1,H2,hybrid_bidirectional,best,3189.622856,3189.622856,362.891991
Semi-detached,1,H3,safe_unidirectional,worst,2569.108966,2569.108966,782.313404
Semi-detached,1,H3,safe_unidirectional,best,2569.108966,2569.108966,782.313404
Semi-detached,1,H3,hybrid_bidirectional,worst,2723.014839,2723.014839,486.547718
Semi-detached,1,H3,hybrid_bidirectional,best,2723.014839,2723.014839,486.547718
Semi-detached,1,H1,safe_unidirectional,worst,3474.530232,3474.530232,865.472484
Semi-detached,1,H1,safe_unidirectional,best,3474.530232,3474.530232,865.472484
Semi-detached,1,H1,hybrid_bidirectional,worst,3680.005826,3680.005826,538.123858
Semi-detached,1,H1,hybrid_bidirectional,best,3680.005826,3680.005826,538.123858
Semi-detached,1,H2,safe_unidirectional,worst,2948.883566,2948.883566,828.677218
Semi-detached,1,H2,safe_unidirectional,best,2948.883566,2948.883566,828.677218
Semi-detached,1,H2,hybrid_bidirectional,worst,3209.616719,3209.616719,377.070014
Semi-detached,1,H2,hybrid_bidirectional,best,3209.616719,3209.616719,377.070014
Semi-detached,1,H3,safe_unidirectional,worst,2584.063566,2584.063566,803.139818
Semi-detached,1,H3,safe_unidirectional,best,2584.063566,2584.063566,803.139818
Semi-detached,1,H3,hybrid_bidirectional,worst,2728.005992,2728.005992,515.985213
Semi-detached,1,H3,hybrid_bidirectional,best,2728.005992,2728.005992,515.985213
Semi-detached,1,H1,safe_unidirectional,worst,3479.911332,3479.911332,866.610173
Semi-detached,1,H1,safe_unidirectional,best,3479.911332,3479.911332,866.610173
Semi-detached,1,H1,hybrid_bidirectional,worst,3689.372019,3689.372019,529.270959
Semi-detached,1,H1,hybrid_bidirectional,best,3689.372019,3689.372019,529.270959
Semi-detached,1,H2,safe_unidirectional,worst,2954.264666,2954.264666,829.814907
Semi-detached,1,H2,safe_unidirectional,best,2954.264666,2954.264666,829.814907
Semi-detached,1,H2,hybrid_bidirectional,worst,3218.433142,3218.433142,366.296541
Semi-detached,1,H2,hybrid_bidirectional,best,3218.433142,3218.433142,366.296541
Semi-detached,1,H3,safe_unidirectional,worst,2589.444666,2589.444666,804.277507
Semi-detached,1,H3,safe_unidirectional,best,2589.444666,2589.444666,804.277507
Semi-detached,1,H3,hybrid_bidirectional,worst,2727.888742,2727.888742,514.593073
Semi-detached,1,H3,hybrid_bidirectional,best,2727.888742,2727.888742,514.593073
Semi-detached,1,H1,safe_unidirectional,worst,3507.182732,3507.182732,877.470547
Semi-detached,1,H1,safe_unidirectional,best,3507.182732,3507.182732,877.470547
Semi-detached,1,H1,hybrid_bidirectional,worst,3714.172996,3714.172996,530.387578
Semi-detached,1,H1,hybrid_bidirectional,best,3714.172996,3714.172996,530.387578
Semi-detached,1,H2,safe_unidirectional,worst,2981.536066,2981.536066,840.675281
Semi-detached,1,H2,safe_unidirectional,best,2981.536066,2981.536066,840.675281
Semi-detached,1,H2,hybrid_bidirectional,worst,3241.350539,3241.350539,375.070745
Semi-detached,1,H2,hybrid_bidirectional,best,3241.350539,3241.350539,375.070745
Semi-detached,1,H3,safe_unidirectional,worst,2616.716066,2616.716066,815.137881
Semi-detached,1,H3,safe_unidirectional,best,2616.716066,2616.716066,815.137881
Semi-detached,1,H3,hybrid_bidirectional,worst,2765.153066,2765.153066,514.676064
Semi-detached,1,H3,hybrid_bidirectional,best,2765.153066,2765.153066,514.676064
Terraced,1,H1,safe_unidirectional,worst,3314.080632,3314.080632,816.99642
Terraced,1,H1,safe_unidirectional,best,3314.080632,3314.080632,816.99642
Terraced,1,H1,hybrid_bidirectional,worst,3498.209399,3498.209399,520.509514
Terraced,1,H1,hybrid_bidirectional,best,3498.209399,3498.209399,520.509514
Terraced,1,H2,safe_unidirectional,worst,2788.433966,2788.433966,780.201154
Terraced,1,H2,safe_unidirectional,best,2788.433966,2788.433966,780.201154
Terraced,1,H2,hybrid_bidirectional,worst,3030.349806,3030.349806,348.823066
Terraced,1,H2,hybrid_bidirectional,best,3030.349806,3030.349806,348.823066
Terraced,1,H3,safe_unidirectional,worst,2423.613966,2423.613966,754.663754
Terraced,1,H3,safe_unidirectional,best,2423.613966,2423.613966,754.663754
Terraced,1,H3,hybrid_bidirectional,worst,2557.211192,2557.211192,463.158432
Terraced,1,H3,hybrid_bidirectional,best,2557.211192,2557.211192,463.158432
Terraced,1,H1,safe_unidirectional,worst,3317.612432,3317.612432,820.574694
Terraced,1,H1,safe_unidirectional,best,3317.612432,3317.612432,820.574694
Terraced,1,H1,hybrid_bidirectional,worst,3506.735916,3506.735916,503.409964
Terraced,1,H1,hybrid_bidirectional,best,3506.735916,3506.735916,503.409964
Terraced,1,H2,safe_unidirectional,worst,2791.965766,2791.965766,783.779428
Terraced,1,H2,safe_unidirectional,best,2791.965766,2791.965766,783.779428
Terraced,1,H2,hybrid_bidirectional,worst,3031.396239,3031.396239,342.731915
Terraced,1,H2,hybrid_bidirectional,best,3031.396239,3031.396239,342.731915
Terraced,1,H3,safe_unidirectional,worst,2427.145766,2427.145766,758.242028
Terraced,1,H3,safe_unidirectional,best,2427.145766,2427.145766,758.242028
Terraced,1,H3,hybrid_bidirectional,worst,2564.092306,2564.092306,465.682403
Terraced,1,H3,hybrid_bidirectional,best,2564.092306,2564.092306,465.682403
Terraced,1,H1,safe_unidirectional,worst,3356.661332,3356.661332,830.818417
Terraced,1,H1,safe_unidirectional,best,3356.661332,3356.661332,830.818417
Terraced,1,H1,hybrid_bidirectional,worst,3556.038312,3556.038312,505.980392
Terraced,1,H1,hybrid_bidirectional,best,3556.038312,3556.038312,505.980392
Terraced,1,H2,safe_unidirectional,worst,2831.014666,2831.014666,794.023151
Terraced,1,H2,safe_unidirectional,best,2831.014666,2831.014666,794.023151
Terraced,1,H2,hybrid_bidirectional,worst,3060.125959,3060.125959,353.683877
Terraced,1,H2,hybrid_bidirectional,best,3060.125959,3060.125959,353.683877
Terraced,1,H3,safe_unidirectional,worst,2466.194666,2466.194666,768.485751
Terraced,1,H3,safe_unidirectional,best,2466.194666,2466.194666,768.485751
Terraced,1,H3,hybrid_bidirectional,worst,2596.999342,2596.999342,481.212808
Terraced,1,H3,hybrid_bidirectional,best,2596.999342,2596.999342,481.212808
Terraced,1,H1,safe_unidirectional,worst,3386.814032,3386.814032,834.010438
Terraced,1,H1,safe_unidirectional,best,3386.814032,3386.814032,834.010438
Terraced,1,H1,hybrid_bidirectional,worst,3594.877366,3594.877366,506.470004
Terraced,1,H1,hybrid_bidirectional,best,3594.877366,3594.877366,506.470004
Terraced,1,H2,safe_unidirectional,worst,2861.167366,2861.167366,797.215172
Terraced,1,H2,safe_unidirectional,best,2861.167366,2861.167366,797.215172
Terraced,1,H2,hybrid_bidirectional,worst,3127.889659,3127.889659,346.289342
Terraced,1,H2,hybrid_bidirectional,best,3127.889659,3127.889659,346.289342
Terraced,1,H3,safe_unidirectional,worst,2496.347366,2496.347366,771.677772
Terraced,1,H3,safe_unidirectional,best,2496.347366,2496.347366,771.677772
Terraced,1,H3,hybrid_bidirectional,worst,2648.373932,2648.373932,482.672193
Terraced,1,H3,hybrid_bidirectional,best,2648.373932,2648.373932,482.672193
Terraced,1,H1,safe_unidirectional,worst,3124.771432,3124.771432,755.176536
Terraced,1,H1,safe_unidirectional,best,3124.771432,3124.771432,755.176536
Terraced,1,H1,hybrid_bidirectional,worst,3304.652799,3304.652799,463.309308
Terraced,1,H1,hybrid_bidirectional,best,3304.652799,3304.652799,463.309308
Terraced,1,H2,safe_unidirectional,worst,2599.124766,2599.124766,718.38127
Terraced,1,H2,safe_unidirectional,best,2599.124766,2599.124766,718.38127
Terraced,1,H2,hybrid_bidirectional,worst,2830.994556,2830.994556,313.722415
Terraced,1,H2,hybrid_bidirectional,best,2830.994556,2830.994556,313.722415
Terraced,1,H3,safe_unidirectional,worst,2234.304766,2234.304766,692.84387
Terraced,1,H3,safe_unidirectional,best,2234.304766,2234.304766,692.84387
Terraced,1,H3,hybrid_bidirectional,worst,2374.246362,2374.246362,412.829665
Terraced,1,H3,hybrid_bidirectional,best,2374.246362,2374.246362,412.829665
Terraced,1,H1,safe_unidirectional,worst,3345.155532,3345.155532,818.385423
Terraced,1,H1,safe_unidirectional,best,3345.155532,3345.155532,818.385423
Terraced,1,H1,hybrid_bidirectional,worst,3543.505212,3543.505212,508.90959
Terraced,1,H1,hybrid_bidirectional,best,3543.505212,3543.505212,508.90959
Terraced,1,H2,safe_unidirectional,worst,2819.508866,2819.508866,781.590157
Terraced,1,H2,safe_unidirectional,best,2819.508866,2819.508866,781.590157
Terraced,1,H2,hybrid_bidirectional,worst,3076.181819,3076.181819,353.909273
Terraced,1,H2,hybrid_bidirectional,best,3076.181819,3076.181819,353.909273
Terraced,1,H3,safe_unidirectional,worst,2454.688866,2454.688866,756.052757
Terraced,1,H3,safe_unidirectional,best,2454.688866,2454.688866,756.052757
Terraced,1,H3,hybrid_bidirectional,worst,2602.348486,2602.348486,469.537375
Terraced,1,H3,hybrid_bidirectional,best,2602.348486,2602.348486,469.537375
Terraced,1,H1,safe_unidirectional,worst,3274.541732,3274.541732,802.646609
Terraced,1,H1,safe_unidirectional,best,3274.541732,3274.541732,802.646609
Terraced,1,H1,hybrid_bidirectional,worst,3471.398866,3471.398866,485.540389
Terraced,1,H1,hybrid_bidirectional,best,3471.398866,3471.398866,485.540389
Terraced,1,H2,safe_unidirectional,worst,2748.895066,2748.895066,765.851343
Terraced,1,H2,safe_unidirectional,best,2748.895066,2748.895066,765.851343
Terraced,1,H2,hybrid_bidirectional,worst,2993.866512,2993.866512,329.86553
Terraced,1,H2,hybrid_bidirectional,best,2993.866512,2993.866512,329.86553
Terraced,1,H3,safe_unidirectional,worst,2384.075066,2384.075066,740.313943
Terraced,1,H3,safe_unidirectional,best,2384.075066,2384.075066,740.313943
Terraced,1,H3,hybrid_bidirectional,worst,2521.976066,2521.976066,450.548116
Terraced,1,H3,hybrid_bidirectional,best,2521.976066,2521.976066,450.548116
Terraced,1,H1,safe_unidirectional,worst,3281.106232,3281.106232,806.741924
Terraced,1,H1,safe_unidirectional,best,3281.106232,3281.106232,806.741924
Terraced,1,H1,hybrid_bidirectional,worst,3479.213166,3479.213166,485.694354
Terraced,1,H1,hybrid_bidirectional,best,3479.213166,3479.213166,485.694354
Terraced,1,H2,safe_unidirectional,worst,2755.459566,2755.459566,769.946658
Terraced,1,H2,safe_unidirectional,best,2755.459566,2755.459566,769.946658
Terraced,1,H2,hybrid_bidirectional,worst,3003.393029,3003.393029,337.316956
Terraced,1,H2,hybrid_bidirectional,best,3003.393029,3003.393029,337.316956
Terraced,1,H3,safe_unidirectional,worst,2390.639566,2390.639566,744.409258
Terraced,1,H3,safe_unidirectional,best,2390.639566,2390.639566,744.409258
Terraced,1,H3,hybrid_bidirectional,worst,2528.504829,2528.504829,452.331481
Terraced,1,H3,hybrid_bidirectional,best,2528.504829,2528.504829,452.331481
Terraced,1,H1,safe_unidirectional,worst,3214.534532,3214.534532,787.198449
Terraced,1,H1,safe_unidirectional,best,3214.534532,3214.534532,787.198449
Terraced,1,H1,hybrid_bidirectional,worst,3397.897232,3397.897232,491.61773
Terraced,1,H1,hybrid_bidirectional,best,3397.897232,3397.897232,491.61773
Terraced,1,H2,safe_unidirectional,worst,2688.887866,2688.887866,750.403183
Terraced,1,H2,safe_unidirectional,best,2688.887866,2688.887866,750.403183
Terraced,1,H2,hybrid_bidirectional,worst,2920.115726,2920.115726,340.585122
Terraced,1,H2,hybrid_bidirectional,best,2920.115726,2920.115726,340.585122
Terraced,1,H3,safe_unidirectional,worst,2324.067866,2324.067866,724.865783
Terraced,1,H3,safe_unidirectional,best,2324.067866,2324.067866,724.865783
Terraced,1,H3,hybrid_bidirectional,worst,2460.789512,2460.789512,444.13267
Terraced,1,H3,hybrid_bidirectional,best,2460.789512,2460.789512,444.13267
Terraced,1,H1,safe_unidirectional,worst,3347.185432,3347.185432,823.6082
Terraced,1,H1,safe_unidirectional,best,3347.185432,3347.185432,823.6082
Terraced,1,H1,hybrid_bidirectional,worst,3549.941032,3549.941032,499.471408
Terraced,1,H1,hybrid_bidirectional,best,3549.941032,3549.941032,499.471408
Terraced,1,H2,safe_unidirectional,worst,2821.538766,2821.538766,786.812934
Terraced,1,H2,safe_unidirectional,best,2821.538766,2821.538766,786.812934
Terraced,1,H2,hybrid_bidirectional,worst,3073.756079,3073.756079,350.480984
Terraced,1,H2,hybrid_bidirectional,best,3073.756079,3073.756079,350.480984
Terraced,1,H3,safe_unidirectional,worst,2456.718766,2456.718766,761.275534
Terraced,1,H3,safe_unidirectional,best,2456.718766,2456.718766,761.275534
Terraced,1,H3,hybrid_bidirectional,worst,2607.839126,2607.839126,459.602436
Terraced,1,H3,hybrid_bidirectional,best,2607.839126,2607.839126,459.602436
Terraced,1,H1,safe_unidirectional,worst,3356.632832,3356.632832,831.507938
Terraced,1,H1,safe_unidirectional,best,3356.632832,3356.632832,831.507938
Terraced,1,H1,hybrid_bidirectional,worst,3560.475552,3560.475552,495.735936
Terraced,1,H1,hybrid_bidirectional,best,3560.475552,3560.475552,495.735936
Terraced,1,H2,safe_unidirectional,worst,2830.986166,2830.986166,794.712672
Terraced,1,H2,safe_unidirectional,best,2830.986166,2830.986166,794.712672
Terraced,1,H2,hybrid_bidirectional,worst,3074.810252,3074.810252,340.177198
Terraced,1,H2,hybrid_bidirectional,best,3074.810252,3074.810252,340.177198
Terraced,1,H3,safe_unidirectional,worst,2466.166166,2466.166166,769.175272
Terraced,1,H3,safe_unidirectional,best,2466.166166,2466.166166,769.175272
Terraced,1,H3,hybrid_bidirectional,worst,2607.787049,2607.787049,480.373828
Terraced,1,H3,hybrid_bidirectional,best,2607.787049,2607.787049,480.373828
Terraced,1,H1,safe_unidirectional,worst,3343.427332,3343.427332,826.066733
Terraced,1,H1,safe_unidirectional,best,3343.427332,3343.427332,826.066733
Terraced,1,H1,hybrid_bidirectional,worst,3539.331532,3539.331532,511.166399
Terraced,1,H1,hybrid_bidirectional,best,3539.331532,3539.331532,511.166399
Terraced,1,H2,safe_unidirectional,worst,2817.780666,2817.780666,789.271467
Terraced,1,H2,safe_unidirectional,best,2817.780666,2817.780666,789.271467
Terraced,1,H2,hybrid_bidirectional,worst,3070.569296,3070.569296,360.491949
Terraced,1,H2,hybrid_bidirectional,best,3070.569296,3070.569296,360.491949
Terraced,1,H3,safe_unidirectional,worst,2452.960666,2452.960666,763.734067
Terraced,1,H3,safe_unidirectional,best,2452.960666,2452.960666,763.734067
Terraced,1,H3,hybrid_bidirectional,worst,2608.419599,2608.419599,476.088489
Terraced,1,H3,hybrid_bidirectional,best,2608.419599,2608.419599,476.088489
Terraced,1,H1,safe_unidirectional,worst,3438.354832,3438.354832,849.895734
Terraced,1,H1,safe_unidirectional,best,3438.354832,3438.354832,849.895734
Terraced,1,H1,hybrid_bidirectional,worst,3645.160026,3645.160026,515.898461
Terraced,1,H1,hybrid_bidirectional,best,3645.160026,3645.160026,515.898461
Terraced,1,H2,safe_unidirectional,worst,2912.708166,2912.708166,813.100468
Terraced,1,H2,safe_unidirectional,best,2912.708166,2912.708166,813.100468
Terraced,1,H2,hybrid_bidirectional,worst,3156.621666,3156.621666,361.114831
Terraced,1,H2,hybrid_bidirectional,best,3156.621666,3156.621666,361.114831
Terraced,1,H3,safe_unidirectional,worst,2547.888166,2547.888166,787.563068
Terraced,1,H3,safe_unidirectional,best,2547.888166,2547.888166,787.563068
Terraced,1,H3,hybrid_bidirectional,worst,2682.078019,2682.078019,496.15283
Terraced,1,H3,hybrid_bidirectional,best,2682.078019,2682.078019,496.15283
Terraced,1,H1,safe_unidirectional,worst,3197.408532,3197.408532,777.976453
Terraced,1,H1,safe_unidirectional,best,3197.408532,3197.408532,777.976453
Terraced,1,H1,hybrid_bidirectional,worst,3384.082599,3384.082599,476.756126
Terraced,1,H1,hybrid_bidirectional,best,3384.082599,3384.082599,476.756126
Terraced,1,H2,safe_unidirectional,worst,2671.761866,2671.761866,741.181187
Terraced,1,H2,safe_unidirectional,best,2671.761866,2671.761866,741.181187
Terraced,1,H2,hybrid_bidirectional,worst,2912.406442,2912.406442,321.389039
Terraced,1,H2,hybrid_bidirectional,best,2912.406442,2912.406442,321.389039
Terraced,1,H3,safe_unidirectional,worst,2306.941866,2306.941866,715.643787
Terraced,1,H3,safe_unidirectional,best,2306.941866,2306.941866,715.643787
Terraced,1,H3,hybrid_bidirectional,worst,2454.969326,2454.969326,428.455541
Terraced,1,H3,hybrid_bidirectional,best,2454.969326,2454.969326,428.455541
Terraced,1,H1,safe_unidirectional,worst,3506.016232,3506.016232,869.411664
Terraced,1,H1,safe_unidirectional,best,3506.016232,3506.016232,869.411664
Terraced,1,H1,hybrid_bidirectional,worst,3724.132426,3724.132426,527.85984
Terraced,1,H1,hybrid_bidirectional,best,3724.132426,3724.132426,527.85984
Terraced,1,H2,safe_unidirectional,worst,2980.369566,2980.369566,832.616398
Terraced,1,H2,safe_unidirectional,best,2980.369566,2980.369566,832.616398
Terraced,1,H2,hybrid_bidirectional,worst,3233.655389,3233.655389,378.747719
Terraced,1,H2,hybrid_bidirectional,best,3233.655389,3233.655389,378.747719
Terraced,1,H3,safe_unidirectional,worst,2615.549566,2615.549566,807.078998
Terraced,1,H3,safe_unidirectional,best,2615.549566,2615.549566,807.078998
Terraced,1,H3,hybrid_bidirectional,worst,2752.919212,2752.919212,521.565298
Terraced,1,H3,hybrid_bidirectional,best,2752.919212,2752.919212,521.565298
Terraced,1,H1,safe_unidirectional,worst,3195.131932,3195.131932,775.284015
Terraced,1,H1,safe_unidirectional,best,3195.131932,3195.131932,775.284015
Terraced,1,H1,hybrid_bidirectional,worst,3386.226412,3386.226412,471.505715
Terraced,1,H1,hybrid_bidirectional,best,3386.226412,3386.226412,471.505715
Terraced,1,H2,safe_unidirectional,worst,2669.485266,2669.485266,738.488749
Terraced,1,H2,safe_unidirectional,best,2669.485266,2669.485266,738.488749
Terraced,1,H2,hybrid_bidirectional,worst,2904.862916,2904.862916,321.394308
Terraced,1,H2,hybrid_bidirectional,best,2904.862916,2904.862916,321.394308
Terraced,1,H3,safe_unidirectional,worst,2304.665266,2304.665266,712.951349
Terraced,1,H3,safe_unidirectional,best,2304.665266,2304.665266,712.951349
Terraced,1,H3,hybrid_bidirectional,worst,2433.756372,2433.756372,441.73864
Terraced,1,H3,hybrid_bidirectional,best,2433.756372,2433.756372,441.73864
Terraced,1,H1,safe_unidirectional,worst,3385.282732,3385.282732,832.553535
Terraced,1,H1,safe_unidirectional,best,3385.282732,3385.282732,832.553535
Terraced,1,H1,hybrid_bidirectional,worst,3580.222289,3580.222289,515.167397
Terraced,1,H1,hybrid_bidirectional,best,3580.222289,3580.222289,515.167397
Terraced,1,H2,safe_unidirectional,worst,2859.636066,2859.636066,795.758269
Terraced,1,H2,safe_unidirectional,best,2859.636066,2859.636066,795.758269
Terraced,1,H2,hybrid_bidirectional,worst,3087.807972,3087.807972,359.686627
Terraced,1,H2,hybrid_bidirectional,best,3087.807972,3087.807972,359.686627
Terraced,1,H3,safe_unidirectional,worst,2494.816066,2494.816066,770.220869
Terraced,1,H3,safe_unidirectional,best,2494.816066,2494.816066,770.220869
Terraced,1,H3,hybrid_bidirectional,worst,2630.026156,2630.026156,476.926484
Terraced,1,H3,hybrid_bidirectional,best,2630.026156,2630.026156,476.926484
Terraced,1,H1,safe_unidirectional,worst,3358.312232,3358.312232,832.05468
Terraced,1,H1,safe_unidirectional,best,3358.312232,3358.312232,832.05468
Terraced,1,H1,hybrid_bidirectional,worst,3559.319486,3559.319486,503.47404
Terraced,1,H1,hybrid_bidirectional,best,3559.319486,3559.319486,503.47404
Terraced,1,H2,safe_unidirectional,worst,2832.665566,2832.665566,795.259414
Terraced,1,H2,safe_unidirectional,best,2832.665566,2832.665566,795.259414
Terraced,1,H2,hybrid_bidirectional,worst,3076.644756,3076.644756,361.407554
Terraced,1,H2,hybrid_bidirectional,best,3076.644756,3076.644756,361.407554
Terraced,1,H3,safe_unidirectional,worst,2467.845566,2467.845566,769.722014
Terraced,1,H3,safe_unidirectional,best,2467.845566,2467.845566,769.722014
Terraced,1,H3,hybrid_bidirectional,worst,2604.998256,2604.998256,475.524473
Terraced,1,H3,hybrid_bidirectional,best,2604.998256,2604.998256,475.524473
Terraced,1,H1,safe_unidirectional,worst,3406.383732,3406.383732,831.849181
Terraced,1,H1,safe_unidirectional,best,3406.383732,3406.383732,831.849181
Terraced,1,H1,hybrid_bidirectional,worst,3611.913132,3611.913132,512.080823
Terraced,1,H1,hybrid_bidirectional,best,3611.913132,3611.913132,512.080823
Terraced,1,H2,safe_unidirectional,worst,2880.737066,2880.737066,795.053915
Terraced,1,H2,safe_unidirectional,best,2880.737066,2880.737066,795.053915
Terraced,1,H2,hybrid_bidirectional,worst,3136.378599,3136.378599,349.198772
Terraced,1,H2,hybrid_bidirectional,best,3136.378599,3136.378599,349.198772
Terraced,1,H3,safe_unidirectional,worst,2515.917066,2515.917066,769.516515
Terraced,1,H3,safe_unidirectional,best,2515.917066,2515.917066,769.516515
Terraced,1,H3,hybrid_bidirectional,worst,2653.031062,2653.031062,482.960015
Terraced,1,H3,hybrid_bidirectional,best,2653.031062,2653.031062,482.960015
Terraced,1,H1,safe_unidirectional,worst,3247.344432,3247.344432,793.958286
Terraced,1,H1,safe_unidirectional,best,3247.344432,3247.344432,793.958286
Terraced,1,H1,hybrid_bidirectional,worst,3438.780646,3438.780646,486.051536
Terraced,1,H1,hybrid_bidirectional,best,3438.780646,3438.780646,486.051536
Terraced,1,H2,safe_unidirectional,worst,2721.697766,2721.697766,757.16302
Terraced,1,H2,safe_unidirectional,best,2721.697766,2721.697766,757.16302
Terraced,1,H2,hybrid_bidirectional,worst,2960.061832,2960.061832,345.644296
Terraced,1,H2,hybrid_bidirectional,best,2960.061832,2960.061832,345.644296
Terraced,1,H3,safe_unidirectional,worst,2356.877766,2356.877766,731.62562
Terraced,1,H3,safe_unidirectional,best,2356.877766,2356.877766,731.62562
Terraced,1,H3,hybrid_bidirectional,worst,2503.868179,2503.868179,448.914155
Terraced,1,H3,hybrid_bidirectional,best,2503.868179,2503.868179,448.914155
Terraced,1,H1,safe_unidirectional,worst,3265.247032,3265.247032,800.242816
Terraced,1,H1,safe_unidirectional,best,3265.247032,3265.247032,800.242816
Terraced,1,H1,hybrid_bidirectional,worst,3456.770952,3456.770952,489.833174
Terraced,1,H1,hybrid_bidirectional,best,3456.770952,3456.770952,489.833174
Terraced,1,H2,safe_unidirectional,worst,2739.600366,2739.600366,763.44755
Terraced,1,H2,safe_unidirectional,best,2739.600366,2739.600366,763.44755
Terraced,1,H2,hybrid_bidirectional,worst,2981.296949,2981.296949,327.270361
Terraced,1,H2,hybrid_bidirectional,best,2981.296949,2981.296949,327.270361
Terraced,1,H3,safe_unidirectional,worst,2374.780366,2374.780366,737.91015
Terraced,1,H3,safe_unidirectional,best,2374.780366,2374.780366,737.91015
Terraced,1,H3,hybrid_bidirectional,worst,2506.334572,2506.334572,451.167566
Terraced,1,H3,hybrid_bidirectional,best,2506.334572,2506.334572,451.167566
Terraced,1,H1,safe_unidirectional,worst,3293.085532,3293.085532,808.369907
Terraced,1,H1,safe_unidirectional,best,3293.085532,3293.085532,808.369907
Terraced,1,H1,hybrid_bidirectional,worst,3486.167999,3486.167999,488.20758
Terraced,1,H1,hybrid_bidirectional,best,3486.167999,3486.167999,488.20758
Terraced,1,H2,safe_unidirectional,worst,2767.438866,2767.438866,771.574641
Terraced,1,H2,safe_unidirectional,best,2767.438866,2767.438866,771.574641
Terraced,1,H2,hybrid_bidirectional,worst,3020.669592,3020.669592,327.611553
Terraced,1,H2,hybrid_bidirectional,best,3020.669592,3020.669592,327.611553
Terraced,1,H3,safe_unidirectional,worst,2402.618866,2402.618866,746.037241
Terraced,1,H3,safe_unidirectional,best,2402.618866,2402.618866,746.037241
Terraced,1,H3,hybrid_bidirectional,worst,2546.463489,2546.463489,456.81172
Terraced,1,H3,hybrid_bidirectional,best,2546.463489,2546.463489,456.81172
Terraced,1,H1,safe_unidirectional,worst,3372.552332,3372.552332,827.742855
Terraced,1,H1,safe_unidirectional,best,3372.552332,3372.552332,827.742855
Terraced,1,H1,hybrid_bidirectional,worst,3576.608082,3576.608082,496.094234
Terraced,1,H1,hybrid_bidirectional,best,3576.608082,3576.608082,496.094234
Terraced,1,H2,safe_unidirectional,worst,2846.905666,2846.905666,790.947589
Terraced,1,H2,safe_unidirectional,best,2846.905666,2846.905666,790.947589
Terraced,1,H2,hybrid_bidirectional,worst,3092.356136,3092.356136,367.229202
Terraced,1,H2,hybrid_bidirectional,best,3092.356136,3092.356136,367.229202
Terraced,1,H3,safe_unidirectional,worst,2482.085666,2482.085666,765.410189
Terraced,1,H3,safe_unidirectional,best,2482.085666,2482.085666,765.410189
Terraced,1,H3,hybrid_bidirectional,worst,2635.997652,2635.997652,472.497451
Terraced,1,H3,hybrid_bidirectional,best,2635.997652,2635.997652,472.497451
Terraced,1,H1,safe_unidirectional,worst,3370.844132,3370.844132,831.664381
Terraced,1,H1,safe_unidirectional,best,3370.844132,3370.844132,831.664381
Terraced,1,H1,hybrid_bidirectional,worst,3568.745999,3568.745999,514.129121
Terraced,1,H1,hybrid_bidirectional,best,3568.745999,3568.745999,514.129121
Terraced,1,H2,safe_unidirectional,worst,2845.197466,2845.197466,794.869115
Terraced,1,H2,safe_unidirectional,best,2845.197466,2845.197466,794.869115
Terraced,1,H2,hybrid_bidirectional,worst,3094.844962,3094.844962,348.53194
Terraced,1,H2,hybrid_bidirectional,best,3094.844962,3094.844962,348.53194
Terraced,1,H3,safe_unidirectional,worst,2480.377466,2480.377466,769.331715
Terraced,1,H3,safe_unidirectional,best,2480.377466,2480.377466,769.331715
Terraced,1,H3,hybrid_bidirectional,worst,2615.463219,2615.463219,475.445399
Terraced,1,H3,hybrid_bidirectional,best,2615.463219,2615.463219,475.445399
Terraced,1,H1,safe_unidirectional,worst,3135.715232,3135.715232,759.302014
Terraced,1,H1,safe_unidirectional,best,3135.715232,3135.715232,759.302014
Terraced,1,H1,hybrid_bidirectional,worst,3312.910166,3312.910166,465.885236
Terraced,1,H1,hybrid_bidirectional,best,3312.910166,3312.910166,465.885236
Terraced,1,H2,safe_unidirectional,worst,2610.068566,2610.068566,722.506748
Terraced,1,H2,safe_unidirectional,best,2610.068566,2610.068566,722.506748
Terraced,1,H2,hybrid_bidirectional,worst,2830.928862,2830.928862,322.80092
Terraced,1,H2,hybrid_bidirectional,best,2830.928862,2830.928862,322.80092
Terraced,1,H3,safe_unidirectional,worst,2245.248566,2245.248566,696.969348
Terraced,1,H3,safe_unidirectional,best,2245.248566,2245.248566,696.969348
Terraced,1,H3,hybrid_bidirectional,worst,2383.353279,2383.353279,409.815153
Terraced,1,H3,hybrid_bidirectional,best,2383.353279,2383.353279,409.815153
Terraced,1,H1,safe_unidirectional,worst,3436.455232,3436.455232,852.32479
Terraced,1,H1,safe_unidirectional,best,3436.455232,3436.455232,852.32479
Terraced,1,H1,hybrid_bidirectional,worst,3650.029646,3650.029646,511.126166
Terraced,1,H1,hybrid_bidirectional,best,3650.029646,3650.029646,511.126166
Terraced,1,H2,safe_unidirectional,worst,2910.808566,2910.808566,815.529524
Terraced,1,H2,safe_unidirectional,best,2910.808566,2910.808566,815.529524
Terraced,1,H2,hybrid_bidirectional,worst,3170.004679,3170.004679,374.250271
Terraced,1,H2,hybrid_bidirectional,best,3170.004679,3170.004679,374.250271
Terraced,1,H3,safe_unidirectional,worst,2545.988566,2545.988566,789.992124
Terraced,1,H3,safe_unidirectional,best,2545.988566,2545.988566,789.992124
Terraced,1,H3,hybrid_bidirectional,worst,2701.022022,2701.022022,505.508052
Terraced,1,H3,hybrid_bidirectional,best,2701.022022,2701.022022,505.508052
Terraced,1,H1,safe_unidirectional,worst,3345.774432,3345.774432,826.522818
Terraced,1,H1,safe_unidirectional,best,3345.774432,3345.774432,826.522818
Terraced,1,H1,hybrid_bidirectional,worst,3544.400726,3544.400726,507.843705
Terraced,1,H1,hybrid_bidirectional,best,3544.400726,3544.400726,507.843705
Terraced,1,H2,safe_unidirectional,worst,2820.127766,2820.127766,789.727552
Terraced,1,H2,safe_unidirectional,best,2820.127766,2820.127766,789.727552
Terraced,1,H2,hybrid_bidirectional,worst,3073.953629,3073.953629,338.585824
Terraced,1,H2,hybrid_bidirectional,best,3073.953629,3073.953629,338.585824
Terraced,1,H3,safe_unidirectional,worst,2455.307766,2455.307766,764.190152
Terraced,1,H3,safe_unidirectional,best,2455.307766,2455.307766,764.190152
Terraced,1,H3,hybrid_bidirectional,worst,2602.329506,2602.329506,469.933633
Terraced,1,H3,hybrid_bidirectional,best,2602.329506,2602.329506,469.933633
Terraced,1,H1,safe_unidirectional,worst,3197.836932,3197.836932,778.506941
Terraced,1,H1,safe_unidirectional,best,3197.836932,3197.836932,778.506941
Terraced,1,H1,hybrid_bidirectional,worst,3383.293542,3383.293542,477.745724
Terraced,1,H1,hybrid_bidirectional,best,3383.293542,3383.293542,477.745724
Terraced,1,H2,safe_unidirectional,worst,2672.190266,2672.190266,741.711675
Terraced,1,H2,safe_unidirectional,best,2672.190266,2672.190266,741.711675
Terraced,1,H2,hybrid_bidirectional,worst,2905.495476,2905.495476,337.580606
Terraced,1,H2,hybrid_bidirectional,best,2905.495476,2905.495476,337.580606
Terraced,1,H3,safe_unidirectional,worst,2307.370266,2307.370266,716.174275
Terraced,1,H3,safe_unidirectional,best,2307.370266,2307.370266,716.174275
Terraced,1,H3,hybrid_bidirectional,worst,2467.215519,2467.215519,412.309835
Terraced,1,H3,hybrid_bidirectional,best,2467.215519,2467.215519,412.309835
Terraced,1,H1,safe_unidirectional,worst,3202.337632,3202.337632,780.067346
Terraced,1,H1,safe_unidirectional,best,3202.337632,3202.337632,780.067346
Terraced,1,H1,hybrid_bidirectional,worst,3395.450199,3395.450199,467.159546
Terraced,1,H1,hybrid_bidirectional,best,3395.450199,3395.450199,467.159546
Terraced,1,H2,safe_unidirectional,worst,2676.690966,2676.690966,743.27208
Terraced,1,H2,safe_unidirectional,best,2676.690966,2676.690966,743.27208
Terraced,1,H2,hybrid_bidirectional,worst,2922.178039,2922.178039,316.83819
Terraced,1,H2,hybrid_bidirectional,best,2922.178039,2922.178039,316.83819
Terraced,1,H3,safe_unidirectional,worst,2311.870966,2311.870966,717.73468
Terraced,1,H3,safe_unidirectional,best,2311.870966,2311.870966,717.73468
Terraced,1,H3,hybrid_bidirectional,worst,2458.128629,2458.128629,435.233626
Terraced,1,H3,hybrid_bidirectional,best,2458.128629,2458.128629,435.233626
Terraced,1,H1,safe_unidirectional,worst,3395.591132,3395.591132,834.641915
Terraced,1,H1,safe_unidirectional,best,3395.591132,3395.591132,834.641915
Terraced,1,H1,hybrid_bidirectional,worst,3597.533819,3597.533819,515.392325
Terraced,1,H1,hybrid_bidirectional,best,3597.533819,3597.533819,515.392325
Terraced,1,H2,safe_unidirectional,worst,2869.944466,2869.944466,797.846649
Terraced,1,H2,safe_unidirectional,best,2869.944466,2869.944466,797.846649
Terraced,1,H2,hybrid_bidirectional,worst,3121.128949,3121.128949,367.982911
Terraced,1,H2,hybrid_bidirectional,best,3121.128949,3121.128949,367.982911
Terraced,1,H3,safe_unidirectional,worst,2505.124466,2505.124466,772.309249
Terraced,1,H3,safe_unidirectional,best,2505.124466,2505.124466,772.309249
Terraced,1,H3,hybrid_bidirectional,worst,2652.963466,2652.963466,491.08446
Terraced,1,H3,hybrid_bidirectional,best,2652.963466,2652.963466,491.08446
Terraced,1,H1,safe_unidirectional,worst,3332.769832,3332.769832,818.006856
Terraced,1,H1,safe_unidirectional,best,3332.769832,3332.769832,818.006856
Terraced,1,H1,hybrid_bidirectional,worst,3525.987999,3525.987999,498.514996
Terraced,1,H1,hybrid_bidirectional,best,3525.987999,3525.987999,498.514996
Terraced,1,H2,safe_unidirectional,worst,2807.123166,2807.123166,781.21159
Terraced,1,H2,safe_unidirectional,best,2807.123166,2807.123166,781.21159
Terraced,1,H2,hybrid_bidirectional,worst,3047.463432,3047.463432,344.860571
Terraced,1,H2,hybrid_bidirectional,best,3047.463432,3047.463432,344.860571
Terraced,1,H3,safe_unidirectional,worst,2442.303166,2442.303166,755.67419
Terraced,1,H3,safe_unidirectional,best,2442.303166,2442.303166,755.67419
Terraced,1,H3,hybrid_bidirectional,worst,2586.184279,2586.184279,470.920669
Terraced,1,H3,hybrid_bidirectional,best,2586.184279,2586.184279,470.920669
Terraced,1,H1,safe_unidirectional,worst,3324.554132,3324.554132,820.050233
Terraced,1,H1,safe_unidirectional,best,3324.554132,3324.554132,820.050233
Terraced,1,H1,hybrid_bidirectional,worst,3521.357052,3521.357052,499.314233
Terraced,1,H1,hybrid_bidirectional,best,3521.357052,3521.357052,499.314233
Terraced,1,H2,safe_unidirectional,worst,2798.907466,2798.907466,783.254967
Terraced,1,H2,safe_unidirectional,best,2798.907466,2798.907466,783.254967
Terraced,1,H2,hybrid_bidirectional,worst,3035.182646,3035.182646,356.516124
Terraced,1,H2,hybrid_bidirectional,best,3035.182646,3035.182646,356.516124
Terraced,1,H3,safe_unidirectional,worst,2434.087466,2434.087466,757.717567
Terraced,1,H3,safe_unidirectional,best,2434.087466,2434.087466,757.717567
Terraced,1,H3,hybrid_bidirectional,worst,2576.254299,2576.254299,466.604977
Terraced,1,H3,hybrid_bidirectional,best,2576.254299,2576.254299,466.604977
Terraced,1,H1,safe_unidirectional,worst,3312.932032,3312.932032,814.887026
Terraced,1,H1,safe_unidirectional,best,3312.932032,3312.932032,814.887026
Terraced,1,H1,hybrid_bidirectional,worst,3511.817829,3511.817829,491.013158
Terraced,1,H1,hybrid_bidirectional,best,3511.817829,3511.817829,491.013158
Terraced,1,H2,safe_unidirectional,worst,2787.285366,2787.285366,778.09176
Terraced,1,H2,safe_unidirectional,best,2787.285366,2787.285366,778.09176
Terraced,1,H2,hybrid_bidirectional,worst,3024.004552,3024.004552,350.449127
Terraced,1,H2,hybrid_bidirectional,best,3024.004552,3024.004552,350.449127
Terraced,1,H3,safe_unidirectional,worst,2422.465366,2422.465366,752.55436
Terraced,1,H3,safe_unidirectional,best,2422.465366,2422.465366,752.55436
Terraced,1,H3,hybrid_bidirectional,worst,2564.033142,2564.033142,461.461688
Terraced,1,H3,hybrid_bidirectional,best,2564.033142,2564.033142,461.461688
Terraced,1,H1,safe_unidirectional,worst,3346.898632,3346.898632,824.363332
Terraced,1,H1,safe_unidirectional,best,3346.898632,3346.898632,824.363332
Terraced,1,H1,hybrid_bidirectional,worst,3537.181666,3537.181666,498.902997
Terraced,1,H1,hybrid_bidirectional,best,3537.181666,3537.181666,498.902997
Terraced,1,H2,safe_unidirectional,worst,2821.251966,2821.251966,787.568066
Terraced,1,H2,safe_unidirectional,best,2821.251966,2821.251966,787.568066
Terraced,1,H2,hybrid_bidirectional,worst,3050.021869,3050.021869,344.335368
Terraced,1,H2,hybrid_bidirectional,best,3050.021869,3050.021869,344.335368
Terraced,1,H3,safe_unidirectional,worst,2456.431966,2456.431966,762.030666
Terraced,1,H3,safe_unidirectional,best,2456.431966,2456.431966,762.030666
Terraced,1,H3,hybrid_bidirectional,worst,2591.278356,2591.278356,470.124858
Terraced,1,H3,hybrid_bidirectional,best,2591.278356,2591.278356,470.124858
Terraced,1,H1,safe_unidirectional,worst,3391.759432,3391.759432,834.476008
Terraced,1,H1,safe_unidirectional,best,3391.759432,3391.759432,834.476008
Terraced,1,H1,hybrid_bidirectional,worst,3590.461022,3590.461022,523.178943
Terraced,1,H1,hybrid_bidirectional,best,3590.461022,3590.461022,523.178943
Terraced,1,H2,safe_unidirectional,worst,2866.112766,2866.112766,797.680742
Terraced,1,H2,safe_unidirectional,best,2866.112766,2866.112766,797.680742
Terraced,1,H2,hybrid_bidirectional,worst,3109.130506,3109.130506,364.074795
Terraced,1,H2,hybrid_bidirectional,best,3109.130506,3109.130506,364.074795
Terraced,1,H3,safe_unidirectional,worst,2501.292766,2501.292766,772.143342
Terraced,1,H3,safe_unidirectional,best,2501.292766,2501.292766,772.143342
Terraced,1,H3,hybrid_bidirectional,worst,2644.072762,2644.072762,470.583851
Terraced,1,H3,hybrid_bidirectional,best,2644.072762,2644.072762,470.583851
Terraced,1,H1,safe_unidirectional,worst,3375.247832,3375.247832,831.543792
Terraced,1,H1,safe_unidirectional,best,3375.247832,3375.247832,831.543792
Terraced,1,H1,hybrid_bidirectional,worst,3573.201099,3573.201099,516.133625
Terraced,1,H1,hybrid_bidirectional,best,3573.201099,3573.201099,516.133625
Terraced,1,H2,safe_unidirectional,worst,2849.601166,2849.601166,794.748526
Terraced,1,H2,safe_unidirectional,best,2849.601166,2849.601166,794.748526
Terraced,1,H2,hybrid_bidirectional,worst,3091.507122,3091.507122,356.642641
Terraced,1,H2,hybrid_bidirectional,best,3091.507122,3091.507122,356.642641
Terraced,1,H3,safe_unidirectional,worst,2484.781166,2484.781166,769.211126
Terraced,1,H3,safe_unidirectional,best,2484.781166,2484.781166,769.211126
Terraced,1,H3,hybrid_bidirectional,worst,2625.066809,2625.066809,472.386524
Terraced,1,H3,hybrid_bidirectional,best,2625.066809,2625.066809,472.386524
Terraced,1,H1,safe_unidirectional,worst,3272.818532,3272.818532,796.215317
Terraced,1,H1,safe_unidirectional,best,3272.818532,3272.818532,796.215317
Terraced,1,H1,hybrid_bidirectional,worst,3467.890952,3467.890952,486.684488
Terraced,1,H1,hybrid_bidirectional,best,3467.890952,3467.890952,486.684488
Terraced,1,H2,safe_unidirectional,worst,2747.171866,2747.171866,759.420051
Terraced,1,H2,safe_unidirectional,best,2747.171866,2747.171866,759.420051
Terraced,1,H2,hybrid_bidirectional,worst,2978.373696,2978.373696,349.820507
Terraced,1,H2,hybrid_bidirectional,best,2978.373696,2978.373696,349.820507
Terraced,1,H3,safe_unidirectional,worst,2382.351866,2382.351866,733.882651
Terraced,1,H3,safe_unidirectional,best,2382.351866,2382.351866,733.882651
Terraced,1,H3,hybrid_bidirectional,worst,2516.826506,2516.826506,462.350635
Terraced,1,H3,hybrid_bidirectional,best,2516.826506,2516.826506,462.350635
Terraced,1,H1,safe_unidirectional,worst,3192.301432,3192.301432,770.556824
Terraced,1,H1,safe_unidirectional,best,3192.301432,3192.301432,770.556824
Terraced,1,H1,hybrid_bidirectional,worst,3380.430032,3380.430032,474.233482
Terraced,1,H1,hybrid_bidirectional,best,3380.430032,3380.430032,474.233482
Terraced,1,H2,safe_unidirectional,worst,2666.654766,2666.654766,733.761558
Terraced,1,H2,safe_unidirectional,best,2666.654766,2666.654766,733.761558
Terraced,1,H2,hybrid_bidirectional,worst,2913.421949,2913.421949,313.094213
Terraced,1,H2,hybrid_bidirectional,best,2913.421949,2913.421949,313.094213
Terraced,1,H3,safe_unidirectional,worst,2301.834766,2301.834766,708.224158
Terraced,1,H3,safe_unidirectional,best,2301.834766,2301.834766,708.224158
Terraced,1,H3,hybrid_bidirectional,worst,2451.431889,2451.431889,426.059762
Terraced,1,H3,hybrid_bidirectional,best,2451.431889,2451.431889,426.059762
Terraced,1,H1,safe_unidirectional,worst,3281.394632,3281.394632,806.639416
Terraced,1,H1,safe_unidirectional,best,3281.394632,3281.394632,806.639416
Terraced,1,H1,hybrid_bidirectional,worst,3476.356732,3476.356732,491.740531
Terraced,1,H1,hybrid_bidirectional,best,3476.356732,3476.356732,491.740531
Terraced,1,H2,safe_unidirectional,worst,2755.747966,2755.747966,769.84415
Terraced,1,H2,safe_unidirectional,best,2755.747966,2755.747966,769.84415
Terraced,1,H2,hybrid_bidirectional,worst,3001.286956,3001.286956,346.637624
Terraced,1,H2,hybrid_bidirectional,best,3001.286956,3001.286956,346.637624
Terraced,1,H3,safe_unidirectional,worst,2390.927966,2390.927966,744.30675
Terraced,1,H3,safe_unidirectional,best,2390.927966,2390.927966,744.30675
Terraced,1,H3,hybrid_bidirectional,worst,2546.311156,2546.311156,449.943985
Terraced,1,H3,hybrid_bidirectional,best,2546.311156,2546.311156,449.943985
Terraced,1,H1,safe_unidirectional,worst,3421.128232,3421.128232,840.809244
Terraced,1,H1,safe_unidirectional,best,3421.128232,3421.128232,840.809244
Terraced,1,H1,hybrid_bidirectional,worst,3622.863369,3622.863369,512.354951
Terraced,1,H1,hybrid_bidirectional,best,3622.863369,3622.863369,512.354951
Terraced,1,H2,safe_unidirectional,worst,2895.481566,2895.481566,804.013978
Terraced,1,H2,safe_unidirectional,best,2895.481566,2895.481566,804.013978
Terraced,1,H2,hybrid_bidirectional,worst,3134.993449,3134.993449,376.030414
Terraced,1,H2,hybrid_bidirectional,best,3134.993449,3134.993449,376.030414
Terraced,1,H3,safe_unidirectional,worst,2530.661566,2530.661566,778.476578
Terraced,1,H3,safe_unidirectional,best,2530.661566,2530.661566,778.476578
Terraced,1,H3,hybrid_bidirectional,worst,2672.650962,2672.650962,490.141542
Terraced,1,H3,hybrid_bidirectional,best,2672.650962,2672.650962,490.141542
Terraced,1,H1,safe_unidirectional,worst,3278.922632,3278.922632,805.607084
Terraced,1,H1,safe_unidirectional,best,3278.922632,3278.922632,805.607084
Terraced,1,H1,hybrid_bidirectional,worst,3472.468749,3472.468749,494.657894
Terraced,1,H1,hybrid_bidirectional,best,3472.468749,3472.468749,494.657894
Terraced,1,H2,safe_unidirectional,worst,2753.275966,2753.275966,768.811818
Terraced,1,H2,safe_unidirectional,best,2753.275966,2753.275966,768.811818
Terraced,1,H2,hybrid_bidirectional,worst,2997.768549,2997.768549,344.833899
Terraced,1,H2,hybrid_bidirectional,best,2997.768549,2997.768549,344.833899
Terraced,1,H3,safe_unidirectional,worst,2388.455966,2388.455966,743.274418
Terraced,1,H3,safe_unidirectional,best,2388.455966,2388.455966,743.274418
Terraced,1,H3,hybrid_bidirectional,worst,2542.319212,2542.319212,454.079509
Terraced,1,H3,hybrid_bidirectional,best,2542.319212,2542.319212,454.079509
Terraced,1,H1,safe_unidirectional,worst,3397.553732,3397.553732,834.341545
Terraced,1,H1,safe_unidirectional,best,3397.553732,3397.553732,834.341545
Terraced,1,H1,hybrid_bidirectional,worst,3607.545636,3607.545636,502.927093
Terraced,1,H1,hybrid_bidirectional,best,3607.545636,3607.545636,502.927093
Terraced,1,H2,safe_unidirectional,worst,2871.907066,2871.907066,797.546279
Terraced,1,H2,safe_unidirectional,best,2871.907066,2871.907066,797.546279
Terraced,1,H2,hybrid_bidirectional,worst,3131.991729,3131.991729,354.28971
Terraced,1,H2,hybrid_bidirectional,best,3131.991729,3131.991729,354.28971
Terraced,1,H3,safe_unidirectional,worst,2507.087066,2507.087066,772.008879
Terraced,1,H3,safe_unidirectional,best,2507.087066,2507.087066,772.008879
Terraced,1,H3,hybrid_bidirectional,worst,2661.794359,2661.794359,477.097206
Terraced,1,H3,hybrid_bidirectional,best,2661.794359,2661.794359,477.097206
Terraced,1,H1,safe_unidirectional,worst,3372.435932,3372.435932,834.707015
Terraced,1,H1,safe_unidirectional,best,3372.435932,3372.435932,834.707015
Terraced,1,H1,hybrid_bidirectional,worst,3578.319599,3578.319599,497.247548
Terraced,1,H1,hybrid_bidirectional,best,3578.319599,3578.319599,497.247548
Terraced,1,H2,safe_unidirectional,worst,2846.789266,2846.789266,797.911749
Terraced,1,H2,safe_unidirectional,best,2846.789266,2846.789266,797.911749
Terraced,1,H2,hybrid_bidirectional,worst,3092.228696,3092.228696,353.785876
Terraced,1,H2,hybrid_bidirectional,best,3092.228696,3092.228696,353.785876
Terraced,1,H3,safe_unidirectional,worst,2481.969266,2481.969266,772.374349
Terraced,1,H3,safe_unidirectional,best,2481.969266,2481.969266,772.374349
Terraced,1,H3,hybrid_bidirectional,worst,2627.937602,2627.937602,473.311351
Terraced,1,H3,hybrid_bidirectional,best,2627.937602,2627.937602,473.311351
Terraced,1,H1,safe_unidirectional,worst,3334.608232,3334.608232,824.895024
Terraced,1,H1,safe_unidirectional,best,3334.608232,3334.608232,824.895024
Terraced,1,H1,hybrid_bidirectional,worst,3538.555466,3538.555466,490.448047
Terraced,1,H1,hybrid_bidirectional,best,3538.555466,3538.555466,490.448047
Terraced,1,H2,safe_unidirectional,worst,2808.961566,2808.961566,788.099758
Terraced,1,H2,safe_unidirectional,best,2808.961566,2808.961566,788.099758
Terraced,1,H2,hybrid_bidirectional,worst,3047.667836,3047.667836,345.281236
Terraced,1,H2,hybrid_bidirectional,best,3047.667836,3047.667836,345.281236
Terraced,1,H3,safe_unidirectional,worst,2444.141566,2444.141566,762.562358
Terraced,1,H3,safe_unidirectional,best,2444.141566,2444.141566,762.562358
Terraced,1,H3,hybrid_bidirectional,worst,2582.568922,2582.568922,465.028475
Terraced,1,H3,hybrid_bidirectional,best,2582.568922,2582.568922,465.028475
Terraced,1,H1,safe_unidirectional,worst,3327.541932,3327.541932,822.879003
Terraced,1,H1,safe_unidirectional,best,3327.541932,3327.541932,822.879003
Terraced,1,H1,hybrid_bidirectional,worst,3514.463999,3514.463999,500.265183
Terraced,1,H1,hybrid_bidirectional,best,3514.463999,3514.463999,500.265183
Terraced,1,H2,safe_unidirectional,worst,2801.895266,2801.895266,786.083737
Terraced,1,H2,safe_unidirectional,best,2801.895266,2801.895266,786.083737
Terraced,1,H2,hybrid_bidirectional,worst,3026.429212,3026.429212,349.637448
Terraced,1,H2,hybrid_bidirectional,best,3026.429212,3026.429212,349.637448
Terraced,1,H3,safe_unidirectional,worst,2437.075266,2437.075266,760.546337
Terraced,1,H3,safe_unidirectional,best,2437.075266,2437.075266,760.546337
Terraced,1,H3,hybrid_bidirectional,worst,2569.081589,2569.081589,468.288661
Terraced,1,H3,hybrid_bidirectional,best,2569.081589,2569.081589,468.288661
Terraced,1,H1,safe_unidirectional,worst,3162.345132,3162.345132,766.294615
Terraced,1,H1,safe_unidirectional,best,3162.345132,3162.345132,766.294615
Terraced,1,H1,hybrid_bidirectional,worst,3349.639932,3349.639932,465.936543
Terraced,1,H1,hybrid_bidirectional,best,3349.639932,3349.639932,465.936543
Terraced,1,H2,safe_unidirectional,worst,2636.698466,2636.698466,729.499349
Terraced,1,H2,safe_unidirectional,best,2636.698466,2636.698466,729.499349
Terraced,1,H2,hybrid_bidirectional,worst,2875.850976,2875.850976,323.063002
Terraced,1,H2,hybrid_bidirectional,best,2875.850976,2875.850976,323.063002
Terraced,1,H3,safe_unidirectional,worst,2271.878466,2271.878466,703.961949
Terraced,1,H3,safe_unidirectional,best,2271.878466,2271.878466,703.961949
Terraced,1,H3,hybrid_bidirectional,worst,2426.977916,2426.977916,423.853448
Terraced,1,H3,hybrid_bidirectional,best,2426.977916,2426.977916,423.853448
Terraced,1,H1,safe_unidirectional,worst,3224.793032,3224.793032,788.29908
Terraced,1,H1,safe_unidirectional,best,3224.793032,3224.793032,788.29908
Terraced,1,H1,hybrid_bidirectional,worst,3408.459266,3408.459266,495.704529
Terraced,1,H1,hybrid_bidirectional,best,3408.459266,3408.459266,495.704529
Terraced,1,H2,safe_unidirectional,worst,2699.146366,2699.146366,751.503814
Terraced,1,H2,safe_unidirectional,best,2699.146366,2699.146366,751.503814
Terraced,1,H2,hybrid_bidirectional,worst,2941.519876,2941.519876,334.328039
Terraced,1,H2,hybrid_bidirectional,best,2941.519876,2941.519876,334.328039
Terraced,1,H3,safe_unidirectional,worst,2334.326366,2334.326366,725.966414
Terraced,1,H3,safe_unidirectional,best,2334.326366,2334.326366,725.966414
Terraced,1,H3,hybrid_bidirectional,worst,2475.659912,2475.659912,446.5243
Terraced,1,H3,hybrid_bidirectional,best,2475.659912,2475.659912,446.5243
Terraced,1,H1,safe_unidirectional,worst,3215.415932,3215.415932,783.111443
Terraced,1,H1,safe_unidirectional,best,3215.415932,3215.415932,783.111443
Terraced,1,H1,hybrid_bidirectional,worst,3410.381299,3410.381299,469.019831
Terraced,1,H1,hybrid_bidirectional,best,3410.381299,3410.381299,469.019831
Terraced,1,H2,safe_unidirectional,worst,2689.769266,2689.769266,746.316177
Terraced,1,H2,safe_unidirectional,best,2689.769266,2689.769266,746.316177
Terraced,1,H2,hybrid_bidirectional,worst,2935.948272,2935.948272,318.778582
Terraced,1,H2,hybrid_bidirectional,best,2935.948272,2935.948272,318.778582
Terraced,1,H3,safe_unidirectional,worst,2324.949266,2324.949266,720.778777
Terraced,1,H3,safe_unidirectional,best,2324.949266,2324.949266,720.778777
Terraced,1,H3,hybrid_bidirectional,worst,2484.226919,2484.226919,425.04157
Terraced,1,H3,hybrid_bidirectional,best,2484.226919,2484.226919,425.04157
Terraced,1,H1,safe_unidirectional,worst,3364.913932,3364.913932,829.135183
Terraced,1,H1,safe_unidirectional,best,3364.913932,3364.913932,829.135183
Terraced,1,H1,hybrid_bidirectional,worst,3565.785632,3565.785632,502.904334
Terraced,1,H1,hybrid_bidirectional,best,3565.785632,3565.785632,502.904334
Terraced,1,H2,safe_unidirectional,worst,2839.267266,2839.267266,792.339917
Terraced,1,H2,safe_unidirectional,best,2839.267266,2839.267266,792.339917
Terraced,1,H2,hybrid_bidirectional,worst,3089.825949,3089.825949,348.708255
Terraced,1,H2,hybrid_bidirectional,best,3089.825949,3089.825949,348.708255
Terraced,1,H3,safe_unidirectional,worst,2474.447266,2474.447266,766.802517
Terraced,1,H3,safe_unidirectional,best,2474.447266,2474.447266,766.802517
Terraced,1,H3,hybrid_bidirectional,worst,2623.792862,2623.792862,476.562699
Terraced,1,H3,hybrid_bidirectional,best,2623.792862,2623.792862,476.562699
Terraced,1,H1,safe_unidirectional,worst,3444.020832,3444.020832,860.891222
Terraced,1,H1,safe_unidirectional,best,3444.020832,3444.020832,860.891222
Terraced,1,H1,hybrid_bidirectional,worst,3651.314339,3651.314339,518.80664
Terraced,1,H1,hybrid_bidirectional,best,3651.314339,3651.314339,518.80664
Terraced,1,H2,safe_unidirectional,worst,2918.374166,2918.374166,824.095956
Terraced,1,H2,safe_unidirectional,best,2918.374166,2918.374166,824.095956
Terraced,1,H2,hybrid_bidirectional,worst,3170.589669,3170.589669,372.785551
Terraced,1,H2,hybrid_bidirectional,best,3170.589669,3170.589669,372.785551
Terraced,1,H3,safe_unidirectional,worst,2553.554166,2553.554166,798.558556
Terraced,1,H3,safe_unidirectional,best,2553.554166,2553.554166,798.558556
Terraced,1,H3,hybrid_bidirectional,worst,2689.722496,2689.722496,506.199604
Terraced,1,H3,hybrid_bidirectional,best,2689.722496,2689.722496,506.199604
Terraced,1,H1,safe_unidirectional,worst,3170.285832,3170.285832,765.81452
Terraced,1,H1,safe_unidirectional,best,3170.285832,3170.285832,765.81452
Terraced,1,H1,hybrid_bidirectional,worst,3345.625359,3345.625359,477.907248
Terraced,1,H1,hybrid_bidirectional,best,3345.625359,3345.625359,477.907248
Terraced,1,H2,safe_unidirectional,worst,2644.639166,2644.639166,729.019254
Terraced,1,H2,safe_unidirectional,best,2644.639166,2644.639166,729.019254
Terraced,1,H2,hybrid_bidirectional,worst,2861.344026,2861.344026,327.521604
Terraced,1,H2,hybrid_bidirectional,best,2861.344026,2861.344026,327.521604
Terraced,1,H3,safe_unidirectional,worst,2279.819166,2279.819166,703.481854
Terraced,1,H3,safe_unidirectional,best,2279.819166,2279.819166,703.481854
Terraced,1,H3,hybrid_bidirectional,worst,2418.268816,2418.268816,417.800834
Terraced,1,H3,hybrid_bidirectional,best,2418.268816,2418.268816,417.800834
Terraced,1,H1,safe_unidirectional,worst,3456.064232,3456.064232,843.84688
Terraced,1,H1,safe_unidirectional,best,3456.064232,3456.064232,843.84688
Terraced,1,H1,hybrid_bidirectional,worst,3672.760232,3672.760232,506.827848
Terraced,1,H1,hybrid_bidirectional,best,3672.760232,3672.760232,506.827848
Terraced,1,H2,safe_unidirectional,worst,2930.417566,2930.417566,807.051614
Terraced,1,H2,safe_unidirectional,best,2930.417566,2930.417566,807.051614
Terraced,1,H2,hybrid_bidirectional,worst,3176.750099,3176.750099,361.712032
Terraced,1,H2,hybrid_bidirectional,best,3176.750099,3176.750099,361.712032
Terraced,1,H3,safe_unidirectional,worst,2565.597566,2565.597566,781.514214
Terraced,1,H3,safe_unidirectional,best,2565.597566,2565.597566,781.514214
Terraced,1,H3,hybrid_bidirectional,worst,2710.532569,2710.532569,490.205336
Terraced,1,H3,hybrid_bidirectional,best,2710.532569,2710.532569,490.205336
Terraced,1,H1,safe_unidirectional,worst,3374.363332,3374.363332,834.918457
Terraced,1,H1,safe_unidirectional,best,3374.363332,3374.363332,834.918457
Terraced,1,H1,hybrid_bidirectional,worst,3575.570766,3575.570766,511.282882
Terraced,1,H1,hybrid_bidirectional,best,3575.570766,3575.570766,511.282882
Terraced,1,H2,safe_unidirectional,worst,2848.716666,2848.716666,798.123191
Terraced,1,H2,safe_unidirectional,best,2848.716666,2848.716666,798.123191
Terraced,1,H2,hybrid_bidirectional,worst,3097.534792,3097.534792,345.660649
Terraced,1,H2,hybrid_bidirectional,best,3097.534792,3097.534792,345.660649
Terraced,1,H3,safe_unidirectional,worst,2483.896666,2483.896666,772.585791
Terraced,1,H3,safe_unidirectional,best,2483.896666,2483.896666,772.585791
Terraced,1,H3,hybrid_bidirectional,worst,2624.396306,2624.396306,476.327955
Terraced,1,H3,hybrid_bidirectional,best,2624.396306,2624.396306,476.327955
Terraced,1,H1,safe_unidirectional,worst,3253.740632,3253.740632,798.159
Terraced,1,H1,safe_unidirectional,best,3253.740632,3253.740632,798.159
Terraced,1,H1,hybrid_bidirectional,worst,3438.893332,3438.893332,488.343921
Terraced,1,H1,hybrid_bidirectional,best,3438.893332,3438.893332,488.343921
Terraced,1,H2,safe_unidirectional,worst,2728.093966,2728.093966,761.363734
Terraced,1,H2,safe_unidirectional,best,2728.093966,2728.093966,761.363734
Terraced,1,H2,hybrid_bidirectional,worst,2955.506742,2955.506742,338.912843
Terraced,1,H2,hybrid_bidirectional,best,2955.506742,2955.506742,338.912843
Terraced,1,H3,safe_unidirectional,worst,2363.273966,2363.273966,735.826334
Terraced,1,H3,safe_unidirectional,best,2363.273966,2363.273966,735.826334
Terraced,1,H3,hybrid_bidirectional,worst,2502.494649,2502.494649,442.082776
Terraced,1,H3,hybrid_bidirectional,best,2502.494649,2502.494649,442.082776
Terraced,1,H1,safe_unidirectional,worst,3265.638232,3265.638232,796.899028
Terraced,1,H1,safe_unidirectional,best,3265.638232,3265.638232,796.899028
Terraced,1,H1,hybrid_bidirectional,worst,3462.076826,3462.076826,481.894187
Terraced,1,H1,hybrid_bidirectional,best,3462.076826,3462.076826,481.894187
Terraced,1,H2,safe_unidirectional,worst,2739.991566,2739.991566,760.103762
Terraced,1,H2,safe_unidirectional,best,2739.991566,2739.991566,760.103762
Terraced,1,H2,hybrid_bidirectional,worst,2980.289772,2980.289772,335.86377
Terraced,1,H2,hybrid_bidirectional,best,2980.289772,2980.289772,335.86377
Terraced,1,H3,safe_unidirectional,worst,2375.171566,2375.171566,734.566362
Terraced,1,H3,safe_unidirectional,best,2375.171566,2375.171566,734.566362
Terraced,1,H3,hybrid_bidirectional,worst,2520.580426,2520.580426,452.749423
Terraced,1,H3,hybrid_bidirectional,best,2520.580426,2520.580426,452.749423
Terraced,1,H1,safe_unidirectional,worst,3269.781332,3269.781332,799.788089
Terraced,1,H1,safe_unidirectional,best,3269.781332,3269.781332,799.788089
Terraced,1,H1,hybrid_bidirectional,worst,3464.945566,3464.945566,484.918586
Terraced,1,H1,hybrid_bidirectional,best,3464.945566,3464.945566,484.918586
Terraced,1,H2,safe_unidirectional,worst,2744.134666,2744.134666,762.992823
Terraced,1,H2,safe_unidirectional,best,2744.134666,2744.134666,762.992823
Terraced,1,H2,hybrid_bidirectional,worst,2991.161152,2991.161152,330.260728
Terraced,1,H2,hybrid_bidirectional,best,2991.161152,2991.161152,330.260728
Terraced,1,H3,safe_unidirectional,worst,2379.314666,2379.314666,737.455423
Terraced,1,H3,safe_unidirectional,best,2379.314666,2379.314666,737.455423
Terraced,1,H3,hybrid_bidirectional,worst,2518.215309,2518.215309,457.535913
Terraced,1,H3,hybrid_bidirectional,best,2518.215309,2518.215309,457.535913
Terraced,1,H1,safe_unidirectional,worst,3370.497332,3370.497332,829.295525
Terraced,1,H1,safe_unidirectional,best,3370.497332,3370.497332,829.295525
Terraced,1,H1,hybrid_bidirectional,worst,3575.100216,3575.100216,503.139939
Terraced,1,H1,hybrid_bidirectional,best,3575.100216,3575.100216,503.139939
Terraced,1,H2,safe_unidirectional,worst,2844.850666,2844.850666,792.500259
Terraced,1,H2,safe_unidirectional,best,2844.850666,2844.850666,792.500259
Terraced,1,H2,hybrid_bidirectional,worst,3100.991812,3100.991812,349.749698
Terraced,1,H2,hybrid_bidirectional,best,3100.991812,3100.991812,349.749698
Terraced,1,H3,safe_unidirectional,worst,2480.030666,2480.030666,766.962859
Terraced,1,H3,safe_unidirectional,best,2480.030666,2480.030666,766.962859
Terraced,1,H3,hybrid_bidirectional,worst,2623.751582,2623.751582,475.957295
Terraced,1,H3,hybrid_bidirectional,best,2623.751582,2623.751582,475.957295
Terraced,1,H1,safe_unidirectional,worst,3268.216032,3268.216032,800.59409
Terraced,1,H1,safe_unidirectional,best,3268.216032,3268.216032,800.59409
Terraced,1,H1,hybrid_bidirectional,worst,3453.724436,3453.724436,491.265664
Terraced,1,H1,hybrid_bidirectional,best,3453.724436,3453.724436,491.265664
Terraced,1,H2,safe_unidirectional,worst,2742.569366,2742.569366,763.798824
Terraced,1,H2,safe_unidirectional,best,2742.569366,2742.569366,763.798824
Terraced,1,H2,hybrid_bidirectional,worst,2973.710826,2973.710826,344.676054
Terraced,1,H2,hybrid_bidirectional,best,2973.710826,2973.710826,344.676054
Terraced,1,H3,safe_unidirectional,worst,2377.749366,2377.749366,738.261424
Terraced,1,H3,safe_unidirectional,best,2377.749366,2377.749366,738.261424
Terraced,1,H3,hybrid_bidirectional,worst,2517.716666,2517.716666,453.007382
Terraced,1,H3,hybrid_bidirectional,best,2517.716666,2517.716666,453.007382
Terraced,1,H1,safe_unidirectional,worst,3309.483732,3309.483732,815.764833
Terraced,1,H1,safe_unidirectional,best,3309.483732,3309.483732,815.764833
Terraced,1,H1,hybrid_bidirectional,worst,3505.090442,3505.090442,499.410959
Terraced,1,H1,hybrid_bidirectional,best,3505.090442,3505.090442,499.410959
Terraced,1,H2,safe_unidirectional,worst,2783.837066,2783.837066,778.969567
Terraced,1,H2,safe_unidirectional,best,2783.837066,2783.837066,778.969567
Terraced,1,H2,hybrid_bidirectional,worst,3026.479062,3026.479062,347.961269
Terraced,1,H2,hybrid_bidirectional,best,3026.479062,3026.479062,347.961269
Terraced,1,H3,safe_unidirectional,worst,2419.017066,2419.017066,753.432167
Terraced,1,H3,safe_unidirectional,best,2419.017066,2419.017066,753.432167
Terraced,1,H3,hybrid_bidirectional,worst,2557.805662,2557.805662,465.699477
Terraced,1,H3,hybrid_bidirectional,best,2557.805662,2557.805662,465.699477
Terraced,1,H1,safe_unidirectional,worst,3310.090532,3310.090532,810.757733
Terraced,1,H1,safe_unidirectional,best,3310.090532,3310.090532,810.757733
Terraced,1,H1,hybrid_bidirectional,worst,3502.787032,3502.787032,502.98118
Terraced,1,H1,hybrid_bidirectional,best,3502.787032,3502.787032,502.98118
Terraced,1,H2,safe_unidirectional,worst,2784.443866,2784.443866,773.962467
Terraced,1,H2,safe_unidirectional,best,2784.443866,2784.443866,773.962467
Terraced,1,H2,hybrid_bidirectional,worst,3023.014732,3023.014732,340.024101
Terraced,1,H2,hybrid_bidirectional,best,3023.014732,3023.014732,340.024101
Terraced,1,H3,safe_unidirectional,worst,2419.623866,2419.623866,748.425067
Terraced,1,H3,safe_unidirectional,best,2419.623866,2419.623866,748.425067
Terraced,1,H3,hybrid_bidirectional,worst,2555.815186,2555.815186,460.858588
Terraced,1,H3,hybrid_bidirectional,best,2555.815186,2555.815186,460.858588
Terraced,1,H1,safe_unidirectional,worst,3183.319532,3183.319532,775.260943
Terraced,1,H1,safe_unidirectional,best,3183.319532,3183.319532,775.260943
Terraced,1,H1,hybrid_bidirectional,worst,3365.064566,3365.064566,481.652092
Terraced,1,H1,hybrid_bidirectional,best,3365.064566,3365.064566,481.652092
Terraced,1,H2,safe_unidirectional,worst,2657.672866,2657.672866,738.465677
Terraced,1,H2,safe_unidirectional,best,2657.672866,2657.672866,738.465677
Terraced,1,H2,hybrid_bidirectional,worst,2885.456526,2885.456526,328.516883
Terraced,1,H2,hybrid_bidirectional,best,2885.456526,2885.456526,328.516883
Terraced,1,H3,safe_unidirectional,worst,2292.852866,2292.852866,712.928277
Terraced,1,H3,safe_unidirectional,best,2292.852866,2292.852866,712.928277
Terraced,1,H3,hybrid_bidirectional,worst,2428.587259,2428.587259,437.601162
Terraced,1,H3,hybrid_bidirectional,best,2428.587259,2428.587259,437.601162
Terraced,1,H1,safe_unidirectional,worst,3283.613632,3283.613632,799.897002
Terraced,1,H1,safe_unidirectional,best,3283.613632,3283.613632,799.897002
Terraced,1,H1,hybrid_bidirectional,worst,3476.806392,3476.806392,493.71901
Terraced,1,H1,hybrid_bidirectional,best,3476.806392,3476.806392,493.71901
Terraced,1,H2,safe_unidirectional,worst,2757.966966,2757.966966,763.101736
Terraced,1,H2,safe_unidirectional,best,2757.966966,2757.966966,763.101736
Terraced,1,H2,hybrid_bidirectional,worst,2991.835226,2991.835226,344.521086
Terraced,1,H2,hybrid_bidirectional,best,2991.835226,2991.835226,344.521086
Terraced,1,H3,safe_unidirectional,worst,2393.146966,2393.146966,737.564336
Terraced,1,H3,safe_unidirectional,best,2393.146966,2393.146966,737.564336
Terraced,1,H3,hybrid_bidirectional,worst,2535.687119,2535.687119,445.692661
Terraced,1,H3,hybrid_bidirectional,best,2535.687119,2535.687119,445.692661
Terraced,1,H1,safe_unidirectional,worst,3319.111632,3319.111632,815.196706
Terraced,1,H1,safe_unidirectional,best,3319.111632,3319.111632,815.196706
Terraced,1,H1,hybrid_bidirectional,worst,3522.019049,3522.019049,489.614518
Terraced,1,H1,hybrid_bidirectional,best,3522.019049,3522.019049,489.614518
Terraced,1,H2,safe_unidirectional,worst,2793.464966,2793.464966,778.40144
Terraced,1,H2,safe_unidirectional,best,2793.464966,2793.464966,778.40144
Terraced,1,H2,hybrid_bidirectional,worst,3049.019372,3049.019372,334.295334
Terraced,1,H2,hybrid_bidirectional,best,3049.019372,3049.019372,334.295334
Terraced,1,H3,safe_unidirectional,worst,2428.644966,2428.644966,752.86404
Terraced,1,H3,safe_unidirectional,best,2428.644966,2428.644966,752.86404
Terraced,1,H3,hybrid_bidirectional,worst,2580.326692,2580.326692,460.984173
Terraced,1,H3,hybrid_bidirectional,best,2580.326692,2580.326692,460.984173
Terraced,1,H1,safe_unidirectional,worst,3277.510532,3277.510532,800.746977
Terraced,1,H1,safe_unidirectional,best,3277.510532,3277.510532,800.746977
Terraced,1,H1,hybrid_bidirectional,worst,3477.797466,3477.797466,480.033139
Terraced,1,H1,hybrid_bidirectional,best,3477.797466,3477.797466,480.033139
Terraced,1,H2,safe_unidirectional,worst,2751.863866,2751.863866,763.951711
Terraced,1,H2,safe_unidirectional,best,2751.863866,2751.863866,763.951711
Terraced,1,H2,hybrid_bidirectional,worst,2987.440236,2987.440236,353.429187
Terraced,1,H2,hybrid_bidirectional,best,2987.440236,2987.440236,353.429187
Terraced,1,H3,safe_unidirectional,worst,2387.043866,2387.043866,738.414311
Terraced,1,H3,safe_unidirectional,best,2387.043866,2387.043866,738.414311
Terraced,1,H3,hybrid_bidirectional,worst,2533.615212,2533.615212,441.713359
Terraced,1,H3,hybrid_bidirectional,best,2533.615212,2533.615212,441.713359
Terraced,1,H1,safe_unidirectional,worst,3302.367732,3302.367732,812.887077
Terraced,1,H1,safe_unidirectional,best,3302.367732,3302.367732,812.887077
Terraced,1,H1,hybrid_bidirectional,worst,3502.014976,3502.014976,491.487664
Terraced,1,H1,hybrid_bidirectional,best,3502.014976,3502.014976,491.487664
Terraced,1,H2,safe_unidirectional,worst,2776.721066,2776.721066,776.091811
Terraced,1,H2,safe_unidirectional,best,2776.721066,2776.721066,776.091811
Terraced,1,H2,hybrid_bidirectional,worst,3021.139366,3021.139366,348.817883
Terraced,1,H2,hybrid_bidirectional,best,3021.139366,3021.139366,348.817883
Terraced,1,H3,safe_unidirectional,worst,2411.901066,2411.901066,750.554411
Terraced,1,H3,safe_unidirectional,best,2411.901066,2411.901066,750.554411
Terraced,1,H3,hybrid_bidirectional,worst,2547.296996,2547.296996,453.75599
Terraced,1,H3,hybrid_bidirectional,best,2547.296996,2547.296996,453.75599
Terraced,1,H1,safe_unidirectional,worst,3280.913732,3280.913732,800.570493
Terraced,1,H1,safe_unidirectional,best,3280.913732,3280.913732,800.570493
Terraced,1,H1,hybrid_bidirectional,worst,3470.070466,3470.070466,495.158921
Terraced,1,H1,hybrid_bidirectional,best,3470.070466,3470.070466,495.158921
Terraced,1,H2,safe_unidirectional,worst,2755.267066,2755.267066,763.775227
Terraced,1,H2,safe_unidirectional,best,2755.267066,2755.267066,763.775227
Terraced,1,H2,hybrid_bidirectional,worst,2983.539702,2983.539702,351.407383
Terraced,1,H2,hybrid_bidirectional,best,2983.539702,2983.539702,351.407383
Terraced,1,H3,safe_unidirectional,worst,2390.447066,2390.447066,738.237827
Terraced,1,H3,safe_unidirectional,best,2390.447066,2390.447066,738.237827
Terraced,1,H3,hybrid_bidirectional,worst,2528.715722,2528.715722,444.786275
Terraced,1,H3,hybrid_bidirectional,best,2528.715722,2528.715722,444.786275
Terraced,1,H1,safe_unidirectional,worst,3301.319932,3301.319932,809.221219
Terraced,1,H1,safe_unidirectional,best,3301.319932,3301.319932,809.221219
Terraced,1,H1,hybrid_bidirectional,worst,3490.581532,3490.581532,498.236839
Terraced,1,H1,hybrid_bidirectional,best,3490.581532,3490.581532,498.236839
Terraced,1,H2,safe_unidirectional,worst,2775.673266,2775.673266,772.425953
Terraced,1,H2,safe_unidirectional,best,2775.673266,2775.673266,772.425953
Terraced,1,H2,hybrid_bidirectional,worst,3012.565649,3012.565649,348.473408
Terraced,1,H2,hybrid_bidirectional,best,3012.565649,3012.565649,348.473408
Terraced,1,H3,safe_unidirectional,worst,2410.853266,2410.853266,746.888553
Terraced,1,H3,safe_unidirectional,best,2410.853266,2410.853266,746.888553
Terraced,1,H3,hybrid_bidirectional,worst,2542.178109,2542.178109,464.863154
Terraced,1,H3,hybrid_bidirectional,best,2542.178109,2542.178109,464.863154
Terraced,1,H1,safe_unidirectional,worst,3325.393632,3325.393632,820.704698
Terraced,1,H1,safe_unidirectional,best,3325.393632,3325.393632,820.704698
Terraced,1,H1,hybrid_bidirectional,worst,3518.104519,3518.104519,507.780649
Terraced,1,H1,hybrid_bidirectional,best,3518.104519,3518.104519,507.780649
Terraced,1,H2,safe_unidirectional,worst,2799.746966,2799.746966,783.909432
Terraced,1,H2,safe_unidirectional,best,2799.746966,2799.746966,783.909432
Terraced,1,H2,hybrid_bidirectional,worst,3034.278482,3034.278482,343.781118
Terraced,1,H2,hybrid_bidirectional,best,3034.278482,3034.278482,343.781118
Terraced,1,H3,safe_unidirectional,worst,2434.926966,2434.926966,758.372032
Terraced,1,H3,safe_unidirectional,best,2434.926966,2434.926966,758.372032
Terraced,1,H3,hybrid_bidirectional,worst,2569.747666,2569.747666,469.365368
Terraced,1,H3,hybrid_bidirectional,best,2569.747666,2569.747666,469.365368
Terraced,1,H1,safe_unidirectional,worst,3272.224132,3272.224132,798.096497
Terraced,1,H1,safe_unidirectional,best,3272.224132,3272.224132,798.096497
Terraced,1,H1,hybrid_bidirectional,worst,3463.082832,3463.082832,493.374058
Terraced,1,H1,hybrid_bidirectional,best,3463.082832,3463.082832,493.374058
Terraced,1,H2,safe_unidirectional,worst,2746.577466,2746.577466,761.301231
Terraced,1,H2,safe_unidirectional,best,2746.577466,2746.577466,761.301231
Terraced,1,H2,hybrid_bidirectional,worst,2991.399409,2991.399409,338.713042
Terraced,1,H2,hybrid_bidirectional,best,2991.399409,2991.399409,338.713042
Terraced,1,H3,safe_unidirectional,worst,2381.757466,2381.757466,735.763831
Terraced,1,H3,safe_unidirectional,best,2381.757466,2381.757466,735.763831
Terraced,1,H3,hybrid_bidirectional,worst,2527.394216,2527.394216,445.758162
Terraced,1,H3,hybrid_bidirectional,best,2527.394216,2527.394216,445.758162
Terraced,1,H1,safe_unidirectional,worst,3186.127732,3186.127732,776.623157
Terraced,1,H1,safe_unidirectional,best,3186.127732,3186.127732,776.623157
Terraced,1,H1,hybrid_bidirectional,worst,3370.022666,3370.022666,468.998619
Terraced,1,H1,hybrid_bidirectional,best,3370.022666,3370.022666,468.998619
Terraced,1,H2,safe_unidirectional,worst,2660.481066,2660.481066,739.827891
Terraced,1,H2,safe_unidirectional,best,2660.481066,2660.481066,739.827891
Terraced,1,H2,hybrid_bidirectional,worst,2883.973762,2883.973762,323.059581
Terraced,1,H2,hybrid_bidirectional,best,2883.973762,2883.973762,323.059581
Terraced,1,H3,safe_unidirectional,worst,2295.661066,2295.661066,714.290491
Terraced,1,H3,safe_unidirectional,best,2295.661066,2295.661066,714.290491
Terraced,1,H3,hybrid_bidirectional,worst,2435.104442,2435.104442,427.057415
Terraced,1,H3,hybrid_bidirectional,best,2435.104442,2435.104442,427.057415
Terraced,1,H1,safe_unidirectional,worst,3392.558732,3392.558732,831.919195
Terraced,1,H1,safe_unidirectional,best,3392.558732,3392.558732,831.919195
Terraced,1,H1,hybrid_bidirectional,worst,3595.227436,3595.227436,511.717018
Terraced,1,H1,hybrid_bidirectional,best,3595.227436,3595.227436,511.717018
Terraced,1,H2,safe_unidirectional,worst,2866.912066,2866.912066,795.123929
Terraced,1,H2,safe_unidirectional,best,2866.912066,2866.912066,795.123929
Terraced,1,H2,hybrid_bidirectional,worst,3109.445256,3109.445256,365.531002
Terraced,1,H2,hybrid_bidirectional,best,3109.445256,3109.445256,365.531002
Terraced,1,H3,safe_unidirectional,worst,2502.092066,2502.092066,769.586529
Terraced,1,H3,safe_unidirectional,best,2502.092066,2502.092066,769.586529
Terraced,1,H3,hybrid_bidirectional,worst,2639.090552,2639.090552,487.140495
Terraced,1,H3,hybrid_bidirectional,best,2639.090552,2639.090552,487.140495
Terraced,1,H1,safe_unidirectional,worst,3440.188232,3440.188232,859.432828
Terraced,1,H1,safe_unidirectional,best,3440.188232,3440.188232,859.432828
Terraced,1,H1,hybrid_bidirectional,worst,3651.052719,3651.052719,519.146236
Terraced,1,H1,hybrid_bidirectional,best,3651.052719,3651.052719,519.146236
Terraced,1,H2,safe_unidirectional,worst,2914.541566,2914.541566,822.637562
Terraced,1,H2,safe_unidirectional,best,2914.541566,2914.541566,822.637562
Terraced,1,H2,hybrid_bidirectional,worst,3177.064549,3177.064549,371.239071
Terraced,1,H2,hybrid_bidirectional,best,3177.064549,3177.064549,371.239071
Terraced,1,H3,safe_unidirectional,worst,2549.721566,2549.721566,797.100162
Terraced,1,H3,safe_unidirectional,best,2549.721566,2549.721566,797.100162
Terraced,1,H3,hybrid_bidirectional,worst,2707.954962,2707.954962,503.030025
Terraced,1,H3,hybrid_bidirectional,best,2707.954962,2707.954962,503.030025
Terraced,1,H1,safe_unidirectional,worst,3387.565732,3387.565732,839.583313
Terraced,1,H1,safe_unidirectional,best,3387.565732,3387.565732,839.583313
Terraced,1,H1,hybrid_bidirectional,worst,3588.436499,3588.436499,515.390659
Terraced,1,H1,hybrid_bidirectional,best,3588.436499,3588.436499,515.390659
Terraced,1,H2,safe_unidirectional,worst,2861.919066,2861.919066,802.788047
Terraced,1,H2,safe_unidirectional,best,2861.919066,2861.919066,802.788047
Terraced,1,H2,hybrid_bidirectional,worst,3120.349192,3120.349192,360.95708
Terraced,1,H2,hybrid_bidirectional,best,3120.349192,3120.349192,360.95708
Terraced,1,H3,safe_unidirectional,worst,2497.099066,2497.099066,777.250647
Terraced,1,H3,safe_unidirectional,best,2497.099066,2497.099066,777.250647
Terraced,1,H3,hybrid_bidirectional,worst,2648.389242,2648.389242,493.672602
Terraced,1,H3,hybrid_bidirectional,best,2648.389242,2648.389242,493.672602
Terraced,1,H1,safe_unidirectional,worst,3300.714432,3300.714432,811.654118
Terraced,1,H1,safe_unidirectional,best,3300.714432,3300.714432,811.654118
Terraced,1,H1,hybrid_bidirectional,worst,3497.751262,3497.751262,490.939286
Terraced,1,H1,hybrid_bidirectional,best,3497.751262,3497.751262,490.939286
Terraced,1,H2,safe_unidirectional,worst,2775.067766,2775.067766,774.858852
Terraced,1,H2,safe_unidirectional,best,2775.067766,2775.067766,774.858852
Terraced,1,H2,hybrid_bidirectional,worst,3011.663216,3011.663216,352.192786
Terraced,1,H2,hybrid_bidirectional,best,3011.663216,3011.663216,352.192786
Terraced,1,H3,safe_unidirectional,worst,2410.247766,2410.247766,749.321452
Terraced,1,H3,safe_unidirectional,best,2410.247766,2410.247766,749.321452
Terraced,1,H3,hybrid_bidirectional,worst,2553.920839,2553.920839,455.859438
Terraced,1,H3,hybrid_bidirectional,best,2553.920839,2553.920839,455.859438
Terraced,1,H1,safe_unidirectional,worst,3467.099632,3467.099632,860.150398
Terraced,1,H1,safe_unidirectional,best,3467.099632,3467.099632,860.150398
Terraced,1,H1,hybrid_bidirectional,worst,3685.441366,3685.441366,511.374148
Terraced,1,H1,hybrid_bidirectional,best,3685.441366,3685.441366,511.374148
Terraced,1,H2,safe_unidirectional,worst,2941.452966,2941.452966,823.355132
Terraced,1,H2,safe_unidirectional,best,2941.452966,2941.452966,823.355132
Terraced,1,H2,hybrid_bidirectional,worst,3202.168569,3202.168569,369.180265
Terraced,1,H2,hybrid_bidirectional,best,3202.168569,3202.168569,369.180265
Terraced,1,H3,safe_unidirectional,worst,2576.632966,2576.632966,797.817732
Terraced,1,H3,safe_unidirectional,best,2576.632966,2576.632966,797.817732
Terraced,1,H3,hybrid_bidirectional,worst,2727.013286,2727.013286,511.3421
Terraced,1,H3,hybrid_bidirectional,best,2727.013286,2727.013286,511.3421
Terraced,1,H1,safe_unidirectional,worst,3290.729332,3290.729332,805.281913
Terraced,1,H1,safe_unidirectional,best,3290.729332,3290.729332,805.281913
Terraced,1,H1,hybrid_bidirectional,worst,3482.966032,3482.966032,499.287602
Terraced,1,H1,hybrid_bidirectional,best,3482.966032,3482.966032,499.287602
Terraced,1,H2,safe_unidirectional,worst,2765.082666,2765.082666,768.486647
Terraced,1,H2,safe_unidirectional,best,2765.082666,2765.082666,768.486647
Terraced,1,H2,hybrid_bidirectional,worst,3014.936596,3014.936596,342.509786
Terraced,1,H2,hybrid_bidirectional,best,3014.936596,3014.936596,342.509786
Terraced,1,H3,safe_unidirectional,worst,2400.262666,2400.262666,742.949247
Terraced,1,H3,safe_unidirectional,best,2400.262666,2400.262666,742.949247
Terraced,1,H3,hybrid_bidirectional,worst,2547.385776,2547.385776,463.592268
Terraced,1,H3,hybrid_bidirectional,best,2547.385776,2547.385776,463.592268
Terraced,1,H1,safe_unidirectional,worst,3231.535832,3231.535832,792.932044
Terraced,1,H1,safe_unidirectional,best,3231.535832,3231.535832,792.932044
Terraced,1,H1,hybrid_bidirectional,worst,3426.345499,3426.345499,475.197653
Terraced,1,H1,hybrid_bidirectional,best,3426.345499,3426.345499,475.197653
Terraced,1,H2,safe_unidirectional,worst,2705.889166,2705.889166,756.136778
Terraced,1,H2,safe_unidirectional,best,2705.889166,2705.889166,756.136778
Terraced,1,H2,hybrid_bidirectional,worst,2953.618366,2953.618366,322.111234
Terraced,1,H2,hybrid_bidirectional,best,2953.618366,2953.618366,322.111234
Terraced,1,H3,safe_unidirectional,worst,2341.069166,2341.069166,730.599378
Terraced,1,H3,safe_unidirectional,best,2341.069166,2341.069166,730.599378
Terraced,1,H3,hybrid_bidirectional,worst,2489.905409,2489.905409,446.616896
Terraced,1,H3,hybrid_bidirectional,best,2489.905409,2489.905409,446.616896
Terraced,1,H1,safe_unidirectional,worst,3373.131432,3373.131432,837.629228
Terraced,1,H1,safe_unidirectional,best,3373.131432,3373.131432,837.629228
Terraced,1,H1,hybrid_bidirectional,worst,3577.544842,3577.544842,506.79677
Terraced,1,H1,hybrid_bidirectional,best,3577.544842,3577.544842,506.79677
Terraced,1,H2,safe_unidirectional,worst,2847.484766,2847.484766,800.833962
Terraced,1,H2,safe_unidirectional,best,2847.484766,2847.484766,800.833962
Terraced,1,H2,hybrid_bidirectional,worst,3097.588036,3097.588036,359.02071
Terraced,1,H2,hybrid_bidirectional,best,3097.588036,3097.588036,359.02071
Terraced,1,H3,safe_unidirectional,worst,2482.664766,2482.664766,775.296562
Terraced,1,H3,safe_unidirectional,best,2482.664766,2482.664766,775.296562
Terraced,1,H3,hybrid_bidirectional,worst,2633.547699,2633.547699,488.800053
Terraced,1,H3,hybrid_bidirectional,best,2633.547699,2633.547699,488.800053
Terraced,1,H1,safe_unidirectional,worst,3291.758732,3291.758732,807.065443
Terraced,1,H1,safe_unidirectional,best,3291.758732,3291.758732,807.065443
Terraced,1,H1,hybrid_bidirectional,worst,3478.671826,3478.671826,502.385715
Terraced,1,H1,hybrid_bidirectional,best,3478.671826,3478.671826,502.385715
Terraced,1,H2,safe_unidirectional,worst,2766.112066,2766.112066,770.270177
Terraced,1,H2,safe_unidirectional,best,2766.112066,2766.112066,770.270177
Terraced,1,H2,hybrid_bidirectional,worst,3006.682219,3006.682219,347.027608
Terraced,1,H2,hybrid_bidirectional,best,3006.682219,3006.682219,347.027608
Terraced,1,H3,safe_unidirectional,worst,2401.292066,2401.292066,744.732777
Terraced,1,H3,safe_unidirectional,best,2401.292066,2401.292066,744.732777
Terraced,1,H3,hybrid_bidirectional,worst,2541.059799,2541.059799,455.615838
Terraced,1,H3,hybrid_bidirectional,best,2541.059799,2541.059799,455.615838
Terraced,1,H1,safe_unidirectional,worst,3411.885332,3411.885332,834.319425
Terraced,1,H1,safe_unidirectional,best,3411.885332,3411.885332,834.319425
Terraced,1,H1,hybrid_bidirectional,worst,3623.398386,3623.398386,498.518056
Terraced,1,H1,hybrid_bidirectional,best,3623.398386,3623.398386,498.518056
Terraced,1,H2,safe_unidirectional,worst,2886.238666,2886.238666,797.524159
Terraced,1,H2,safe_unidirectional,best,2886.238666,2886.238666,797.524159
Terraced,1,H2,hybrid_bidirectional,worst,3140.948949,3140.948949,342.755487
Terraced,1,H2,hybrid_bidirectional,best,3140.948949,3140.948949,342.755487
Terraced,1,H3,safe_unidirectional,worst,2521.418666,2521.418666,771.986759
Terraced,1,H3,safe_unidirectional,best,2521.418666,2521.418666,771.986759
Terraced,1,H3,hybrid_bidirectional,worst,2656.507326,2656.507326,486.971715
Terraced,1,H3,hybrid_bidirectional,best,2656.507326,2656.507326,486.971715
Terraced,1,H1,safe_unidirectional,worst,3405.010732,3405.010732,840.651079
Terraced,1,H1,safe_unidirectional,best,3405.010732,3405.010732,840.651079
Terraced,1,H1,hybrid_bidirectional,worst,3610.461569,3610.461569,509.905699
Terraced,1,H1,hybrid_bidirectional,best,3610.461569,3610.461569,509.905699
Terraced,1,H2,safe_unidirectional,worst,2879.364066,2879.364066,803.855813
Terraced,1,H2,safe_unidirectional,best,2879.364066,2879.364066,803.855813
Terraced,1,H2,hybrid_bidirectional,worst,3141.629052,3141.629052,350.465991
Terraced,1,H2,hybrid_bidirectional,best,3141.629052,3141.629052,350.465991
Terraced,1,H3,safe_unidirectional,worst,2514.544066,2514.544066,778.318413
Terraced,1,H3,safe_unidirectional,best,2514.544066,2514.544066,778.318413
Terraced,1,H3,hybrid_bidirectional,worst,2670.472722,2670.472722,486.007617
Terraced,1,H3,hybrid_bidirectional,best,2670.472722,2670.472722,486.007617
Terraced,1,H1,safe_unidirectional,worst,3407.186932,3407.186932,837.013977
Terraced,1,H1,safe_unidirectional,best,3407.186932,3407.186932,837.013977
Terraced,1,H1,hybrid_bidirectional,worst,3612.126766,3612.126766,514.249398
Terraced,1,H1,hybrid_bidirectional,best,3612.126766,3612.126766,514.249398
Terraced,1,H2,safe_unidirectional,worst,2881.540266,2881.540266,800.218711
Terraced,1,H2,safe_unidirectional,best,2881.540266,2881.540266,800.218711
Terraced,1,H2,hybrid_bidirectional,worst,3133.645272,3133.645272,355.149591
Terraced,1,H2,hybrid_bidirectional,best,3133.645272,3133.645272,355.149591
Terraced,1,H3,safe_unidirectional,worst,2516.720266,2516.720266,774.681311
Terraced,1,H3,safe_unidirectional,best,2516.720266,2516.720266,774.681311
Terraced,1,H3,hybrid_bidirectional,worst,2657.469099,2657.469099,486.743208
Terraced,1,H3,hybrid_bidirectional,best,2657.469099,2657.469099,486.743208
Terraced,1,H1,safe_unidirectional,worst,3325.309332,3325.309332,825.366005
Terraced,1,H1,safe_unidirectional,best,3325.309332,3325.309332,825.366005
Terraced,1,H1,hybrid_bidirectional,worst,3527.734832,3527.734832,493.334102
Terraced,1,H1,hybrid_bidirectional,best,3527.734832,3527.734832,493.334102
Terraced,1,H2,safe_unidirectional,worst,2799.662666,2799.662666,788.570739
Terraced,1,H2,safe_unidirectional,best,2799.662666,2799.662666,788.570739
Terraced,1,H2,hybrid_bidirectional,worst,3053.995992,3053.995992,340.632537
Terraced,1,H2,hybrid_bidirectional,best,3053.995992,3053.995992,340.632537
Terraced,1,H3,safe_unidirectional,worst,2434.842666,2434.842666,763.033339
Terraced,1,H3,safe_unidirectional,best,2434.842666,2434.842666,763.033339
Terraced,1,H3,hybrid_bidirectional,worst,2585.246036,2585.246036,477.626991
Terraced,1,H3,hybrid_bidirectional,best,2585.246036,2585.246036,477.626991
Terraced,1,H1,safe_unidirectional,worst,3267.933732,3267.933732,803.329809
Terraced,1,H1,safe_unidirectional,best,3267.933732,3267.933732,803.329809
Terraced,1,H1,hybrid_bidirectional,worst,3457.701526,3457.701526,497.88148
Terraced,1,H1,hybrid_bidirectional,best,3457.701526,3457.701526,497.88148
Terraced,1,H2,safe_unidirectional,worst,2742.287066,2742.287066,766.534543
Terraced,1,H2,safe_unidirectional,best,2742.287066,2742.287066,766.534543
Terraced,1,H2,hybrid_bidirectional,worst,2984.994259,2984.994259,344.47268
Terraced,1,H2,hybrid_bidirectional,best,2984.994259,2984.994259,344.47268
Terraced,1,H3,safe_unidirectional,worst,2377.467066,2377.467066,740.997143
Terraced,1,H3,safe_unidirectional,best,2377.467066,2377.467066,740.997143
Terraced,1,H3,hybrid_bidirectional,worst,2521.475562,2521.475562,464.222436
Terraced,1,H3,hybrid_bidirectional,best,2521.475562,2521.475562,464.222436
Terraced,1,H1,safe_unidirectional,worst,3343.330632,3343.330632,822.348816
Terraced,1,H1,safe_unidirectional,best,3343.330632,3343.330632,822.348816
Terraced,1,H1,hybrid_bidirectional,worst,3548.351132,3548.351132,494.046303
Terraced,1,H1,hybrid_bidirectional,best,3548.351132,3548.351132,494.046303
Terraced,1,H2,safe_unidirectional,worst,2817.683966,2817.683966,785.55355
Terraced,1,H2,safe_unidirectional,best,2817.683966,2817.683966,785.55355
Terraced,1,H2,hybrid_bidirectional,worst,3068.234802,3068.234802,342.334225
Terraced,1,H2,hybrid_bidirectional,best,3068.234802,3068.234802,342.334225
Terraced,1,H3,safe_unidirectional,worst,2452.863966,2452.863966,760.01615
Terraced,1,H3,safe_unidirectional,best,2452.863966,2452.863966,760.01615
Terraced,1,H3,hybrid_bidirectional,worst,2590.822272,2590.822272,475.898362
Terraced,1,H3,hybrid_bidirectional,best,2590.822272,2590.822272,475.898362
Terraced,1,H1,safe_unidirectional,worst,3247.849432,3247.849432,791.804932
Terraced,1,H1,safe_unidirectional,best,3247.849432,3247.849432,791.804932
Terraced,1,H1,hybrid_bidirectional,worst,3440.590556,3440.590556,481.473852
Terraced,1,H1,hybrid_bidirectional,best,3440.590556,3440.590556,481.473852
Terraced,1,H2,safe_unidirectional,worst,2722.202766,2722.202766,755.009666
Terraced,1,H2,safe_unidirectional,best,2722.202766,2722.202766,755.009666
Terraced,1,H2,hybrid_bidirectional,worst,2960.743739,2960.743739,337.262728
Terraced,1,H2,hybrid_bidirectional,best,2960.743739,2960.743739,337.262728
Terraced,1,H3,safe_unidirectional,worst,2357.382766,2357.382766,729.472266
Terraced,1,H3,safe_unidirectional,best,2357.382766,2357.382766,729.472266
Terraced,1,H3,hybrid_bidirectional,worst,2493.555989,2493.555989,444.774296
Terraced,1,H3,hybrid_bidirectional,best,2493.555989,2493.555989,444.774296
Terraced,1,H1,safe_unidirectional,worst,3392.035232,3392.035232,833.319174
Terraced,1,H1,safe_unidirectional,best,3392.035232,3392.035232,833.319174
Terraced,1,H1,hybrid_bidirectional,worst,3594.948896,3594.948896,513.219709
Terraced,1,H1,hybrid_bidirectional,best,3594.948896,3594.948896,513.219709
Terraced,1,H2,safe_unidirectional,worst,2866.388566,2866.388566,796.523908
Terraced,1,H2,safe_unidirectional,best,2866.388566,2866.388566,796.523908
Terraced,1,H2,hybrid_bidirectional,worst,3116.651162,3116.651162,363.921851
Terraced,1,H2,hybrid_bidirectional,best,3116.651162,3116.651162,363.921851
Terraced,1,H3,safe_unidirectional,worst,2501.568566,2501.568566,770.986508
Terraced,1,H3,safe_unidirectional,best,2501.568566,2501.568566,770.986508
Terraced,1,H3,hybrid_bidirectional,worst,2650.090669,2650.090669,479.18224
Terraced,1,H3,hybrid_bidirectional,best,2650.090669,2650.090669,479.18224
Terraced,1,H1,safe_unidirectional,worst,3381.919832,3381.919832,836.250592
Terraced,1,H1,safe_unidirectional,best,3381.919832,3381.919832,836.250592
Terraced,1,H1,hybrid_bidirectional,worst,3584.103589,3584.103589,507.549108
Terraced,1,H1,hybrid_bidirectional,best,3584.103589,3584.103589,507.549108
Terraced,1,H2,safe_unidirectional,worst,2856.273166,2856.273166,799.455326
Terraced,1,H2,safe_unidirectional,best,2856.273166,2856.273166,799.455326
Terraced,1,H2,hybrid_bidirectional,worst,3098.688919,3098.688919,358.566531
Terraced,1,H2,hybrid_bidirectional,best,3098.688919,3098.688919,358.566531
Terraced,1,H3,safe_unidirectional,worst,2491.453166,2491.453166,773.917926
Terraced,1,H3,safe_unidirectional,best,2491.453166,2491.453166,773.917926
Terraced,1,H3,hybrid_bidirectional,worst,2631.442646,2631.442646,491.874949
Terraced,1,H3,hybrid_bidirectional,best,2631.442646,2631.442646,491.874949
Terraced,1,H1,safe_unidirectional,worst,3276.766132,3276.766132,804.813837
Terraced,1,H1,safe_unidirectional,best,3276.766132,3276.766132,804.813837
Terraced,1,H1,hybrid_bidirectional,worst,3480.124426,3480.124426,472.174688
Terraced,1,H1,hybrid_bidirectional,best,3480.124426,3480.124426,472.174688
Terraced,1,H2,safe_unidirectional,worst,2751.119466,2751.119466,768.018571
Terraced,1,H2,safe_unidirectional,best,2751.119466,2751.119466,768.018571
Terraced,1,H2,hybrid_bidirectional,worst,2998.147932,2998.147932,337.582614
Terraced,1,H2,hybrid_bidirectional,best,2998.147932,2998.147932,337.582614
Terraced,1,H3,safe_unidirectional,worst,2386.299466,2386.299466,742.481171
Terraced,1,H3,safe_unidirectional,best,2386.299466,2386.299466,742.481171
Terraced,1,H3,hybrid_bidirectional,worst,2531.144092,2531.144092,457.47642
Terraced,1,H3,hybrid_bidirectional,best,2531.144092,2531.144092,457.47642
Terraced,1,H1,safe_unidirectional,worst,3314.621532,3314.621532,816.004247
Terraced,1,H1,safe_unidirectional,best,3314.621532,3314.621532,816.004247
Terraced,1,H1,hybrid_bidirectional,worst,3506.251566,3506.251566,499.65339
Terraced,1,H1,hybrid_bidirectional,best,3506.251566,3506.251566,499.65339
Terraced,1,H2,safe_unidirectional,worst,2788.974866,2788.974866,779.208981
Terraced,1,H2,safe_unidirectional,best,2788.974866,2788.974866,779.208981
Terraced,1,H2,hybrid_bidirectional,worst,3019.038379,3019.038379,346.735857
Terraced,1,H2,hybrid_bidirectional,best,3019.038379,3019.038379,346.735857
Terraced,1,H3,safe_unidirectional,worst,2424.154866,2424.154866,753.671581
Terraced,1,H3,safe_unidirectional,best,2424.154866,2424.154866,753.671581
Terraced,1,H3,hybrid_bidirectional,worst,2556.591439,2556.591439,464.316136
Terraced,1,H3,hybrid_bidirectional,best,2556.591439,2556.591439,464.316136
Terraced,1,H1,safe_unidirectional,worst,3304.180832,3304.180832,810.087798
Terraced,1,H1,safe_unidirectional,best,3304.180832,3304.180832,810.087798
Terraced,1,H1,hybrid_bidirectional,worst,3498.366766,3498.366766,489.464498
Terraced,1,H1,hybrid_bidirectional,best,3498.366766,3498.366766,489.464498
Terraced,1,H2,safe_unidirectional,worst,2778.534166,2778.534166,773.292532
Terraced,1,H2,safe_unidirectional,best,2778.534166,2778.534166,773.292532
Terraced,1,H2,hybrid_bidirectional,worst,3017.693442,3017.693442,337.088087
Terraced,1,H2,hybrid_bidirectional,best,3017.693442,3017.693442,337.088087
Terraced,1,H3,safe_unidirectional,worst,2413.714166,2413.714166,747.755132
Terraced,1,H3,safe_unidirectional,best,2413.714166,2413.714166,747.755132
Terraced,1,H3,hybrid_bidirectional,worst,2546.760349,2546.760349,463.035422
Terraced,1,H3,hybrid_bidirectional,best,2546.760349,2546.760349,463.035422
Terraced,1,H1,safe_unidirectional,worst,3332.839232,3332.839232,819.136586
Terraced,1,H1,safe_unidirectional,best,3332.839232,3332.839232,819.136586
Terraced,1,H1,hybrid_bidirectional,worst,3532.862982,3532.862982,496.420417
Terraced,1,H1,hybrid_bidirectional,best,3532.862982,3532.862982,496.420417
Terraced,1,H2,safe_unidirectional,worst,2807.192566,2807.192566,782.34132
Terraced,1,H2,safe_unidirectional,best,2807.192566,2807.192566,782.34132
Terraced,1,H2,hybrid_bidirectional,worst,3062.659522,3062.659522,345.433753
Terraced,1,H2,hybrid_bidirectional,best,3062.659522,3062.659522,345.433753
Terraced,1,H3,safe_unidirectional,worst,2442.372566,2442.372566,756.80392
Terraced,1,H3,safe_unidirectional,best,2442.372566,2442.372566,756.80392
Terraced,1,H3,hybrid_bidirectional,worst,2588.079566,2588.079566,474.063117
Terraced,1,H3,hybrid_bidirectional,best,2588.079566,2588.079566,474.063117
Terraced,1,H1,safe_unidirectional,worst,3335.841732,3335.841732,817.711533
Terraced,1,H1,safe_unidirectional,best,3335.841732,3335.841732,817.711533
Terraced,1,H1,hybrid_bidirectional,worst,3530.803299,3530.803299,507.515575
Terraced,1,H1,hybrid_bidirectional,best,3530.803299,3530.803299,507.515575
Terraced,1,H2,safe_unidirectional,worst,2810.195066,2810.195066,780.916267
Terraced,1,H2,safe_unidirectional,best,2810.195066,2810.195066,780.916267
Terraced,1,H2,hybrid_bidirectional,worst,3062.296972,3062.296972,351.349982
Terraced,1,H2,hybrid_bidirectional,best,3062.296972,3062.296972,351.349982
Terraced,1,H3,safe_unidirectional,worst,2445.375066,2445.375066,755.378867
Terraced,1,H3,safe_unidirectional,best,2445.375066,2445.375066,755.378867
Terraced,1,H3,hybrid_bidirectional,worst,2580.934719,2580.934719,473.312796
Terraced,1,H3,hybrid_bidirectional,best,2580.934719,2580.934719,473.312796
Terraced,1,H1,safe_unidirectional,worst,3167.665032,3167.665032,771.596072
Terraced,1,H1,safe_unidirectional,best,3167.665032,3167.665032,771.596072
Terraced,1,H1,hybrid_bidirectional,worst,3350.540866,3350.540866,471.204809
Terraced,1,H1,hybrid_bidirectional,best,3350.540866,3350.540866,471.204809
Terraced,1,H2,safe_unidirectional,worst,2642.018366,2642.018366,734.800806
Terraced,1,H2,safe_unidirectional,best,2642.018366,2642.018366,734.800806
Terraced,1,H2,hybrid_bidirectional,worst,2872.245962,2872.245962,313.103852
Terraced,1,H2,hybrid_bidirectional,best,2872.245962,2872.245962,313.103852
Terraced,1,H3,safe_unidirectional,worst,2277.198366,2277.198366,709.263406
Terraced,1,H3,safe_unidirectional,best,2277.198366,2277.198366,709.263406
Terraced,1,H3,hybrid_bidirectional,worst,2411.971206,2411.971206,422.775273
Terraced,1,H3,hybrid_bidirectional,best,2411.971206,2411.971206,422.775273
Terraced,1,H1,safe_unidirectional,worst,3306.655732,3306.655732,814.444241
Terraced,1,H1,safe_unidirectional,best,3306.655732,3306.655732,814.444241
Terraced,1,H1,hybrid_bidirectional,worst,3498.174722,3498.174722,492.348683
Terraced,1,H1,hybrid_bidirectional,best,3498.174722,3498.174722,492.348683
Terraced,1,H2,safe_unidirectional,worst,2781.009066,2781.009066,777.648975
Terraced,1,H2,safe_unidirectional,best,2781.009066,2781.009066,777.648975
Terraced,1,H2,hybrid_bidirectional,worst,3025.011986,3025.011986,333.811661
Terraced,1,H2,hybrid_bidirectional,best,3025.011986,3025.011986,333.811661
Terraced,1,H3,safe_unidirectional,worst,2416.189066,2416.189066,752.111575
Terraced,1,H3,safe_unidirectional,best,2416.189066,2416.189066,752.111575
Terraced,1,H3,hybrid_bidirectional,worst,2549.920372,2549.920372,460.497876
Terraced,1,H3,hybrid_bidirectional,best,2549.920372,2549.920372,460.497876
Terraced,1,H1,safe_unidirectional,worst,3289.554832,3289.554832,811.572274
Terraced,1,H1,safe_unidirectional,best,3289.554832,3289.554832,811.572274
Terraced,1,H1,hybrid_bidirectional,worst,3478.144772,3478.144772,497.402177
Terraced,1,H1,hybrid_bidirectional,best,3478.144772,3478.144772,497.402177
Terraced,1,H2,safe_unidirectional,worst,2763.908166,2763.908166,774.777008
Terraced,1,H2,safe_unidirectional,best,2763.908166,2763.908166,774.777008
Terraced,1,H2,hybrid_bidirectional,worst,3008.919666,3008.919666,335.811479
Terraced,1,H2,hybrid_bidirectional,best,3008.919666,3008.919666,335.811479
Terraced,1,H3,safe_unidirectional,worst,2399.088166,2399.088166,749.239608
Terraced,1,H3,safe_unidirectional,best,2399.088166,2399.088166,749.239608
Terraced,1,H3,hybrid_bidirectional,worst,2547.009949,2547.009949,451.251362
Terraced,1,H3,hybrid_bidirectional,best,2547.009949,2547.009949,451.251362
Terraced,1,H1,safe_unidirectional,worst,3320.360532,3320.360532,815.495025
Terraced,1,H1,safe_unidirectional,best,3320.360532,3320.360532,815.495025
Terraced,1,H1,hybrid_bidirectional,worst,3515.425202,3515.425202,500.256266
Terraced,1,H1,hybrid_bidirectional,best,3515.425202,3515.425202,500.256266
Terraced,1,H2,safe_unidirectional,worst,2794.713866,2794.713866,778.699759
Terraced,1,H2,safe_unidirectional,best,2794.713866,2794.713866,778.699759
Terraced,1,H2,hybrid_bidirectional,worst,3036.766059,3036.766059,345.62077
Terraced,1,H2,hybrid_bidirectional,best,3036.766059,3036.766059,345.62077
Terraced,1,H3,safe_unidirectional,worst,2429.893866,2429.893866,753.162359
Terraced,1,H3,safe_unidirectional,best,2429.893866,2429.893866,753.162359
Terraced,1,H3,hybrid_bidirectional,worst,2564.680719,2564.680719,472.11742
Terraced,1,H3,hybrid_bidirectional,best,2564.680719,2564.680719,472.11742
Terraced,1,H1,safe_unidirectional,worst,3195.644932,3195.644932,769.672353
Terraced,1,H1,safe_unidirectional,best,3195.644932,3195.644932,769.672353
Terraced,1,H1,hybrid_bidirectional,worst,3384.746652,3384.746652,465.779368
Terraced,1,H1,hybrid_bidirectional,best,3384.746652,3384.746652,465.779368
Terraced,1,H2,safe_unidirectional,worst,2669.998266,2669.998266,732.877087
Terraced,1,H2,safe_unidirectional,best,2669.998266,2669.998266,732.877087
Terraced,1,H2,hybrid_bidirectional,worst,2899.501219,2899.501219,336.526003
Terraced,1,H2,hybrid_bidirectional,best,2899.501219,2899.501219,336.526003
Terraced,1,H3,safe_unidirectional,worst,2305.178266,2305.178266,707.339687
Terraced,1,H3,safe_unidirectional,best,2305.178266,2305.178266,707.339687
Terraced,1,H3,hybrid_bidirectional,worst,2447.227036,2447.227036,435.708272
Terraced,1,H3,hybrid_bidirectional,best,2447.227036,2447.227036,435.708272
Terraced,1,H1,safe_unidirectional,worst,3172.183532,3172.183532,771.757499
Terraced,1,H1,safe_unidirectional,best,3172.183532,3172.183532,771.757499
Terraced,1,H1,hybrid_bidirectional,worst,3359.379316,3359.379316,468.513065
Terraced,1,H1,hybrid_bidirectional,best,3359.379316,3359.379316,468.513065
Terraced,1,H2,safe_unidirectional,worst,2646.536866,2646.536866,734.962233
Terraced,1,H2,safe_unidirectional,best,2646.536866,2646.536866,734.962233
Terraced,1,H2,hybrid_bidirectional,worst,2875.768952,2875.768952,317.189631
Terraced,1,H2,hybrid_bidirectional,best,2875.768952,2875.768952,317.189631
Terraced,1,H3,safe_unidirectional,worst,2281.716866,2281.716866,709.424833
Terraced,1,H3,safe_unidirectional,best,2281.716866,2281.716866,709.424833
Terraced,1,H3,hybrid_bidirectional,worst,2421.176889,2421.176889,420.729626
Terraced,1,H3,hybrid_bidirectional,best,2421.176889,2421.176889,420.729626
Terraced,1,H1,safe_unidirectional,worst,3389.335332,3389.335332,829.258817
Terraced,1,H1,safe_unidirectional,best,3389.335332,3389.335332,829.258817
Terraced,1,H1,hybrid_bidirectional,worst,3587.827529,3587.827529,513.71753
Terraced,1,H1,hybrid_bidirectional,best,3587.827529,3587.827529,513.71753
Terraced,1,H2,safe_unidirectional,worst,2863.688666,2863.688666,792.463551
Terraced,1,H2,safe_unidirectional,best,2863.688666,2863.688666,792.463551
Terraced,1,H2,hybrid_bidirectional,worst,3100.092119,3100.092119,365.548609
Terraced,1,H2,hybrid_bidirectional,best,3100.092119,3100.092119,365.548609
Terraced,1,H3,safe_unidirectional,worst,2498.868666,2498.868666,766.926151
Terraced,1,H3,safe_unidirectional,best,2498.868666,2498.868666,766.926151
Terraced,1,H3,hybrid_bidirectional,worst,2637.006126,2637.006126,479.422185
Terraced,1,H3,hybrid_bidirectional,best,2637.006126,2637.006126,479.422185
