Archetype,House number,CAH Type,Operation,Solar,Grid Import,Total Load,Total Cost
Detached,1,H1,safe_unidirectional,worst,2215.45017,3579.131432,527.687787
Detached,1,H1,safe_unidirectional,best,1713.463879,3579.131432,398.165418
Detached,1,H1,hybrid_bidirectional,worst,2233.227692,3714.823106,281.473387
Detached,1,H1,hybrid_bidirectional,best,1628.876006,3679.780963,186.43453
Detached,1,H2,safe_unidirectional,worst,1737.042308,3053.484766,465.568468
Detached,1,H2,safe_unidirectional,best,1268.197695,3053.484766,330.245507
Detached,1,H2,hybrid_bidirectional,worst,1646.569859,3215.137112,186.765159
Detached,1,H2,hybrid_bidirectional,best,1070.516751,3179.858152,114.582732
Detached,1,H3,safe_unidirectional,worst,1410.158776,2688.664766,422.752454
Detached,1,H3,safe_unidirectional,best,966.317903,2688.664766,278.171614
Detached,1,H3,hybrid_bidirectional,worst,1234.304696,2814.645492,223.326193
Detached,1,H3,hybrid_bidirectional,best,793.179675,2798.301126,132.726167
Detached,1,H1,safe_unidirectional,worst,2244.642785,3590.363132,538.679526
Detached,1,H1,safe_unidirectional,best,1790.775042,3590.363132,418.045168
Detached,1,H1,hybrid_bidirectional,worst,2262.125175,3724.798524,288.239118
Detached,1,H1,hybrid_bidirectional,best,1718.719057,3696.579286,197.31193
Detached,1,H2,safe_unidirectional,worst,1764.251835,3064.716466,476.089184
Detached,1,H2,safe_unidirectional,best,1335.370307,3064.716466,347.275521
Detached,1,H2,hybrid_bidirectional,worst,1693.627468,3238.937682,176.050093
Detached,1,H2,hybrid_bidirectional,best,1159.729397,3207.037133,108.315335
Detached,1,H3,safe_unidirectional,worst,1445.282373,2699.896466,434.258232
Detached,1,H3,safe_unidirectional,best,1032.273633,2699.896466,298.324488
Detached,1,H3,hybrid_bidirectional,worst,1312.90922,2808.580064,234.848177
Detached,1,H3,hybrid_bidirectional,best,815.944388,2813.339962,127.717477
Detached,1,H1,safe_unidirectional,worst,2223.415966,3562.672032,528.825278
Detached,1,H1,safe_unidirectional,best,1779.888081,3562.672032,414.070331
Detached,1,H1,hybrid_bidirectional,worst,2233.650611,3699.079546,277.360862
Detached,1,H1,hybrid_bidirectional,best,1707.778176,3666.018281,194.432006
Detached,1,H2,safe_unidirectional,worst,1743.536365,3037.025366,469.516088
Detached,1,H2,safe_unidirectional,best,1328.839219,3037.025366,345.722588
Detached,1,H2,hybrid_bidirectional,worst,1638.631996,3205.746125,176.76185
Detached,1,H2,hybrid_bidirectional,best,1110.340855,3173.335114,112.208896
Detached,1,H3,safe_unidirectional,worst,1412.474535,2672.205366,425.058397
Detached,1,H3,safe_unidirectional,best,1017.853065,2672.205366,296.108666
Detached,1,H3,hybrid_bidirectional,worst,1254.705337,2803.5379,220.417413
Detached,1,H3,hybrid_bidirectional,best,819.52428,2792.18594,134.460926
Detached,1,H1,safe_unidirectional,worst,2219.321514,3643.016232,528.589367
Detached,1,H1,safe_unidirectional,best,1759.108079,3643.016232,410.261113
Detached,1,H1,hybrid_bidirectional,worst,2225.644766,3771.940588,288.034951
Detached,1,H1,hybrid_bidirectional,best,1669.923266,3738.595396,199.301933
Detached,1,H2,safe_unidirectional,worst,1753.81262,3117.369566,468.660095
Detached,1,H2,safe_unidirectional,best,1307.226987,3117.369566,336.42787
Detached,1,H2,hybrid_bidirectional,worst,1659.875656,3270.132636,183.659515
Detached,1,H2,hybrid_bidirectional,best,1090.267156,3230.309961,116.759369
Detached,1,H3,safe_unidirectional,worst,1423.541557,2752.549566,421.909865
Detached,1,H3,safe_unidirectional,best,1002.813475,2752.549566,284.411586
Detached,1,H3,hybrid_bidirectional,worst,1272.433323,2867.710879,215.708144
Detached,1,H3,hybrid_bidirectional,best,744.942648,2852.446508,117.680328
Detached,1,H1,safe_unidirectional,worst,2420.131607,3772.758032,601.414545
Detached,1,H1,safe_unidirectional,best,1929.619299,3772.758032,469.737055
Detached,1,H1,hybrid_bidirectional,worst,2428.724348,3909.022119,331.808734
Detached,1,H1,hybrid_bidirectional,best,1842.650303,3878.592419,231.985723
Detached,1,H2,safe_unidirectional,worst,1935.836534,3247.111366,537.232904
Detached,1,H2,safe_unidirectional,best,1475.585114,3247.111366,400.02866
Detached,1,H2,hybrid_bidirectional,worst,1857.614391,3404.334326,227.933027
Detached,1,H2,hybrid_bidirectional,best,1285.512701,3360.482298,153.021717
Detached,1,H3,safe_unidirectional,worst,1621.013058,2882.291366,495.587685
Detached,1,H3,safe_unidirectional,best,1177.916641,2882.291366,350.873386
Detached,1,H3,hybrid_bidirectional,worst,1437.544766,3012.013673,257.778807
Detached,1,H3,hybrid_bidirectional,best,900.267923,2992.858557,150.328234
Detached,1,H1,safe_unidirectional,worst,2175.655602,3555.394732,519.833202
Detached,1,H1,safe_unidirectional,best,1723.955685,3555.394732,401.65802
Detached,1,H1,hybrid_bidirectional,worst,2183.057917,3682.733327,277.928396
Detached,1,H1,hybrid_bidirectional,best,1656.092,3650.848531,186.725508
Detached,1,H2,safe_unidirectional,worst,1702.802359,3029.748066,454.462649
Detached,1,H2,safe_unidirectional,best,1281.276464,3029.748066,331.572865
Detached,1,H2,hybrid_bidirectional,worst,1620.628743,3186.438438,183.479926
Detached,1,H2,hybrid_bidirectional,best,1083.523715,3154.161589,113.623625
Detached,1,H3,safe_unidirectional,worst,1382.57338,2664.928066,410.905735
Detached,1,H3,safe_unidirectional,best,980.209263,2664.928066,281.425784
Detached,1,H3,hybrid_bidirectional,worst,1255.757177,2783.995105,212.716854
Detached,1,H3,hybrid_bidirectional,best,811.872622,2775.782141,129.674013
Detached,1,H1,safe_unidirectional,worst,2167.882923,3550.676432,511.40506
Detached,1,H1,safe_unidirectional,best,1731.957215,3550.676432,406.625025
Detached,1,H1,hybrid_bidirectional,worst,2176.345499,3679.51222,269.906764
Detached,1,H1,hybrid_bidirectional,best,1643.392981,3647.780658,188.830865
Detached,1,H2,safe_unidirectional,worst,1675.102547,3025.029766,449.227982
Detached,1,H2,safe_unidirectional,best,1263.061527,3025.029766,331.169251
Detached,1,H2,hybrid_bidirectional,worst,1587.131963,3183.147121,168.358241
Detached,1,H2,hybrid_bidirectional,best,1047.802447,3148.303572,108.627987
Detached,1,H3,safe_unidirectional,worst,1346.493842,2660.209766,402.171182
Detached,1,H3,safe_unidirectional,best,959.97413,2660.209766,278.258967
Detached,1,H3,hybrid_bidirectional,worst,1223.833979,2781.379587,202.879117
Detached,1,H3,hybrid_bidirectional,best,744.801427,2771.686015,119.601635
Detached,1,H1,safe_unidirectional,worst,2321.214332,3681.448832,565.903156
Detached,1,H1,safe_unidirectional,best,1852.074167,3681.448832,442.462085
Detached,1,H1,hybrid_bidirectional,worst,2330.634212,3825.804901,302.068836
Detached,1,H1,hybrid_bidirectional,best,1754.482099,3792.109861,212.516183
Detached,1,H2,safe_unidirectional,worst,1840.844485,3155.802166,503.499762
Detached,1,H2,safe_unidirectional,best,1392.888311,3155.802166,371.018832
Detached,1,H2,hybrid_bidirectional,worst,1752.402087,3338.734987,187.254581
Detached,1,H2,hybrid_bidirectional,best,1179.485023,3302.808969,120.932381
Detached,1,H3,safe_unidirectional,worst,1529.043744,2790.982166,464.469911
Detached,1,H3,safe_unidirectional,best,1105.955844,2790.982166,327.048913
Detached,1,H3,hybrid_bidirectional,worst,1361.0265,2928.099255,240.085663
Detached,1,H3,hybrid_bidirectional,best,840.689116,2924.324168,141.308773
Detached,1,H1,safe_unidirectional,worst,2256.458439,3609.795832,533.359683
Detached,1,H1,safe_unidirectional,best,1787.984175,3609.795832,417.536255
Detached,1,H1,hybrid_bidirectional,worst,2266.047855,3752.094289,282.88913
Detached,1,H1,hybrid_bidirectional,best,1715.802367,3718.623652,196.722967
Detached,1,H2,safe_unidirectional,worst,1775.251743,3084.149166,471.131478
Detached,1,H2,safe_unidirectional,best,1327.226672,3084.149166,342.686294
Detached,1,H2,hybrid_bidirectional,worst,1706.724282,3261.117825,184.240431
Detached,1,H2,hybrid_bidirectional,best,1156.674578,3224.201458,122.817619
Detached,1,H3,safe_unidirectional,worst,1457.595042,2719.329166,431.647793
Detached,1,H3,safe_unidirectional,best,1033.731674,2719.329166,294.960444
Detached,1,H3,hybrid_bidirectional,worst,1296.135484,2857.289183,208.373646
Detached,1,H3,hybrid_bidirectional,best,803.879231,2843.448735,125.429185
Detached,1,H1,safe_unidirectional,worst,2205.89547,3554.389532,530.771731
Detached,1,H1,safe_unidirectional,best,1733.237751,3554.389532,406.73564
Detached,1,H1,hybrid_bidirectional,worst,2191.860004,3677.86759,290.894181
Detached,1,H1,hybrid_bidirectional,best,1630.584448,3642.682343,197.755021
Detached,1,H2,safe_unidirectional,worst,1729.950253,3028.742866,467.442089
Detached,1,H2,safe_unidirectional,best,1274.991498,3028.742866,333.288722
Detached,1,H2,hybrid_bidirectional,worst,1626.454073,3187.795727,172.071623
Detached,1,H2,hybrid_bidirectional,best,1064.025953,3146.561017,106.460473
Detached,1,H3,safe_unidirectional,worst,1414.906924,2663.922866,426.287325
Detached,1,H3,safe_unidirectional,best,978.058718,2663.922866,283.884731
Detached,1,H3,hybrid_bidirectional,worst,1250.678408,2777.062139,215.784614
Detached,1,H3,hybrid_bidirectional,best,773.547922,2762.480211,132.212375
Detached,1,H1,safe_unidirectional,worst,2099.84127,3473.586332,496.400309
Detached,1,H1,safe_unidirectional,best,1654.169335,3473.586332,381.814125
Detached,1,H1,hybrid_bidirectional,worst,2084.494483,3589.887423,266.295715
Detached,1,H1,hybrid_bidirectional,best,1556.414913,3560.305443,178.843018
Detached,1,H2,safe_unidirectional,worst,1619.625224,2947.939666,432.409351
Detached,1,H2,safe_unidirectional,best,1195.211887,2947.939666,308.016919
Detached,1,H2,hybrid_bidirectional,worst,1502.995888,3098.266844,164.148333
Detached,1,H2,hybrid_bidirectional,best,967.731929,3063.841216,101.638015
Detached,1,H3,safe_unidirectional,worst,1301.117242,2583.119666,391.186554
Detached,1,H3,safe_unidirectional,best,895.049395,2583.119666,260.246514
Detached,1,H3,hybrid_bidirectional,worst,1132.145291,2693.582034,182.980736
Detached,1,H3,hybrid_bidirectional,best,663.933103,2682.1976,98.609007
Detached,1,H1,safe_unidirectional,worst,2254.95901,3642.567632,537.280639
Detached,1,H1,safe_unidirectional,best,1796.170432,3642.567632,415.897187
Detached,1,H1,hybrid_bidirectional,worst,2260.121612,3778.780181,295.819508
Detached,1,H1,hybrid_bidirectional,best,1700.888132,3747.408708,198.398815
Detached,1,H2,safe_unidirectional,worst,1774.718288,3116.920966,472.498045
Detached,1,H2,safe_unidirectional,best,1334.334681,3116.920966,343.301699
Detached,1,H2,hybrid_bidirectional,worst,1652.529058,3286.78075,184.584041
Detached,1,H2,hybrid_bidirectional,best,1096.748362,3250.976077,111.795546
Detached,1,H3,safe_unidirectional,worst,1452.261323,2752.100966,429.417177
Detached,1,H3,safe_unidirectional,best,1032.963701,2752.100966,293.730853
Detached,1,H3,hybrid_bidirectional,worst,1254.793794,2882.515164,208.457296
Detached,1,H3,hybrid_bidirectional,best,753.378836,2874.621016,117.22623
Detached,1,H1,safe_unidirectional,worst,2149.99094,3471.834032,514.815377
Detached,1,H1,safe_unidirectional,best,1690.111169,3471.834032,395.126565
Detached,1,H1,hybrid_bidirectional,worst,2145.652994,3589.428379,279.225411
Detached,1,H1,hybrid_bidirectional,best,1585.096317,3560.173048,192.509803
Detached,1,H2,safe_unidirectional,worst,1676.90254,2946.187366,455.443002
Detached,1,H2,safe_unidirectional,best,1242.05622,2946.187366,328.055169
Detached,1,H2,hybrid_bidirectional,worst,1582.16537,3083.582163,172.148741
Detached,1,H2,hybrid_bidirectional,best,1002.267675,3046.779756,104.974973
Detached,1,H3,safe_unidirectional,worst,1362.31458,2581.367366,410.507348
Detached,1,H3,safe_unidirectional,best,945.556648,2581.367366,277.027657
Detached,1,H3,hybrid_bidirectional,worst,1252.034829,2688.171828,209.498821
Detached,1,H3,hybrid_bidirectional,best,751.770921,2672.174981,112.880064
Detached,1,H1,safe_unidirectional,worst,2361.537326,3745.925732,567.744872
Detached,1,H1,safe_unidirectional,best,1882.851998,3745.925732,442.265881
Detached,1,H1,hybrid_bidirectional,worst,2374.103283,3889.447082,301.942457
Detached,1,H1,hybrid_bidirectional,best,1799.557355,3857.232556,206.432551
Detached,1,H2,safe_unidirectional,worst,1884.4641,3220.279066,505.796494
Detached,1,H2,safe_unidirectional,best,1423.436142,3220.279066,371.189299
Detached,1,H2,hybrid_bidirectional,worst,1777.436414,3398.057321,195.666826
Detached,1,H2,hybrid_bidirectional,best,1189.716565,3362.333161,120.047272
Detached,1,H3,safe_unidirectional,worst,1549.645014,2855.459066,462.140541
Detached,1,H3,safe_unidirectional,best,1105.604384,2855.459066,316.412385
Detached,1,H3,hybrid_bidirectional,worst,1348.541657,2990.294085,235.315633
Detached,1,H3,hybrid_bidirectional,best,863.881508,2975.253676,141.578675
Detached,1,H1,safe_unidirectional,worst,2224.440713,3572.041032,536.065054
Detached,1,H1,safe_unidirectional,best,1762.251485,3572.041032,415.148035
Detached,1,H1,hybrid_bidirectional,worst,2224.463816,3704.803903,286.733716
Detached,1,H1,hybrid_bidirectional,best,1673.59301,3676.179827,193.294232
Detached,1,H2,safe_unidirectional,worst,1756.341095,3046.394366,476.176946
Detached,1,H2,safe_unidirectional,best,1313.599131,3046.394366,344.211925
Detached,1,H2,hybrid_bidirectional,worst,1668.624451,3200.786013,183.338781
Detached,1,H2,hybrid_bidirectional,best,1124.051328,3162.782907,117.845033
Detached,1,H3,safe_unidirectional,worst,1433.875194,2681.574366,430.753202
Detached,1,H3,safe_unidirectional,best,1018.105671,2681.574366,295.89266
Detached,1,H3,hybrid_bidirectional,worst,1284.81391,2792.052194,226.256065
Detached,1,H3,hybrid_bidirectional,best,833.75952,2770.573802,141.341402
Detached,1,H1,safe_unidirectional,worst,2136.222451,3438.982432,500.54995
Detached,1,H1,safe_unidirectional,best,1699.569309,3438.982432,392.535234
Detached,1,H1,hybrid_bidirectional,worst,2119.258514,3561.594969,269.886543
Detached,1,H1,hybrid_bidirectional,best,1602.02076,3530.544804,186.037954
Detached,1,H2,safe_unidirectional,worst,1664.087747,2913.335766,438.471489
Detached,1,H2,safe_unidirectional,best,1261.337964,2913.335766,322.306465
Detached,1,H2,hybrid_bidirectional,worst,1563.365872,3062.50701,171.973904
Detached,1,H2,hybrid_bidirectional,best,1054.885115,3033.081739,110.340732
Detached,1,H3,safe_unidirectional,worst,1341.007163,2548.515766,394.487756
Detached,1,H3,safe_unidirectional,best,956.598489,2548.515766,271.278895
Detached,1,H3,hybrid_bidirectional,worst,1214.513644,2652.326499,206.98677
Detached,1,H3,hybrid_bidirectional,best,785.490079,2647.991819,122.077578
Detached,1,H1,safe_unidirectional,worst,2240.489061,3616.463132,540.760199
Detached,1,H1,safe_unidirectional,best,1764.858868,3616.463132,414.029704
Detached,1,H1,hybrid_bidirectional,worst,2237.005419,3742.205179,295.333391
Detached,1,H1,hybrid_bidirectional,best,1677.993793,3711.771418,194.547331
Detached,1,H2,safe_unidirectional,worst,1767.920497,3090.816466,480.963396
Detached,1,H2,safe_unidirectional,best,1306.105936,3090.816466,343.429937
Detached,1,H2,hybrid_bidirectional,worst,1672.625227,3253.807903,187.97867
Detached,1,H2,hybrid_bidirectional,best,1090.433861,3218.066911,115.077926
Detached,1,H3,safe_unidirectional,worst,1436.256072,2725.996466,435.395785
Detached,1,H3,safe_unidirectional,best,989.129327,2725.996466,289.427537
Detached,1,H3,hybrid_bidirectional,worst,1285.181976,2845.667028,225.312548
Detached,1,H3,hybrid_bidirectional,best,773.943782,2836.524494,126.349892
Detached,1,H1,safe_unidirectional,worst,2172.457185,3520.337832,519.596855
Detached,1,H1,safe_unidirectional,best,1717.053215,3520.337832,397.716837
Detached,1,H1,hybrid_bidirectional,worst,2190.283398,3647.380024,283.557605
Detached,1,H1,hybrid_bidirectional,best,1623.419917,3617.499554,192.665066
Detached,1,H2,safe_unidirectional,worst,1702.709084,2994.691166,459.94063
Detached,1,H2,safe_unidirectional,best,1270.411316,2994.691166,328.921809
Detached,1,H2,hybrid_bidirectional,worst,1641.447984,3152.03592,184.669208
Detached,1,H2,hybrid_bidirectional,best,1081.416661,3118.926624,114.566079
Detached,1,H3,safe_unidirectional,worst,1389.156162,2629.871166,417.534593
Detached,1,H3,safe_unidirectional,best,966.822768,2629.871166,279.944919
Detached,1,H3,hybrid_bidirectional,worst,1291.889722,2737.490574,223.384059
Detached,1,H3,hybrid_bidirectional,best,792.705185,2737.625,129.170577
Detached,1,H1,safe_unidirectional,worst,2230.358814,3607.047532,535.9464
Detached,1,H1,safe_unidirectional,best,1765.096783,3607.047532,414.088564
Detached,1,H1,hybrid_bidirectional,worst,2244.396154,3741.515877,293.696598
Detached,1,H1,hybrid_bidirectional,best,1689.050385,3707.953767,202.452456
Detached,1,H2,safe_unidirectional,worst,1753.01307,3081.400866,475.066609
Detached,1,H2,safe_unidirectional,best,1321.674101,3081.400866,347.416321
Detached,1,H2,hybrid_bidirectional,worst,1676.99639,3245.206113,184.325475
Detached,1,H2,hybrid_bidirectional,best,1141.833432,3212.252971,121.077942
Detached,1,H3,safe_unidirectional,worst,1440.366404,2716.580866,433.729964
Detached,1,H3,safe_unidirectional,best,1032.977158,2716.580866,301.48438
Detached,1,H3,hybrid_bidirectional,worst,1313.388088,2838.165687,229.988899
Detached,1,H3,hybrid_bidirectional,best,848.337296,2833.4791,137.309647
Detached,1,H1,safe_unidirectional,worst,2282.388485,3682.669932,546.916476
Detached,1,H1,safe_unidirectional,best,1832.238224,3682.669932,429.328106
Detached,1,H1,hybrid_bidirectional,worst,2284.812602,3823.010408,294.884032
Detached,1,H1,hybrid_bidirectional,best,1731.87115,3791.997399,201.107537
Detached,1,H2,safe_unidirectional,worst,1800.487646,3157.023266,483.31519
Detached,1,H2,safe_unidirectional,best,1369.163708,3157.023266,354.738082
Detached,1,H2,hybrid_bidirectional,worst,1691.533036,3332.812338,189.26879
Detached,1,H2,hybrid_bidirectional,best,1174.241474,3299.416944,118.108783
Detached,1,H3,safe_unidirectional,worst,1466.422335,2792.203266,438.823012
Detached,1,H3,safe_unidirectional,best,1053.011062,2792.203266,304.731801
Detached,1,H3,hybrid_bidirectional,worst,1312.329001,2919.433374,234.360715
Detached,1,H3,hybrid_bidirectional,best,874.563756,2912.573486,145.043531
Detached,1,H1,safe_unidirectional,worst,2228.098185,3596.732632,529.865299
Detached,1,H1,safe_unidirectional,best,1749.276146,3596.732632,410.875151
Detached,1,H1,hybrid_bidirectional,worst,2231.759638,3719.556792,293.302333
Detached,1,H1,hybrid_bidirectional,best,1654.575799,3684.030952,204.867372
Detached,1,H2,safe_unidirectional,worst,1745.219754,3071.085966,467.629903
Detached,1,H2,safe_unidirectional,best,1285.021836,3071.085966,334.131209
Detached,1,H2,hybrid_bidirectional,worst,1635.291279,3230.954149,191.094978
Detached,1,H2,hybrid_bidirectional,best,1069.80378,3193.317339,126.166855
Detached,1,H3,safe_unidirectional,worst,1415.95906,2706.265966,425.765653
Detached,1,H3,safe_unidirectional,best,984.542307,2706.265966,285.592966
Detached,1,H3,hybrid_bidirectional,worst,1236.752252,2835.998513,215.756543
Detached,1,H3,hybrid_bidirectional,best,761.930965,2824.941882,128.094251
Detached,1,H1,safe_unidirectional,worst,2162.759252,3544.048532,512.915749
Detached,1,H1,safe_unidirectional,best,1743.55055,3544.048532,405.740605
Detached,1,H1,hybrid_bidirectional,worst,2174.840064,3670.178315,280.289141
Detached,1,H1,hybrid_bidirectional,best,1647.262603,3638.578799,198.178716
Detached,1,H2,safe_unidirectional,worst,1677.796801,3018.401866,448.248272
Detached,1,H2,safe_unidirectional,best,1286.235124,3018.401866,332.450335
Detached,1,H2,hybrid_bidirectional,worst,1630.989864,3171.161017,186.813648
Detached,1,H2,hybrid_bidirectional,best,1114.051455,3146.132791,116.130475
Detached,1,H3,safe_unidirectional,worst,1369.34645,2653.581866,408.041479
Detached,1,H3,safe_unidirectional,best,982.536805,2653.581866,281.602064
Detached,1,H3,hybrid_bidirectional,worst,1234.707773,2767.134225,221.295051
Detached,1,H3,hybrid_bidirectional,best,783.475611,2763.7564,137.22365
Detached,1,H1,safe_unidirectional,worst,2384.428608,3794.673032,572.611469
Detached,1,H1,safe_unidirectional,best,1931.555419,3794.673032,452.073776
Detached,1,H1,hybrid_bidirectional,worst,2413.393528,3936.022845,325.613709
Detached,1,H1,hybrid_bidirectional,best,1845.338462,3904.587017,230.709803
Detached,1,H2,safe_unidirectional,worst,1906.547985,3269.026366,508.773796
Detached,1,H2,safe_unidirectional,best,1472.069296,3269.026366,378.36897
Detached,1,H2,hybrid_bidirectional,worst,1835.896673,3448.283363,210.284267
Detached,1,H2,hybrid_bidirectional,best,1277.960673,3413.756381,142.60715
Detached,1,H3,safe_unidirectional,worst,1586.724237,2904.206366,464.97369
Detached,1,H3,safe_unidirectional,best,1171.01015,2904.206366,330.679684
Detached,1,H3,hybrid_bidirectional,worst,1393.950052,3041.763513,248.587332
Detached,1,H3,hybrid_bidirectional,best,896.974751,3033.743386,159.723162
Detached,1,H1,safe_unidirectional,worst,2254.909691,3626.008732,543.982071
Detached,1,H1,safe_unidirectional,best,1780.106364,3626.008732,418.837678
Detached,1,H1,hybrid_bidirectional,worst,2276.002729,3758.595244,296.641634
Detached,1,H1,hybrid_bidirectional,best,1717.55171,3726.54895,203.358341
Detached,1,H2,safe_unidirectional,worst,1781.920057,3100.362066,484.218247
Detached,1,H2,safe_unidirectional,best,1323.556219,3100.362066,348.021235
Detached,1,H2,hybrid_bidirectional,worst,1734.733174,3266.143884,185.434741
Detached,1,H2,hybrid_bidirectional,best,1144.600457,3231.031782,118.544678
Detached,1,H3,safe_unidirectional,worst,1465.446059,2735.542066,439.544905
Detached,1,H3,safe_unidirectional,best,1028.07953,2735.542066,297.18639
Detached,1,H3,hybrid_bidirectional,worst,1352.072326,2861.269061,235.660643
Detached,1,H3,hybrid_bidirectional,best,858.97833,2849.010347,142.260751
Detached,1,H1,safe_unidirectional,worst,2319.736582,3685.814732,562.126859
Detached,1,H1,safe_unidirectional,best,1839.461435,3685.814732,436.538007
Detached,1,H1,hybrid_bidirectional,worst,2348.719804,3827.862705,301.005578
Detached,1,H1,hybrid_bidirectional,best,1764.400461,3798.631569,201.378302
Detached,1,H2,safe_unidirectional,worst,1835.937729,3160.168066,496.048847
Detached,1,H2,safe_unidirectional,best,1379.234044,3160.168066,363.471627
Detached,1,H2,hybrid_bidirectional,worst,1783.634226,3332.336199,191.787764
Detached,1,H2,hybrid_bidirectional,best,1164.669792,3300.394744,113.916086
Detached,1,H3,safe_unidirectional,worst,1532.66473,2795.348066,457.767234
Detached,1,H3,safe_unidirectional,best,1092.603759,2795.348066,316.760617
Detached,1,H3,hybrid_bidirectional,worst,1384.376193,2912.793688,247.079745
Detached,1,H3,hybrid_bidirectional,best,871.931523,2913.194935,141.479655
Detached,1,H1,safe_unidirectional,worst,2193.960314,3571.428432,526.659631
Detached,1,H1,safe_unidirectional,best,1711.929834,3571.428432,399.246024
Detached,1,H1,hybrid_bidirectional,worst,2188.458357,3699.926914,285.496608
Detached,1,H1,hybrid_bidirectional,best,1601.710585,3662.478562,190.30503
Detached,1,H2,safe_unidirectional,worst,1708.191289,3045.781766,462.349856
Detached,1,H2,safe_unidirectional,best,1250.544148,3045.781766,325.758649
Detached,1,H2,hybrid_bidirectional,worst,1564.434541,3189.632038,174.494977
Detached,1,H2,hybrid_bidirectional,best,1048.162981,3154.872189,109.129648
Detached,1,H3,safe_unidirectional,worst,1398.663135,2680.961766,421.34167
Detached,1,H3,safe_unidirectional,best,957.682034,2680.961766,277.202666
Detached,1,H3,hybrid_bidirectional,worst,1237.248055,2782.426324,221.333813
Detached,1,H3,hybrid_bidirectional,best,793.866847,2771.765152,131.334325
Detached,1,H1,safe_unidirectional,worst,2189.886388,3563.655232,523.36877
Detached,1,H1,safe_unidirectional,best,1736.40897,3563.655232,405.882435
Detached,1,H1,hybrid_bidirectional,worst,2204.473051,3696.26812,282.128271
Detached,1,H1,hybrid_bidirectional,best,1657.682252,3661.56632,197.841867
Detached,1,H2,safe_unidirectional,worst,1720.460197,3038.008566,463.077051
Detached,1,H2,safe_unidirectional,best,1287.057199,3038.008566,334.429895
Detached,1,H2,hybrid_bidirectional,worst,1634.792876,3185.702124,184.462633
Detached,1,H2,hybrid_bidirectional,best,1096.785981,3154.906495,122.762072
Detached,1,H3,safe_unidirectional,worst,1403.051188,2673.188566,419.12542
Detached,1,H3,safe_unidirectional,best,996.456455,2673.188566,288.416157
Detached,1,H3,hybrid_bidirectional,worst,1263.169478,2780.802155,218.644858
Detached,1,H3,hybrid_bidirectional,best,806.520964,2778.395907,133.096669
Detached,1,H1,safe_unidirectional,worst,2249.357919,3576.422732,549.871697
Detached,1,H1,safe_unidirectional,best,1796.603327,3576.422732,428.312849
Detached,1,H1,hybrid_bidirectional,worst,2256.609783,3696.249209,313.01672
Detached,1,H1,hybrid_bidirectional,best,1703.031584,3664.549912,216.428149
Detached,1,H2,safe_unidirectional,worst,1780.210095,3050.776066,488.977131
Detached,1,H2,safe_unidirectional,best,1349.002145,3050.776066,362.130841
Detached,1,H2,hybrid_bidirectional,worst,1668.422969,3212.200819,187.07995
Detached,1,H2,hybrid_bidirectional,best,1141.848013,3180.468666,122.507817
Detached,1,H3,safe_unidirectional,worst,1451.188437,2685.956066,442.164029
Detached,1,H3,safe_unidirectional,best,1040.645455,2685.956066,309.75093
Detached,1,H3,hybrid_bidirectional,worst,1339.641512,2789.366431,249.864731
Detached,1,H3,hybrid_bidirectional,best,830.923575,2789.808226,150.314572
Detached,1,H1,safe_unidirectional,worst,2211.729331,3550.197732,520.337418
Detached,1,H1,safe_unidirectional,best,1761.842268,3550.197732,403.270311
Detached,1,H1,hybrid_bidirectional,worst,2220.219451,3679.970608,282.510044
Detached,1,H1,hybrid_bidirectional,best,1665.8773,3650.062197,189.730758
Detached,1,H2,safe_unidirectional,worst,1730.78389,3024.551066,455.987423
Detached,1,H2,safe_unidirectional,best,1302.689433,3024.551066,329.249637
Detached,1,H2,hybrid_bidirectional,worst,1648.803477,3186.83575,176.985024
Detached,1,H2,hybrid_bidirectional,best,1088.034378,3151.617429,111.03232
Detached,1,H3,safe_unidirectional,worst,1405.729103,2659.731066,414.659377
Detached,1,H3,safe_unidirectional,best,994.231062,2659.731066,281.665981
Detached,1,H3,hybrid_bidirectional,worst,1250.19151,2781.223772,210.537174
Detached,1,H3,hybrid_bidirectional,best,754.113187,2771.955579,125.271069
Detached,1,H1,safe_unidirectional,worst,2331.761378,3714.704132,565.239089
Detached,1,H1,safe_unidirectional,best,1884.015022,3714.704132,442.091279
Detached,1,H1,hybrid_bidirectional,worst,2348.963999,3855.427808,314.007634
Detached,1,H1,hybrid_bidirectional,best,1799.654337,3824.84573,220.021357
Detached,1,H2,safe_unidirectional,worst,1855.101668,3189.057466,500.919074
Detached,1,H2,safe_unidirectional,best,1425.224035,3189.057466,370.220663
Detached,1,H2,hybrid_bidirectional,worst,1786.749342,3354.571066,213.254646
Detached,1,H2,hybrid_bidirectional,best,1227.521744,3320.461811,139.29652
Detached,1,H3,safe_unidirectional,worst,1541.620256,2824.237466,459.382179
Detached,1,H3,safe_unidirectional,best,1130.712578,2824.237466,325.979368
Detached,1,H3,hybrid_bidirectional,worst,1432.110251,2935.11422,261.547388
Detached,1,H3,hybrid_bidirectional,best,900.260114,2926.003311,152.880787
Detached,1,H1,safe_unidirectional,worst,2371.451936,3728.861832,574.808753
Detached,1,H1,safe_unidirectional,best,1884.001748,3728.861832,450.708366
Detached,1,H1,hybrid_bidirectional,worst,2378.271155,3869.35952,315.660393
Detached,1,H1,hybrid_bidirectional,best,1792.387498,3833.307787,220.241384
Detached,1,H2,safe_unidirectional,worst,1889.130482,3203.215166,509.67364
Detached,1,H2,safe_unidirectional,best,1422.184733,3203.215166,375.19903
Detached,1,H2,hybrid_bidirectional,worst,1784.533921,3395.672319,186.20337
Detached,1,H2,hybrid_bidirectional,best,1203.468085,3352.598662,121.088636
Detached,1,H3,safe_unidirectional,worst,1556.843744,2838.395166,467.053119
Detached,1,H3,safe_unidirectional,best,1120.276114,2838.395166,327.01028
Detached,1,H3,hybrid_bidirectional,worst,1421.233643,2981.586985,241.870345
Detached,1,H3,hybrid_bidirectional,best,894.034013,2983.808635,130.603543
Detached,1,H1,safe_unidirectional,worst,2320.034692,3724.092232,554.706447
Detached,1,H1,safe_unidirectional,best,1866.307229,3724.092232,434.369845
Detached,1,H1,hybrid_bidirectional,worst,2329.255221,3867.188826,300.701032
Detached,1,H1,hybrid_bidirectional,best,1777.794851,3837.325023,208.347373
Detached,1,H2,safe_unidirectional,worst,1840.500632,3198.445566,490.080897
Detached,1,H2,safe_unidirectional,best,1408.943375,3198.445566,361.365607
Detached,1,H2,hybrid_bidirectional,worst,1731.267465,3368.527015,199.326198
Detached,1,H2,hybrid_bidirectional,best,1177.029272,3336.326601,128.808634
Detached,1,H3,safe_unidirectional,worst,1510.639615,2833.625566,447.716778
Detached,1,H3,safe_unidirectional,best,1100.076372,2833.625566,313.29355
Detached,1,H3,hybrid_bidirectional,worst,1342.715913,2954.89623,229.474775
Detached,1,H3,hybrid_bidirectional,best,835.741105,2954.326748,136.866909
Detached,1,H1,safe_unidirectional,worst,2356.782486,3707.372632,561.118271
Detached,1,H1,safe_unidirectional,best,1870.36669,3707.372632,433.251172
Detached,1,H1,hybrid_bidirectional,worst,2365.2548,3852.280764,311.072014
Detached,1,H1,hybrid_bidirectional,best,1791.581576,3817.832615,213.968221
Detached,1,H2,safe_unidirectional,worst,1878.633239,3181.725966,499.088838
Detached,1,H2,safe_unidirectional,best,1407.158316,3181.725966,358.416129
Detached,1,H2,hybrid_bidirectional,worst,1764.22683,3358.300304,205.031448
Detached,1,H2,hybrid_bidirectional,best,1196.608273,3324.193186,133.339647
Detached,1,H3,safe_unidirectional,worst,1556.626709,2816.905966,456.840565
Detached,1,H3,safe_unidirectional,best,1105.760368,2816.905966,309.372479
Detached,1,H3,hybrid_bidirectional,worst,1341.074999,2954.962612,231.382947
Detached,1,H3,hybrid_bidirectional,best,829.938367,2942.714436,134.647886
Detached,1,H1,safe_unidirectional,worst,2204.184748,3568.913432,528.319203
Detached,1,H1,safe_unidirectional,best,1730.296843,3568.913432,404.120644
Detached,1,H1,hybrid_bidirectional,worst,2215.205135,3704.683228,282.280679
Detached,1,H1,hybrid_bidirectional,best,1647.599119,3667.925843,191.457206
Detached,1,H2,safe_unidirectional,worst,1738.232221,3043.266766,466.78945
Detached,1,H2,safe_unidirectional,best,1275.725086,3043.266766,329.650896
Detached,1,H2,hybrid_bidirectional,worst,1662.974122,3202.741181,189.291741
Detached,1,H2,hybrid_bidirectional,best,1120.083717,3168.177356,120.284185
Detached,1,H3,safe_unidirectional,worst,1422.116656,2678.446766,427.198366
Detached,1,H3,safe_unidirectional,best,975.484838,2678.446766,282.832067
Detached,1,H3,hybrid_bidirectional,worst,1312.334605,2791.632449,236.189478
Detached,1,H3,hybrid_bidirectional,best,825.279616,2781.238275,143.00238
Detached,1,H1,safe_unidirectional,worst,2281.640963,3647.659432,549.299306
Detached,1,H1,safe_unidirectional,best,1831.766349,3647.659432,433.258781
Detached,1,H1,hybrid_bidirectional,worst,2288.992586,3784.891305,296.663747
Detached,1,H1,hybrid_bidirectional,best,1733.753606,3751.997493,212.381793
Detached,1,H2,safe_unidirectional,worst,1802.090914,3122.012766,489.84482
Detached,1,H2,safe_unidirectional,best,1364.486714,3122.012766,360.580631
Detached,1,H2,hybrid_bidirectional,worst,1713.2374,3295.329753,182.971714
Detached,1,H2,hybrid_bidirectional,best,1156.809906,3255.933936,120.308551
Detached,1,H3,safe_unidirectional,worst,1482.253634,2757.192766,446.366523
Detached,1,H3,safe_unidirectional,best,1068.15915,2757.192766,310.881676
Detached,1,H3,hybrid_bidirectional,worst,1275.781868,2887.690788,210.459021
Detached,1,H3,hybrid_bidirectional,best,802.618469,2873.258823,129.560887
Detached,1,H1,safe_unidirectional,worst,2250.907298,3611.272332,541.739172
Detached,1,H1,safe_unidirectional,best,1765.665998,3611.272332,416.877832
Detached,1,H1,hybrid_bidirectional,worst,2261.324031,3744.792755,295.427896
Detached,1,H1,hybrid_bidirectional,best,1674.326241,3707.737431,199.770696
Detached,1,H2,safe_unidirectional,worst,1778.878008,3085.625666,480.082197
Detached,1,H2,safe_unidirectional,best,1311.735304,3085.625666,342.900366
Detached,1,H2,hybrid_bidirectional,worst,1673.106049,3247.194656,192.27559
Detached,1,H2,hybrid_bidirectional,best,1126.351772,3208.643568,126.428795
Detached,1,H3,safe_unidirectional,worst,1461.456084,2720.805666,438.07131
Detached,1,H3,safe_unidirectional,best,1021.012409,2720.805666,296.524514
Detached,1,H3,hybrid_bidirectional,worst,1322.235057,2838.790472,232.093515
Detached,1,H3,hybrid_bidirectional,best,818.311009,2827.957251,140.349129
Detached,1,H1,safe_unidirectional,worst,2382.077483,3759.309732,579.454862
Detached,1,H1,safe_unidirectional,best,1897.274835,3759.309732,453.388594
Detached,1,H1,hybrid_bidirectional,worst,2403.288082,3907.41613,312.699712
Detached,1,H1,hybrid_bidirectional,best,1826.893532,3872.439195,220.260941
Detached,1,H2,safe_unidirectional,worst,1890.989355,3233.663066,513.076268
Detached,1,H2,safe_unidirectional,best,1431.889958,3233.663066,377.557918
Detached,1,H2,hybrid_bidirectional,worst,1808.334402,3408.325417,209.627128
Detached,1,H2,hybrid_bidirectional,best,1264.223734,3377.04872,134.370171
Detached,1,H3,safe_unidirectional,worst,1570.180781,2868.843066,470.628355
Detached,1,H3,safe_unidirectional,best,1137.529061,2868.843066,330.571628
Detached,1,H3,hybrid_bidirectional,worst,1423.639577,2989.961057,266.0569
Detached,1,H3,hybrid_bidirectional,best,952.309439,2986.807385,170.492189
Detached,1,H1,safe_unidirectional,worst,2192.170978,3566.840432,529.985629
Detached,1,H1,safe_unidirectional,best,1739.924856,3566.840432,409.287903
Detached,1,H1,hybrid_bidirectional,worst,2190.386653,3690.570446,286.858947
Detached,1,H1,hybrid_bidirectional,best,1640.984012,3658.824426,193.058089
Detached,1,H2,safe_unidirectional,worst,1713.57342,3041.193766,462.225155
Detached,1,H2,safe_unidirectional,best,1288.19572,3041.193766,336.749857
Detached,1,H2,hybrid_bidirectional,worst,1603.259897,3183.993791,178.991101
Detached,1,H2,hybrid_bidirectional,best,1085.756611,3153.890204,112.568566
Detached,1,H3,safe_unidirectional,worst,1390.244956,2676.373766,418.554635
Detached,1,H3,safe_unidirectional,best,981.836191,2676.373766,287.280923
Detached,1,H3,hybrid_bidirectional,worst,1274.134465,2780.212563,219.44353
Detached,1,H3,hybrid_bidirectional,best,822.60246,2774.732856,133.635644
Detached,1,H1,safe_unidirectional,worst,2138.990691,3555.559432,502.667024
Detached,1,H1,safe_unidirectional,best,1687.68332,3555.559432,388.403368
Detached,1,H1,hybrid_bidirectional,worst,2146.452784,3676.877167,268.621397
Detached,1,H1,hybrid_bidirectional,best,1577.868187,3645.77627,180.929159
Detached,1,H2,safe_unidirectional,worst,1668.001474,3029.912766,444.188615
Detached,1,H2,safe_unidirectional,best,1229.651618,3029.912766,316.849882
Detached,1,H2,hybrid_bidirectional,worst,1545.723032,3191.329539,164.147099
Detached,1,H2,hybrid_bidirectional,best,984.454165,3150.162721,103.260006
Detached,1,H3,safe_unidirectional,worst,1335.557068,2665.092766,398.576896
Detached,1,H3,safe_unidirectional,best,928.652208,2665.092766,266.629241
Detached,1,H3,hybrid_bidirectional,worst,1182.220288,2780.70943,203.64814
Detached,1,H3,hybrid_bidirectional,best,705.311375,2770.285452,116.01813
Detached,1,H1,safe_unidirectional,worst,2134.787402,3495.636032,505.044458
Detached,1,H1,safe_unidirectional,best,1702.615105,3495.636032,396.28507
Detached,1,H1,hybrid_bidirectional,worst,2143.911812,3627.406193,261.295343
Detached,1,H1,hybrid_bidirectional,best,1627.712979,3596.226377,177.756834
Detached,1,H2,safe_unidirectional,worst,1666.444767,2969.989366,444.102642
Detached,1,H2,safe_unidirectional,best,1258.35701,2969.989366,327.32471
Detached,1,H2,hybrid_bidirectional,worst,1566.232319,3130.737981,164.287931
Detached,1,H2,hybrid_bidirectional,best,1062.331602,3095.36581,103.845178
Detached,1,H3,safe_unidirectional,worst,1349.032504,2605.169366,401.836001
Detached,1,H3,safe_unidirectional,best,961.948235,2605.169366,276.055848
Detached,1,H3,hybrid_bidirectional,worst,1194.137616,2732.613322,189.70842
Detached,1,H3,hybrid_bidirectional,best,727.957898,2716.969996,112.226102
Detached,1,H1,safe_unidirectional,worst,2232.616314,3569.405032,538.460496
Detached,1,H1,safe_unidirectional,best,1774.79011,3569.405032,415.619214
Detached,1,H1,hybrid_bidirectional,worst,2223.065305,3700.021141,291.127054
Detached,1,H1,hybrid_bidirectional,best,1686.655643,3673.222859,198.530551
Detached,1,H2,safe_unidirectional,worst,1748.943113,3043.758366,473.578303
Detached,1,H2,safe_unidirectional,best,1313.87288,3043.758366,341.201499
Detached,1,H2,hybrid_bidirectional,worst,1691.056065,3209.491411,191.142002
Detached,1,H2,hybrid_bidirectional,best,1147.979636,3176.128179,122.390165
Detached,1,H3,safe_unidirectional,worst,1427.971501,2678.938366,431.033459
Detached,1,H3,safe_unidirectional,best,1016.054334,2678.938366,296.301871
Detached,1,H3,hybrid_bidirectional,worst,1323.024712,2801.446656,231.480264
Detached,1,H3,hybrid_bidirectional,best,846.892317,2794.716876,140.951516
Detached,1,H1,safe_unidirectional,worst,2197.881999,3556.391132,536.398411
Detached,1,H1,safe_unidirectional,best,1732.470642,3556.391132,413.31388
Detached,1,H1,hybrid_bidirectional,worst,2215.093684,3692.924602,280.165808
Detached,1,H1,hybrid_bidirectional,best,1653.223132,3659.443327,187.148305
Detached,1,H2,safe_unidirectional,worst,1722.266913,3030.744466,470.732782
Detached,1,H2,safe_unidirectional,best,1270.355469,3030.744466,334.746087
Detached,1,H2,hybrid_bidirectional,worst,1653.82864,3185.734177,189.113281
Detached,1,H2,hybrid_bidirectional,best,1102.156144,3153.625504,114.666502
Detached,1,H3,safe_unidirectional,worst,1409.92754,2665.924466,429.061311
Detached,1,H3,safe_unidirectional,best,984.379673,2665.924466,289.497827
Detached,1,H3,hybrid_bidirectional,worst,1250.1228,2779.953206,218.43938
Detached,1,H3,hybrid_bidirectional,best,795.875438,2768.998414,134.766921
Detached,1,H1,safe_unidirectional,worst,2247.85219,3663.224432,530.223676
Detached,1,H1,safe_unidirectional,best,1792.443147,3663.224432,413.645428
Detached,1,H1,hybrid_bidirectional,worst,2247.425846,3796.117969,284.854791
Detached,1,H1,hybrid_bidirectional,best,1684.69509,3764.902692,195.972884
Detached,1,H2,safe_unidirectional,worst,1766.599212,3137.577766,465.655408
Detached,1,H2,safe_unidirectional,best,1319.952592,3137.577766,335.007691
Detached,1,H2,hybrid_bidirectional,worst,1660.609803,3306.963523,174.014754
Detached,1,H2,hybrid_bidirectional,best,1078.919398,3272.04165,108.889843
Detached,1,H3,safe_unidirectional,worst,1431.27721,2772.757766,422.771307
Detached,1,H3,safe_unidirectional,best,1012.656195,2772.757766,286.440866
Detached,1,H3,hybrid_bidirectional,worst,1284.791043,2900.776261,210.34806
Detached,1,H3,hybrid_bidirectional,best,737.958658,2898.193905,113.219038
Detached,1,H1,safe_unidirectional,worst,2248.681986,3613.476632,538.78918
Detached,1,H1,safe_unidirectional,best,1793.943791,3613.476632,420.87885
Detached,1,H1,hybrid_bidirectional,worst,2256.853892,3753.300275,282.849562
Detached,1,H1,hybrid_bidirectional,best,1692.513016,3716.390944,196.410365
Detached,1,H2,safe_unidirectional,worst,1764.114131,3087.829966,476.303808
Detached,1,H2,safe_unidirectional,best,1334.475129,3087.829966,351.430121
Detached,1,H2,hybrid_bidirectional,worst,1691.744803,3254.583146,174.534721
Detached,1,H2,hybrid_bidirectional,best,1165.047659,3218.302221,117.472447
Detached,1,H3,safe_unidirectional,worst,1447.538086,2723.009966,432.908826
Detached,1,H3,safe_unidirectional,best,1041.475444,2723.009966,302.924784
Detached,1,H3,hybrid_bidirectional,worst,1316.087298,2837.762777,232.315576
Detached,1,H3,hybrid_bidirectional,best,852.504175,2834.408405,135.106436
Detached,1,H1,safe_unidirectional,worst,2177.737957,3557.913232,521.969178
Detached,1,H1,safe_unidirectional,best,1719.910782,3557.913232,405.325336
Detached,1,H1,hybrid_bidirectional,worst,2162.360138,3683.337969,283.554177
Detached,1,H1,hybrid_bidirectional,best,1611.38454,3648.651105,192.917461
Detached,1,H2,safe_unidirectional,worst,1695.589386,3032.266566,459.62273
Detached,1,H2,safe_unidirectional,best,1266.404152,3032.266566,333.840528
Detached,1,H2,hybrid_bidirectional,worst,1571.833059,3190.692012,177.599178
Detached,1,H2,hybrid_bidirectional,best,1039.783839,3149.855281,113.305239
Detached,1,H3,safe_unidirectional,worst,1370.883934,2667.446566,416.843709
Detached,1,H3,safe_unidirectional,best,958.619556,2667.446566,282.623554
Detached,1,H3,hybrid_bidirectional,worst,1195.332871,2786.58437,196.617975
Detached,1,H3,hybrid_bidirectional,best,739.093664,2772.774805,113.637896
Detached,1,H1,safe_unidirectional,worst,2305.419204,3682.661132,561.029917
Detached,1,H1,safe_unidirectional,best,1841.913214,3682.661132,441.805284
Detached,1,H1,hybrid_bidirectional,worst,2311.734304,3814.406955,311.429723
Detached,1,H1,hybrid_bidirectional,best,1748.448005,3781.214295,217.892974
Detached,1,H2,safe_unidirectional,worst,1819.449157,3157.014466,495.32353
Detached,1,H2,safe_unidirectional,best,1373.025535,3157.014466,368.312314
Detached,1,H2,hybrid_bidirectional,worst,1728.041056,3317.265921,197.96308
Detached,1,H2,hybrid_bidirectional,best,1189.880052,3280.234018,131.458043
Detached,1,H3,safe_unidirectional,worst,1502.705322,2792.194466,454.819456
Detached,1,H3,safe_unidirectional,best,1075.491843,2792.194466,318.104626
Detached,1,H3,hybrid_bidirectional,worst,1362.150395,2901.074931,241.695392
Detached,1,H3,hybrid_bidirectional,best,883.870518,2891.535586,155.937205
Detached,1,H1,safe_unidirectional,worst,2233.94303,3595.178932,533.239749
Detached,1,H1,safe_unidirectional,best,1779.711033,3595.178932,413.913012
Detached,1,H1,hybrid_bidirectional,worst,2249.25572,3726.044325,289.985638
Detached,1,H1,hybrid_bidirectional,best,1694.666304,3692.570424,202.269836
Detached,1,H2,safe_unidirectional,worst,1756.103295,3069.532266,471.25413
Detached,1,H2,safe_unidirectional,best,1323.708392,3069.532266,342.401913
Detached,1,H2,hybrid_bidirectional,worst,1703.677276,3227.315917,190.981774
Detached,1,H2,hybrid_bidirectional,best,1135.887339,3189.679531,126.923081
Detached,1,H3,safe_unidirectional,worst,1436.276211,2704.712266,429.403134
Detached,1,H3,safe_unidirectional,best,1023.734933,2704.712266,295.105201
Detached,1,H3,hybrid_bidirectional,worst,1322.507157,2810.882025,230.78876
Detached,1,H3,hybrid_bidirectional,best,840.765246,2803.053711,139.895092
Detached,1,H1,safe_unidirectional,worst,2213.749329,3583.548232,537.120025
Detached,1,H1,safe_unidirectional,best,1746.74669,3583.548232,414.51241
Detached,1,H1,hybrid_bidirectional,worst,2208.61095,3712.130998,290.949042
Detached,1,H1,hybrid_bidirectional,best,1641.040882,3677.684486,199.533365
Detached,1,H2,safe_unidirectional,worst,1729.486517,3057.901566,473.453694
Detached,1,H2,safe_unidirectional,best,1283.342864,3057.901566,340.424241
Detached,1,H2,hybrid_bidirectional,worst,1614.587812,3220.620675,179.810126
Detached,1,H2,hybrid_bidirectional,best,1068.999794,3182.911322,112.722682
Detached,1,H3,safe_unidirectional,worst,1400.203608,2693.081566,428.192923
Detached,1,H3,safe_unidirectional,best,974.721415,2693.081566,289.974408
Detached,1,H3,hybrid_bidirectional,worst,1256.008449,2812.792958,228.628839
Detached,1,H3,hybrid_bidirectional,best,792.426662,2803.427656,132.473684
Detached,1,H1,safe_unidirectional,worst,2323.644056,3693.365032,564.617479
Detached,1,H1,safe_unidirectional,best,1851.173613,3693.365032,438.100922
Detached,1,H1,hybrid_bidirectional,worst,2359.345823,3838.252955,302.688301
Detached,1,H1,hybrid_bidirectional,best,1792.498423,3802.918305,209.043437
Detached,1,H2,safe_unidirectional,worst,1856.77654,3167.718366,505.677577
Detached,1,H2,safe_unidirectional,best,1398.551429,3167.718366,366.324875
Detached,1,H2,hybrid_bidirectional,worst,1784.029074,3333.215779,201.454127
Detached,1,H2,hybrid_bidirectional,best,1201.72848,3296.599419,127.835713
Detached,1,H3,safe_unidirectional,worst,1539.229942,2802.898366,464.62303
Detached,1,H3,safe_unidirectional,best,1095.513194,2802.898366,318.190068
Detached,1,H3,hybrid_bidirectional,worst,1406.997639,2919.029577,253.806035
Detached,1,H3,hybrid_bidirectional,best,895.514288,2909.401234,151.65428
Detached,1,H1,safe_unidirectional,worst,2295.321451,3689.759132,547.590006
Detached,1,H1,safe_unidirectional,best,1849.049968,3689.759132,435.271238
Detached,1,H1,hybrid_bidirectional,worst,2311.847512,3832.007502,294.23411
Detached,1,H1,hybrid_bidirectional,best,1774.124586,3797.922705,210.612692
Detached,1,H2,safe_unidirectional,worst,1802.535901,3164.112466,478.597099
Detached,1,H2,safe_unidirectional,best,1383.929565,3164.112466,360.393284
Detached,1,H2,hybrid_bidirectional,worst,1730.521014,3338.198809,186.279144
Detached,1,H2,hybrid_bidirectional,best,1178.292004,3299.867644,122.114583
Detached,1,H3,safe_unidirectional,worst,1474.014678,2799.292466,433.978783
Detached,1,H3,safe_unidirectional,best,1077.53484,2799.292466,307.559152
Detached,1,H3,hybrid_bidirectional,worst,1323.845762,2928.335981,230.437175
Detached,1,H3,hybrid_bidirectional,best,831.517862,2921.706711,137.287367
Detached,1,H1,safe_unidirectional,worst,2324.377139,3691.586132,564.031825
Detached,1,H1,safe_unidirectional,best,1866.211002,3691.586132,442.092186
Detached,1,H1,hybrid_bidirectional,worst,2336.449455,3833.711005,302.461908
Detached,1,H1,hybrid_bidirectional,best,1756.65282,3800.653073,209.754262
Detached,1,H2,safe_unidirectional,worst,1838.333342,3165.939466,500.659918
Detached,1,H2,safe_unidirectional,best,1399.552855,3165.939466,366.445728
Detached,1,H2,hybrid_bidirectional,worst,1752.100444,3342.617479,191.959295
Detached,1,H2,hybrid_bidirectional,best,1167.421023,3307.15176,124.030785
Detached,1,H3,safe_unidirectional,worst,1522.788248,2801.119466,454.954809
Detached,1,H3,safe_unidirectional,best,1109.026177,2801.119466,318.858803
Detached,1,H3,hybrid_bidirectional,worst,1343.893293,2925.523575,234.036059
Detached,1,H3,hybrid_bidirectional,best,854.21749,2914.486179,137.280371
Detached,1,H1,safe_unidirectional,worst,2299.530574,3682.647932,557.78844
Detached,1,H1,safe_unidirectional,best,1809.666803,3682.647932,427.98663
Detached,1,H1,hybrid_bidirectional,worst,2315.195411,3815.109852,304.13582
Detached,1,H1,hybrid_bidirectional,best,1729.525594,3784.700626,205.226948
Detached,1,H2,safe_unidirectional,worst,1829.542377,3157.001266,495.315306
Detached,1,H2,safe_unidirectional,best,1362.285953,3157.001266,358.020479
Detached,1,H2,hybrid_bidirectional,worst,1748.813032,3320.957488,194.348484
Detached,1,H2,hybrid_bidirectional,best,1165.837423,3283.72539,124.478854
Detached,1,H3,safe_unidirectional,worst,1498.901105,2792.181266,450.184294
Detached,1,H3,safe_unidirectional,best,1054.887448,2792.181266,305.621262
Detached,1,H3,hybrid_bidirectional,worst,1339.567808,2912.965034,237.590753
Detached,1,H3,hybrid_bidirectional,best,805.599438,2907.391655,136.27815
Detached,1,H1,safe_unidirectional,worst,2335.533088,3686.822632,567.862632
Detached,1,H1,safe_unidirectional,best,1879.409489,3686.822632,449.745656
Detached,1,H1,hybrid_bidirectional,worst,2324.129249,3830.052365,306.443384
Detached,1,H1,hybrid_bidirectional,best,1776.572129,3798.144761,216.303477
Detached,1,H2,safe_unidirectional,worst,1868.333021,3161.175966,508.878943
Detached,1,H2,safe_unidirectional,best,1424.836388,3161.175966,377.715277
Detached,1,H2,hybrid_bidirectional,worst,1755.182906,3340.537921,208.344373
Detached,1,H2,hybrid_bidirectional,best,1193.627289,3310.642901,134.273457
Detached,1,H3,safe_unidirectional,worst,1543.438053,2796.355966,465.351674
Detached,1,H3,safe_unidirectional,best,1118.949626,2796.355966,327.562161
Detached,1,H3,hybrid_bidirectional,worst,1366.254111,2917.3311,251.591938
Detached,1,H3,hybrid_bidirectional,best,852.712939,2921.573906,142.160572
Detached,1,H1,safe_unidirectional,worst,2155.271207,3466.009132,506.969509
Detached,1,H1,safe_unidirectional,best,1693.963094,3466.009132,388.189626
Detached,1,H1,hybrid_bidirectional,worst,2174.075255,3593.385732,276.548332
Detached,1,H1,hybrid_bidirectional,best,1611.008736,3556.746846,192.001159
Detached,1,H2,safe_unidirectional,worst,1682.068937,2940.362466,445.34835
Detached,1,H2,safe_unidirectional,best,1242.895052,2940.362466,316.951776
Detached,1,H2,hybrid_bidirectional,worst,1606.525822,3097.345828,173.328171
Detached,1,H2,hybrid_bidirectional,best,1052.277084,3061.210079,110.498525
Detached,1,H3,safe_unidirectional,worst,1369.548758,2575.542466,405.615583
Detached,1,H3,safe_unidirectional,best,952.22238,2575.542466,271.007763
Detached,1,H3,hybrid_bidirectional,worst,1228.957833,2697.347577,202.9783
Detached,1,H3,hybrid_bidirectional,best,757.17863,2684.784658,115.699023
Detached,1,H1,safe_unidirectional,worst,2196.713858,3580.856032,517.551371
Detached,1,H1,safe_unidirectional,best,1741.229208,3580.856032,401.021502
Detached,1,H1,hybrid_bidirectional,worst,2186.788648,3717.006292,276.403344
Detached,1,H1,hybrid_bidirectional,best,1629.288706,3685.262299,187.195983
Detached,1,H2,safe_unidirectional,worst,1731.007474,3055.209366,459.524473
Detached,1,H2,safe_unidirectional,best,1296.242858,3055.209366,331.437599
Detached,1,H2,hybrid_bidirectional,worst,1627.383386,3218.412274,184.616235
Detached,1,H2,hybrid_bidirectional,best,1088.047482,3186.698693,115.315066
Detached,1,H3,safe_unidirectional,worst,1403.153845,2690.389366,413.551923
Detached,1,H3,safe_unidirectional,best,994.343041,2690.389366,282.730466
Detached,1,H3,hybrid_bidirectional,worst,1273.670501,2813.715504,216.767436
Detached,1,H3,hybrid_bidirectional,best,792.966981,2800.089633,127.271692
Detached,1,H1,safe_unidirectional,worst,2213.258907,3565.524432,531.319021
Detached,1,H1,safe_unidirectional,best,1742.208291,3565.524432,409.049272
Detached,1,H1,hybrid_bidirectional,worst,2234.633339,3699.110945,280.869865
Detached,1,H1,hybrid_bidirectional,best,1690.560647,3666.895426,192.728792
Detached,1,H2,safe_unidirectional,worst,1746.284113,3039.877766,467.862734
Detached,1,H2,safe_unidirectional,best,1308.815319,3039.877766,343.003617
Detached,1,H2,hybrid_bidirectional,worst,1640.645097,3198.434656,182.319129
Detached,1,H2,hybrid_bidirectional,best,1108.22442,3164.904523,112.776131
Detached,1,H3,safe_unidirectional,worst,1420.394694,2675.057766,425.243512
Detached,1,H3,safe_unidirectional,best,1003.361841,2675.057766,291.717194
Detached,1,H3,hybrid_bidirectional,worst,1266.906855,2783.71844,225.426434
Detached,1,H3,hybrid_bidirectional,best,818.198507,2784.927153,123.342492
Detached,1,H1,safe_unidirectional,worst,2143.027888,3472.554732,514.143163
Detached,1,H1,safe_unidirectional,best,1690.590653,3472.554732,392.551674
Detached,1,H1,hybrid_bidirectional,worst,2141.405183,3598.683399,272.777616
Detached,1,H1,hybrid_bidirectional,best,1614.235987,3571.156957,184.078481
Detached,1,H2,safe_unidirectional,worst,1671.356995,2946.908066,451.00094
Detached,1,H2,safe_unidirectional,best,1243.553361,2946.908066,322.404023
Detached,1,H2,hybrid_bidirectional,worst,1607.646514,3104.838135,172.095158
Detached,1,H2,hybrid_bidirectional,best,1087.112613,3074.578289,106.055278
Detached,1,H3,safe_unidirectional,worst,1358.195089,2582.088066,409.281019
Detached,1,H3,safe_unidirectional,best,950.338314,2582.088066,275.234618
Detached,1,H3,hybrid_bidirectional,worst,1240.838897,2690.688104,215.520657
Detached,1,H3,hybrid_bidirectional,best,786.862693,2691.799712,118.36548
Detached,1,H1,safe_unidirectional,worst,2292.628331,3646.892532,553.75984
Detached,1,H1,safe_unidirectional,best,1831.144362,3646.892532,432.120302
Detached,1,H1,hybrid_bidirectional,worst,2308.994943,3788.652721,297.253831
Detached,1,H1,hybrid_bidirectional,best,1751.847261,3756.187929,205.377064
Detached,1,H2,safe_unidirectional,worst,1820.213116,3121.245866,490.849914
Detached,1,H2,safe_unidirectional,best,1374.967676,3121.245866,359.255932
Detached,1,H2,hybrid_bidirectional,worst,1740.212986,3286.720804,197.030395
Detached,1,H2,hybrid_bidirectional,best,1190.354024,3259.546305,123.570295
Detached,1,H3,safe_unidirectional,worst,1500.796622,2756.425866,449.286317
Detached,1,H3,safe_unidirectional,best,1085.904109,2756.425866,313.950103
Detached,1,H3,hybrid_bidirectional,worst,1368.694854,2877.274164,239.108302
Detached,1,H3,hybrid_bidirectional,best,844.993067,2880.499218,135.340421
Detached,1,H1,safe_unidirectional,worst,2231.141753,3645.894132,531.762599
Detached,1,H1,safe_unidirectional,best,1752.404744,3645.894132,406.950418
Detached,1,H1,hybrid_bidirectional,worst,2232.383342,3778.542932,290.737191
Detached,1,H1,hybrid_bidirectional,best,1657.171742,3745.373351,195.609336
Detached,1,H2,safe_unidirectional,worst,1739.990959,3120.247466,468.084268
Detached,1,H2,safe_unidirectional,best,1286.760808,3120.247466,334.986381
Detached,1,H2,hybrid_bidirectional,worst,1652.320859,3287.373184,182.586974
Detached,1,H2,hybrid_bidirectional,best,1076.593684,3250.862888,117.135744
Detached,1,H3,safe_unidirectional,worst,1419.152306,2755.427466,425.564994
Detached,1,H3,safe_unidirectional,best,984.564743,2755.427466,284.93996
Detached,1,H3,hybrid_bidirectional,worst,1281.555972,2888.418526,206.693713
Detached,1,H3,hybrid_bidirectional,best,770.783907,2883.187444,112.239355
Detached,1,H1,safe_unidirectional,worst,2210.081798,3540.618132,523.060949
Detached,1,H1,safe_unidirectional,best,1752.522906,3540.618132,401.043007
Detached,1,H1,hybrid_bidirectional,worst,2220.023019,3667.391451,286.520498
Detached,1,H1,hybrid_bidirectional,best,1690.677884,3639.73084,199.72628
Detached,1,H2,safe_unidirectional,worst,1738.277967,3014.971466,462.222325
Detached,1,H2,safe_unidirectional,best,1307.685443,3014.971466,332.705831
Detached,1,H2,hybrid_bidirectional,worst,1671.750854,3177.044446,183.137237
Detached,1,H2,hybrid_bidirectional,best,1139.866245,3144.684684,121.24536
Detached,1,H3,safe_unidirectional,worst,1418.976639,2650.151466,420.297489
Detached,1,H3,safe_unidirectional,best,1013.514386,2650.151466,287.961096
Detached,1,H3,hybrid_bidirectional,worst,1336.940462,2764.107121,226.603611
Detached,1,H3,hybrid_bidirectional,best,879.30808,2761.630796,136.818662
Detached,1,H1,safe_unidirectional,worst,2263.807464,3639.703932,547.822735
Detached,1,H1,safe_unidirectional,best,1785.319888,3639.703932,419.090109
Detached,1,H1,hybrid_bidirectional,worst,2273.722254,3774.209139,293.154743
Detached,1,H1,hybrid_bidirectional,best,1682.688387,3740.728201,194.097095
Detached,1,H2,safe_unidirectional,worst,1791.97376,3114.057266,485.780503
Detached,1,H2,safe_unidirectional,best,1322.597325,3114.057266,345.16374
Detached,1,H2,hybrid_bidirectional,worst,1697.399075,3276.166034,188.760751
Detached,1,H2,hybrid_bidirectional,best,1100.602973,3241.544507,115.246883
Detached,1,H3,safe_unidirectional,worst,1467.281905,2749.237266,442.654868
Detached,1,H3,safe_unidirectional,best,1017.996709,2749.237266,295.797418
Detached,1,H3,hybrid_bidirectional,worst,1319.805101,2866.051288,226.43398
Detached,1,H3,hybrid_bidirectional,best,780.048137,2861.372195,125.211871
Detached,1,H1,safe_unidirectional,worst,2302.401522,3683.681032,554.006887
Detached,1,H1,safe_unidirectional,best,1825.822706,3683.681032,429.668396
Detached,1,H1,hybrid_bidirectional,worst,2325.92777,3823.451597,294.994185
Detached,1,H1,hybrid_bidirectional,best,1759.050343,3788.081732,206.664218
Detached,1,H2,safe_unidirectional,worst,1824.042852,3158.034366,489.703722
Detached,1,H2,safe_unidirectional,best,1358.305843,3158.034366,353.694466
Detached,1,H2,hybrid_bidirectional,worst,1743.489739,3330.158542,190.246391
Detached,1,H2,hybrid_bidirectional,best,1180.860635,3293.577796,120.774735
Detached,1,H3,safe_unidirectional,worst,1500.927964,2793.214366,446.274218
Detached,1,H3,safe_unidirectional,best,1058.859279,2793.214366,304.759426
Detached,1,H3,hybrid_bidirectional,worst,1372.158926,2897.815254,250.073263
Detached,1,H3,hybrid_bidirectional,best,862.792959,2891.654506,146.069035
Detached,1,H1,safe_unidirectional,worst,2268.558318,3602.737732,544.193748
Detached,1,H1,safe_unidirectional,best,1776.747722,3602.737732,413.666943
Detached,1,H1,hybrid_bidirectional,worst,2270.214985,3741.963596,293.347299
Detached,1,H1,hybrid_bidirectional,best,1669.49929,3709.889587,196.379172
Detached,1,H2,safe_unidirectional,worst,1800.949111,3077.091066,482.784056
Detached,1,H2,safe_unidirectional,best,1338.631151,3077.091066,348.182005
Detached,1,H2,hybrid_bidirectional,worst,1700.158464,3252.65216,185.494219
Detached,1,H2,hybrid_bidirectional,best,1111.065027,3208.680235,121.495841
Detached,1,H3,safe_unidirectional,worst,1473.861374,2712.271066,444.403701
Detached,1,H3,safe_unidirectional,best,1028.669002,2712.271066,299.6432
Detached,1,H3,hybrid_bidirectional,worst,1311.962831,2842.768863,208.910739
Detached,1,H3,hybrid_bidirectional,best,809.549552,2830.609027,120.035617
Detached,1,H1,safe_unidirectional,worst,2270.80111,3667.829632,537.559911
Detached,1,H1,safe_unidirectional,best,1818.399222,3667.829632,427.306822
Detached,1,H1,hybrid_bidirectional,worst,2272.363674,3803.690455,295.33536
Detached,1,H1,hybrid_bidirectional,best,1705.316788,3767.952998,209.559571
Detached,1,H2,safe_unidirectional,worst,1783.735912,3142.182966,474.926098
Detached,1,H2,safe_unidirectional,best,1347.300812,3142.182966,351.253018
Detached,1,H2,hybrid_bidirectional,worst,1673.27818,3308.958743,192.271141
Detached,1,H2,hybrid_bidirectional,best,1086.493999,3269.889714,126.421297
Detached,1,H3,safe_unidirectional,worst,1459.876023,2777.362966,431.806474
Detached,1,H3,safe_unidirectional,best,1040.526303,2777.362966,299.674822
Detached,1,H3,hybrid_bidirectional,worst,1313.48338,2904.174985,223.748372
Detached,1,H3,hybrid_bidirectional,best,811.252741,2889.709595,134.082597
Detached,1,H1,safe_unidirectional,worst,2157.983642,3527.052532,511.765511
Detached,1,H1,safe_unidirectional,best,1686.942479,3527.052532,390.189069
Detached,1,H1,hybrid_bidirectional,worst,2153.861079,3653.235425,275.508628
Detached,1,H1,hybrid_bidirectional,best,1594.903766,3621.541898,185.934297
Detached,1,H2,safe_unidirectional,worst,1678.83381,3001.405866,450.186208
Detached,1,H2,safe_unidirectional,best,1228.327411,3001.405866,317.182033
Detached,1,H2,hybrid_bidirectional,worst,1603.674084,3156.75848,168.903132
Detached,1,H2,hybrid_bidirectional,best,1049.113867,3122.049623,106.307843
Detached,1,H3,safe_unidirectional,worst,1359.486011,2636.585866,406.500632
Detached,1,H3,safe_unidirectional,best,932.643891,2636.585866,268.057643
Detached,1,H3,hybrid_bidirectional,worst,1238.068107,2747.241598,217.281627
Detached,1,H3,hybrid_bidirectional,best,766.373356,2747.528556,122.282932
Detached,1,H1,safe_unidirectional,worst,2166.129681,3497.855432,518.868547
Detached,1,H1,safe_unidirectional,best,1728.073407,3497.855432,406.72168
Detached,1,H1,hybrid_bidirectional,worst,2176.709549,3624.441669,285.090025
Detached,1,H1,hybrid_bidirectional,best,1618.766805,3595.428695,193.536493
Detached,1,H2,safe_unidirectional,worst,1692.549989,2972.208766,453.785105
Detached,1,H2,safe_unidirectional,best,1271.133644,2972.208766,332.953316
Detached,1,H2,hybrid_bidirectional,worst,1616.680344,3138.805653,179.64137
Detached,1,H2,hybrid_bidirectional,best,1083.475368,3103.438037,115.064605
Detached,1,H3,safe_unidirectional,worst,1374.586718,2607.388766,411.614046
Detached,1,H3,safe_unidirectional,best,978.103936,2607.388766,284.296443
Detached,1,H3,hybrid_bidirectional,worst,1282.158622,2725.472196,221.432462
Detached,1,H3,hybrid_bidirectional,best,764.316735,2722.211054,129.902462
Detached,1,H1,safe_unidirectional,worst,2418.911198,3785.170932,592.252894
Detached,1,H1,safe_unidirectional,best,1939.252507,3785.170932,464.922124
Detached,1,H1,hybrid_bidirectional,worst,2458.896114,3936.571822,320.398306
Detached,1,H1,hybrid_bidirectional,best,1879.314795,3905.410796,223.695154
Detached,1,H2,safe_unidirectional,worst,1943.125987,3259.524266,532.527298
Detached,1,H2,safe_unidirectional,best,1484.239033,3259.524266,393.469805
Detached,1,H2,hybrid_bidirectional,worst,1854.950844,3437.227454,204.38027
Detached,1,H2,hybrid_bidirectional,best,1268.120504,3403.024273,132.324231
Detached,1,H3,safe_unidirectional,worst,1618.924813,2894.704266,487.453506
Detached,1,H3,safe_unidirectional,best,1175.605028,2894.704266,342.468338
Detached,1,H3,hybrid_bidirectional,worst,1438.751385,3021.27757,259.554462
Detached,1,H3,hybrid_bidirectional,best,884.125364,3026.935728,142.45657
Detached,1,H1,safe_unidirectional,worst,2446.304659,3843.931632,590.464783
Detached,1,H1,safe_unidirectional,best,1967.146882,3843.931632,462.630232
Detached,1,H1,hybrid_bidirectional,worst,2473.112772,4004.600925,316.131782
Detached,1,H1,hybrid_bidirectional,best,1901.310557,3970.841293,220.53012
Detached,1,H2,safe_unidirectional,worst,1977.499358,3318.284966,530.369074
Detached,1,H2,safe_unidirectional,best,1525.179435,3318.284966,397.611891
Detached,1,H2,hybrid_bidirectional,worst,1866.559416,3506.12732,207.818593
Detached,1,H2,hybrid_bidirectional,best,1303.46288,3466.842072,142.435283
Detached,1,H3,safe_unidirectional,worst,1642.070739,2953.464966,484.23346
Detached,1,H3,safe_unidirectional,best,1214.806483,2953.464966,347.003948
Detached,1,H3,hybrid_bidirectional,worst,1452.226085,3095.78982,248.11911
Detached,1,H3,hybrid_bidirectional,best,946.039836,3082.807023,150.528702
Detached,1,H1,safe_unidirectional,worst,2221.968984,3577.192432,524.432457
Detached,1,H1,safe_unidirectional,best,1757.489346,3577.192432,400.563732
Detached,1,H1,hybrid_bidirectional,worst,2216.350558,3701.795357,289.710696
Detached,1,H1,hybrid_bidirectional,best,1642.401044,3667.320191,193.701829
Detached,1,H2,safe_unidirectional,worst,1752.042843,3051.545766,464.838308
Detached,1,H2,safe_unidirectional,best,1299.417531,3051.545766,329.232892
Detached,1,H2,hybrid_bidirectional,worst,1650.033018,3204.650921,180.044068
Detached,1,H2,hybrid_bidirectional,best,1077.28787,3163.927767,113.098893
Detached,1,H3,safe_unidirectional,worst,1428.701992,2686.725766,419.340538
Detached,1,H3,safe_unidirectional,best,1000.805061,2686.725766,281.511997
Detached,1,H3,hybrid_bidirectional,worst,1252.706743,2808.888021,201.087681
Detached,1,H3,hybrid_bidirectional,best,769.419141,2784.379725,115.678686
Detached,1,H1,safe_unidirectional,worst,2277.67395,3663.038732,554.097377
Detached,1,H1,safe_unidirectional,best,1798.016168,3663.038732,431.899055
Detached,1,H1,hybrid_bidirectional,worst,2286.156247,3802.89407,293.643254
Detached,1,H1,hybrid_bidirectional,best,1704.339864,3768.083563,203.364802
Detached,1,H2,safe_unidirectional,worst,1796.029076,3137.392066,489.2209
Detached,1,H2,safe_unidirectional,best,1341.49459,3137.392066,358.198199
Detached,1,H2,hybrid_bidirectional,worst,1696.458688,3310.113213,185.787058
Detached,1,H2,hybrid_bidirectional,best,1151.109363,3274.72867,119.019732
Detached,1,H3,safe_unidirectional,worst,1469.281123,2772.572066,445.199472
Detached,1,H3,safe_unidirectional,best,1045.051087,2772.572066,308.51639
Detached,1,H3,hybrid_bidirectional,worst,1302.439094,2886.952754,230.77225
Detached,1,H3,hybrid_bidirectional,best,844.313151,2881.796003,136.983087
Detached,1,H1,safe_unidirectional,worst,2350.427516,3701.346932,569.485254
Detached,1,H1,safe_unidirectional,best,1858.929905,3701.346932,438.400811
Detached,1,H1,hybrid_bidirectional,worst,2353.64988,3831.569077,319.923193
Detached,1,H1,hybrid_bidirectional,best,1767.800669,3798.253753,215.802552
Detached,1,H2,safe_unidirectional,worst,1864.206218,3175.700266,506.543756
Detached,1,H2,safe_unidirectional,best,1397.87379,3175.700266,364.986721
Detached,1,H2,hybrid_bidirectional,worst,1769.355345,3332.989245,204.23481
Detached,1,H2,hybrid_bidirectional,best,1198.743217,3302.635837,127.928571
Detached,1,H3,safe_unidirectional,worst,1546.160543,2810.880266,467.799916
Detached,1,H3,safe_unidirectional,best,1087.406381,2810.880266,318.037809
Detached,1,H3,hybrid_bidirectional,worst,1389.981058,2926.860822,242.494182
Detached,1,H3,hybrid_bidirectional,best,838.811165,2922.985259,138.037409
Detached,1,H1,safe_unidirectional,worst,2328.848804,3691.298732,568.375063
Detached,1,H1,safe_unidirectional,best,1856.312563,3691.298732,441.121961
Detached,1,H1,hybrid_bidirectional,worst,2319.514421,3833.601397,303.867001
Detached,1,H1,hybrid_bidirectional,best,1759.977714,3802.855196,207.962676
Detached,1,H2,safe_unidirectional,worst,1836.531418,3165.652066,499.907262
Detached,1,H2,safe_unidirectional,best,1395.296573,3165.652066,368.480572
Detached,1,H2,hybrid_bidirectional,worst,1719.372734,3345.674575,192.24159
Detached,1,H2,hybrid_bidirectional,best,1205.93899,3307.980161,129.140209
Detached,1,H3,safe_unidirectional,worst,1513.871106,2800.832066,456.003346
Detached,1,H3,safe_unidirectional,best,1098.138884,2800.832066,320.525915
Detached,1,H3,hybrid_bidirectional,worst,1378.910055,2925.256097,244.926575
Detached,1,H3,hybrid_bidirectional,best,914.572944,2917.401155,154.627518
Detached,1,H1,safe_unidirectional,worst,2450.343727,3816.879832,596.518407
Detached,1,H1,safe_unidirectional,best,1976.421873,3816.879832,469.928206
Detached,1,H1,hybrid_bidirectional,worst,2482.385334,3966.541821,329.917089
Detached,1,H1,hybrid_bidirectional,best,1901.662776,3934.246748,232.49968
Detached,1,H2,safe_unidirectional,worst,1969.728849,3291.233166,533.698114
Detached,1,H2,safe_unidirectional,best,1508.41328,3291.233166,395.059641
Detached,1,H2,hybrid_bidirectional,worst,1899.695628,3473.884058,224.859793
Detached,1,H2,hybrid_bidirectional,best,1317.786608,3443.438293,146.653406
Detached,1,H3,safe_unidirectional,worst,1641.537027,2926.413166,488.087768
Detached,1,H3,safe_unidirectional,best,1204.790799,2926.413166,345.383254
Detached,1,H3,hybrid_bidirectional,worst,1515.288637,3050.915529,280.414541
Detached,1,H3,hybrid_bidirectional,best,994.01799,3048.837442,172.497432
Detached,1,H1,safe_unidirectional,worst,2129.698284,3482.913032,503.942834
Detached,1,H1,safe_unidirectional,best,1692.161864,3482.913032,391.612215
Detached,1,H1,hybrid_bidirectional,worst,2143.29004,3610.300689,269.700331
Detached,1,H1,hybrid_bidirectional,best,1592.655936,3580.323914,184.828069
Detached,1,H2,safe_unidirectional,worst,1662.046944,2957.266366,440.856454
Detached,1,H2,safe_unidirectional,best,1256.300026,2957.266366,323.006704
Detached,1,H2,hybrid_bidirectional,worst,1603.742274,3114.52005,167.048021
Detached,1,H2,hybrid_bidirectional,best,1062.026914,3076.682393,106.512651
Detached,1,H3,safe_unidirectional,worst,1343.709248,2592.446366,396.61151
Detached,1,H3,safe_unidirectional,best,953.877161,2592.446366,269.806604
Detached,1,H3,hybrid_bidirectional,worst,1204.431169,2711.688811,199.388834
Detached,1,H3,hybrid_bidirectional,best,718.361583,2704.719028,111.017867
Detached,1,H1,safe_unidirectional,worst,2333.956547,3706.522132,570.087064
Detached,1,H1,safe_unidirectional,best,1892.743829,3706.522132,452.10268
Detached,1,H1,hybrid_bidirectional,worst,2359.394337,3854.092234,301.30151
Detached,1,H1,hybrid_bidirectional,best,1827.30783,3824.12153,212.886311
Detached,1,H2,safe_unidirectional,worst,1859.449547,3180.875466,510.136927
Detached,1,H2,safe_unidirectional,best,1438.670684,3180.875466,382.82545
Detached,1,H2,hybrid_bidirectional,worst,1784.242786,3354.619751,198.331479
Detached,1,H2,hybrid_bidirectional,best,1247.164848,3325.397678,130.613591
Detached,1,H3,safe_unidirectional,worst,1539.833935,2816.055466,466.995045
Detached,1,H3,safe_unidirectional,best,1139.19362,2816.055466,336.790482
Detached,1,H3,hybrid_bidirectional,worst,1358.643973,2949.055484,239.194572
Detached,1,H3,hybrid_bidirectional,best,881.71196,2951.984675,143.028447
Detached,1,H1,safe_unidirectional,worst,2232.903082,3617.182232,526.797514
Detached,1,H1,safe_unidirectional,best,1795.077014,3617.182232,417.497492
Detached,1,H1,hybrid_bidirectional,worst,2230.543823,3754.437797,282.071653
Detached,1,H1,hybrid_bidirectional,best,1698.76204,3721.82604,198.699714
Detached,1,H2,safe_unidirectional,worst,1761.588697,3091.535566,470.303354
Detached,1,H2,safe_unidirectional,best,1337.543994,3091.535566,350.330194
Detached,1,H2,hybrid_bidirectional,worst,1626.312954,3256.544926,187.134944
Detached,1,H2,hybrid_bidirectional,best,1118.892919,3217.500036,126.319151
Detached,1,H3,safe_unidirectional,worst,1430.332257,2726.715566,425.071865
Detached,1,H3,safe_unidirectional,best,1034.282267,2726.715566,300.337675
Detached,1,H3,hybrid_bidirectional,worst,1267.085704,2851.794832,216.292785
Detached,1,H3,hybrid_bidirectional,best,810.048899,2839.368572,130.886063
Detached,1,H1,safe_unidirectional,worst,2178.30444,3547.652032,515.097654
Detached,1,H1,safe_unidirectional,best,1727.535596,3547.652032,397.90494
Detached,1,H1,hybrid_bidirectional,worst,2174.220981,3667.61794,289.419095
Detached,1,H1,hybrid_bidirectional,best,1644.06418,3638.427445,200.476517
Detached,1,H2,safe_unidirectional,worst,1695.170686,3022.005366,449.815021
Detached,1,H2,safe_unidirectional,best,1273.415809,3022.005366,325.952571
Detached,1,H2,hybrid_bidirectional,worst,1605.838104,3180.862128,178.492353
Detached,1,H2,hybrid_bidirectional,best,1076.191212,3144.851653,115.818489
Detached,1,H3,safe_unidirectional,worst,1377.300101,2657.185366,406.38009
Detached,1,H3,safe_unidirectional,best,971.317717,2657.185366,277.370488
Detached,1,H3,hybrid_bidirectional,worst,1249.65755,2774.919113,217.116927
Detached,1,H3,hybrid_bidirectional,best,798.406431,2758.238825,137.53877
Detached,1,H1,safe_unidirectional,worst,2295.152307,3691.614232,553.272408
Detached,1,H1,safe_unidirectional,best,1834.764841,3691.614232,431.945976
Detached,1,H1,hybrid_bidirectional,worst,2300.43861,3833.385416,293.641085
Detached,1,H1,hybrid_bidirectional,best,1736.363413,3801.429354,200.799868
Detached,1,H2,safe_unidirectional,worst,1812.476097,3165.967566,488.144548
Detached,1,H2,safe_unidirectional,best,1384.087607,3165.967566,363.589538
Detached,1,H2,hybrid_bidirectional,worst,1728.74705,3336.723135,192.856068
Detached,1,H2,hybrid_bidirectional,best,1175.825896,3304.252015,126.114389
Detached,1,H3,safe_unidirectional,worst,1495.734234,2801.147566,446.709098
Detached,1,H3,safe_unidirectional,best,1077.184295,2801.147566,311.5002
Detached,1,H3,hybrid_bidirectional,worst,1313.487018,2919.282738,235.56568
Detached,1,H3,hybrid_bidirectional,best,824.263251,2919.365839,135.702925
Detached,1,H1,safe_unidirectional,worst,2283.32319,3612.030632,552.761084
Detached,1,H1,safe_unidirectional,best,1814.573314,3612.030632,428.230718
Detached,1,H1,hybrid_bidirectional,worst,2289.450564,3746.084234,296.944087
Detached,1,H1,hybrid_bidirectional,best,1720.811734,3716.42717,201.959315
Detached,1,H2,safe_unidirectional,worst,1809.112917,3086.383966,492.322678
Detached,1,H2,safe_unidirectional,best,1352.012587,3086.383966,353.991587
Detached,1,H2,hybrid_bidirectional,worst,1722.900885,3256.206167,188.3031
Detached,1,H2,hybrid_bidirectional,best,1174.41841,3222.889731,119.171024
Detached,1,H3,safe_unidirectional,worst,1486.406944,2721.563966,449.473673
Detached,1,H3,safe_unidirectional,best,1056.849574,2721.563966,306.821924
Detached,1,H3,hybrid_bidirectional,worst,1368.360536,2843.83038,228.218552
Detached,1,H3,hybrid_bidirectional,best,868.912635,2834.974232,134.02921
Detached,1,H1,safe_unidirectional,worst,2357.963476,3706.632532,572.755407
Detached,1,H1,safe_unidirectional,best,1882.862487,3706.632532,447.142119
Detached,1,H1,hybrid_bidirectional,worst,2371.693463,3849.474719,301.557628
Detached,1,H1,hybrid_bidirectional,best,1800.752825,3814.668813,210.729112
Detached,1,H2,safe_unidirectional,worst,1871.667329,3180.985866,511.820634
Detached,1,H2,safe_unidirectional,best,1427.473034,3180.985866,380.647558
Detached,1,H2,hybrid_bidirectional,worst,1788.765974,3347.160671,196.575684
Detached,1,H2,hybrid_bidirectional,best,1258.398874,3313.651893,128.116236
Detached,1,H3,safe_unidirectional,worst,1545.552526,2816.165866,465.960071
Detached,1,H3,safe_unidirectional,best,1117.000404,2816.165866,326.317467
Detached,1,H3,hybrid_bidirectional,worst,1407.701542,2933.826151,246.499305
Detached,1,H3,hybrid_bidirectional,best,921.70681,2930.53105,150.442474
Detached,1,H1,safe_unidirectional,worst,2355.257793,3740.425932,568.238138
Detached,1,H1,safe_unidirectional,best,1895.797357,3740.425932,445.520613
Detached,1,H1,hybrid_bidirectional,worst,2372.278601,3885.13003,309.314736
Detached,1,H1,hybrid_bidirectional,best,1823.430391,3855.223524,216.450114
Detached,1,H2,safe_unidirectional,worst,1877.664909,3214.779266,506.522035
Detached,1,H2,safe_unidirectional,best,1448.32646,3214.779266,378.501716
Detached,1,H2,hybrid_bidirectional,worst,1808.031324,3389.769056,197.673497
Detached,1,H2,hybrid_bidirectional,best,1247.455942,3358.35597,128.824772
Detached,1,H3,safe_unidirectional,worst,1561.95133,2849.959266,466.756727
Detached,1,H3,safe_unidirectional,best,1150.232914,2849.959266,333.212097
Detached,1,H3,hybrid_bidirectional,worst,1440.027134,2978.262169,241.327004
Detached,1,H3,hybrid_bidirectional,best,899.644577,2977.889236,142.900888
Detached,1,H1,safe_unidirectional,worst,2305.65689,3712.077132,557.850063
Detached,1,H1,safe_unidirectional,best,1845.153304,3712.077132,439.164913
Detached,1,H1,hybrid_bidirectional,worst,2318.349301,3853.138698,294.836005
Detached,1,H1,hybrid_bidirectional,best,1749.119051,3820.156802,198.894647
Detached,1,H2,safe_unidirectional,worst,1818.800684,3186.430466,494.236524
Detached,1,H2,safe_unidirectional,best,1380.675523,3186.430466,364.640233
Detached,1,H2,hybrid_bidirectional,worst,1711.095053,3354.675143,195.24143
Detached,1,H2,hybrid_bidirectional,best,1166.400805,3321.840671,124.1468
Detached,1,H3,safe_unidirectional,worst,1483.966168,2821.610466,448.497573
Detached,1,H3,safe_unidirectional,best,1067.687868,2821.610466,315.259854
Detached,1,H3,hybrid_bidirectional,worst,1304.592959,2947.92361,229.304452
Detached,1,H3,hybrid_bidirectional,best,827.413224,2933.58468,144.876916
Detached,1,H1,safe_unidirectional,worst,2269.873737,3595.133332,549.918261
Detached,1,H1,safe_unidirectional,best,1810.001897,3595.133332,429.006149
Detached,1,H1,hybrid_bidirectional,worst,2282.392374,3733.135347,294.931232
Detached,1,H1,hybrid_bidirectional,best,1736.357295,3700.586148,205.784772
Detached,1,H2,safe_unidirectional,worst,1785.427945,3069.486666,482.460827
Detached,1,H2,safe_unidirectional,best,1362.827301,3069.486666,358.161688
Detached,1,H2,hybrid_bidirectional,worst,1702.776806,3238.169911,186.305291
Detached,1,H2,hybrid_bidirectional,best,1154.543929,3203.117007,120.179473
Detached,1,H3,safe_unidirectional,worst,1468.503878,2704.666666,442.39575
Detached,1,H3,safe_unidirectional,best,1060.049323,2704.666666,308.793726
Detached,1,H3,hybrid_bidirectional,worst,1325.440804,2822.989416,230.699726
Detached,1,H3,hybrid_bidirectional,best,851.410308,2819.807379,136.320035
Detached,1,H1,safe_unidirectional,worst,2233.641554,3599.153332,532.130495
Detached,1,H1,safe_unidirectional,best,1775.298595,3599.153332,411.150352
Detached,1,H1,hybrid_bidirectional,worst,2245.096098,3730.179461,287.663509
Detached,1,H1,hybrid_bidirectional,best,1684.698308,3699.540333,198.530393
Detached,1,H2,safe_unidirectional,worst,1761.181046,3073.506666,467.375065
Detached,1,H2,safe_unidirectional,best,1321.688496,3073.506666,337.698879
Detached,1,H2,hybrid_bidirectional,worst,1631.146925,3228.732758,177.615857
Detached,1,H2,hybrid_bidirectional,best,1097.272762,3197.951192,109.706798
Detached,1,H3,safe_unidirectional,worst,1442.816545,2708.686666,428.29738
Detached,1,H3,safe_unidirectional,best,1017.921383,2708.686666,290.642916
Detached,1,H3,hybrid_bidirectional,worst,1233.753005,2831.049356,203.334539
Detached,1,H3,hybrid_bidirectional,best,781.089852,2819.492722,119.033342
Detached,1,H1,safe_unidirectional,worst,2263.599713,3633.974032,544.009084
Detached,1,H1,safe_unidirectional,best,1787.064556,3633.974032,415.680677
Detached,1,H1,hybrid_bidirectional,worst,2276.387556,3768.516468,295.631726
Detached,1,H1,hybrid_bidirectional,best,1671.469241,3734.600617,195.621175
Detached,1,H2,safe_unidirectional,worst,1789.429587,3108.327366,481.708228
Detached,1,H2,safe_unidirectional,best,1320.50364,3108.327366,341.095332
Detached,1,H2,hybrid_bidirectional,worst,1688.255676,3261.384994,192.39975
Detached,1,H2,hybrid_bidirectional,best,1088.978566,3225.430775,114.263045
Detached,1,H3,safe_unidirectional,worst,1459.533892,2743.507366,436.099861
Detached,1,H3,safe_unidirectional,best,1014.263373,2743.507366,291.788429
Detached,1,H3,hybrid_bidirectional,worst,1309.193284,2869.459317,217.295169
Detached,1,H3,hybrid_bidirectional,best,804.503756,2846.811251,121.041942
Detached,1,H1,safe_unidirectional,worst,2267.508691,3629.236832,549.570587
Detached,1,H1,safe_unidirectional,best,1813.52393,3629.236832,428.186813
Detached,1,H1,hybrid_bidirectional,worst,2259.247997,3771.077667,286.240641
Detached,1,H1,hybrid_bidirectional,best,1687.506603,3737.067232,200.360907
Detached,1,H2,safe_unidirectional,worst,1786.941444,3103.590166,483.414889
Detached,1,H2,safe_unidirectional,best,1354.201487,3103.590166,353.371518
Detached,1,H2,hybrid_bidirectional,worst,1671.624201,3273.112856,178.021071
Detached,1,H2,hybrid_bidirectional,best,1137.6274,3236.441908,115.723024
Detached,1,H3,safe_unidirectional,worst,1475.132456,2738.770166,442.290334
Detached,1,H3,safe_unidirectional,best,1061.863057,2738.770166,308.32914
Detached,1,H3,hybrid_bidirectional,worst,1300.05058,2861.57179,229.13425
Detached,1,H3,hybrid_bidirectional,best,822.550335,2847.263403,138.846847
Detached,1,H1,safe_unidirectional,worst,2365.155337,3749.249032,573.082491
Detached,1,H1,safe_unidirectional,best,1885.178477,3749.249032,443.267416
Detached,1,H1,hybrid_bidirectional,worst,2376.031772,3898.12137,306.519758
Detached,1,H1,hybrid_bidirectional,best,1795.886629,3863.914757,206.532253
Detached,1,H2,safe_unidirectional,worst,1886.621681,3223.602366,510.605434
Detached,1,H2,safe_unidirectional,best,1417.270424,3223.602366,368.937252
Detached,1,H2,hybrid_bidirectional,worst,1801.627822,3407.396472,203.897564
Detached,1,H2,hybrid_bidirectional,best,1197.370606,3373.651015,129.294005
Detached,1,H3,safe_unidirectional,worst,1555.540354,2858.782366,464.837429
Detached,1,H3,safe_unidirectional,best,1104.910386,2858.782366,317.877864
Detached,1,H3,hybrid_bidirectional,worst,1437.929635,2997.021294,248.618594
Detached,1,H3,hybrid_bidirectional,best,874.750797,2992.048345,144.796995
Detached,1,H1,safe_unidirectional,worst,2154.773089,3522.022032,508.399908
Detached,1,H1,safe_unidirectional,best,1702.556705,3522.022032,394.543716
Detached,1,H1,hybrid_bidirectional,worst,2154.494869,3645.56349,280.176899
Detached,1,H1,hybrid_bidirectional,best,1621.557324,3616.304872,191.938862
Detached,1,H2,safe_unidirectional,worst,1683.11491,2996.375366,448.733547
Detached,1,H2,safe_unidirectional,best,1257.735653,2996.375366,326.559445
Detached,1,H2,hybrid_bidirectional,worst,1586.921672,3158.611928,172.672047
Detached,1,H2,hybrid_bidirectional,best,1052.616174,3122.538875,111.341773
Detached,1,H3,safe_unidirectional,worst,1363.492274,2631.555366,405.438196
Detached,1,H3,safe_unidirectional,best,959.00837,2631.555366,277.657033
Detached,1,H3,hybrid_bidirectional,worst,1212.339599,2747.875425,219.441433
Detached,1,H3,hybrid_bidirectional,best,763.852382,2736.947497,131.622792
Detached,1,H1,safe_unidirectional,worst,2268.247926,3637.194832,540.228523
Detached,1,H1,safe_unidirectional,best,1801.035404,3637.194832,419.957518
Detached,1,H1,hybrid_bidirectional,worst,2290.119888,3780.612,282.657837
Detached,1,H1,hybrid_bidirectional,best,1716.959091,3747.018543,192.692048
Detached,1,H2,safe_unidirectional,worst,1791.808556,3111.548166,478.562073
Detached,1,H2,safe_unidirectional,best,1345.613907,3111.548166,346.242758
Detached,1,H2,hybrid_bidirectional,worst,1712.467976,3290.895702,174.421505
Detached,1,H2,hybrid_bidirectional,best,1136.231524,3255.897677,109.784408
Detached,1,H3,safe_unidirectional,worst,1458.112332,2746.728166,432.357322
Detached,1,H3,safe_unidirectional,best,1032.777343,2746.728166,292.742075
Detached,1,H3,hybrid_bidirectional,worst,1319.974122,2878.126034,214.434565
Detached,1,H3,hybrid_bidirectional,best,814.443139,2872.616351,121.035518
Detached,1,H1,safe_unidirectional,worst,2205.063685,3580.185132,528.279851
Detached,1,H1,safe_unidirectional,best,1752.193007,3580.185132,412.175316
Detached,1,H1,hybrid_bidirectional,worst,2223.924033,3723.380037,267.155341
Detached,1,H1,hybrid_bidirectional,best,1662.674884,3689.166571,181.045005
Detached,1,H2,safe_unidirectional,worst,1741.430578,3054.538466,470.488857
Detached,1,H2,safe_unidirectional,best,1305.007425,3054.538466,343.961174
Detached,1,H2,hybrid_bidirectional,worst,1657.45684,3228.985352,173.069547
Detached,1,H2,hybrid_bidirectional,best,1094.459652,3193.815067,106.575233
Detached,1,H3,safe_unidirectional,worst,1426.386332,2689.718466,429.518646
Detached,1,H3,safe_unidirectional,best,1009.112166,2689.718466,293.82089
Detached,1,H3,hybrid_bidirectional,worst,1299.814634,2822.477345,217.308069
Detached,1,H3,hybrid_bidirectional,best,786.346061,2809.475671,129.017446
Detached,1,H1,safe_unidirectional,worst,2276.065507,3608.343732,549.994051
Detached,1,H1,safe_unidirectional,best,1812.810691,3608.343732,428.381991
Detached,1,H1,hybrid_bidirectional,worst,2283.158468,3739.579037,303.351366
Detached,1,H1,hybrid_bidirectional,best,1733.921412,3710.254793,208.323897
Detached,1,H2,safe_unidirectional,worst,1806.929294,3082.697066,488.077257
Detached,1,H2,safe_unidirectional,best,1366.700561,3082.697066,357.847993
Detached,1,H2,hybrid_bidirectional,worst,1694.141078,3242.008428,197.004234
Detached,1,H2,hybrid_bidirectional,best,1147.207322,3207.502198,123.608781
Detached,1,H3,safe_unidirectional,worst,1476.800101,2717.877066,443.77701
Detached,1,H3,safe_unidirectional,best,1054.040418,2717.877066,307.597828
Detached,1,H3,hybrid_bidirectional,worst,1313.438196,2828.998319,233.851445
Detached,1,H3,hybrid_bidirectional,best,801.605385,2823.70737,136.729937
Detached,1,H1,safe_unidirectional,worst,2219.632617,3575.928632,538.435161
Detached,1,H1,safe_unidirectional,best,1741.368125,3575.928632,412.149632
Detached,1,H1,hybrid_bidirectional,worst,2222.586017,3710.642847,284.994811
Detached,1,H1,hybrid_bidirectional,best,1649.697439,3678.359054,192.556869
Detached,1,H2,safe_unidirectional,worst,1753.815755,3050.281966,476.556256
Detached,1,H2,safe_unidirectional,best,1292.767922,3050.281966,339.101671
Detached,1,H2,hybrid_bidirectional,worst,1663.34399,3209.094644,185.460222
Detached,1,H2,hybrid_bidirectional,best,1081.752639,3173.6127,112.797774
Detached,1,H3,safe_unidirectional,worst,1432.321733,2685.461966,435.622194
Detached,1,H3,safe_unidirectional,best,993.613254,2685.461966,293.197825
Detached,1,H3,hybrid_bidirectional,worst,1314.527257,2804.010474,220.923503
Detached,1,H3,hybrid_bidirectional,best,815.719051,2789.125415,133.479159
Detached,1,H1,safe_unidirectional,worst,2238.015899,3626.659932,528.430958
Detached,1,H1,safe_unidirectional,best,1789.545815,3626.659932,408.172079
Detached,1,H1,hybrid_bidirectional,worst,2227.893309,3761.088097,294.816695
Detached,1,H1,hybrid_bidirectional,best,1678.35197,3732.148208,199.99643
Detached,1,H2,safe_unidirectional,worst,1759.19935,3101.013266,465.414567
Detached,1,H2,safe_unidirectional,best,1340.160706,3101.013266,341.572973
Detached,1,H2,hybrid_bidirectional,worst,1675.414448,3270.719921,187.844464
Detached,1,H2,hybrid_bidirectional,best,1125.434337,3241.661135,116.171363
Detached,1,H3,safe_unidirectional,worst,1446.291208,2736.193266,426.223143
Detached,1,H3,safe_unidirectional,best,1043.977927,2736.193266,296.147986
Detached,1,H3,hybrid_bidirectional,worst,1290.733186,2865.399611,216.34405
Detached,1,H3,hybrid_bidirectional,best,825.524669,2869.511505,113.758772
Detached,1,H1,safe_unidirectional,worst,2246.108196,3594.371132,542.333023
Detached,1,H1,safe_unidirectional,best,1789.737951,3594.371132,421.101509
Detached,1,H1,hybrid_bidirectional,worst,2267.502885,3728.898655,292.779929
Detached,1,H1,hybrid_bidirectional,best,1708.593209,3698.452117,200.68203
Detached,1,H2,safe_unidirectional,worst,1765.821508,3068.724466,481.208861
Detached,1,H2,safe_unidirectional,best,1327.126329,3068.724466,348.976684
Detached,1,H2,hybrid_bidirectional,worst,1704.271145,3239.833033,181.444898
Detached,1,H2,hybrid_bidirectional,best,1156.345563,3208.912047,114.639747
Detached,1,H3,safe_unidirectional,worst,1442.543439,2703.904466,435.919662
Detached,1,H3,safe_unidirectional,best,1028.933007,2703.904466,298.554156
Detached,1,H3,hybrid_bidirectional,worst,1320.413802,2817.93096,232.492885
Detached,1,H3,hybrid_bidirectional,best,827.033173,2817.719063,125.736191
Detached,1,H1,safe_unidirectional,worst,2234.309334,3620.953232,529.661381
Detached,1,H1,safe_unidirectional,best,1801.388917,3620.953232,417.850527
Detached,1,H1,hybrid_bidirectional,worst,2248.695057,3760.577753,279.492625
Detached,1,H1,hybrid_bidirectional,best,1720.828326,3727.729272,193.828691
Detached,1,H2,safe_unidirectional,worst,1760.989528,3095.306566,467.993119
Detached,1,H2,safe_unidirectional,best,1346.939905,3095.306566,344.152435
Detached,1,H2,hybrid_bidirectional,worst,1652.152738,3254.607468,177.51241
Detached,1,H2,hybrid_bidirectional,best,1096.000114,3221.599544,109.427615
Detached,1,H3,safe_unidirectional,worst,1437.770539,2730.486566,427.331199
Detached,1,H3,safe_unidirectional,best,1036.187694,2730.486566,296.132194
Detached,1,H3,hybrid_bidirectional,worst,1264.949821,2846.420041,218.55036
Detached,1,H3,hybrid_bidirectional,best,785.705991,2836.981134,129.876302
Detached,1,H1,safe_unidirectional,worst,2240.953092,3691.828032,533.983398
Detached,1,H1,safe_unidirectional,best,1765.702127,3691.828032,408.728386
Detached,1,H1,hybrid_bidirectional,worst,2268.515364,3826.913324,283.808113
Detached,1,H1,hybrid_bidirectional,best,1686.379683,3794.978126,190.851145
Detached,1,H2,safe_unidirectional,worst,1766.137947,3166.181366,474.643275
Detached,1,H2,safe_unidirectional,best,1300.483586,3166.181366,338.232011
Detached,1,H2,hybrid_bidirectional,worst,1687.227613,3329.444451,183.027316
Detached,1,H2,hybrid_bidirectional,best,1118.163717,3294.016395,115.745678
Detached,1,H3,safe_unidirectional,worst,1434.487572,2801.361366,429.966096
Detached,1,H3,safe_unidirectional,best,990.203199,2801.361366,286.70964
Detached,1,H3,hybrid_bidirectional,worst,1298.297838,2920.584858,224.952918
Detached,1,H3,hybrid_bidirectional,best,802.506973,2917.134435,121.640893
Detached,1,H1,safe_unidirectional,worst,2267.65824,3643.589632,546.144249
Detached,1,H1,safe_unidirectional,best,1823.07117,3643.589632,430.21972
Detached,1,H1,hybrid_bidirectional,worst,2294.01735,3787.913326,279.878063
Detached,1,H1,hybrid_bidirectional,best,1752.274732,3754.393489,193.564378
Detached,1,H2,safe_unidirectional,worst,1792.144287,3117.942966,481.369121
Detached,1,H2,safe_unidirectional,best,1366.529358,3117.942966,356.264236
Detached,1,H2,hybrid_bidirectional,worst,1721.500872,3287.221361,184.009839
Detached,1,H2,hybrid_bidirectional,best,1150.404176,3254.931587,117.221389
Detached,1,H3,safe_unidirectional,worst,1466.168724,2753.122966,437.386108
Detached,1,H3,safe_unidirectional,best,1063.055069,2753.122966,305.625695
Detached,1,H3,hybrid_bidirectional,worst,1295.96462,2868.947397,233.330384
Detached,1,H3,hybrid_bidirectional,best,794.780393,2868.508993,134.242555
Detached,1,H1,safe_unidirectional,worst,2246.950033,3658.834732,542.148165
Detached,1,H1,safe_unidirectional,best,1782.826798,3658.834732,422.15145
Detached,1,H1,hybrid_bidirectional,worst,2239.327927,3787.906005,286.525501
Detached,1,H1,hybrid_bidirectional,best,1669.859879,3759.414322,196.406971
Detached,1,H2,safe_unidirectional,worst,1764.744751,3133.188066,476.717352
Detached,1,H2,safe_unidirectional,best,1324.380844,3133.188066,347.475918
Detached,1,H2,hybrid_bidirectional,worst,1679.106789,3295.486532,183.63959
Detached,1,H2,hybrid_bidirectional,best,1138.445834,3265.991392,117.517665
Detached,1,H3,safe_unidirectional,worst,1441.327447,2768.368066,433.731306
Detached,1,H3,safe_unidirectional,best,1026.898367,2768.368066,300.100853
Detached,1,H3,hybrid_bidirectional,worst,1288.214832,2880.952252,227.114297
Detached,1,H3,hybrid_bidirectional,best,806.573318,2875.114677,140.135219
Detached,1,H1,safe_unidirectional,worst,2187.597343,3536.375432,518.705669
Detached,1,H1,safe_unidirectional,best,1764.750702,3536.375432,413.220929
Detached,1,H1,hybrid_bidirectional,worst,2212.618392,3663.468595,292.203792
Detached,1,H1,hybrid_bidirectional,best,1692.765539,3633.985157,206.879392
Detached,1,H2,safe_unidirectional,worst,1714.755193,3010.728766,458.517381
Detached,1,H2,safe_unidirectional,best,1320.53218,3010.728766,344.180048
Detached,1,H2,hybrid_bidirectional,worst,1664.801373,3170.825684,187.754635
Detached,1,H2,hybrid_bidirectional,best,1170.071388,3143.339691,124.907745
Detached,1,H3,safe_unidirectional,worst,1398.071915,2645.908766,416.801889
Detached,1,H3,safe_unidirectional,best,1029.401197,2645.908766,298.592335
Detached,1,H3,hybrid_bidirectional,worst,1301.020727,2761.830815,220.5243
Detached,1,H3,hybrid_bidirectional,best,877.991754,2760.038864,137.950228
Detached,1,H1,safe_unidirectional,worst,2179.109859,3541.861132,522.374029
Detached,1,H1,safe_unidirectional,best,1732.80459,3541.861132,407.491677
Detached,1,H1,hybrid_bidirectional,worst,2182.294237,3663.875475,283.906751
Detached,1,H1,hybrid_bidirectional,best,1639.331617,3634.030784,195.829232
Detached,1,H2,safe_unidirectional,worst,1707.012483,3016.214466,460.44867
Detached,1,H2,safe_unidirectional,best,1287.94666,3016.214466,337.380821
Detached,1,H2,hybrid_bidirectional,worst,1618.392132,3167.379715,175.943632
Detached,1,H2,hybrid_bidirectional,best,1070.589373,3134.104843,112.026237
Detached,1,H3,safe_unidirectional,worst,1386.838613,2651.394466,417.797217
Detached,1,H3,safe_unidirectional,best,988.249919,2651.394466,287.999726
Detached,1,H3,hybrid_bidirectional,worst,1238.026626,2764.5916,219.50817
Detached,1,H3,hybrid_bidirectional,best,780.849038,2755.065765,128.421256
Semi-detached,1,H1,safe_unidirectional,worst,2253.869925,3548.898232,550.201928
Semi-detached,1,H1,safe_unidirectional,best,1827.537455,3548.898232,439.304652
Semi-detached,1,H1,hybrid_bidirectional,worst,2261.889133,3681.465869,297.108595
Semi-detached,1,H1,hybrid_bidirectional,best,1764.961869,3652.77806,216.108171
Semi-detached,1,H2,safe_unidirectional,worst,1783.776267,3023.251566,488.160546
Semi-detached,1,H2,safe_unidirectional,best,1389.077074,3023.251566,370.474181
Semi-detached,1,H2,hybrid_bidirectional,worst,1730.55289,3174.206277,197.240189
Semi-detached,1,H2,hybrid_bidirectional,best,1216.884689,3147.772264,134.688474
Semi-detached,1,H3,safe_unidirectional,worst,1466.746036,2658.431566,442.770421
Semi-detached,1,H3,safe_unidirectional,best,1097.309315,2658.431566,322.171389
Semi-detached,1,H3,hybrid_bidirectional,worst,1366.189642,2753.660552,250.362745
Semi-detached,1,H3,hybrid_bidirectional,best,873.236058,2761.811671,157.226417
Semi-detached,1,H1,safe_unidirectional,worst,2230.810123,3594.055232,530.458925
Semi-detached,1,H1,safe_unidirectional,best,1785.703253,3594.055232,415.580151
Semi-detached,1,H1,hybrid_bidirectional,worst,2245.777454,3724.501792,293.606835
Semi-detached,1,H1,hybrid_bidirectional,best,1718.773755,3698.355635,207.479189
Semi-detached,1,H2,safe_unidirectional,worst,1753.326431,3068.408566,466.532417
Semi-detached,1,H2,safe_unidirectional,best,1341.07674,3068.408566,346.738899
Semi-detached,1,H2,hybrid_bidirectional,worst,1678.334662,3230.615184,186.470956
Semi-detached,1,H2,hybrid_bidirectional,best,1159.932027,3199.973176,122.593808
Semi-detached,1,H3,safe_unidirectional,worst,1436.030802,2703.588566,426.191401
Semi-detached,1,H3,safe_unidirectional,best,1046.821464,2703.588566,302.711564
Semi-detached,1,H3,hybrid_bidirectional,worst,1286.615795,2813.110671,227.001647
Semi-detached,1,H3,hybrid_bidirectional,best,832.027833,2804.01807,138.667097
Semi-detached,1,H1,safe_unidirectional,worst,2198.548832,3561.174032,516.911223
Semi-detached,1,H1,safe_unidirectional,best,1766.845581,3561.174032,407.83707
Semi-detached,1,H1,hybrid_bidirectional,worst,2200.215322,3695.474283,279.204253
Semi-detached,1,H1,hybrid_bidirectional,best,1682.803426,3667.216232,194.016687
Semi-detached,1,H2,safe_unidirectional,worst,1717.419952,3035.527366,453.864664
Semi-detached,1,H2,safe_unidirectional,best,1314.503088,3035.527366,336.603261
Semi-detached,1,H2,hybrid_bidirectional,worst,1630.012118,3195.852325,179.075673
Semi-detached,1,H2,hybrid_bidirectional,best,1120.62453,3164.267785,117.954551
Semi-detached,1,H3,safe_unidirectional,worst,1406.251848,2670.707366,410.529251
Semi-detached,1,H3,safe_unidirectional,best,1027.028776,2670.707366,288.026089
Semi-detached,1,H3,hybrid_bidirectional,worst,1252.770828,2789.874251,216.372146
Semi-detached,1,H3,hybrid_bidirectional,best,789.60118,2788.235792,127.532231
Semi-detached,1,H1,safe_unidirectional,worst,2100.44079,3457.270232,492.539781
Semi-detached,1,H1,safe_unidirectional,best,1644.442921,3457.270232,384.946131
Semi-detached,1,H1,hybrid_bidirectional,worst,2114.702776,3583.986301,257.909341
Semi-detached,1,H1,hybrid_bidirectional,best,1537.306364,3549.812951,175.640496
Semi-detached,1,H2,safe_unidirectional,worst,1628.782092,2931.623566,431.368629
Semi-detached,1,H2,safe_unidirectional,best,1186.519577,2931.623566,306.278775
Semi-detached,1,H2,hybrid_bidirectional,worst,1569.921596,3086.966946,163.729595
Semi-detached,1,H2,hybrid_bidirectional,best,979.192208,3047.42965,103.026882
Semi-detached,1,H3,safe_unidirectional,worst,1318.367887,2566.803566,391.677162
Semi-detached,1,H3,safe_unidirectional,best,906.708409,2566.803566,261.283742
Semi-detached,1,H3,hybrid_bidirectional,worst,1154.892204,2684.053943,188.571824
Semi-detached,1,H3,hybrid_bidirectional,best,687.049898,2675.069347,106.2241
Semi-detached,1,H1,safe_unidirectional,worst,2065.133978,3377.620032,496.118107
Semi-detached,1,H1,safe_unidirectional,best,1632.5898,3377.620032,382.500888
Semi-detached,1,H1,hybrid_bidirectional,worst,2056.336981,3493.236216,265.995409
Semi-detached,1,H1,hybrid_bidirectional,best,1538.247457,3467.897948,181.394735
Semi-detached,1,H2,safe_unidirectional,worst,1597.949739,2851.973366,433.495894
Semi-detached,1,H2,safe_unidirectional,best,1189.908286,2851.973366,314.386841
Semi-detached,1,H2,hybrid_bidirectional,worst,1518.191137,3001.053579,164.841143
Semi-detached,1,H2,hybrid_bidirectional,best,991.057056,2969.188157,105.54525
Semi-detached,1,H3,safe_unidirectional,worst,1285.059581,2487.153366,389.344119
Semi-detached,1,H3,safe_unidirectional,best,904.125959,2487.153366,265.983754
Semi-detached,1,H3,hybrid_bidirectional,worst,1211.13001,2592.270911,204.483055
Semi-detached,1,H3,hybrid_bidirectional,best,726.71549,2598.652212,110.104838
Semi-detached,1,H1,safe_unidirectional,worst,2145.371662,3480.388432,508.581404
Semi-detached,1,H1,safe_unidirectional,best,1748.96305,3480.388432,408.475936
Semi-detached,1,H1,hybrid_bidirectional,worst,2125.099845,3605.871419,264.436875
Semi-detached,1,H1,hybrid_bidirectional,best,1639.772995,3575.254081,189.950011
Semi-detached,1,H2,safe_unidirectional,worst,1663.077048,2954.741766,444.164185
Semi-detached,1,H2,safe_unidirectional,best,1289.501794,2954.741766,336.704794
Semi-detached,1,H2,hybrid_bidirectional,worst,1563.961767,3097.660273,164.241559
Semi-detached,1,H2,hybrid_bidirectional,best,1101.244229,3065.54933,113.465849
Semi-detached,1,H3,safe_unidirectional,worst,1352.917006,2589.921766,402.187465
Semi-detached,1,H3,safe_unidirectional,best,1000.563349,2589.921766,289.562102
Semi-detached,1,H3,hybrid_bidirectional,worst,1211.229844,2684.274475,213.849787
Semi-detached,1,H3,hybrid_bidirectional,best,770.903722,2678.099784,136.418845
Semi-detached,1,H1,safe_unidirectional,worst,2045.927406,3358.283832,484.169541
Semi-detached,1,H1,safe_unidirectional,best,1609.544674,3358.283832,367.133674
Semi-detached,1,H1,hybrid_bidirectional,worst,2024.137589,3474.195117,256.548641
Semi-detached,1,H1,hybrid_bidirectional,best,1510.029039,3443.66006,172.719448
Semi-detached,1,H2,safe_unidirectional,worst,1583.832576,2832.637166,422.961368
Semi-detached,1,H2,safe_unidirectional,best,1174.063831,2832.637166,300.917798
Semi-detached,1,H2,hybrid_bidirectional,worst,1488.062695,2972.633561,160.107421
Semi-detached,1,H2,hybrid_bidirectional,best,990.465654,2944.755509,100.499278
Semi-detached,1,H3,safe_unidirectional,worst,1271.960376,2467.817166,381.937503
Semi-detached,1,H3,safe_unidirectional,best,892.376764,2467.817166,257.080888
Semi-detached,1,H3,hybrid_bidirectional,worst,1170.562454,2562.114386,193.530649
Semi-detached,1,H3,hybrid_bidirectional,best,691.455183,2567.412585,102.142114
Semi-detached,1,H1,safe_unidirectional,worst,2199.919108,3530.048232,526.127333
Semi-detached,1,H1,safe_unidirectional,best,1754.915407,3530.048232,408.026832
Semi-detached,1,H1,hybrid_bidirectional,worst,2222.363163,3665.118219,279.332246
Semi-detached,1,H1,hybrid_bidirectional,best,1685.470547,3637.551481,188.676287
Semi-detached,1,H2,safe_unidirectional,worst,1731.384464,3004.401566,462.562825
Semi-detached,1,H2,safe_unidirectional,best,1317.067325,3004.401566,339.979628
Semi-detached,1,H2,hybrid_bidirectional,worst,1638.780536,3176.402918,178.171652
Semi-detached,1,H2,hybrid_bidirectional,best,1079.504111,3143.690924,110.776296
Semi-detached,1,H3,safe_unidirectional,worst,1421.52096,2639.581566,424.489022
Semi-detached,1,H3,safe_unidirectional,best,1012.215531,2639.581566,293.071382
Semi-detached,1,H3,hybrid_bidirectional,worst,1274.339852,2773.714809,210.040336
Semi-detached,1,H3,hybrid_bidirectional,best,747.861807,2773.495321,110.70509
Semi-detached,1,H1,safe_unidirectional,worst,2245.410551,3599.927432,534.11839
Semi-detached,1,H1,safe_unidirectional,best,1785.391102,3599.927432,417.916572
Semi-detached,1,H1,hybrid_bidirectional,worst,2259.25126,3735.061756,290.112702
Semi-detached,1,H1,hybrid_bidirectional,best,1706.986718,3701.979173,202.62256
Semi-detached,1,H2,safe_unidirectional,worst,1771.447479,3074.280766,470.696324
Semi-detached,1,H2,safe_unidirectional,best,1343.74574,3074.280766,346.419881
Semi-detached,1,H2,hybrid_bidirectional,worst,1676.409725,3240.458073,179.775702
Semi-detached,1,H2,hybrid_bidirectional,best,1151.7414,3207.62555,114.851075
Semi-detached,1,H3,safe_unidirectional,worst,1449.922818,2709.460766,427.660397
Semi-detached,1,H3,safe_unidirectional,best,1034.231433,2709.460766,294.518858
Semi-detached,1,H3,hybrid_bidirectional,worst,1303.093735,2832.397189,230.275012
Semi-detached,1,H3,hybrid_bidirectional,best,851.497531,2827.423398,138.527901
Semi-detached,1,H1,safe_unidirectional,worst,2199.184419,3575.830432,520.699285
Semi-detached,1,H1,safe_unidirectional,best,1740.753887,3575.830432,405.490546
Semi-detached,1,H1,hybrid_bidirectional,worst,2206.480702,3705.47974,278.0683
Semi-detached,1,H1,hybrid_bidirectional,best,1639.570821,3673.037401,193.70451
Semi-detached,1,H2,safe_unidirectional,worst,1721.265298,3050.183766,461.190545
Semi-detached,1,H2,safe_unidirectional,best,1281.511891,3050.183766,334.507053
Semi-detached,1,H2,hybrid_bidirectional,worst,1644.771819,3218.742723,172.298789
Semi-detached,1,H2,hybrid_bidirectional,best,1071.715867,3179.320904,107.390683
Semi-detached,1,H3,safe_unidirectional,worst,1393.251626,2685.363766,413.352875
Semi-detached,1,H3,safe_unidirectional,best,980.112949,2685.363766,281.792609
Semi-detached,1,H3,hybrid_bidirectional,worst,1251.578626,2802.739505,201.034326
Semi-detached,1,H3,hybrid_bidirectional,best,751.147759,2789.633581,117.176412
Semi-detached,1,H1,safe_unidirectional,worst,2179.977485,3507.833532,517.814388
Semi-detached,1,H1,safe_unidirectional,best,1750.921758,3507.833532,406.82221
Semi-detached,1,H1,hybrid_bidirectional,worst,2183.84122,3632.04064,285.853259
Semi-detached,1,H1,hybrid_bidirectional,best,1648.206559,3599.687302,194.848434
Semi-detached,1,H2,safe_unidirectional,worst,1721.290114,2982.186866,458.945723
Semi-detached,1,H2,safe_unidirectional,best,1304.532589,2982.186866,334.359379
Semi-detached,1,H2,hybrid_bidirectional,worst,1638.569527,3142.234894,173.407709
Semi-detached,1,H2,hybrid_bidirectional,best,1087.881879,3107.170449,107.891477
Semi-detached,1,H3,safe_unidirectional,worst,1402.809373,2617.366866,415.100306
Semi-detached,1,H3,safe_unidirectional,best,1000.669266,2617.366866,283.7525
Semi-detached,1,H3,hybrid_bidirectional,worst,1314.402919,2731.956116,229.073491
Semi-detached,1,H3,hybrid_bidirectional,best,832.026415,2722.434532,136.971109
Semi-detached,1,H1,safe_unidirectional,worst,2199.823336,3567.034532,518.752146
Semi-detached,1,H1,safe_unidirectional,best,1737.249812,3567.034532,398.001741
Semi-detached,1,H1,hybrid_bidirectional,worst,2215.456178,3699.281016,274.905249
Semi-detached,1,H1,hybrid_bidirectional,best,1658.176928,3666.746779,188.124804
Semi-detached,1,H2,safe_unidirectional,worst,1727.95221,3041.387866,459.680676
Semi-detached,1,H2,safe_unidirectional,best,1292.021295,3041.387866,327.978954
Semi-detached,1,H2,hybrid_bidirectional,worst,1634.636806,3199.804786,187.149455
Semi-detached,1,H2,hybrid_bidirectional,best,1092.470856,3166.859026,120.49405
Semi-detached,1,H3,safe_unidirectional,worst,1404.266166,2676.567866,414.749398
Semi-detached,1,H3,safe_unidirectional,best,986.029244,2676.567866,279.199806
Semi-detached,1,H3,hybrid_bidirectional,worst,1290.018358,2786.495503,235.500782
Semi-detached,1,H3,hybrid_bidirectional,best,796.496615,2778.262965,145.270082
Semi-detached,1,H1,safe_unidirectional,worst,2152.209216,3459.541632,518.908742
Semi-detached,1,H1,safe_unidirectional,best,1715.844415,3459.541632,403.945313
Semi-detached,1,H1,hybrid_bidirectional,worst,2164.251679,3592.077884,266.773903
Semi-detached,1,H1,hybrid_bidirectional,best,1631.787387,3560.229588,184.858304
Semi-detached,1,H2,safe_unidirectional,worst,1679.029779,2933.894966,453.513133
Semi-detached,1,H2,safe_unidirectional,best,1271.651461,2933.894966,332.142392
Semi-detached,1,H2,hybrid_bidirectional,worst,1577.144722,3089.461302,173.348783
Semi-detached,1,H2,hybrid_bidirectional,best,1063.221109,3058.155969,109.412392
Semi-detached,1,H3,safe_unidirectional,worst,1364.816206,2569.074966,410.912076
Semi-detached,1,H3,safe_unidirectional,best,971.635164,2569.074966,281.621749
Semi-detached,1,H3,hybrid_bidirectional,worst,1248.88773,2687.057856,214.847188
Semi-detached,1,H3,hybrid_bidirectional,best,789.71262,2676.291496,135.972773
Semi-detached,1,H1,safe_unidirectional,worst,2160.929032,3506.465232,512.140175
Semi-detached,1,H1,safe_unidirectional,best,1708.243152,3506.465232,392.512582
Semi-detached,1,H1,hybrid_bidirectional,worst,2148.710745,3625.32562,279.007276
Semi-detached,1,H1,hybrid_bidirectional,best,1608.333059,3593.349002,189.444289
Semi-detached,1,H2,safe_unidirectional,worst,1692.30746,2980.818566,453.113112
Semi-detached,1,H2,safe_unidirectional,best,1258.450009,2980.818566,325.561092
Semi-detached,1,H2,hybrid_bidirectional,worst,1567.405376,3116.924921,176.435838
Semi-detached,1,H2,hybrid_bidirectional,best,1035.162304,3073.163756,113.687438
Semi-detached,1,H3,safe_unidirectional,worst,1373.5325,2615.998566,409.127085
Semi-detached,1,H3,safe_unidirectional,best,961.854111,2615.998566,276.080943
Semi-detached,1,H3,hybrid_bidirectional,worst,1209.74383,2723.312086,209.886552
Semi-detached,1,H3,hybrid_bidirectional,best,733.223277,2696.935418,116.913298
Semi-detached,1,H1,safe_unidirectional,worst,2153.377908,3504.189132,510.361515
Semi-detached,1,H1,safe_unidirectional,best,1669.116167,3504.189132,384.60818
Semi-detached,1,H1,hybrid_bidirectional,worst,2166.251182,3630.167582,275.763507
Semi-detached,1,H1,hybrid_bidirectional,best,1590.62528,3596.435521,183.887075
Semi-detached,1,H2,safe_unidirectional,worst,1690.408792,2978.542466,453.43807
Semi-detached,1,H2,safe_unidirectional,best,1227.854489,2978.542466,315.977099
Semi-detached,1,H2,hybrid_bidirectional,worst,1606.494243,3143.990856,166.341906
Semi-detached,1,H2,hybrid_bidirectional,best,1041.078747,3108.60829,101.329645
Semi-detached,1,H3,safe_unidirectional,worst,1364.602784,2613.722466,409.839819
Semi-detached,1,H3,safe_unidirectional,best,927.006416,2613.722466,267.087471
Semi-detached,1,H3,hybrid_bidirectional,worst,1244.395454,2739.533172,202.553763
Semi-detached,1,H3,hybrid_bidirectional,best,723.122857,2732.3314,109.723969
Semi-detached,1,H1,safe_unidirectional,worst,2168.541622,3470.587832,518.00855
Semi-detached,1,H1,safe_unidirectional,best,1735.347252,3470.587832,407.330866
Semi-detached,1,H1,hybrid_bidirectional,worst,2184.7036,3595.947659,286.593588
Semi-detached,1,H1,hybrid_bidirectional,best,1661.039987,3566.064235,208.107557
Semi-detached,1,H2,safe_unidirectional,worst,1708.587357,2944.941166,456.246731
Semi-detached,1,H2,safe_unidirectional,best,1301.0606,2944.941166,337.163622
Semi-detached,1,H2,hybrid_bidirectional,worst,1651.569338,3091.273022,198.277859
Semi-detached,1,H2,hybrid_bidirectional,best,1150.15695,3064.840381,139.227264
Semi-detached,1,H3,safe_unidirectional,worst,1402.955575,2580.121166,416.658235
Semi-detached,1,H3,safe_unidirectional,best,1020.823357,2580.121166,292.642591
Semi-detached,1,H3,hybrid_bidirectional,worst,1332.948121,2682.184912,240.659664
Semi-detached,1,H3,hybrid_bidirectional,best,852.651609,2683.339608,154.919616
Semi-detached,1,H1,safe_unidirectional,worst,2080.71013,3406.165932,492.988422
Semi-detached,1,H1,safe_unidirectional,best,1659.750615,3406.165932,384.071956
Semi-detached,1,H1,hybrid_bidirectional,worst,2098.385551,3529.213381,261.714562
Semi-detached,1,H1,hybrid_bidirectional,best,1576.411799,3499.741296,180.087348
Semi-detached,1,H2,safe_unidirectional,worst,1624.134428,2880.519266,435.889487
Semi-detached,1,H2,safe_unidirectional,best,1222.383467,2880.519266,315.612052
Semi-detached,1,H2,hybrid_bidirectional,worst,1560.707023,3028.909789,173.958623
Semi-detached,1,H2,hybrid_bidirectional,best,1040.24563,3002.108341,108.513268
Semi-detached,1,H3,safe_unidirectional,worst,1314.627842,2515.699266,393.861257
Semi-detached,1,H3,safe_unidirectional,best,936.666033,2515.699266,269.569603
Semi-detached,1,H3,hybrid_bidirectional,worst,1220.927559,2624.313689,208.729547
Semi-detached,1,H3,hybrid_bidirectional,best,751.225864,2622.134819,122.277115
Semi-detached,1,H1,safe_unidirectional,worst,2277.339474,3641.690432,549.190061
Semi-detached,1,H1,safe_unidirectional,best,1792.664463,3641.690432,420.55233
Semi-detached,1,H1,hybrid_bidirectional,worst,2279.294814,3776.023175,301.990544
Semi-detached,1,H1,hybrid_bidirectional,best,1692.801898,3742.887997,204.745364
Semi-detached,1,H2,safe_unidirectional,worst,1797.188502,3116.043766,483.093392
Semi-detached,1,H2,safe_unidirectional,best,1331.897005,3116.043766,345.143192
Semi-detached,1,H2,hybrid_bidirectional,worst,1711.290081,3284.934403,206.672028
Semi-detached,1,H2,hybrid_bidirectional,best,1143.451217,3246.458746,134.09953
Semi-detached,1,H3,safe_unidirectional,worst,1472.37046,2751.223766,442.365342
Semi-detached,1,H3,safe_unidirectional,best,1029.139361,2751.223766,297.888485
Semi-detached,1,H3,hybrid_bidirectional,worst,1345.464463,2873.471933,240.294041
Semi-detached,1,H3,hybrid_bidirectional,best,857.808661,2868.827155,137.131015
Semi-detached,1,H1,safe_unidirectional,worst,2144.922268,3498.079832,509.664817
Semi-detached,1,H1,safe_unidirectional,best,1700.934395,3498.079832,396.293191
Semi-detached,1,H1,hybrid_bidirectional,worst,2155.42997,3626.966306,266.743898
Semi-detached,1,H1,hybrid_bidirectional,best,1624.84604,3593.875997,185.123206
Semi-detached,1,H2,safe_unidirectional,worst,1676.219912,2972.433166,450.023399
Semi-detached,1,H2,safe_unidirectional,best,1249.617978,2972.433166,325.488294
Semi-detached,1,H2,hybrid_bidirectional,worst,1577.951268,3126.369669,169.209046
Semi-detached,1,H2,hybrid_bidirectional,best,1055.122041,3091.667592,107.011968
Semi-detached,1,H3,safe_unidirectional,worst,1354.18672,2607.613166,407.603973
Semi-detached,1,H3,safe_unidirectional,best,949.175578,2607.613166,277.031316
Semi-detached,1,H3,hybrid_bidirectional,worst,1211.026185,2721.240896,200.38669
Semi-detached,1,H3,hybrid_bidirectional,best,762.925991,2707.557535,121.511891
Semi-detached,1,H1,safe_unidirectional,worst,2188.205863,3532.608132,517.833922
Semi-detached,1,H1,safe_unidirectional,best,1746.416573,3532.608132,409.220461
Semi-detached,1,H1,hybrid_bidirectional,worst,2192.749226,3667.361956,273.925357
Semi-detached,1,H1,hybrid_bidirectional,best,1652.160565,3635.173505,190.498713
Semi-detached,1,H2,safe_unidirectional,worst,1711.928831,3006.961466,455.73169
Semi-detached,1,H2,safe_unidirectional,best,1298.717276,3006.961466,337.13065
Semi-detached,1,H2,hybrid_bidirectional,worst,1653.571985,3175.389009,173.59776
Semi-detached,1,H2,hybrid_bidirectional,best,1106.414599,3143.551467,113.257353
Semi-detached,1,H3,safe_unidirectional,worst,1401.05451,2642.141466,417.345986
Semi-detached,1,H3,safe_unidirectional,best,1008.17647,2642.141466,290.774692
Semi-detached,1,H3,hybrid_bidirectional,worst,1301.967412,2760.859726,225.287911
Semi-detached,1,H3,hybrid_bidirectional,best,812.709507,2762.392336,130.003874
Semi-detached,1,H1,safe_unidirectional,worst,2102.76461,3456.679532,495.478126
Semi-detached,1,H1,safe_unidirectional,best,1671.31715,3456.679532,384.276732
Semi-detached,1,H1,hybrid_bidirectional,worst,2106.992783,3576.092336,272.92396
Semi-detached,1,H1,hybrid_bidirectional,best,1583.027758,3549.041621,187.497131
Semi-detached,1,H2,safe_unidirectional,worst,1629.79588,2931.032866,434.288081
Semi-detached,1,H2,safe_unidirectional,best,1227.889858,2931.032866,318.063654
Semi-detached,1,H2,hybrid_bidirectional,worst,1576.847436,3085.932376,171.831648
Semi-detached,1,H2,hybrid_bidirectional,best,1054.852942,3054.665176,113.506478
Semi-detached,1,H3,safe_unidirectional,worst,1314.484162,2566.212866,393.872646
Semi-detached,1,H3,safe_unidirectional,best,938.910578,2566.212866,271.240593
Semi-detached,1,H3,hybrid_bidirectional,worst,1207.44132,2683.061324,208.007601
Semi-detached,1,H3,hybrid_bidirectional,best,779.658839,2676.151527,122.114064
Semi-detached,1,H1,safe_unidirectional,worst,2073.474641,3385.276932,491.115973
Semi-detached,1,H1,safe_unidirectional,best,1634.909749,3385.276932,383.35147
Semi-detached,1,H1,hybrid_bidirectional,worst,2058.765489,3496.72247,264.980438
Semi-detached,1,H1,hybrid_bidirectional,best,1547.526486,3469.970483,184.161913
Semi-detached,1,H2,safe_unidirectional,worst,1613.707102,2859.630266,433.552857
Semi-detached,1,H2,safe_unidirectional,best,1207.900773,2859.630266,316.067061
Semi-detached,1,H2,hybrid_bidirectional,worst,1476.982521,2997.912271,165.548425
Semi-detached,1,H2,hybrid_bidirectional,best,980.176479,2973.310912,101.843052
Semi-detached,1,H3,safe_unidirectional,worst,1300.305888,2494.810266,390.726562
Semi-detached,1,H3,safe_unidirectional,best,920.734805,2494.810266,267.498391
Semi-detached,1,H3,hybrid_bidirectional,worst,1133.395273,2608.603992,187.433869
Semi-detached,1,H3,hybrid_bidirectional,best,694.897223,2597.76964,108.103227
Semi-detached,1,H1,safe_unidirectional,worst,2172.586848,3544.900032,520.11066
Semi-detached,1,H1,safe_unidirectional,best,1724.895283,3544.900032,405.321056
Semi-detached,1,H1,hybrid_bidirectional,worst,2183.129431,3672.861546,275.24395
Semi-detached,1,H1,hybrid_bidirectional,best,1618.083171,3639.77518,190.048417
Semi-detached,1,H2,safe_unidirectional,worst,1708.001325,3019.253366,458.743861
Semi-detached,1,H2,safe_unidirectional,best,1288.725312,3019.253366,334.679154
Semi-detached,1,H2,hybrid_bidirectional,worst,1633.169166,3178.294395,173.47961
Semi-detached,1,H2,hybrid_bidirectional,best,1065.335924,3141.260933,112.922128
Semi-detached,1,H3,safe_unidirectional,worst,1389.375728,2654.433366,416.608868
Semi-detached,1,H3,safe_unidirectional,best,986.217564,2654.433366,285.587402
Semi-detached,1,H3,hybrid_bidirectional,worst,1281.374864,2761.264142,219.072099
Semi-detached,1,H3,hybrid_bidirectional,best,727.099812,2762.930894,116.937863
Semi-detached,1,H1,safe_unidirectional,worst,2174.114757,3540.677232,514.161763
Semi-detached,1,H1,safe_unidirectional,best,1726.518671,3540.677232,400.616704
Semi-detached,1,H1,hybrid_bidirectional,worst,2204.640478,3675.009889,274.580547
Semi-detached,1,H1,hybrid_bidirectional,best,1633.912835,3641.521041,187.759894
Semi-detached,1,H2,safe_unidirectional,worst,1713.656519,3015.030566,458.034044
Semi-detached,1,H2,safe_unidirectional,best,1280.896533,3015.030566,333.211674
Semi-detached,1,H2,hybrid_bidirectional,worst,1620.909658,3169.995717,179.688815
Semi-detached,1,H2,hybrid_bidirectional,best,1091.311807,3141.487725,114.648052
Semi-detached,1,H3,safe_unidirectional,worst,1393.259673,2650.210566,416.545864
Semi-detached,1,H3,safe_unidirectional,best,983.690827,2650.210566,287.069696
Semi-detached,1,H3,hybrid_bidirectional,worst,1249.144041,2769.923505,209.048178
Semi-detached,1,H3,hybrid_bidirectional,best,794.768687,2764.385065,125.227509
Semi-detached,1,H1,safe_unidirectional,worst,2133.121874,3490.357232,507.370033
Semi-detached,1,H1,safe_unidirectional,best,1710.192819,3490.357232,399.559042
Semi-detached,1,H1,hybrid_bidirectional,worst,2144.295017,3615.528893,272.447911
Semi-detached,1,H1,hybrid_bidirectional,best,1623.55371,3581.983999,193.820176
Semi-detached,1,H2,safe_unidirectional,worst,1656.707442,2964.710566,442.106126
Semi-detached,1,H2,safe_unidirectional,best,1257.421025,2964.710566,327.156342
Semi-detached,1,H2,hybrid_bidirectional,worst,1566.200239,3118.995482,177.245707
Semi-detached,1,H2,hybrid_bidirectional,best,1050.804714,3085.040051,115.493409
Semi-detached,1,H3,safe_unidirectional,worst,1334.408367,2599.890566,400.738563
Semi-detached,1,H3,safe_unidirectional,best,955.806334,2599.890566,279.320847
Semi-detached,1,H3,hybrid_bidirectional,worst,1230.51559,2720.995678,197.547281
Semi-detached,1,H3,hybrid_bidirectional,best,760.065813,2714.163967,116.464763
Semi-detached,1,H1,safe_unidirectional,worst,2116.724729,3411.049732,499.282291
Semi-detached,1,H1,safe_unidirectional,best,1663.509377,3411.049732,383.670048
Semi-detached,1,H1,hybrid_bidirectional,worst,2114.433599,3531.288154,274.313082
Semi-detached,1,H1,hybrid_bidirectional,best,1563.775386,3499.972951,186.466445
Semi-detached,1,H2,safe_unidirectional,worst,1652.761515,2885.403066,441.231934
Semi-detached,1,H2,safe_unidirectional,best,1216.878805,2885.403066,314.60042
Semi-detached,1,H2,hybrid_bidirectional,worst,1542.71541,3034.491101,174.793961
Semi-detached,1,H2,hybrid_bidirectional,best,1032.121712,3005.69774,110.345095
Semi-detached,1,H3,safe_unidirectional,worst,1341.280507,2520.583066,402.591466
Semi-detached,1,H3,safe_unidirectional,best,930.430078,2520.583066,269.827378
Semi-detached,1,H3,hybrid_bidirectional,worst,1198.19554,2637.651252,205.657634
Semi-detached,1,H3,hybrid_bidirectional,best,738.153323,2625.366003,123.957992
Semi-detached,1,H1,safe_unidirectional,worst,2146.371871,3469.391132,507.663967
Semi-detached,1,H1,safe_unidirectional,best,1683.444197,3469.391132,387.405942
Semi-detached,1,H1,hybrid_bidirectional,worst,2147.870729,3597.514449,266.180412
Semi-detached,1,H1,hybrid_bidirectional,best,1606.892427,3566.830938,181.010465
Semi-detached,1,H2,safe_unidirectional,worst,1675.142766,2943.744466,445.046063
Semi-detached,1,H2,safe_unidirectional,best,1250.13785,2943.744466,321.131737
Semi-detached,1,H2,hybrid_bidirectional,worst,1564.006125,3091.624613,175.703704
Semi-detached,1,H2,hybrid_bidirectional,best,1038.829204,3062.411246,104.864695
Semi-detached,1,H3,safe_unidirectional,worst,1360.46301,2578.924466,403.660608
Semi-detached,1,H3,safe_unidirectional,best,963.460533,2578.924466,274.129542
Semi-detached,1,H3,hybrid_bidirectional,worst,1194.199675,2686.937989,203.230055
Semi-detached,1,H3,hybrid_bidirectional,best,752.069317,2680.583273,116.088533
Semi-detached,1,H1,safe_unidirectional,worst,2139.014034,3485.589532,507.11315
Semi-detached,1,H1,safe_unidirectional,best,1708.357075,3485.589532,398.039052
Semi-detached,1,H1,hybrid_bidirectional,worst,2142.527595,3614.39753,266.809467
Semi-detached,1,H1,hybrid_bidirectional,best,1627.33043,3582.479636,188.719905
Semi-detached,1,H2,safe_unidirectional,worst,1671.932757,2959.942866,446.3925
Semi-detached,1,H2,safe_unidirectional,best,1266.287813,2959.942866,326.669156
Semi-detached,1,H2,hybrid_bidirectional,worst,1576.808191,3122.380513,176.041113
Semi-detached,1,H2,hybrid_bidirectional,best,1072.479666,3090.078595,109.270179
Semi-detached,1,H3,safe_unidirectional,worst,1353.591467,2595.122866,404.151737
Semi-detached,1,H3,safe_unidirectional,best,962.535599,2595.122866,277.584639
Semi-detached,1,H3,hybrid_bidirectional,worst,1193.384699,2719.944983,206.588154
Semi-detached,1,H3,hybrid_bidirectional,best,746.275011,2712.187677,117.040968
Semi-detached,1,H1,safe_unidirectional,worst,2155.687164,3477.216532,519.134808
Semi-detached,1,H1,safe_unidirectional,best,1689.376572,3477.216532,395.401331
Semi-detached,1,H1,hybrid_bidirectional,worst,2172.233198,3595.575274,291.279177
Semi-detached,1,H1,hybrid_bidirectional,best,1611.424344,3569.533719,195.845512
Semi-detached,1,H2,safe_unidirectional,worst,1696.232734,2951.569866,459.18785
Semi-detached,1,H2,safe_unidirectional,best,1247.10936,2951.569866,325.058389
Semi-detached,1,H2,hybrid_bidirectional,worst,1619.934739,3097.11917,186.641425
Semi-detached,1,H2,hybrid_bidirectional,best,1054.21902,3059.330615,120.345222
Semi-detached,1,H3,safe_unidirectional,worst,1381.934324,2586.749866,418.882116
Semi-detached,1,H3,safe_unidirectional,best,963.041654,2586.749866,280.988274
Semi-detached,1,H3,hybrid_bidirectional,worst,1260.40237,2685.773526,231.501965
Semi-detached,1,H3,hybrid_bidirectional,best,782.125083,2675.959196,138.394013
Semi-detached,1,H1,safe_unidirectional,worst,2181.107642,3498.673932,518.545487
Semi-detached,1,H1,safe_unidirectional,best,1707.885674,3498.673932,399.003019
Semi-detached,1,H1,hybrid_bidirectional,worst,2191.61655,3626.706057,283.907125
Semi-detached,1,H1,hybrid_bidirectional,best,1616.012671,3589.465684,194.775836
Semi-detached,1,H2,safe_unidirectional,worst,1724.003684,2973.027266,462.696115
Semi-detached,1,H2,safe_unidirectional,best,1264.13339,2973.027266,328.789104
Semi-detached,1,H2,hybrid_bidirectional,worst,1615.989266,3125.837222,184.422234
Semi-detached,1,H2,hybrid_bidirectional,best,1064.542361,3088.048335,118.988535
Semi-detached,1,H3,safe_unidirectional,worst,1397.740134,2608.207266,416.513633
Semi-detached,1,H3,safe_unidirectional,best,965.782513,2608.207266,277.709459
Semi-detached,1,H3,hybrid_bidirectional,worst,1266.295815,2725.639265,217.242355
Semi-detached,1,H3,hybrid_bidirectional,best,788.470154,2714.624102,131.898069
Semi-detached,1,H1,safe_unidirectional,worst,2261.084587,3646.536232,532.447591
Semi-detached,1,H1,safe_unidirectional,best,1811.49807,3646.536232,419.489588
Semi-detached,1,H1,hybrid_bidirectional,worst,2251.907141,3790.913554,270.994588
Semi-detached,1,H1,hybrid_bidirectional,best,1697.719735,3757.929522,184.184626
Semi-detached,1,H2,safe_unidirectional,worst,1769.83319,3120.889566,466.81415
Semi-detached,1,H2,safe_unidirectional,best,1336.714505,3120.889566,343.110006
Semi-detached,1,H2,hybrid_bidirectional,worst,1634.050321,3302.079692,176.0787
Semi-detached,1,H2,hybrid_bidirectional,best,1066.025722,3265.402621,108.522412
Semi-detached,1,H3,safe_unidirectional,worst,1434.810637,2756.069566,421.588161
Semi-detached,1,H3,safe_unidirectional,best,1018.51648,2756.069566,288.155947
Semi-detached,1,H3,hybrid_bidirectional,worst,1240.39664,2898.606894,208.714028
Semi-detached,1,H3,hybrid_bidirectional,best,761.882413,2887.403051,119.321863
Semi-detached,1,H1,safe_unidirectional,worst,2267.747081,3662.772432,535.968172
Semi-detached,1,H1,safe_unidirectional,best,1843.343929,3662.772432,430.818946
Semi-detached,1,H1,hybrid_bidirectional,worst,2285.998835,3802.933659,287.413273
Semi-detached,1,H1,hybrid_bidirectional,best,1760.359089,3775.908611,205.338044
Semi-detached,1,H2,safe_unidirectional,worst,1788.488773,3137.125766,477.687259
Semi-detached,1,H2,safe_unidirectional,best,1385.869918,3137.125766,362.816308
Semi-detached,1,H2,hybrid_bidirectional,worst,1699.761714,3310.916809,195.8728
Semi-detached,1,H2,hybrid_bidirectional,best,1191.089388,3287.000916,125.763854
Semi-detached,1,H3,safe_unidirectional,worst,1469.050232,2772.305766,432.927877
Semi-detached,1,H3,safe_unidirectional,best,1095.107273,2772.305766,313.008038
Semi-detached,1,H3,hybrid_bidirectional,worst,1348.446013,2897.439818,232.159678
Semi-detached,1,H3,hybrid_bidirectional,best,885.550188,2905.559859,132.372613
Semi-detached,1,H1,safe_unidirectional,worst,2115.334669,3465.451332,499.968217
Semi-detached,1,H1,safe_unidirectional,best,1684.837169,3465.451332,393.396169
Semi-detached,1,H1,hybrid_bidirectional,worst,2103.962275,3589.755932,263.013953
Semi-detached,1,H1,hybrid_bidirectional,best,1574.689719,3559.117246,181.94662
Semi-detached,1,H2,safe_unidirectional,worst,1633.652015,2939.804666,436.71753
Semi-detached,1,H2,safe_unidirectional,best,1223.446198,2939.804666,317.038058
Semi-detached,1,H2,hybrid_bidirectional,worst,1519.611709,3096.594752,160.931674
Semi-detached,1,H2,hybrid_bidirectional,best,984.871352,3058.380606,103.280133
Semi-detached,1,H3,safe_unidirectional,worst,1316.171275,2574.984666,393.685493
Semi-detached,1,H3,safe_unidirectional,best,926.444381,2574.984666,268.556812
Semi-detached,1,H3,hybrid_bidirectional,worst,1127.977632,2688.500625,184.560671
Semi-detached,1,H3,hybrid_bidirectional,best,693.532253,2672.247062,107.240814
Semi-detached,1,H1,safe_unidirectional,worst,2249.544903,3616.923332,543.223091
Semi-detached,1,H1,safe_unidirectional,best,1827.388987,3616.923332,434.44624
Semi-detached,1,H1,hybrid_bidirectional,worst,2230.2307,3751.216954,292.926186
Semi-detached,1,H1,hybrid_bidirectional,best,1731.771131,3722.609939,209.503528
Semi-detached,1,H2,safe_unidirectional,worst,1773.012934,3091.276666,481.19763
Semi-detached,1,H2,safe_unidirectional,best,1378.207061,3091.276666,365.110041
Semi-detached,1,H2,hybrid_bidirectional,worst,1671.665666,3268.298578,179.275444
Semi-detached,1,H2,hybrid_bidirectional,best,1154.963922,3236.596999,118.237877
Semi-detached,1,H3,safe_unidirectional,worst,1453.38092,2726.456666,435.599819
Semi-detached,1,H3,safe_unidirectional,best,1073.041934,2726.456666,312.617735
Semi-detached,1,H3,hybrid_bidirectional,worst,1307.249577,2852.805701,235.644593
Semi-detached,1,H3,hybrid_bidirectional,best,839.841246,2852.922636,137.901812
Semi-detached,1,H1,safe_unidirectional,worst,2020.147827,3327.544832,473.039338
Semi-detached,1,H1,safe_unidirectional,best,1578.987355,3327.544832,360.931219
Semi-detached,1,H1,hybrid_bidirectional,worst,2018.634501,3444.430302,257.968233
Semi-detached,1,H1,hybrid_bidirectional,best,1488.223145,3416.346071,172.862269
Semi-detached,1,H2,safe_unidirectional,worst,1565.668292,2801.898166,414.338212
Semi-detached,1,H2,safe_unidirectional,best,1157.385996,2801.898166,296.003433
Semi-detached,1,H2,hybrid_bidirectional,worst,1505.543788,2954.615475,158.654021
Semi-detached,1,H2,hybrid_bidirectional,best,994.821036,2919.303116,100.872402
Semi-detached,1,H3,safe_unidirectional,worst,1265.511059,2437.078166,376.192241
Semi-detached,1,H3,safe_unidirectional,best,881.065693,2437.078166,251.787092
Semi-detached,1,H3,hybrid_bidirectional,worst,1157.104659,2546.540575,192.721615
Semi-detached,1,H3,hybrid_bidirectional,best,732.605838,2538.314305,112.205591
Semi-detached,1,H1,safe_unidirectional,worst,2125.050849,3435.896032,505.92816
Semi-detached,1,H1,safe_unidirectional,best,1658.050132,3435.896032,383.669817
Semi-detached,1,H1,hybrid_bidirectional,worst,2135.035979,3553.58933,282.818616
Semi-detached,1,H1,hybrid_bidirectional,best,1575.259364,3523.113535,192.244409
Semi-detached,1,H2,safe_unidirectional,worst,1644.785073,2910.249366,442.581167
Semi-detached,1,H2,safe_unidirectional,best,1202.454582,2910.249366,310.422974
Semi-detached,1,H2,hybrid_bidirectional,worst,1577.955402,3063.445741,180.301682
Semi-detached,1,H2,hybrid_bidirectional,best,1033.228145,3031.732977,113.828354
Semi-detached,1,H3,safe_unidirectional,worst,1330.875459,2545.429366,401.255624
Semi-detached,1,H3,safe_unidirectional,best,917.633934,2545.429366,267.511363
Semi-detached,1,H3,hybrid_bidirectional,worst,1196.473011,2658.629393,206.552827
Semi-detached,1,H3,hybrid_bidirectional,best,740.301998,2655.608967,120.232246
Semi-detached,1,H1,safe_unidirectional,worst,2181.733904,3508.023032,518.276244
Semi-detached,1,H1,safe_unidirectional,best,1694.768165,3508.023032,387.984354
Semi-detached,1,H1,hybrid_bidirectional,worst,2176.519272,3632.200641,285.766485
Semi-detached,1,H1,hybrid_bidirectional,best,1614.027206,3601.53338,192.966406
Semi-detached,1,H2,safe_unidirectional,worst,1698.521791,2982.376366,454.616319
Semi-detached,1,H2,safe_unidirectional,best,1236.539442,2982.376366,314.3334
Semi-detached,1,H2,hybrid_bidirectional,worst,1601.040339,3141.530683,175.82968
Semi-detached,1,H2,hybrid_bidirectional,best,1047.802323,3103.760748,110.132335
Semi-detached,1,H3,safe_unidirectional,worst,1378.607356,2617.556366,409.991028
Semi-detached,1,H3,safe_unidirectional,best,939.021015,2617.556366,266.252249
Semi-detached,1,H3,hybrid_bidirectional,worst,1220.528104,2737.341754,203.417304
Semi-detached,1,H3,hybrid_bidirectional,best,768.027033,2730.342507,113.88006
Semi-detached,1,H1,safe_unidirectional,worst,2126.429444,3455.053432,508.754761
Semi-detached,1,H1,safe_unidirectional,best,1665.497295,3455.053432,386.971601
Semi-detached,1,H1,hybrid_bidirectional,worst,2120.784813,3575.690325,276.985429
Semi-detached,1,H1,hybrid_bidirectional,best,1560.722682,3544.485895,187.593012
Semi-detached,1,H2,safe_unidirectional,worst,1669.880388,2929.406766,450.507674
Semi-detached,1,H2,safe_unidirectional,best,1224.251398,2929.406766,319.748529
Semi-detached,1,H2,hybrid_bidirectional,worst,1583.301141,3086.636662,170.334282
Semi-detached,1,H2,hybrid_bidirectional,best,1054.558686,3055.728165,107.491094
Semi-detached,1,H3,safe_unidirectional,worst,1337.206851,2564.586766,404.591471
Semi-detached,1,H3,safe_unidirectional,best,921.104187,2564.586766,270.737
Semi-detached,1,H3,hybrid_bidirectional,worst,1230.546904,2679.785655,212.70693
Semi-detached,1,H3,hybrid_bidirectional,best,762.282663,2678.932552,121.383669
Semi-detached,1,H1,safe_unidirectional,worst,2022.797479,3323.164732,477.601856
Semi-detached,1,H1,safe_unidirectional,best,1555.742602,3323.164732,358.506246
Semi-detached,1,H1,hybrid_bidirectional,worst,2027.111061,3442.434937,247.288575
Semi-detached,1,H1,hybrid_bidirectional,best,1475.762185,3410.91179,163.895026
Semi-detached,1,H2,safe_unidirectional,worst,1554.533989,2797.518066,418.875985
Semi-detached,1,H2,safe_unidirectional,best,1120.018019,2797.518066,292.548504
Semi-detached,1,H2,hybrid_bidirectional,worst,1504.491967,2945.990818,155.990778
Semi-detached,1,H2,hybrid_bidirectional,best,967.737409,2913.070226,94.792203
Semi-detached,1,H3,safe_unidirectional,worst,1250.177846,2432.698066,376.128193
Semi-detached,1,H3,safe_unidirectional,best,848.745543,2432.698066,247.481553
Semi-detached,1,H3,hybrid_bidirectional,worst,1164.104049,2540.960619,198.518437
Semi-detached,1,H3,hybrid_bidirectional,best,699.987068,2536.507258,113.920476
Semi-detached,1,H1,safe_unidirectional,worst,2143.989587,3456.741732,510.432654
Semi-detached,1,H1,safe_unidirectional,best,1686.262306,3456.741732,395.599892
Semi-detached,1,H1,hybrid_bidirectional,worst,2131.729885,3580.330062,273.606767
Semi-detached,1,H1,hybrid_bidirectional,best,1582.558701,3547.785927,187.622755
Semi-detached,1,H2,safe_unidirectional,worst,1666.111527,2931.095066,448.0996
Semi-detached,1,H2,safe_unidirectional,best,1229.10279,2931.095066,321.27933
Semi-detached,1,H2,hybrid_bidirectional,worst,1583.296896,3078.348229,180.899143
Semi-detached,1,H2,hybrid_bidirectional,best,1034.649143,3048.379485,104.690128
Semi-detached,1,H3,safe_unidirectional,worst,1343.039128,2566.275066,402.964859
Semi-detached,1,H3,safe_unidirectional,best,930.236418,2566.275066,268.32312
Semi-detached,1,H3,hybrid_bidirectional,worst,1235.352164,2680.369467,201.872424
Semi-detached,1,H3,hybrid_bidirectional,best,775.690392,2672.939443,117.122974
Semi-detached,1,H1,safe_unidirectional,worst,2108.958397,3420.154632,500.436094
Semi-detached,1,H1,safe_unidirectional,best,1677.534045,3420.154632,389.688474
Semi-detached,1,H1,hybrid_bidirectional,worst,2105.616449,3547.265883,254.869133
Semi-detached,1,H1,hybrid_bidirectional,best,1597.362544,3519.612472,175.093963
Semi-detached,1,H2,safe_unidirectional,worst,1639.428514,2894.507966,440.381803
Semi-detached,1,H2,safe_unidirectional,best,1235.308637,2894.507966,319.194557
Semi-detached,1,H2,hybrid_bidirectional,worst,1554.912887,3046.511745,165.726078
Semi-detached,1,H2,hybrid_bidirectional,best,1049.557413,3022.795369,101.014777
Semi-detached,1,H3,safe_unidirectional,worst,1326.654944,2529.687966,399.014673
Semi-detached,1,H3,safe_unidirectional,best,948.135466,2529.687966,273.965431
Semi-detached,1,H3,hybrid_bidirectional,worst,1217.400427,2633.928123,211.996042
Semi-detached,1,H3,hybrid_bidirectional,best,754.698979,2639.83502,120.151726
Semi-detached,1,H1,safe_unidirectional,worst,2138.678955,3432.130932,502.808642
Semi-detached,1,H1,safe_unidirectional,best,1684.035628,3432.130932,386.847692
Semi-detached,1,H1,hybrid_bidirectional,worst,2139.659513,3555.693097,277.208617
Semi-detached,1,H1,hybrid_bidirectional,best,1585.505831,3525.994657,185.449125
Semi-detached,1,H2,safe_unidirectional,worst,1669.789154,2906.484266,443.648027
Semi-detached,1,H2,safe_unidirectional,best,1230.081188,2906.484266,315.532881
Semi-detached,1,H2,hybrid_bidirectional,worst,1588.505609,3058.226308,176.631681
Semi-detached,1,H2,hybrid_bidirectional,best,1030.801535,3025.28716,106.24331
Semi-detached,1,H3,safe_unidirectional,worst,1350.360711,2541.664266,402.078432
Semi-detached,1,H3,safe_unidirectional,best,934.693593,2541.664266,269.550823
Semi-detached,1,H3,hybrid_bidirectional,worst,1244.792214,2658.329192,207.302382
Semi-detached,1,H3,hybrid_bidirectional,best,757.528244,2648.329997,120.603315
Semi-detached,1,H1,safe_unidirectional,worst,2166.202841,3548.384832,514.342349
Semi-detached,1,H1,safe_unidirectional,best,1724.054655,3548.384832,403.50532
Semi-detached,1,H1,hybrid_bidirectional,worst,2171.395071,3681.063842,271.079129
Semi-detached,1,H1,hybrid_bidirectional,best,1641.250766,3651.08549,185.921946
Semi-detached,1,H2,safe_unidirectional,worst,1693.644045,3022.738166,454.747721
Semi-detached,1,H2,safe_unidirectional,best,1282.58996,3022.738166,335.493476
Semi-detached,1,H2,hybrid_bidirectional,worst,1600.140919,3185.5411,174.30192
Semi-detached,1,H2,hybrid_bidirectional,best,1101.079731,3154.289346,113.151215
Semi-detached,1,H3,safe_unidirectional,worst,1374.048166,2657.918166,413.296262
Semi-detached,1,H3,safe_unidirectional,best,990.649968,2657.918166,290.674702
Semi-detached,1,H3,hybrid_bidirectional,worst,1225.938404,2767.72278,211.824351
Semi-detached,1,H3,hybrid_bidirectional,best,761.202726,2764.055969,123.483481
Semi-detached,1,H1,safe_unidirectional,worst,2240.796667,3607.942532,533.165216
Semi-detached,1,H1,safe_unidirectional,best,1783.306717,3607.942532,408.687052
Semi-detached,1,H1,hybrid_bidirectional,worst,2253.507103,3742.351229,288.707806
Semi-detached,1,H1,hybrid_bidirectional,best,1681.136886,3711.000028,195.249447
Semi-detached,1,H2,safe_unidirectional,worst,1767.53111,3082.295866,471.659727
Semi-detached,1,H2,safe_unidirectional,best,1333.899253,3082.295866,341.511431
Semi-detached,1,H2,hybrid_bidirectional,worst,1665.059803,3238.848337,179.145054
Semi-detached,1,H2,hybrid_bidirectional,best,1121.038718,3205.367725,111.791264
Semi-detached,1,H3,safe_unidirectional,worst,1456.573002,2717.475866,429.362488
Semi-detached,1,H3,safe_unidirectional,best,1039.364214,2717.475866,292.543621
Semi-detached,1,H3,hybrid_bidirectional,worst,1314.271122,2819.798444,240.815079
Semi-detached,1,H3,hybrid_bidirectional,best,805.235465,2814.158795,134.867952
Semi-detached,1,H1,safe_unidirectional,worst,2138.1441,3465.762732,500.265301
Semi-detached,1,H1,safe_unidirectional,best,1716.355392,3465.762732,396.172956
Semi-detached,1,H1,hybrid_bidirectional,worst,2126.664576,3591.443124,265.315055
Semi-detached,1,H1,hybrid_bidirectional,best,1607.697401,3561.850425,185.926644
Semi-detached,1,H2,safe_unidirectional,worst,1656.635694,2940.116066,435.580417
Semi-detached,1,H2,safe_unidirectional,best,1277.583845,2940.116066,328.070837
Semi-detached,1,H2,hybrid_bidirectional,worst,1546.864153,3090.136287,177.930624
Semi-detached,1,H2,hybrid_bidirectional,best,1028.106047,3062.003465,112.884165
Semi-detached,1,H3,safe_unidirectional,worst,1336.971064,2575.296066,396.213474
Semi-detached,1,H3,safe_unidirectional,best,981.091439,2575.296066,280.430764
Semi-detached,1,H3,hybrid_bidirectional,worst,1196.137479,2693.892047,194.668758
Semi-detached,1,H3,hybrid_bidirectional,best,756.485361,2683.015427,121.49982
Semi-detached,1,H1,safe_unidirectional,worst,2169.686678,3504.479032,515.590097
Semi-detached,1,H1,safe_unidirectional,best,1724.286056,3504.479032,405.87136
Semi-detached,1,H1,hybrid_bidirectional,worst,2173.667901,3626.961555,278.705075
Semi-detached,1,H1,hybrid_bidirectional,best,1617.081917,3595.012062,193.945931
Semi-detached,1,H2,safe_unidirectional,worst,1700.325687,2978.832366,456.735275
Semi-detached,1,H2,safe_unidirectional,best,1278.347692,2978.832366,337.348342
Semi-detached,1,H2,hybrid_bidirectional,worst,1595.07376,3122.257104,180.101125
Semi-detached,1,H2,hybrid_bidirectional,best,1075.621284,3093.942796,112.531295
Semi-detached,1,H3,safe_unidirectional,worst,1383.526761,2614.012366,413.702838
Semi-detached,1,H3,safe_unidirectional,best,986.20492,2614.012366,288.964739
Semi-detached,1,H3,hybrid_bidirectional,worst,1263.960026,2724.198378,210.505111
Semi-detached,1,H3,hybrid_bidirectional,best,752.687806,2713.388106,122.607982
Semi-detached,1,H1,safe_unidirectional,worst,2108.402311,3440.763332,496.770712
Semi-detached,1,H1,safe_unidirectional,best,1665.795563,3440.763332,385.020065
Semi-detached,1,H1,hybrid_bidirectional,worst,2106.548688,3561.299689,261.282624
Semi-detached,1,H1,hybrid_bidirectional,best,1590.203561,3530.523826,181.570023
Semi-detached,1,H2,safe_unidirectional,worst,1627.97799,2915.116666,433.44251
Semi-detached,1,H2,safe_unidirectional,best,1220.970557,2915.116666,316.251506
Semi-detached,1,H2,hybrid_bidirectional,worst,1525.561434,3061.103851,162.269151
Semi-detached,1,H2,hybrid_bidirectional,best,1048.941024,3030.698157,106.37506
Semi-detached,1,H3,safe_unidirectional,worst,1313.372798,2550.296666,394.521445
Semi-detached,1,H3,safe_unidirectional,best,929.072807,2550.296666,269.039799
Semi-detached,1,H3,hybrid_bidirectional,worst,1166.680068,2662.901679,189.17798
Semi-detached,1,H3,hybrid_bidirectional,best,741.319092,2653.370351,112.774097
Semi-detached,1,H1,safe_unidirectional,worst,2028.857278,3329.651232,473.287586
Semi-detached,1,H1,safe_unidirectional,best,1597.888709,3329.651232,366.736125
Semi-detached,1,H1,hybrid_bidirectional,worst,2037.720854,3446.714272,256.938383
Semi-detached,1,H1,hybrid_bidirectional,best,1517.897587,3418.428441,175.570933
Semi-detached,1,H2,safe_unidirectional,worst,1568.91697,2804.004566,414.208156
Semi-detached,1,H2,safe_unidirectional,best,1174.558873,2804.004566,302.547022
Semi-detached,1,H2,hybrid_bidirectional,worst,1505.992868,2948.435589,165.827109
Semi-detached,1,H2,hybrid_bidirectional,best,1025.543932,2923.679999,104.390401
Semi-detached,1,H3,safe_unidirectional,worst,1262.397625,2439.184566,375.256722
Semi-detached,1,H3,safe_unidirectional,best,896.642083,2439.184566,257.98888
Semi-detached,1,H3,hybrid_bidirectional,worst,1176.892481,2549.794946,199.930646
Semi-detached,1,H3,hybrid_bidirectional,best,730.74329,2547.752688,112.070028
Semi-detached,1,H1,safe_unidirectional,worst,2317.260163,3683.761832,556.307815
Semi-detached,1,H1,safe_unidirectional,best,1861.378116,3683.761832,439.584694
Semi-detached,1,H1,hybrid_bidirectional,worst,2313.965415,3813.715071,297.137831
Semi-detached,1,H1,hybrid_bidirectional,best,1746.756503,3778.637736,209.397003
Semi-detached,1,H2,safe_unidirectional,worst,1836.685586,3158.115166,488.657231
Semi-detached,1,H2,safe_unidirectional,best,1407.61761,3158.115166,363.91647
Semi-detached,1,H2,hybrid_bidirectional,worst,1734.629475,3311.93257,192.179092
Semi-detached,1,H2,hybrid_bidirectional,best,1164.789913,3275.05862,119.182181
Semi-detached,1,H3,safe_unidirectional,worst,1516.91323,2793.295166,449.69089
Semi-detached,1,H3,safe_unidirectional,best,1104.791258,2793.295166,317.25477
Semi-detached,1,H3,hybrid_bidirectional,worst,1357.200354,2921.282845,229.106028
Semi-detached,1,H3,hybrid_bidirectional,best,855.216001,2893.84629,131.43999
Semi-detached,1,H1,safe_unidirectional,worst,2101.085028,3432.586632,494.732583
Semi-detached,1,H1,safe_unidirectional,best,1645.629837,3432.586632,379.293204
Semi-detached,1,H1,hybrid_bidirectional,worst,2087.34758,3550.303155,266.035925
Semi-detached,1,H1,hybrid_bidirectional,best,1548.166699,3517.49438,180.395372
Semi-detached,1,H2,safe_unidirectional,worst,1621.193837,2906.939966,435.014445
Semi-detached,1,H2,safe_unidirectional,best,1177.313023,2906.939966,303.897756
Semi-detached,1,H2,hybrid_bidirectional,worst,1509.007012,3058.072677,158.777297
Semi-detached,1,H2,hybrid_bidirectional,best,966.157437,3021.971306,96.650127
Semi-detached,1,H3,safe_unidirectional,worst,1294.012708,2542.119966,388.831551
Semi-detached,1,H3,safe_unidirectional,best,880.833155,2542.119966,253.760952
Semi-detached,1,H3,hybrid_bidirectional,worst,1162.929763,2659.505968,183.597603
Semi-detached,1,H3,hybrid_bidirectional,best,707.165158,2648.359561,104.083452
Semi-detached,1,H1,safe_unidirectional,worst,2173.83797,3546.460332,516.989599
Semi-detached,1,H1,safe_unidirectional,best,1718.723734,3546.460332,399.469545
Semi-detached,1,H1,hybrid_bidirectional,worst,2183.989778,3677.68636,273.333767
Semi-detached,1,H1,hybrid_bidirectional,best,1626.906897,3645.057227,185.307204
Semi-detached,1,H2,safe_unidirectional,worst,1701.751843,3020.813666,456.508419
Semi-detached,1,H2,safe_unidirectional,best,1275.875306,3020.813666,332.989663
Semi-detached,1,H2,hybrid_bidirectional,worst,1613.457891,3182.103554,180.329244
Semi-detached,1,H2,hybrid_bidirectional,best,1072.681251,3150.809866,112.409219
Semi-detached,1,H3,safe_unidirectional,worst,1377.456546,2655.993666,412.036739
Semi-detached,1,H3,safe_unidirectional,best,978.002841,2655.993666,281.648769
Semi-detached,1,H3,hybrid_bidirectional,worst,1259.372909,2777.610418,201.316595
Semi-detached,1,H3,hybrid_bidirectional,best,780.249824,2772.965038,116.150987
Semi-detached,1,H1,safe_unidirectional,worst,2079.985196,3408.091732,487.176564
Semi-detached,1,H1,safe_unidirectional,best,1617.762611,3408.091732,374.084081
Semi-detached,1,H1,hybrid_bidirectional,worst,2087.486541,3528.91351,261.322115
Semi-detached,1,H1,hybrid_bidirectional,best,1545.124346,3495.079729,181.228364
Semi-detached,1,H2,safe_unidirectional,worst,1605.694246,2882.445066,425.643414
Semi-detached,1,H2,safe_unidirectional,best,1163.56813,2882.445066,299.123933
Semi-detached,1,H2,hybrid_bidirectional,worst,1527.271068,3029.058421,165.585076
Semi-detached,1,H2,hybrid_bidirectional,best,992.923166,2992.032723,104.542927
Semi-detached,1,H3,safe_unidirectional,worst,1298.503029,2517.625066,384.647567
Semi-detached,1,H3,safe_unidirectional,best,884.450172,2517.625066,250.761129
Semi-detached,1,H3,hybrid_bidirectional,worst,1138.884571,2627.521893,189.694565
Semi-detached,1,H3,hybrid_bidirectional,best,674.048865,2612.986293,106.561911
Semi-detached,1,H1,safe_unidirectional,worst,2011.484444,3310.329032,471.273231
Semi-detached,1,H1,safe_unidirectional,best,1573.817432,3310.329032,362.715759
Semi-detached,1,H1,hybrid_bidirectional,worst,2001.281173,3414.232297,257.754367
Semi-detached,1,H1,hybrid_bidirectional,best,1467.043022,3383.267555,174.925025
Semi-detached,1,H2,safe_unidirectional,worst,1550.416146,2784.682366,408.308777
Semi-detached,1,H2,safe_unidirectional,best,1129.484099,2784.682366,290.37752
Semi-detached,1,H2,hybrid_bidirectional,worst,1454.555912,2918.861812,159.852988
Semi-detached,1,H2,hybrid_bidirectional,best,939.979529,2881.383837,101.255345
Semi-detached,1,H3,safe_unidirectional,worst,1228.11502,2419.862366,367.036741
Semi-detached,1,H3,safe_unidirectional,best,832.762194,2419.862366,239.819122
Semi-detached,1,H3,hybrid_bidirectional,worst,1117.021151,2522.37462,174.757656
Semi-detached,1,H3,hybrid_bidirectional,best,678.695467,2501.833509,101.214513
Semi-detached,1,H1,safe_unidirectional,worst,2148.397409,3541.520832,510.961309
Semi-detached,1,H1,safe_unidirectional,best,1691.455706,3541.520832,390.997673
Semi-detached,1,H1,hybrid_bidirectional,worst,2144.161336,3670.281785,268.374817
Semi-detached,1,H1,hybrid_bidirectional,best,1596.501995,3639.068332,181.920382
Semi-detached,1,H2,safe_unidirectional,worst,1666.533898,3015.874166,447.841392
Semi-detached,1,H2,safe_unidirectional,best,1240.367857,3015.874166,320.236268
Semi-detached,1,H2,hybrid_bidirectional,worst,1570.881695,3182.304311,163.813077
Semi-detached,1,H2,hybrid_bidirectional,best,1008.506963,3151.309323,100.262633
Semi-detached,1,H3,safe_unidirectional,worst,1364.452231,2651.054166,410.769082
Semi-detached,1,H3,safe_unidirectional,best,954.937849,2651.054166,277.581366
Semi-detached,1,H3,hybrid_bidirectional,worst,1186.944923,2774.638478,198.575745
Semi-detached,1,H3,hybrid_bidirectional,best,684.139773,2776.049342,101.669903
Semi-detached,1,H1,safe_unidirectional,worst,2165.530124,3487.945132,516.604399
Semi-detached,1,H1,safe_unidirectional,best,1713.972092,3487.945132,403.646719
Semi-detached,1,H1,hybrid_bidirectional,worst,2149.564753,3616.190904,272.473713
Semi-detached,1,H1,hybrid_bidirectional,best,1608.110237,3584.443142,188.96112
Semi-detached,1,H2,safe_unidirectional,worst,1687.034611,2962.298466,456.103788
Semi-detached,1,H2,safe_unidirectional,best,1264.386678,2962.298466,334.117146
Semi-detached,1,H2,hybrid_bidirectional,worst,1573.201914,3125.844334,173.196002
Semi-detached,1,H2,hybrid_bidirectional,best,1023.662039,3088.05106,110.044574
Semi-detached,1,H3,safe_unidirectional,worst,1358.056182,2597.478466,408.233344
Semi-detached,1,H3,safe_unidirectional,best,960.238084,2597.478466,281.849998
Semi-detached,1,H3,hybrid_bidirectional,worst,1207.041028,2711.842727,207.241696
Semi-detached,1,H3,hybrid_bidirectional,best,766.722328,2700.78612,129.674845
Semi-detached,1,H1,safe_unidirectional,worst,2220.657708,3574.575532,528.368005
Semi-detached,1,H1,safe_unidirectional,best,1736.44036,3574.575532,401.415755
Semi-detached,1,H1,hybrid_bidirectional,worst,2234.539992,3711.821358,276.799075
Semi-detached,1,H1,hybrid_bidirectional,best,1643.238507,3675.954419,183.664523
Semi-detached,1,H2,safe_unidirectional,worst,1737.228474,3048.928866,465.982009
Semi-detached,1,H2,safe_unidirectional,best,1272.495071,3048.928866,329.096061
Semi-detached,1,H2,hybrid_bidirectional,worst,1641.078812,3218.895775,172.066217
Semi-detached,1,H2,hybrid_bidirectional,best,1025.066646,3178.600415,103.567851
Semi-detached,1,H3,safe_unidirectional,worst,1414.245835,2684.108866,421.637462
Semi-detached,1,H3,safe_unidirectional,best,967.414734,2684.108866,278.309993
Semi-detached,1,H3,hybrid_bidirectional,worst,1226.398455,2823.378202,195.079292
Semi-detached,1,H3,hybrid_bidirectional,best,724.849133,2803.927326,110.071743
Semi-detached,1,H1,safe_unidirectional,worst,2137.753249,3471.583332,510.178286
Semi-detached,1,H1,safe_unidirectional,best,1682.507485,3471.583332,392.136447
Semi-detached,1,H1,hybrid_bidirectional,worst,2138.264809,3599.758962,269.737831
Semi-detached,1,H1,hybrid_bidirectional,best,1585.185779,3570.135111,181.355816
Semi-detached,1,H2,safe_unidirectional,worst,1662.891724,2945.936666,446.930788
Semi-detached,1,H2,safe_unidirectional,best,1244.484032,2945.936666,324.528038
Semi-detached,1,H2,hybrid_bidirectional,worst,1583.221036,3104.795284,165.077888
Semi-detached,1,H2,hybrid_bidirectional,best,1045.30652,3073.920063,101.963464
Semi-detached,1,H3,safe_unidirectional,worst,1355.501032,2581.116666,404.219916
Semi-detached,1,H3,safe_unidirectional,best,960.612875,2581.116666,278.00047
Semi-detached,1,H3,hybrid_bidirectional,worst,1200.49857,2687.57161,209.627238
Semi-detached,1,H3,hybrid_bidirectional,best,750.66422,2689.74121,117.40785
Semi-detached,1,H1,safe_unidirectional,worst,1924.393424,3236.013032,447.687625
Semi-detached,1,H1,safe_unidirectional,best,1505.650754,3236.013032,345.696165
Semi-detached,1,H1,hybrid_bidirectional,worst,1913.099996,3341.355472,242.896579
Semi-detached,1,H1,hybrid_bidirectional,best,1406.744808,3312.910191,162.931304
Semi-detached,1,H2,safe_unidirectional,worst,1465.066879,2710.366366,388.501017
Semi-detached,1,H2,safe_unidirectional,best,1076.002649,2710.366366,277.39176
Semi-detached,1,H2,hybrid_bidirectional,worst,1387.792383,2849.583899,146.899453
Semi-detached,1,H2,hybrid_bidirectional,best,885.066296,2817.957691,88.047052
Semi-detached,1,H3,safe_unidirectional,worst,1149.64107,2345.546366,343.99186
Semi-detached,1,H3,safe_unidirectional,best,788.660117,2345.546366,230.474863
Semi-detached,1,H3,hybrid_bidirectional,worst,1052.733522,2444.872533,172.671435
Semi-detached,1,H3,hybrid_bidirectional,best,643.449688,2442.375964,95.793066
Semi-detached,1,H1,safe_unidirectional,worst,2154.202593,3513.406132,514.276529
Semi-detached,1,H1,safe_unidirectional,best,1716.073858,3513.406132,404.225642
Semi-detached,1,H1,hybrid_bidirectional,worst,2154.842531,3647.307792,261.195744
Semi-detached,1,H1,hybrid_bidirectional,best,1634.500964,3617.643732,180.233023
Semi-detached,1,H2,safe_unidirectional,worst,1673.794224,2987.759466,447.887254
Semi-detached,1,H2,safe_unidirectional,best,1263.445612,2987.759466,328.418153
Semi-detached,1,H2,hybrid_bidirectional,worst,1598.709191,3133.458922,166.907434
Semi-detached,1,H2,hybrid_bidirectional,best,1086.698017,3097.996921,109.201349
Semi-detached,1,H3,safe_unidirectional,worst,1355.835562,2622.939466,406.571289
Semi-detached,1,H3,safe_unidirectional,best,973.855067,2622.939466,282.594409
Semi-detached,1,H3,hybrid_bidirectional,worst,1221.201795,2736.405737,200.812346
Semi-detached,1,H3,hybrid_bidirectional,best,768.883669,2726.840189,117.174202
Semi-detached,1,H1,safe_unidirectional,worst,2083.764444,3395.705832,493.432502
Semi-detached,1,H1,safe_unidirectional,best,1662.257837,3395.705832,389.380526
Semi-detached,1,H1,hybrid_bidirectional,worst,2087.530304,3519.2678,260.924774
Semi-detached,1,H1,hybrid_bidirectional,best,1550.024451,3489.550233,180.583538
Semi-detached,1,H2,safe_unidirectional,worst,1626.061285,2870.059166,433.558638
Semi-detached,1,H2,safe_unidirectional,best,1224.904969,2870.059166,318.332388
Semi-detached,1,H2,hybrid_bidirectional,worst,1538.684885,3016.74962,163.472293
Semi-detached,1,H2,hybrid_bidirectional,best,1000.406526,2982.952302,102.158553
Semi-detached,1,H3,safe_unidirectional,worst,1308.889275,2505.239166,389.649875
Semi-detached,1,H3,safe_unidirectional,best,936.25045,2505.239166,270.358474
Semi-detached,1,H3,hybrid_bidirectional,worst,1180.932202,2607.651597,193.751948
Semi-detached,1,H3,hybrid_bidirectional,best,702.841079,2602.956895,108.502195
Semi-detached,1,H1,safe_unidirectional,worst,2137.42065,3461.501232,506.251325
Semi-detached,1,H1,safe_unidirectional,best,1713.897553,3461.501232,405.101674
Semi-detached,1,H1,hybrid_bidirectional,worst,2149.871739,3584.101025,271.390777
Semi-detached,1,H1,hybrid_bidirectional,best,1640.384633,3555.548277,194.610489
Semi-detached,1,H2,safe_unidirectional,worst,1663.511012,2935.854566,442.434875
Semi-detached,1,H2,safe_unidirectional,best,1272.7354,2935.854566,332.748137
Semi-detached,1,H2,hybrid_bidirectional,worst,1574.066256,3088.96355,169.565959
Semi-detached,1,H2,hybrid_bidirectional,best,1083.526169,3058.666643,110.335057
Semi-detached,1,H3,safe_unidirectional,worst,1345.552979,2571.034566,401.262811
Semi-detached,1,H3,safe_unidirectional,best,978.634813,2571.034566,283.781317
Semi-detached,1,H3,hybrid_bidirectional,worst,1235.788239,2678.334624,201.677723
Semi-detached,1,H3,hybrid_bidirectional,best,778.569721,2678.357144,116.393233
Semi-detached,1,H1,safe_unidirectional,worst,2129.790215,3445.276132,508.453553
Semi-detached,1,H1,safe_unidirectional,best,1685.612457,3445.276132,390.794986
Semi-detached,1,H1,hybrid_bidirectional,worst,2146.412559,3563.328333,283.987018
Semi-detached,1,H1,hybrid_bidirectional,best,1595.825408,3535.912849,193.489454
Semi-detached,1,H2,safe_unidirectional,worst,1659.351741,2919.629466,445.979127
Semi-detached,1,H2,safe_unidirectional,best,1242.602795,2919.629466,323.997361
Semi-detached,1,H2,hybrid_bidirectional,worst,1593.672895,3070.622405,175.749608
Semi-detached,1,H2,hybrid_bidirectional,best,1064.593049,3038.229856,112.530629
Semi-detached,1,H3,safe_unidirectional,worst,1338.894004,2554.809466,400.558573
Semi-detached,1,H3,safe_unidirectional,best,951.919958,2554.809466,275.214867
Semi-detached,1,H3,hybrid_bidirectional,worst,1218.248869,2652.304785,218.973888
Semi-detached,1,H3,hybrid_bidirectional,best,735.743098,2652.502423,117.717637
Semi-detached,1,H1,safe_unidirectional,worst,2132.680328,3426.444732,506.775735
Semi-detached,1,H1,safe_unidirectional,best,1668.901826,3426.444732,389.680689
Semi-detached,1,H1,hybrid_bidirectional,worst,2131.930146,3552.902398,276.369618
Semi-detached,1,H1,hybrid_bidirectional,best,1558.136607,3522.979077,180.799153
Semi-detached,1,H2,safe_unidirectional,worst,1667.303374,2900.798066,449.547508
Semi-detached,1,H2,safe_unidirectional,best,1232.001203,2900.798066,323.138469
Semi-detached,1,H2,hybrid_bidirectional,worst,1585.479751,3057.029374,181.096915
Semi-detached,1,H2,hybrid_bidirectional,best,1036.92858,3024.899069,111.881531
Semi-detached,1,H3,safe_unidirectional,worst,1352.021449,2535.978066,405.99702
Semi-detached,1,H3,safe_unidirectional,best,946.150682,2535.978066,275.092039
Semi-detached,1,H3,hybrid_bidirectional,worst,1235.615993,2653.375121,214.391291
Semi-detached,1,H3,hybrid_bidirectional,best,741.586594,2656.556204,113.905428
Semi-detached,1,H1,safe_unidirectional,worst,2131.915269,3478.097132,507.487523
Semi-detached,1,H1,safe_unidirectional,best,1679.951687,3478.097132,391.142787
Semi-detached,1,H1,hybrid_bidirectional,worst,2156.010971,3604.061219,272.384833
Semi-detached,1,H1,hybrid_bidirectional,best,1609.341272,3572.22802,187.238658
Semi-detached,1,H2,safe_unidirectional,worst,1670.678783,2952.450466,447.226469
Semi-detached,1,H2,safe_unidirectional,best,1249.431829,2952.450466,323.706693
Semi-detached,1,H2,hybrid_bidirectional,worst,1570.278976,3107.407928,163.789455
Semi-detached,1,H2,hybrid_bidirectional,best,1053.61088,3073.505952,98.567752
Semi-detached,1,H3,safe_unidirectional,worst,1348.628899,2587.630466,405.262872
Semi-detached,1,H3,safe_unidirectional,best,952.595409,2587.630466,276.806648
Semi-detached,1,H3,hybrid_bidirectional,worst,1238.186037,2697.750353,206.338003
Semi-detached,1,H3,hybrid_bidirectional,best,767.081422,2695.111833,121.535561
Semi-detached,1,H1,safe_unidirectional,worst,2194.752221,3533.364232,522.137826
Semi-detached,1,H1,safe_unidirectional,best,1731.018144,3533.364232,399.728688
Semi-detached,1,H1,hybrid_bidirectional,worst,2193.698646,3666.781037,279.703537
Semi-detached,1,H1,hybrid_bidirectional,best,1642.590191,3632.646711,187.441306
Semi-detached,1,H2,safe_unidirectional,worst,1727.428903,3007.717566,462.063016
Semi-detached,1,H2,safe_unidirectional,best,1279.536314,3007.717566,329.998069
Semi-detached,1,H2,hybrid_bidirectional,worst,1630.056438,3176.021745,175.189864
Semi-detached,1,H2,hybrid_bidirectional,best,1076.416794,3135.095543,109.475148
Semi-detached,1,H3,safe_unidirectional,worst,1406.829831,2642.897566,419.686315
Semi-detached,1,H3,safe_unidirectional,best,978.71938,2642.897566,281.172701
Semi-detached,1,H3,hybrid_bidirectional,worst,1239.308625,2772.349875,209.006096
Semi-detached,1,H3,hybrid_bidirectional,best,749.494638,2757.379873,116.569546
Semi-detached,1,H1,safe_unidirectional,worst,2209.8462,3550.652532,529.757687
Semi-detached,1,H1,safe_unidirectional,best,1789.893798,3550.652532,420.062953
Semi-detached,1,H1,hybrid_bidirectional,worst,2211.919899,3685.559916,276.805909
Semi-detached,1,H1,hybrid_bidirectional,best,1692.579138,3656.586044,194.508877
Semi-detached,1,H2,safe_unidirectional,worst,1725.575245,3025.005866,463.576983
Semi-detached,1,H2,safe_unidirectional,best,1346.29649,3025.005866,351.539059
Semi-detached,1,H2,hybrid_bidirectional,worst,1644.789447,3192.973622,184.081934
Semi-detached,1,H2,hybrid_bidirectional,best,1112.262781,3166.284739,116.797481
Semi-detached,1,H3,safe_unidirectional,worst,1403.154722,2660.185866,417.725829
Semi-detached,1,H3,safe_unidirectional,best,1038.318789,2660.185866,300.807974
Semi-detached,1,H3,hybrid_bidirectional,worst,1268.59032,2784.419879,222.963878
Semi-detached,1,H3,hybrid_bidirectional,best,807.310622,2775.894575,139.92845
Semi-detached,1,H1,safe_unidirectional,worst,2043.375043,3388.749832,481.028184
Semi-detached,1,H1,safe_unidirectional,best,1601.214273,3388.749832,366.12207
Semi-detached,1,H1,hybrid_bidirectional,worst,2039.280401,3499.752087,270.16125
Semi-detached,1,H1,hybrid_bidirectional,best,1513.402972,3471.074968,178.063247
Semi-detached,1,H2,safe_unidirectional,worst,1576.992581,2863.103166,421.778418
Semi-detached,1,H2,safe_unidirectional,best,1153.143736,2863.103166,298.130015
Semi-detached,1,H2,hybrid_bidirectional,worst,1487.443961,3009.45748,160.692494
Semi-detached,1,H2,hybrid_bidirectional,best,966.237993,2971.95573,101.016735
Semi-detached,1,H3,safe_unidirectional,worst,1258.886206,2498.283166,379.447752
Semi-detached,1,H3,safe_unidirectional,best,859.226457,2498.283166,249.978796
Semi-detached,1,H3,hybrid_bidirectional,worst,1137.642216,2607.936272,188.935928
Semi-detached,1,H3,hybrid_bidirectional,best,696.446144,2595.091987,110.89707
Semi-detached,1,H1,safe_unidirectional,worst,2180.599003,3514.383532,516.253219
Semi-detached,1,H1,safe_unidirectional,best,1754.27675,3514.383532,406.236568
Semi-detached,1,H1,hybrid_bidirectional,worst,2199.760782,3640.738133,284.104044
Semi-detached,1,H1,hybrid_bidirectional,best,1652.434764,3613.785847,196.531456
Semi-detached,1,H2,safe_unidirectional,worst,1705.726506,2988.736866,455.183014
Semi-detached,1,H2,safe_unidirectional,best,1308.936902,2988.736866,339.868346
Semi-detached,1,H2,hybrid_bidirectional,worst,1659.030646,3148.175909,183.337156
Semi-detached,1,H2,hybrid_bidirectional,best,1152.595414,3122.802345,117.468612
Semi-detached,1,H3,safe_unidirectional,worst,1400.147419,2623.916866,415.596815
Semi-detached,1,H3,safe_unidirectional,best,1023.36043,2623.916866,294.449103
Semi-detached,1,H3,hybrid_bidirectional,worst,1305.851614,2741.15392,225.660389
Semi-detached,1,H3,hybrid_bidirectional,best,829.711801,2735.072309,137.024864
Semi-detached,1,H1,safe_unidirectional,worst,2060.633057,3370.288832,483.462931
Semi-detached,1,H1,safe_unidirectional,best,1611.233547,3370.288832,366.640179
Semi-detached,1,H1,hybrid_bidirectional,worst,2057.126629,3491.284131,258.178614
Semi-detached,1,H1,hybrid_bidirectional,best,1509.478432,3460.007232,173.380584
Semi-detached,1,H2,safe_unidirectional,worst,1596.680626,2844.642166,422.09017
Semi-detached,1,H2,safe_unidirectional,best,1176.79024,2844.642166,299.478346
Semi-detached,1,H2,hybrid_bidirectional,worst,1519.907457,2996.122135,165.62209
Semi-detached,1,H2,hybrid_bidirectional,best,962.829391,2964.932666,97.030837
Semi-detached,1,H3,safe_unidirectional,worst,1286.887813,2479.822166,383.375878
Semi-detached,1,H3,safe_unidirectional,best,886.649211,2479.822166,251.923179
Semi-detached,1,H3,hybrid_bidirectional,worst,1183.425749,2594.199428,199.663088
Semi-detached,1,H3,hybrid_bidirectional,best,733.561075,2587.10958,111.686801
Semi-detached,1,H1,safe_unidirectional,worst,2056.746214,3403.954032,483.593408
Semi-detached,1,H1,safe_unidirectional,best,1624.09082,3403.954032,377.278693
Semi-detached,1,H1,hybrid_bidirectional,worst,2049.490896,3522.754542,269.016783
Semi-detached,1,H1,hybrid_bidirectional,best,1543.772124,3494.445765,185.781958
Semi-detached,1,H2,safe_unidirectional,worst,1589.336338,2878.307366,423.935704
Semi-detached,1,H2,safe_unidirectional,best,1195.882136,2878.307366,311.161841
Semi-detached,1,H2,hybrid_bidirectional,worst,1532.401299,3034.78362,161.131169
Semi-detached,1,H2,hybrid_bidirectional,best,1041.863846,3003.681972,106.138425
Semi-detached,1,H3,safe_unidirectional,worst,1288.793391,2513.487366,383.73109
Semi-detached,1,H3,safe_unidirectional,best,919.988052,2513.487366,267.840662
Semi-detached,1,H3,hybrid_bidirectional,worst,1178.021879,2633.510736,194.873536
Semi-detached,1,H3,hybrid_bidirectional,best,757.107652,2630.867865,109.836535
Semi-detached,1,H1,safe_unidirectional,worst,2249.67514,3582.091032,535.816811
Semi-detached,1,H1,safe_unidirectional,best,1792.731801,3582.091032,420.00531
Semi-detached,1,H1,hybrid_bidirectional,worst,2228.417568,3722.336242,285.824925
Semi-detached,1,H1,hybrid_bidirectional,best,1671.745309,3688.115971,195.453077
Semi-detached,1,H2,safe_unidirectional,worst,1787.681433,3056.444366,479.228098
Semi-detached,1,H2,safe_unidirectional,best,1343.835819,3056.444366,349.236663
Semi-detached,1,H2,hybrid_bidirectional,worst,1654.848949,3206.73696,186.162251
Semi-detached,1,H2,hybrid_bidirectional,best,1086.693533,3174.118728,117.944142
Semi-detached,1,H3,safe_unidirectional,worst,1472.242539,2691.624366,440.350872
Semi-detached,1,H3,safe_unidirectional,best,1044.957535,2691.624366,302.756215
Semi-detached,1,H3,hybrid_bidirectional,worst,1269.366273,2812.475332,215.102226
Semi-detached,1,H3,hybrid_bidirectional,best,775.603307,2800.042889,124.463498
Semi-detached,1,H1,safe_unidirectional,worst,2212.088173,3538.662532,528.11684
Semi-detached,1,H1,safe_unidirectional,best,1739.337485,3538.662532,403.908343
Semi-detached,1,H1,hybrid_bidirectional,worst,2202.61456,3667.984313,287.720847
Semi-detached,1,H1,hybrid_bidirectional,best,1617.73814,3635.131215,192.85698
Semi-detached,1,H2,safe_unidirectional,worst,1731.242641,3013.015866,466.838096
Semi-detached,1,H2,safe_unidirectional,best,1280.620667,3013.015866,332.934143
Semi-detached,1,H2,hybrid_bidirectional,worst,1638.781087,3174.267608,178.315921
Semi-detached,1,H2,hybrid_bidirectional,best,1054.295786,3138.470753,110.312345
Semi-detached,1,H3,safe_unidirectional,worst,1413.777109,2648.195866,425.380788
Semi-detached,1,H3,safe_unidirectional,best,984.522446,2648.195866,285.819421
Semi-detached,1,H3,hybrid_bidirectional,worst,1263.256112,2772.830923,201.110793
Semi-detached,1,H3,hybrid_bidirectional,best,766.077296,2762.078458,113.445774
Semi-detached,1,H1,safe_unidirectional,worst,2226.892855,3554.686832,531.752241
Semi-detached,1,H1,safe_unidirectional,best,1750.633685,3554.686832,407.015684
Semi-detached,1,H1,hybrid_bidirectional,worst,2231.747132,3685.693126,283.701057
Semi-detached,1,H1,hybrid_bidirectional,best,1653.081933,3653.582657,188.05697
Semi-detached,1,H2,safe_unidirectional,worst,1756.300727,3029.040166,474.297225
Semi-detached,1,H2,safe_unidirectional,best,1296.547047,3029.040166,338.303311
Semi-detached,1,H2,hybrid_bidirectional,worst,1693.434583,3192.17537,183.487485
Semi-detached,1,H2,hybrid_bidirectional,best,1112.62825,3155.812477,118.610814
Semi-detached,1,H3,safe_unidirectional,worst,1439.787634,2664.220166,431.231393
Semi-detached,1,H3,safe_unidirectional,best,1008.009029,2664.220166,291.797581
Semi-detached,1,H3,hybrid_bidirectional,worst,1259.664787,2785.609103,217.552966
Semi-detached,1,H3,hybrid_bidirectional,best,774.366526,2779.014392,123.93308
Semi-detached,1,H1,safe_unidirectional,worst,2220.201578,3586.062332,526.906749
Semi-detached,1,H1,safe_unidirectional,best,1766.02924,3586.062332,410.524221
Semi-detached,1,H1,hybrid_bidirectional,worst,2234.42952,3718.932187,281.873761
Semi-detached,1,H1,hybrid_bidirectional,best,1673.126249,3687.348513,192.793814
Semi-detached,1,H2,safe_unidirectional,worst,1746.176809,3060.415666,464.868292
Semi-detached,1,H2,safe_unidirectional,best,1313.931698,3060.415666,336.45392
Semi-detached,1,H2,hybrid_bidirectional,worst,1674.156431,3219.812616,185.257753
Semi-detached,1,H2,hybrid_bidirectional,best,1105.243936,3186.270159,116.836855
Semi-detached,1,H3,safe_unidirectional,worst,1428.891316,2695.595666,426.404206
Semi-detached,1,H3,safe_unidirectional,best,1015.136093,2695.595666,292.110051
Semi-detached,1,H3,hybrid_bidirectional,worst,1285.185539,2817.516867,215.262926
Semi-detached,1,H3,hybrid_bidirectional,best,797.039304,2807.127804,126.439296
Semi-detached,1,H1,safe_unidirectional,worst,2175.858348,3475.938232,520.935719
Semi-detached,1,H1,safe_unidirectional,best,1703.677201,3475.938232,393.149635
Semi-detached,1,H1,hybrid_bidirectional,worst,2178.437614,3601.042063,281.384278
Semi-detached,1,H1,hybrid_bidirectional,best,1605.685657,3570.78794,181.679029
Semi-detached,1,H2,safe_unidirectional,worst,1716.430986,2950.291566,460.417444
Semi-detached,1,H2,safe_unidirectional,best,1264.088703,2950.291566,324.062335
Semi-detached,1,H2,hybrid_bidirectional,worst,1627.048438,3097.789279,181.336238
Semi-detached,1,H2,hybrid_bidirectional,best,1054.682848,3065.73457,107.165536
Semi-detached,1,H3,safe_unidirectional,worst,1401.304379,2585.471566,421.073795
Semi-detached,1,H3,safe_unidirectional,best,957.142789,2585.471566,275.496237
Semi-detached,1,H3,hybrid_bidirectional,worst,1231.826833,2700.772853,204.95427
Semi-detached,1,H3,hybrid_bidirectional,best,736.04988,2692.8196,107.77167
Semi-detached,1,H1,safe_unidirectional,worst,2203.623189,3571.895032,527.942135
Semi-detached,1,H1,safe_unidirectional,best,1767.402894,3571.895032,421.930784
Semi-detached,1,H1,hybrid_bidirectional,worst,2204.056417,3709.595541,276.264252
Semi-detached,1,H1,hybrid_bidirectional,best,1662.724795,3674.186115,196.495756
Semi-detached,1,H2,safe_unidirectional,worst,1722.387186,3046.248366,463.185334
Semi-detached,1,H2,safe_unidirectional,best,1314.75527,3046.248366,345.286224
Semi-detached,1,H2,hybrid_bidirectional,worst,1621.80774,3217.93595,174.801085
Semi-detached,1,H2,hybrid_bidirectional,best,1063.552432,3179.548587,113.321645
Semi-detached,1,H3,safe_unidirectional,worst,1403.934613,2681.428366,420.341112
Semi-detached,1,H3,safe_unidirectional,best,1016.69986,2681.428366,296.585547
Semi-detached,1,H3,hybrid_bidirectional,worst,1246.130843,2804.12175,212.799201
Semi-detached,1,H3,hybrid_bidirectional,best,798.94023,2791.203517,133.947861
Semi-detached,1,H1,safe_unidirectional,worst,2151.987574,3481.794432,504.5664
Semi-detached,1,H1,safe_unidirectional,best,1712.737963,3481.794432,393.438275
Semi-detached,1,H1,hybrid_bidirectional,worst,2169.616229,3610.478515,273.499887
Semi-detached,1,H1,hybrid_bidirectional,best,1647.214079,3577.601741,189.232956
Semi-detached,1,H2,safe_unidirectional,worst,1684.012961,2956.147766,442.822059
Semi-detached,1,H2,safe_unidirectional,best,1268.335642,2956.147766,323.024692
Semi-detached,1,H2,hybrid_bidirectional,worst,1593.515784,3110.553193,168.022414
Semi-detached,1,H2,hybrid_bidirectional,best,1110.989952,3078.638475,110.172483
Semi-detached,1,H3,safe_unidirectional,worst,1361.64064,2591.327766,401.059389
Semi-detached,1,H3,safe_unidirectional,best,970.982782,2591.327766,274.259897
Semi-detached,1,H3,hybrid_bidirectional,worst,1229.554699,2701.56755,214.734209
Semi-detached,1,H3,hybrid_bidirectional,best,768.314019,2699.47203,126.224486
Semi-detached,1,H1,safe_unidirectional,worst,2135.7263,3490.428332,501.83055
Semi-detached,1,H1,safe_unidirectional,best,1709.692422,3490.428332,388.30423
Semi-detached,1,H1,hybrid_bidirectional,worst,2142.248599,3614.384155,276.537089
Semi-detached,1,H1,hybrid_bidirectional,best,1630.701427,3587.635701,190.588784
Semi-detached,1,H2,safe_unidirectional,worst,1674.838295,2964.781666,440.095201
Semi-detached,1,H2,safe_unidirectional,best,1274.524236,2964.781666,321.791888
Semi-detached,1,H2,hybrid_bidirectional,worst,1594.606475,3131.028545,171.316961
Semi-detached,1,H2,hybrid_bidirectional,best,1061.284392,3095.042172,108.766114
Semi-detached,1,H3,safe_unidirectional,worst,1357.224142,2599.961666,397.861566
Semi-detached,1,H3,safe_unidirectional,best,966.868353,2599.961666,273.231594
Semi-detached,1,H3,hybrid_bidirectional,worst,1233.764993,2723.856559,200.351001
Semi-detached,1,H3,hybrid_bidirectional,best,739.803476,2721.603732,112.025223
Semi-detached,1,H1,safe_unidirectional,worst,2152.278682,3490.100532,519.191025
Semi-detached,1,H1,safe_unidirectional,best,1714.842924,3490.100532,406.291149
Semi-detached,1,H1,hybrid_bidirectional,worst,2152.59821,3620.694663,270.813805
Semi-detached,1,H1,hybrid_bidirectional,best,1624.767916,3589.022426,185.691595
Semi-detached,1,H2,safe_unidirectional,worst,1685.717369,2964.453866,457.272131
Semi-detached,1,H2,safe_unidirectional,best,1274.588878,2964.453866,336.172504
Semi-detached,1,H2,hybrid_bidirectional,worst,1579.752698,3115.070281,175.633425
Semi-detached,1,H2,hybrid_bidirectional,best,1057.856325,3087.366516,109.477547
Semi-detached,1,H3,safe_unidirectional,worst,1370.10222,2599.633866,415.630753
Semi-detached,1,H3,safe_unidirectional,best,978.010025,2599.633866,289.801833
Semi-detached,1,H3,hybrid_bidirectional,worst,1234.859492,2710.689377,212.940137
Semi-detached,1,H3,hybrid_bidirectional,best,761.472356,2708.614539,124.354123
Semi-detached,1,H1,safe_unidirectional,worst,2154.420256,3504.671132,507.388594
Semi-detached,1,H1,safe_unidirectional,best,1695.792845,3504.671132,389.083888
Semi-detached,1,H1,hybrid_bidirectional,worst,2150.668894,3630.89556,273.395056
Semi-detached,1,H1,hybrid_bidirectional,best,1591.84188,3598.979989,186.428085
Semi-detached,1,H2,safe_unidirectional,worst,1673.984978,2979.024466,444.582653
Semi-detached,1,H2,safe_unidirectional,best,1242.462093,2979.024466,318.575314
Semi-detached,1,H2,hybrid_bidirectional,worst,1586.58795,3139.699119,172.035175
Semi-detached,1,H2,hybrid_bidirectional,best,1063.153987,3106.918285,105.823657
Semi-detached,1,H3,safe_unidirectional,worst,1352.490923,2614.204466,403.099206
Semi-detached,1,H3,safe_unidirectional,best,944.064934,2614.204466,270.318303
Semi-detached,1,H3,hybrid_bidirectional,worst,1229.037169,2735.643441,208.073772
Semi-detached,1,H3,hybrid_bidirectional,best,710.118557,2737.759337,106.586601
Semi-detached,1,H1,safe_unidirectional,worst,2195.506477,3525.779032,521.122175
Semi-detached,1,H1,safe_unidirectional,best,1729.125963,3525.779032,401.390817
Semi-detached,1,H1,hybrid_bidirectional,worst,2207.110062,3659.394219,274.599848
Semi-detached,1,H1,hybrid_bidirectional,best,1644.972034,3627.755656,187.382298
Semi-detached,1,H2,safe_unidirectional,worst,1729.313589,3000.132366,460.423441
Semi-detached,1,H2,safe_unidirectional,best,1288.388215,3000.132366,329.258072
Semi-detached,1,H2,hybrid_bidirectional,worst,1622.974515,3162.08238,183.621574
Semi-detached,1,H2,hybrid_bidirectional,best,1073.268996,3128.567211,116.664849
Semi-detached,1,H3,safe_unidirectional,worst,1404.977477,2635.312366,416.331246
Semi-detached,1,H3,safe_unidirectional,best,987.92892,2635.312366,279.4356
Semi-detached,1,H3,hybrid_bidirectional,worst,1273.14793,2765.2533,206.143457
Semi-detached,1,H3,hybrid_bidirectional,best,799.060825,2755.884751,119.272829
Semi-detached,1,H1,safe_unidirectional,worst,2176.03344,3543.742232,516.602525
Semi-detached,1,H1,safe_unidirectional,best,1752.422628,3543.742232,413.322434
Semi-detached,1,H1,hybrid_bidirectional,worst,2176.8801,3670.544921,281.15838
Semi-detached,1,H1,hybrid_bidirectional,best,1661.821644,3638.923345,199.104567
Semi-detached,1,H2,safe_unidirectional,worst,1697.283295,3018.095566,456.747968
Semi-detached,1,H2,safe_unidirectional,best,1295.294217,3018.095566,342.660988
Semi-detached,1,H2,hybrid_bidirectional,worst,1615.642365,3171.649419,170.456286
Semi-detached,1,H2,hybrid_bidirectional,best,1123.408356,3139.987041,115.660602
Semi-detached,1,H3,safe_unidirectional,worst,1382.028747,2653.275566,416.315468
Semi-detached,1,H3,safe_unidirectional,best,1002.117036,2653.275566,293.867639
Semi-detached,1,H3,hybrid_bidirectional,worst,1264.446004,2760.666353,218.240386
Semi-detached,1,H3,hybrid_bidirectional,best,820.336683,2756.676623,136.863249
Semi-detached,1,H1,safe_unidirectional,worst,2138.240893,3472.302632,507.441431
Semi-detached,1,H1,safe_unidirectional,best,1717.891643,3472.302632,401.069803
Semi-detached,1,H1,hybrid_bidirectional,worst,2154.311068,3600.47134,268.56189
Semi-detached,1,H1,hybrid_bidirectional,best,1645.515758,3569.553786,192.545805
Semi-detached,1,H2,safe_unidirectional,worst,1668.520299,2946.655966,446.176912
Semi-detached,1,H2,safe_unidirectional,best,1280.772146,2946.655966,334.425087
Semi-detached,1,H2,hybrid_bidirectional,worst,1574.842873,3103.149888,176.949921
Semi-detached,1,H2,hybrid_bidirectional,best,1099.928115,3071.651589,121.369686
Semi-detached,1,H3,safe_unidirectional,worst,1353.289099,2581.835966,403.232546
Semi-detached,1,H3,safe_unidirectional,best,985.673703,2581.835966,285.024058
Semi-detached,1,H3,hybrid_bidirectional,worst,1229.675663,2696.71956,210.391157
Semi-detached,1,H3,hybrid_bidirectional,best,788.577702,2689.784226,138.323599
Semi-detached,1,H1,safe_unidirectional,worst,2072.968147,3376.165332,491.777425
Semi-detached,1,H1,safe_unidirectional,best,1628.792187,3376.165332,378.73182
Semi-detached,1,H1,hybrid_bidirectional,worst,2073.338525,3499.758515,257.867135
Semi-detached,1,H1,hybrid_bidirectional,best,1531.146164,3470.865495,170.775479
Semi-detached,1,H2,safe_unidirectional,worst,1611.281473,2850.518666,431.467927
Semi-detached,1,H2,safe_unidirectional,best,1191.779851,2850.518666,310.421255
Semi-detached,1,H2,hybrid_bidirectional,worst,1485.16868,3003.944668,157.244805
Semi-detached,1,H2,hybrid_bidirectional,best,968.324443,2968.519628,96.64301
Semi-detached,1,H3,safe_unidirectional,worst,1293.66713,2485.698666,388.350171
Semi-detached,1,H3,safe_unidirectional,best,896.271874,2485.698666,259.12975
Semi-detached,1,H3,hybrid_bidirectional,worst,1148.745905,2588.181065,198.976574
Semi-detached,1,H3,hybrid_bidirectional,best,711.838888,2585.859495,109.987744
Semi-detached,1,H1,safe_unidirectional,worst,2193.084099,3523.327132,513.085649
Semi-detached,1,H1,safe_unidirectional,best,1736.715044,3523.327132,397.677362
Semi-detached,1,H1,hybrid_bidirectional,worst,2201.168105,3643.999764,293.070368
Semi-detached,1,H1,hybrid_bidirectional,best,1648.231521,3616.699634,202.864481
Semi-detached,1,H2,safe_unidirectional,worst,1717.2832,2997.680466,451.534163
Semi-detached,1,H2,safe_unidirectional,best,1283.352058,2997.680466,325.355212
Semi-detached,1,H2,hybrid_bidirectional,worst,1604.31752,3144.923558,191.728971
Semi-detached,1,H2,hybrid_bidirectional,best,1081.454767,3118.983542,113.559919
Semi-detached,1,H3,safe_unidirectional,worst,1392.25101,2632.860466,410.513064
Semi-detached,1,H3,safe_unidirectional,best,988.572939,2632.860466,280.70059
Semi-detached,1,H3,hybrid_bidirectional,worst,1240.512651,2746.371691,214.535954
Semi-detached,1,H3,hybrid_bidirectional,best,795.26772,2740.186288,127.744876
Semi-detached,1,H1,safe_unidirectional,worst,2161.585542,3477.689532,515.736783
Semi-detached,1,H1,safe_unidirectional,best,1715.438014,3477.689532,399.840404
Semi-detached,1,H1,hybrid_bidirectional,worst,2156.852705,3602.701804,281.455178
Semi-detached,1,H1,hybrid_bidirectional,best,1603.876656,3571.390371,194.453343
Semi-detached,1,H2,safe_unidirectional,worst,1674.529455,2952.042866,451.128775
Semi-detached,1,H2,safe_unidirectional,best,1256.293531,2952.042866,327.793287
Semi-detached,1,H2,hybrid_bidirectional,worst,1601.268744,3108.174335,185.755209
Semi-detached,1,H2,hybrid_bidirectional,best,1044.58401,3073.065696,118.178034
Semi-detached,1,H3,safe_unidirectional,worst,1360.87951,2587.222866,410.328692
Semi-detached,1,H3,safe_unidirectional,best,963.458736,2587.222866,280.933261
Semi-detached,1,H3,hybrid_bidirectional,worst,1248.478984,2691.992895,217.815585
Semi-detached,1,H3,hybrid_bidirectional,best,757.831889,2685.053875,126.601572
Semi-detached,1,H1,safe_unidirectional,worst,2178.237403,3532.767732,524.109046
Semi-detached,1,H1,safe_unidirectional,best,1739.297536,3532.767732,409.806334
Semi-detached,1,H1,hybrid_bidirectional,worst,2187.084953,3661.884208,280.921592
Semi-detached,1,H1,hybrid_bidirectional,best,1661.874676,3634.474807,196.234367
Semi-detached,1,H2,safe_unidirectional,worst,1706.225092,3007.121066,458.860776
Semi-detached,1,H2,safe_unidirectional,best,1294.333115,3007.121066,338.484467
Semi-detached,1,H2,hybrid_bidirectional,worst,1669.261699,3170.004648,185.660482
Semi-detached,1,H2,hybrid_bidirectional,best,1158.84327,3137.2633,125.094476
Semi-detached,1,H3,safe_unidirectional,worst,1397.708284,2642.301066,420.159243
Semi-detached,1,H3,safe_unidirectional,best,1017.382578,2642.301066,297.051857
Semi-detached,1,H3,hybrid_bidirectional,worst,1267.213384,2754.035131,224.759627
Semi-detached,1,H3,hybrid_bidirectional,best,847.369083,2754.398209,142.919599
Semi-detached,1,H1,safe_unidirectional,worst,2238.354362,3597.559732,532.420181
Semi-detached,1,H1,safe_unidirectional,best,1779.539191,3597.559732,417.22855
Semi-detached,1,H1,hybrid_bidirectional,worst,2236.565307,3733.376978,279.455665
Semi-detached,1,H1,hybrid_bidirectional,best,1690.471534,3701.36941,193.668026
Semi-detached,1,H2,safe_unidirectional,worst,1760.994648,3071.913066,471.155517
Semi-detached,1,H2,safe_unidirectional,best,1322.405138,3071.913066,344.629585
Semi-detached,1,H2,hybrid_bidirectional,worst,1636.090562,3229.051162,184.713631
Semi-detached,1,H2,hybrid_bidirectional,best,1119.237929,3197.280285,114.662669
Semi-detached,1,H3,safe_unidirectional,worst,1426.438324,2707.093066,423.972796
Semi-detached,1,H3,safe_unidirectional,best,1015.628549,2707.093066,290.977267
Semi-detached,1,H3,hybrid_bidirectional,worst,1258.649468,2830.97354,197.695434
Semi-detached,1,H3,hybrid_bidirectional,best,788.485884,2826.301487,104.231803
Semi-detached,1,H1,safe_unidirectional,worst,2152.351149,3482.674032,517.624352
Semi-detached,1,H1,safe_unidirectional,best,1703.169496,3482.674032,402.654294
Semi-detached,1,H1,hybrid_bidirectional,worst,2161.971269,3612.665068,276.213085
Semi-detached,1,H1,hybrid_bidirectional,best,1634.950941,3581.12486,190.589321
Semi-detached,1,H2,safe_unidirectional,worst,1695.563551,2957.027366,459.049504
Semi-detached,1,H2,safe_unidirectional,best,1276.455086,2957.027366,335.434083
Semi-detached,1,H2,hybrid_bidirectional,worst,1614.486497,3121.519831,172.069032
Semi-detached,1,H2,hybrid_bidirectional,best,1083.905398,3087.352258,109.134726
Semi-detached,1,H3,safe_unidirectional,worst,1382.719975,2592.207366,415.717089
Semi-detached,1,H3,safe_unidirectional,best,985.526951,2592.207366,287.259743
Semi-detached,1,H3,hybrid_bidirectional,worst,1270.54547,2710.063723,212.020852
Semi-detached,1,H3,hybrid_bidirectional,best,800.25915,2700.47678,129.151865
Semi-detached,1,H1,safe_unidirectional,worst,2145.077346,3461.644632,502.504585
Semi-detached,1,H1,safe_unidirectional,best,1693.358659,3461.644632,387.62146
Semi-detached,1,H1,hybrid_bidirectional,worst,2151.36043,3586.833584,269.076396
Semi-detached,1,H1,hybrid_bidirectional,best,1586.472462,3553.991625,184.882085
Semi-detached,1,H2,safe_unidirectional,worst,1674.382669,2935.997966,444.137547
Semi-detached,1,H2,safe_unidirectional,best,1248.671043,2935.997966,318.611726
Semi-detached,1,H2,hybrid_bidirectional,worst,1578.855449,3080.87564,165.176616
Semi-detached,1,H2,hybrid_bidirectional,best,1054.736558,3047.880414,103.924201
Semi-detached,1,H3,safe_unidirectional,worst,1356.227537,2571.177966,399.306737
Semi-detached,1,H3,safe_unidirectional,best,948.173625,2571.177966,269.70276
Semi-detached,1,H3,hybrid_bidirectional,worst,1213.455109,2673.32784,200.40418
Semi-detached,1,H3,hybrid_bidirectional,best,773.632989,2664.564965,119.848039
Semi-detached,1,H1,safe_unidirectional,worst,2049.71249,3423.882332,484.548391
Semi-detached,1,H1,safe_unidirectional,best,1606.187981,3423.882332,376.010847
Semi-detached,1,H1,hybrid_bidirectional,worst,2056.444342,3541.979177,259.57115
Semi-detached,1,H1,hybrid_bidirectional,best,1492.578958,3510.962897,175.574876
Semi-detached,1,H2,safe_unidirectional,worst,1587.128316,2898.235666,425.978009
Semi-detached,1,H2,safe_unidirectional,best,1166.652341,2898.235666,304.928466
Semi-detached,1,H2,hybrid_bidirectional,worst,1515.229764,3052.031418,154.603532
Semi-detached,1,H2,hybrid_bidirectional,best,962.123899,3016.160675,94.65304
Semi-detached,1,H3,safe_unidirectional,worst,1268.969929,2533.415666,383.911396
Semi-detached,1,H3,safe_unidirectional,best,872.703436,2533.415666,255.696876
Semi-detached,1,H3,hybrid_bidirectional,worst,1129.710864,2647.677304,183.188123
Semi-detached,1,H3,hybrid_bidirectional,best,689.84491,2639.179803,101.842278
Semi-detached,1,H1,safe_unidirectional,worst,2136.817792,3501.618632,510.222748
Semi-detached,1,H1,safe_unidirectional,best,1702.741103,3501.618632,400.863004
Semi-detached,1,H1,hybrid_bidirectional,worst,2153.803646,3631.437247,275.825882
Semi-detached,1,H1,hybrid_bidirectional,best,1614.37302,3595.797676,193.984749
Semi-detached,1,H2,safe_unidirectional,worst,1680.578308,2975.971966,450.657308
Semi-detached,1,H2,safe_unidirectional,best,1270.441493,2975.971966,332.412054
Semi-detached,1,H2,hybrid_bidirectional,worst,1581.608608,3126.89225,181.254091
Semi-detached,1,H2,hybrid_bidirectional,best,1024.440003,3091.688935,116.385537
Semi-detached,1,H3,safe_unidirectional,worst,1365.588781,2611.151966,409.473605
Semi-detached,1,H3,safe_unidirectional,best,969.110522,2611.151966,282.017979
Semi-detached,1,H3,hybrid_bidirectional,worst,1232.205052,2732.234765,205.396856
Semi-detached,1,H3,hybrid_bidirectional,best,752.452031,2717.382024,121.934743
Semi-detached,1,H1,safe_unidirectional,worst,2040.296638,3364.870732,474.148643
Semi-detached,1,H1,safe_unidirectional,best,1600.474402,3364.870732,361.441168
Semi-detached,1,H1,hybrid_bidirectional,worst,2045.362804,3478.778268,260.633054
Semi-detached,1,H1,hybrid_bidirectional,best,1516.485177,3451.559488,174.423134
Semi-detached,1,H2,safe_unidirectional,worst,1577.503294,2839.224066,418.730283
Semi-detached,1,H2,safe_unidirectional,best,1156.579742,2839.224066,293.514855
Semi-detached,1,H2,hybrid_bidirectional,worst,1512.003884,2987.194027,164.215067
Semi-detached,1,H2,hybrid_bidirectional,best,966.975978,2951.519218,101.634733
Semi-detached,1,H3,safe_unidirectional,worst,1261.955417,2474.404066,376.653663
Semi-detached,1,H3,safe_unidirectional,best,863.813733,2474.404066,245.738847
Semi-detached,1,H3,hybrid_bidirectional,worst,1144.985848,2595.296555,184.802952
Semi-detached,1,H3,hybrid_bidirectional,best,714.281037,2581.485959,104.259597
Semi-detached,1,H1,safe_unidirectional,worst,2218.010515,3539.010732,535.609634
Semi-detached,1,H1,safe_unidirectional,best,1782.917384,3539.010732,419.779137
Semi-detached,1,H1,hybrid_bidirectional,worst,2215.903708,3665.628233,287.529286
Semi-detached,1,H1,hybrid_bidirectional,best,1695.374283,3642.740733,199.755646
Semi-detached,1,H2,safe_unidirectional,worst,1740.234258,3013.364066,470.716611
Semi-detached,1,H2,safe_unidirectional,best,1329.959712,3013.364066,350.639726
Semi-detached,1,H2,hybrid_bidirectional,worst,1686.452024,3172.955043,187.092421
Semi-detached,1,H2,hybrid_bidirectional,best,1151.410603,3146.710247,122.196615
Semi-detached,1,H3,safe_unidirectional,worst,1426.922598,2648.544066,432.542476
Semi-detached,1,H3,safe_unidirectional,best,1032.023063,2648.544066,303.531352
Semi-detached,1,H3,hybrid_bidirectional,worst,1326.807157,2762.577146,231.282211
Semi-detached,1,H3,hybrid_bidirectional,best,856.684733,2767.783136,135.795876
Semi-detached,1,H1,safe_unidirectional,worst,2150.779022,3496.612832,511.485087
Semi-detached,1,H1,safe_unidirectional,best,1694.309391,3496.612832,390.83241
Semi-detached,1,H1,hybrid_bidirectional,worst,2167.274596,3618.039353,282.268704
Semi-detached,1,H1,hybrid_bidirectional,best,1600.20206,3586.993316,188.725736
Semi-detached,1,H2,safe_unidirectional,worst,1672.786264,2970.966166,448.250182
Semi-detached,1,H2,safe_unidirectional,best,1242.72273,2970.966166,322.780298
Semi-detached,1,H2,hybrid_bidirectional,worst,1591.44124,3119.50246,172.620333
Semi-detached,1,H2,hybrid_bidirectional,best,1052.833642,3079.460593,110.032198
Semi-detached,1,H3,safe_unidirectional,worst,1354.220505,2606.146166,402.732214
Semi-detached,1,H3,safe_unidirectional,best,953.386826,2606.146166,272.843112
Semi-detached,1,H3,hybrid_bidirectional,worst,1242.756432,2708.287629,218.694635
Semi-detached,1,H3,hybrid_bidirectional,best,775.907004,2702.494451,128.976784
Semi-detached,1,H1,safe_unidirectional,worst,2068.058828,3395.153632,475.565194
Semi-detached,1,H1,safe_unidirectional,best,1632.810552,3395.153632,364.941852
Semi-detached,1,H1,hybrid_bidirectional,worst,2063.702622,3521.355959,248.509541
Semi-detached,1,H1,hybrid_bidirectional,best,1511.561279,3492.696415,165.411898
Semi-detached,1,H2,safe_unidirectional,worst,1598.75001,2869.506966,416.414731
Semi-detached,1,H2,safe_unidirectional,best,1198.053944,2869.506966,300.45059
Semi-detached,1,H2,hybrid_bidirectional,worst,1506.731042,3029.172081,149.965734
Semi-detached,1,H2,hybrid_bidirectional,best,969.688292,2993.946632,90.830121
Semi-detached,1,H3,safe_unidirectional,worst,1278.022284,2504.686966,374.922697
Semi-detached,1,H3,safe_unidirectional,best,893.714331,2504.686966,249.490062
Semi-detached,1,H3,hybrid_bidirectional,worst,1145.614873,2621.246501,189.74542
Semi-detached,1,H3,hybrid_bidirectional,best,691.180646,2615.592928,97.644396
Semi-detached,1,H1,safe_unidirectional,worst,2129.406052,3459.575632,491.785335
Semi-detached,1,H1,safe_unidirectional,best,1675.819493,3459.575632,370.60748
Semi-detached,1,H1,hybrid_bidirectional,worst,2117.649056,3581.851912,278.898944
Semi-detached,1,H1,hybrid_bidirectional,best,1573.033963,3554.840211,185.602553
Semi-detached,1,H2,safe_unidirectional,worst,1658.807646,2933.928966,430.751579
Semi-detached,1,H2,safe_unidirectional,best,1228.780746,2933.928966,302.479625
Semi-detached,1,H2,hybrid_bidirectional,worst,1553.491782,3082.905181,170.960703
Semi-detached,1,H2,hybrid_bidirectional,best,1029.257044,3053.221541,105.588367
Semi-detached,1,H3,safe_unidirectional,worst,1340.541426,2569.108966,387.62179
Semi-detached,1,H3,safe_unidirectional,best,936.098638,2569.108966,255.178314
Semi-detached,1,H3,hybrid_bidirectional,worst,1218.180938,2690.677101,194.004274
Semi-detached,1,H3,hybrid_bidirectional,best,750.711243,2687.954809,98.403106
Semi-detached,1,H1,safe_unidirectional,worst,2131.409821,3474.530232,504.870092
Semi-detached,1,H1,safe_unidirectional,best,1692.406588,3474.530232,392.821973
Semi-detached,1,H1,hybrid_bidirectional,worst,2147.425711,3597.583369,279.198648
Semi-detached,1,H1,hybrid_bidirectional,best,1624.902287,3567.676475,194.787951
Semi-detached,1,H2,safe_unidirectional,worst,1682.199555,2948.883566,448.931794
Semi-detached,1,H2,safe_unidirectional,best,1264.023984,2948.883566,326.759229
Semi-detached,1,H2,hybrid_bidirectional,worst,1635.069851,3102.076592,186.32459
Semi-detached,1,H2,hybrid_bidirectional,best,1130.576462,3071.184008,122.791802
Semi-detached,1,H3,safe_unidirectional,worst,1368.672239,2584.063566,408.421153
Semi-detached,1,H3,safe_unidirectional,best,969.774869,2584.063566,280.088762
Semi-detached,1,H3,hybrid_bidirectional,worst,1280.026069,2694.647704,219.316802
Semi-detached,1,H3,hybrid_bidirectional,best,799.485717,2692.434861,129.593098
Semi-detached,1,H1,safe_unidirectional,worst,2104.494234,3479.911332,496.489282
Semi-detached,1,H1,safe_unidirectional,best,1658.611576,3479.911332,380.118081
Semi-detached,1,H1,hybrid_bidirectional,worst,2091.945657,3602.677873,262.087888
Semi-detached,1,H1,hybrid_bidirectional,best,1582.36222,3572.814175,175.933278
Semi-detached,1,H2,safe_unidirectional,worst,1637.839656,2954.264666,436.100195
Semi-detached,1,H2,safe_unidirectional,best,1215.682374,2954.264666,312.87437
Semi-detached,1,H2,hybrid_bidirectional,worst,1534.845842,3107.508662,164.214287
Semi-detached,1,H2,hybrid_bidirectional,best,1040.518261,3073.083139,105.891327
Semi-detached,1,H3,safe_unidirectional,worst,1318.867304,2589.444666,391.403985
Semi-detached,1,H3,safe_unidirectional,best,916.452354,2589.444666,262.074974
Semi-detached,1,H3,hybrid_bidirectional,worst,1149.406005,2696.759441,192.970813
Semi-detached,1,H3,hybrid_bidirectional,best,703.185747,2685.195939,111.502647
Semi-detached,1,H1,safe_unidirectional,worst,2193.904098,3507.182732,526.423922
Semi-detached,1,H1,safe_unidirectional,best,1770.906416,3507.182732,417.201893
Semi-detached,1,H1,hybrid_bidirectional,worst,2179.809149,3629.273196,287.707926
Semi-detached,1,H1,hybrid_bidirectional,best,1657.823967,3602.266236,199.371965
Semi-detached,1,H2,safe_unidirectional,worst,1723.017554,2981.536066,463.61771
Semi-detached,1,H2,safe_unidirectional,best,1322.480274,2981.536066,344.852962
Semi-detached,1,H2,hybrid_bidirectional,worst,1619.237485,3136.001919,183.121973
Semi-detached,1,H2,hybrid_bidirectional,best,1116.290089,3104.818403,122.46607
Semi-detached,1,H3,safe_unidirectional,worst,1404.98063,2616.716066,423.476691
Semi-detached,1,H3,safe_unidirectional,best,1020.817552,2616.716066,298.325618
Semi-detached,1,H3,hybrid_bidirectional,worst,1274.974663,2732.508449,220.114081
Semi-detached,1,H3,hybrid_bidirectional,best,827.680264,2727.309039,134.482636
Terraced,1,H1,safe_unidirectional,worst,1999.645132,3314.080632,468.220907
Terraced,1,H1,safe_unidirectional,best,1592.850019,3314.080632,364.840923
Terraced,1,H1,hybrid_bidirectional,worst,1994.909487,3420.005936,265.242508
Terraced,1,H1,hybrid_bidirectional,best,1503.911987,3395.07776,184.010535
Terraced,1,H2,safe_unidirectional,worst,1545.467395,2788.433966,410.654212
Terraced,1,H2,safe_unidirectional,best,1161.133366,2788.433966,296.599274
Terraced,1,H2,hybrid_bidirectional,worst,1480.560805,2919.984167,176.390441
Terraced,1,H2,hybrid_bidirectional,best,984.958203,2891.294173,115.185024
Terraced,1,H3,safe_unidirectional,worst,1231.429808,2423.613966,370.712209
Terraced,1,H3,safe_unidirectional,best,864.035158,2423.613966,251.015339
Terraced,1,H3,hybrid_bidirectional,worst,1144.407953,2516.243316,186.597507
Terraced,1,H3,hybrid_bidirectional,best,715.370056,2503.491194,106.163422
Terraced,1,H1,safe_unidirectional,worst,2013.333857,3317.612432,476.366341
Terraced,1,H1,safe_unidirectional,best,1561.268621,3317.612432,359.339184
Terraced,1,H1,hybrid_bidirectional,worst,2017.326065,3428.226314,257.305179
Terraced,1,H1,hybrid_bidirectional,best,1471.094584,3395.102553,170.164051
Terraced,1,H2,safe_unidirectional,worst,1554.093132,2791.965766,416.666498
Terraced,1,H2,safe_unidirectional,best,1124.772282,2791.965766,291.033736
Terraced,1,H2,hybrid_bidirectional,worst,1462.628845,2926.635946,158.145006
Terraced,1,H2,hybrid_bidirectional,best,961.679366,2894.239051,100.663152
Terraced,1,H3,safe_unidirectional,worst,1257.275696,2427.145766,380.23907
Terraced,1,H3,safe_unidirectional,best,850.430445,2427.145766,248.539449
Terraced,1,H3,hybrid_bidirectional,worst,1133.658905,2525.532752,188.946146
Terraced,1,H3,hybrid_bidirectional,best,682.711726,2518.153056,108.2942
Terraced,1,H1,safe_unidirectional,worst,2041.534153,3356.661332,483.55199
Terraced,1,H1,safe_unidirectional,best,1602.511146,3356.661332,369.736978
Terraced,1,H1,hybrid_bidirectional,worst,2030.910684,3474.13928,259.078116
Terraced,1,H1,hybrid_bidirectional,best,1483.183573,3442.139817,174.910958
Terraced,1,H2,safe_unidirectional,worst,1578.820593,2831.014666,425.082195
Terraced,1,H2,safe_unidirectional,best,1165.679287,2831.014666,302.58352
Terraced,1,H2,hybrid_bidirectional,worst,1445.255082,2957.86256,163.655991
Terraced,1,H2,hybrid_bidirectional,best,960.613856,2922.285722,106.539911
Terraced,1,H3,safe_unidirectional,worst,1271.777858,2466.194666,384.74996
Terraced,1,H3,safe_unidirectional,best,880.784796,2466.194666,256.530852
Terraced,1,H3,hybrid_bidirectional,worst,1098.482876,2564.941821,186.984407
Terraced,1,H3,hybrid_bidirectional,best,669.951729,2545.260325,119.855906
Terraced,1,H1,safe_unidirectional,worst,2083.2256,3386.814032,489.718654
Terraced,1,H1,safe_unidirectional,best,1637.498988,3386.814032,374.150201
Terraced,1,H1,hybrid_bidirectional,worst,2098.983423,3513.727094,261.72156
Terraced,1,H1,hybrid_bidirectional,best,1556.515681,3483.103985,176.018431
Terraced,1,H2,safe_unidirectional,worst,1621.024659,2861.167366,433.169387
Terraced,1,H2,safe_unidirectional,best,1207.704884,2861.167366,311.031548
Terraced,1,H2,hybrid_bidirectional,worst,1563.80166,3022.636701,164.764849
Terraced,1,H2,hybrid_bidirectional,best,1041.751989,2991.2857,103.96202
Terraced,1,H3,safe_unidirectional,worst,1322.330625,2496.347366,391.944304
Terraced,1,H3,safe_unidirectional,best,941.732079,2496.347366,269.213129
Terraced,1,H3,hybrid_bidirectional,worst,1170.948166,2616.563574,194.793639
Terraced,1,H3,hybrid_bidirectional,best,747.170002,2612.566217,117.199984
Terraced,1,H1,safe_unidirectional,worst,1866.457498,3124.771432,429.007088
Terraced,1,H1,safe_unidirectional,best,1431.522483,3124.771432,316.471426
Terraced,1,H1,hybrid_bidirectional,worst,1854.017253,3224.253153,233.707389
Terraced,1,H1,hybrid_bidirectional,best,1342.076116,3194.278246,152.591028
Terraced,1,H2,safe_unidirectional,worst,1407.873593,2599.124766,367.072647
Terraced,1,H2,safe_unidirectional,best,1007.815429,2599.124766,248.533603
Terraced,1,H2,hybrid_bidirectional,worst,1308.320043,2729.410063,141.235205
Terraced,1,H2,hybrid_bidirectional,best,817.08522,2693.427725,84.700128
Terraced,1,H3,safe_unidirectional,worst,1095.667526,2234.304766,328.660458
Terraced,1,H3,safe_unidirectional,best,717.438405,2234.304766,203.621674
Terraced,1,H3,hybrid_bidirectional,worst,984.329084,2329.352791,157.397233
Terraced,1,H3,hybrid_bidirectional,best,591.28724,2316.698835,88.660884
Terraced,1,H1,safe_unidirectional,worst,2019.097196,3345.155532,463.491649
Terraced,1,H1,safe_unidirectional,best,1597.70968,3345.155532,360.763662
Terraced,1,H1,hybrid_bidirectional,worst,2015.708836,3465.83327,250.416127
Terraced,1,H1,hybrid_bidirectional,best,1492.067559,3434.776499,166.87903
Terraced,1,H2,safe_unidirectional,worst,1564.014252,2819.508866,403.903764
Terraced,1,H2,safe_unidirectional,best,1169.441854,2819.508866,294.268992
Terraced,1,H2,hybrid_bidirectional,worst,1480.227226,2975.790999,152.144266
Terraced,1,H2,hybrid_bidirectional,best,983.036088,2944.639003,95.47681
Terraced,1,H3,safe_unidirectional,worst,1249.070687,2454.688866,363.33149
Terraced,1,H3,safe_unidirectional,best,876.80633,2454.688866,245.242268
Terraced,1,H3,hybrid_bidirectional,worst,1136.927219,2567.605405,181.848765
Terraced,1,H3,hybrid_bidirectional,best,664.029566,2570.478749,95.138261
Terraced,1,H1,safe_unidirectional,worst,2006.104983,3274.541732,475.815418
Terraced,1,H1,safe_unidirectional,best,1592.199418,3274.541732,369.456806
Terraced,1,H1,hybrid_bidirectional,worst,1988.534901,3391.001058,255.393684
Terraced,1,H1,hybrid_bidirectional,best,1496.72521,3361.773456,175.276574
Terraced,1,H2,safe_unidirectional,worst,1551.180565,2748.895066,414.570939
Terraced,1,H2,safe_unidirectional,best,1166.076243,2748.895066,303.200152
Terraced,1,H2,hybrid_bidirectional,worst,1436.951446,2893.020961,149.491496
Terraced,1,H2,hybrid_bidirectional,best,962.780356,2859.317358,98.155862
Terraced,1,H3,safe_unidirectional,worst,1248.801567,2384.075066,375.041214
Terraced,1,H3,safe_unidirectional,best,874.689354,2384.075066,252.116561
Terraced,1,H3,hybrid_bidirectional,worst,1121.873064,2489.363982,176.464666
Terraced,1,H3,hybrid_bidirectional,best,696.011596,2483.070541,98.502695
Terraced,1,H1,safe_unidirectional,worst,2001.973983,3281.106232,472.41985
Terraced,1,H1,safe_unidirectional,best,1571.792003,3281.106232,364.165894
Terraced,1,H1,hybrid_bidirectional,worst,1989.656307,3396.388991,248.959305
Terraced,1,H1,hybrid_bidirectional,best,1500.210228,3366.047733,171.720986
Terraced,1,H2,safe_unidirectional,worst,1533.168004,2755.459566,407.545824
Terraced,1,H2,safe_unidirectional,best,1129.681048,2755.459566,289.927399
Terraced,1,H2,hybrid_bidirectional,worst,1423.714065,2897.105543,154.562976
Terraced,1,H2,hybrid_bidirectional,best,949.703022,2863.609315,99.04779
Terraced,1,H3,safe_unidirectional,worst,1231.331789,2390.639566,369.073266
Terraced,1,H3,safe_unidirectional,best,851.062502,2390.639566,245.55039
Terraced,1,H3,hybrid_bidirectional,worst,1093.01752,2488.450089,179.054692
Terraced,1,H3,hybrid_bidirectional,best,680.879258,2484.276876,101.152424
Terraced,1,H1,safe_unidirectional,worst,1947.129664,3214.534532,453.796708
Terraced,1,H1,safe_unidirectional,best,1505.09822,3214.534532,344.146556
Terraced,1,H1,hybrid_bidirectional,worst,1935.311462,3321.034606,252.774925
Terraced,1,H1,hybrid_bidirectional,best,1411.224014,3289.557393,169.584257
Terraced,1,H2,safe_unidirectional,worst,1494.040988,2688.887866,397.090572
Terraced,1,H2,safe_unidirectional,best,1084.595648,2688.887866,277.301913
Terraced,1,H2,hybrid_bidirectional,worst,1424.752084,2817.759777,162.896503
Terraced,1,H2,hybrid_bidirectional,best,909.132884,2793.396073,98.620854
Terraced,1,H3,safe_unidirectional,worst,1192.396423,2324.067866,359.249891
Terraced,1,H3,safe_unidirectional,best,803.307091,2324.067866,234.109514
Terraced,1,H3,hybrid_bidirectional,worst,1118.357384,2419.577045,187.861614
Terraced,1,H3,hybrid_bidirectional,best,646.095347,2425.154671,95.960181
Terraced,1,H1,safe_unidirectional,worst,2064.3539,3347.185432,488.860842
Terraced,1,H1,safe_unidirectional,best,1631.415251,3347.185432,379.312046
Terraced,1,H1,hybrid_bidirectional,worst,2090.941722,3470.024359,261.727401
Terraced,1,H1,hybrid_bidirectional,best,1589.232426,3442.064017,182.809164
Terraced,1,H2,safe_unidirectional,worst,1608.418289,2821.538766,433.31821
Terraced,1,H2,safe_unidirectional,best,1200.817802,2821.538766,313.560153
Terraced,1,H2,hybrid_bidirectional,worst,1555.309482,2973.744385,169.784222
Terraced,1,H2,hybrid_bidirectional,best,1048.983175,2945.764535,108.505061
Terraced,1,H3,safe_unidirectional,worst,1312.46117,2456.718766,392.522468
Terraced,1,H3,safe_unidirectional,best,924.711372,2456.718766,266.296657
Terraced,1,H3,hybrid_bidirectional,worst,1189.232404,2565.521343,201.680232
Terraced,1,H3,hybrid_bidirectional,best,728.32287,2571.532117,109.656038
Terraced,1,H1,safe_unidirectional,worst,2091.012529,3356.632832,498.256853
Terraced,1,H1,safe_unidirectional,best,1655.238501,3356.632832,387.239458
Terraced,1,H1,hybrid_bidirectional,worst,2101.341144,3479.530179,261.515482
Terraced,1,H1,hybrid_bidirectional,best,1603.274908,3449.314834,180.622021
Terraced,1,H2,safe_unidirectional,worst,1627.503497,2830.986166,437.5673
Terraced,1,H2,safe_unidirectional,best,1228.947645,2830.986166,321.400461
Terraced,1,H2,hybrid_bidirectional,worst,1531.491514,2971.245617,163.439222
Terraced,1,H2,hybrid_bidirectional,best,1029.44207,2942.821544,102.587779
Terraced,1,H3,safe_unidirectional,worst,1323.836496,2466.166166,394.737074
Terraced,1,H3,safe_unidirectional,best,939.60134,2466.166166,272.277361
Terraced,1,H3,hybrid_bidirectional,worst,1182.180188,2572.637645,203.577022
Terraced,1,H3,hybrid_bidirectional,best,741.526458,2568.746714,113.173001
Terraced,1,H1,safe_unidirectional,worst,2068.168685,3343.427332,491.897413
Terraced,1,H1,safe_unidirectional,best,1652.552438,3343.427332,385.401149
Terraced,1,H1,hybrid_bidirectional,worst,2066.058031,3461.24519,268.8469
Terraced,1,H1,hybrid_bidirectional,best,1570.169411,3438.32898,185.41459
Terraced,1,H2,safe_unidirectional,worst,1607.579346,2817.780666,432.766642
Terraced,1,H2,safe_unidirectional,best,1226.294334,2817.780666,320.168564
Terraced,1,H2,hybrid_bidirectional,worst,1565.870608,2977.484693,163.510409
Terraced,1,H2,hybrid_bidirectional,best,1040.74368,2951.03387,103.595397
Terraced,1,H3,safe_unidirectional,worst,1298.108287,2452.960666,391.288859
Terraced,1,H3,safe_unidirectional,best,942.557982,2452.960666,275.187038
Terraced,1,H3,hybrid_bidirectional,worst,1209.454279,2574.627708,197.313454
Terraced,1,H3,hybrid_bidirectional,best,743.118282,2580.240244,108.008246
Terraced,1,H1,safe_unidirectional,worst,2146.610978,3438.354832,507.819304
Terraced,1,H1,safe_unidirectional,best,1706.300681,3438.354832,395.109646
Terraced,1,H1,hybrid_bidirectional,worst,2143.132997,3566.06274,264.744249
Terraced,1,H1,hybrid_bidirectional,best,1625.631422,3536.784632,180.580185
Terraced,1,H2,safe_unidirectional,worst,1686.330961,2912.708166,448.59879
Terraced,1,H2,safe_unidirectional,best,1279.902793,2912.708166,329.129905
Terraced,1,H2,hybrid_bidirectional,worst,1587.840182,3052.060342,173.525081
Terraced,1,H2,hybrid_bidirectional,best,1072.630613,3024.997101,112.026203
Terraced,1,H3,safe_unidirectional,worst,1373.343064,2547.888166,407.768748
Terraced,1,H3,safe_unidirectional,best,984.944457,2547.888166,280.198363
Terraced,1,H3,hybrid_bidirectional,worst,1192.778965,2649.252005,204.297547
Terraced,1,H3,hybrid_bidirectional,best,757.560811,2641.508308,122.265141
Terraced,1,H1,safe_unidirectional,worst,1920.263347,3197.408532,442.611664
Terraced,1,H1,safe_unidirectional,best,1490.215554,3197.408532,342.114137
Terraced,1,H1,hybrid_bidirectional,worst,1908.204329,3301.690281,242.242031
Terraced,1,H1,hybrid_bidirectional,best,1385.581829,3271.497472,163.741246
Terraced,1,H2,safe_unidirectional,worst,1465.178624,2671.761866,385.596012
Terraced,1,H2,safe_unidirectional,best,1061.297512,2671.761866,273.146254
Terraced,1,H2,hybrid_bidirectional,worst,1357.820999,2810.869956,142.771351
Terraced,1,H2,hybrid_bidirectional,best,869.429376,2774.032095,89.415971
Terraced,1,H3,safe_unidirectional,worst,1160.912417,2306.941866,344.179194
Terraced,1,H3,safe_unidirectional,best,783.470357,2306.941866,225.447506
Terraced,1,H3,hybrid_bidirectional,worst,1026.454387,2420.816622,161.118358
Terraced,1,H3,hybrid_bidirectional,best,624.921228,2403.106975,91.541741
Terraced,1,H1,safe_unidirectional,worst,2209.515375,3506.016232,526.179453
Terraced,1,H1,safe_unidirectional,best,1776.735599,3506.016232,414.184191
Terraced,1,H1,hybrid_bidirectional,worst,2226.387293,3636.062225,284.907108
Terraced,1,H1,hybrid_bidirectional,best,1710.10474,3606.617819,201.776359
Terraced,1,H2,safe_unidirectional,worst,1728.632052,2980.369566,460.792816
Terraced,1,H2,safe_unidirectional,best,1329.697289,2980.369566,343.794169
Terraced,1,H2,hybrid_bidirectional,worst,1632.462559,3133.317209,181.549268
Terraced,1,H2,hybrid_bidirectional,best,1090.624108,3098.534014,119.613137
Terraced,1,H3,safe_unidirectional,worst,1403.691602,2615.549566,416.710804
Terraced,1,H3,safe_unidirectional,best,1014.447795,2615.549566,292.458475
Terraced,1,H3,hybrid_bidirectional,worst,1239.297949,2736.754316,205.347651
Terraced,1,H3,hybrid_bidirectional,best,776.622448,2725.872463,127.232779
Terraced,1,H1,safe_unidirectional,worst,1934.669166,3195.131932,447.69217
Terraced,1,H1,safe_unidirectional,best,1508.094712,3195.131932,339.191317
Terraced,1,H1,hybrid_bidirectional,worst,1922.900513,3308.009763,235.973301
Terraced,1,H1,hybrid_bidirectional,best,1417.059704,3279.817119,154.391324
Terraced,1,H2,safe_unidirectional,worst,1484.755483,2669.485266,391.475373
Terraced,1,H2,safe_unidirectional,best,1084.949655,2669.485266,275.567751
Terraced,1,H2,hybrid_bidirectional,worst,1385.928348,2802.943101,146.099573
Terraced,1,H2,hybrid_bidirectional,best,901.287535,2773.60772,89.121233
Terraced,1,H3,safe_unidirectional,worst,1177.760208,2304.665266,349.406492
Terraced,1,H3,safe_unidirectional,best,799.102863,2304.665266,227.639332
Terraced,1,H3,hybrid_bidirectional,worst,1052.453488,2393.769706,175.820179
Terraced,1,H3,hybrid_bidirectional,best,617.970452,2395.410761,92.037963
Terraced,1,H1,safe_unidirectional,worst,2067.679769,3385.282732,482.623229
Terraced,1,H1,safe_unidirectional,best,1618.623817,3385.282732,369.533898
Terraced,1,H1,hybrid_bidirectional,worst,2066.168047,3499.343814,261.411257
Terraced,1,H1,hybrid_bidirectional,best,1517.33878,3466.838832,174.817488
Terraced,1,H2,safe_unidirectional,worst,1603.085412,2859.636066,422.815817
Terraced,1,H2,safe_unidirectional,best,1179.009178,2859.636066,302.219452
Terraced,1,H2,hybrid_bidirectional,worst,1484.639265,2988.102745,157.475955
Terraced,1,H2,hybrid_bidirectional,best,941.13079,2951.094229,94.826297
Terraced,1,H3,safe_unidirectional,worst,1291.535748,2494.816066,380.386014
Terraced,1,H3,safe_unidirectional,best,886.791384,2494.816066,250.303297
Terraced,1,H3,hybrid_bidirectional,worst,1103.320901,2598.657284,182.499125
Terraced,1,H3,hybrid_bidirectional,best,588.180938,2579.806235,88.663014
Terraced,1,H1,safe_unidirectional,worst,2051.533835,3358.312232,484.320243
Terraced,1,H1,safe_unidirectional,best,1621.078111,3358.312232,378.895309
Terraced,1,H1,hybrid_bidirectional,worst,2049.356168,3474.527864,259.399631
Terraced,1,H1,hybrid_bidirectional,best,1526.137739,3445.079273,181.686303
Terraced,1,H2,safe_unidirectional,worst,1588.281666,2832.665566,426.826419
Terraced,1,H2,safe_unidirectional,best,1182.078361,2832.665566,308.303544
Terraced,1,H2,hybrid_bidirectional,worst,1475.318822,2973.814616,167.090647
Terraced,1,H2,hybrid_bidirectional,best,974.659435,2942.296247,108.603494
Terraced,1,H3,safe_unidirectional,worst,1265.676223,2467.845566,382.29174
Terraced,1,H3,safe_unidirectional,best,896.806197,2467.845566,263.021926
Terraced,1,H3,hybrid_bidirectional,worst,1120.157998,2569.456216,182.064019
Terraced,1,H3,hybrid_bidirectional,best,705.728481,2562.057297,108.225627
Terraced,1,H1,safe_unidirectional,worst,2091.456317,3406.383732,480.20819
Terraced,1,H1,safe_unidirectional,best,1657.201873,3406.383732,376.076328
Terraced,1,H1,hybrid_bidirectional,worst,2082.357846,3530.221359,257.582471
Terraced,1,H1,hybrid_bidirectional,best,1560.86376,3497.815906,180.271756
Terraced,1,H2,safe_unidirectional,worst,1623.529084,2880.737066,420.816041
Terraced,1,H2,safe_unidirectional,best,1215.732828,2880.737066,303.66076
Terraced,1,H2,hybrid_bidirectional,worst,1521.250476,3027.48758,164.937867
Terraced,1,H2,hybrid_bidirectional,best,1008.301055,2996.268577,104.487954
Terraced,1,H3,safe_unidirectional,worst,1297.564445,2515.917066,376.526838
Terraced,1,H3,safe_unidirectional,best,921.815068,2515.917066,255.394017
Terraced,1,H3,hybrid_bidirectional,worst,1113.789664,2629.158519,172.625592
Terraced,1,H3,hybrid_bidirectional,best,703.895683,2617.24119,104.172081
Terraced,1,H1,safe_unidirectional,worst,1917.612721,3247.344432,446.104061
Terraced,1,H1,safe_unidirectional,best,1521.801309,3247.344432,352.397662
Terraced,1,H1,hybrid_bidirectional,worst,1894.565784,3354.908919,236.050192
Terraced,1,H1,hybrid_bidirectional,best,1398.598428,3326.587305,164.944832
Terraced,1,H2,safe_unidirectional,worst,1453.554861,2721.697766,382.160413
Terraced,1,H2,safe_unidirectional,best,1093.715704,2721.697766,280.864295
Terraced,1,H2,hybrid_bidirectional,worst,1356.257941,2857.845931,149.768137
Terraced,1,H2,hybrid_bidirectional,best,862.377941,2828.591664,97.776836
Terraced,1,H3,safe_unidirectional,worst,1147.971366,2356.877766,341.817398
Terraced,1,H3,safe_unidirectional,best,806.112625,2356.877766,231.312614
Terraced,1,H3,hybrid_bidirectional,worst,1061.525066,2456.17637,173.08743
Terraced,1,H3,hybrid_bidirectional,best,654.928928,2455.068036,101.110932
Terraced,1,H1,safe_unidirectional,worst,2000.965902,3265.247032,469.18285
Terraced,1,H1,safe_unidirectional,best,1572.9003,3265.247032,361.910649
Terraced,1,H1,hybrid_bidirectional,worst,1988.172669,3377.548171,250.586221
Terraced,1,H1,hybrid_bidirectional,best,1487.257857,3347.224049,170.473358
Terraced,1,H2,safe_unidirectional,worst,1536.58232,2739.600366,407.488039
Terraced,1,H2,safe_unidirectional,best,1131.28401,2739.600366,290.619514
Terraced,1,H2,hybrid_bidirectional,worst,1462.94368,2880.851992,146.128601
Terraced,1,H2,hybrid_bidirectional,best,964.559614,2848.927444,91.546744
Terraced,1,H3,safe_unidirectional,worst,1227.422839,2374.780366,367.086351
Terraced,1,H3,safe_unidirectional,best,847.274505,2374.780366,245.19734
Terraced,1,H3,hybrid_bidirectional,worst,1078.024288,2470.978123,176.165101
Terraced,1,H3,hybrid_bidirectional,best,632.726437,2459.925717,98.08947
Terraced,1,H1,safe_unidirectional,worst,1969.868474,3293.085532,457.555897
Terraced,1,H1,safe_unidirectional,best,1549.447192,3293.085532,355.031483
Terraced,1,H1,hybrid_bidirectional,worst,1947.014042,3400.350956,234.467747
Terraced,1,H1,hybrid_bidirectional,best,1439.790254,3371.673801,160.40815
Terraced,1,H2,safe_unidirectional,worst,1488.034189,2767.438866,393.11072
Terraced,1,H2,safe_unidirectional,best,1095.97162,2767.438866,282.426333
Terraced,1,H2,hybrid_bidirectional,worst,1401.600058,2912.47782,140.626848
Terraced,1,H2,hybrid_bidirectional,best,900.813208,2874.077728,89.897388
Terraced,1,H3,safe_unidirectional,worst,1176.619849,2402.618866,350.842006
Terraced,1,H3,safe_unidirectional,best,802.313799,2402.618866,228.869056
Terraced,1,H3,hybrid_bidirectional,worst,1061.824693,2514.161897,163.416983
Terraced,1,H3,hybrid_bidirectional,best,600.842646,2505.058936,88.07461
Terraced,1,H1,safe_unidirectional,worst,2065.473259,3372.552332,483.411671
Terraced,1,H1,safe_unidirectional,best,1632.002702,3372.552332,374.428296
Terraced,1,H1,hybrid_bidirectional,worst,2072.065454,3494.224749,254.459101
Terraced,1,H1,hybrid_bidirectional,best,1558.887829,3466.457174,176.366713
Terraced,1,H2,safe_unidirectional,worst,1611.338358,2846.905666,423.012502
Terraced,1,H2,safe_unidirectional,best,1204.640623,2846.905666,305.418128
Terraced,1,H2,hybrid_bidirectional,worst,1533.143114,2998.05227,166.774062
Terraced,1,H2,hybrid_bidirectional,best,1006.60859,2969.865278,101.783808
Terraced,1,H3,safe_unidirectional,worst,1304.685513,2482.085666,383.407889
Terraced,1,H3,safe_unidirectional,best,916.031207,2482.085666,257.402832
Terraced,1,H3,hybrid_bidirectional,worst,1179.46273,2604.867683,188.668845
Terraced,1,H3,hybrid_bidirectional,best,700.526969,2594.908425,106.504112
Terraced,1,H1,safe_unidirectional,worst,2053.552379,3370.844132,482.256494
Terraced,1,H1,safe_unidirectional,best,1617.059269,3370.844132,368.647947
Terraced,1,H1,hybrid_bidirectional,worst,2050.634343,3485.51763,261.193803
Terraced,1,H1,hybrid_bidirectional,best,1504.287201,3459.83076,170.544053
Terraced,1,H2,safe_unidirectional,worst,1587.299185,2845.197466,420.260535
Terraced,1,H2,safe_unidirectional,best,1169.876886,2845.197466,298.596034
Terraced,1,H2,hybrid_bidirectional,worst,1512.087755,2984.664829,162.636141
Terraced,1,H2,hybrid_bidirectional,best,966.548968,2955.69745,98.314753
Terraced,1,H3,safe_unidirectional,worst,1271.476172,2480.377466,377.717485
Terraced,1,H3,safe_unidirectional,best,878.413859,2480.377466,250.812055
Terraced,1,H3,hybrid_bidirectional,worst,1117.712945,2584.391852,174.465179
Terraced,1,H3,hybrid_bidirectional,best,642.929233,2575.529327,87.012179
Terraced,1,H1,safe_unidirectional,worst,1889.283393,3135.715232,445.388122
Terraced,1,H1,safe_unidirectional,best,1473.418674,3135.715232,342.541619
Terraced,1,H1,hybrid_bidirectional,worst,1868.302903,3233.7428,245.088997
Terraced,1,H1,hybrid_bidirectional,best,1382.019404,3204.91423,169.03235
Terraced,1,H2,safe_unidirectional,worst,1446.515728,2610.068566,388.938602
Terraced,1,H2,safe_unidirectional,best,1059.513228,2610.068566,274.072804
Terraced,1,H2,hybrid_bidirectional,worst,1355.527053,2733.105718,155.347657
Terraced,1,H2,hybrid_bidirectional,best,892.747825,2709.659,99.986658
Terraced,1,H3,safe_unidirectional,worst,1150.855116,2245.248566,347.539812
Terraced,1,H3,safe_unidirectional,best,798.510499,2245.248566,235.052887
Terraced,1,H3,hybrid_bidirectional,worst,1052.663653,2338.327849,168.955667
Terraced,1,H3,hybrid_bidirectional,best,666.353724,2333.340579,100.616862
Terraced,1,H1,safe_unidirectional,worst,2141.715213,3436.455232,510.005402
Terraced,1,H1,safe_unidirectional,best,1707.260844,3436.455232,403.495455
Terraced,1,H1,hybrid_bidirectional,worst,2167.65062,3570.341232,265.910809
Terraced,1,H1,hybrid_bidirectional,best,1626.794561,3538.338592,186.952515
Terraced,1,H2,safe_unidirectional,worst,1674.00759,2910.808566,448.114049
Terraced,1,H2,safe_unidirectional,best,1268.579118,2910.808566,332.81869
Terraced,1,H2,hybrid_bidirectional,worst,1605.752816,3079.853825,173.113728
Terraced,1,H2,hybrid_bidirectional,best,1025.986016,3045.673868,108.00053
Terraced,1,H3,safe_unidirectional,worst,1375.557066,2545.988566,411.55349
Terraced,1,H3,safe_unidirectional,best,993.198887,2545.988566,289.428389
Terraced,1,H3,hybrid_bidirectional,worst,1238.582978,2684.545044,196.587876
Terraced,1,H3,hybrid_bidirectional,best,744.104854,2672.19358,117.732814
Terraced,1,H1,safe_unidirectional,worst,2016.956508,3345.774432,472.766412
Terraced,1,H1,safe_unidirectional,best,1571.778487,3345.774432,360.059352
Terraced,1,H1,hybrid_bidirectional,worst,2013.258421,3459.362122,257.381281
Terraced,1,H1,hybrid_bidirectional,best,1462.567594,3428.863689,172.319914
Terraced,1,H2,safe_unidirectional,worst,1555.151125,2820.127766,410.560458
Terraced,1,H2,safe_unidirectional,best,1122.941504,2820.127766,285.472465
Terraced,1,H2,hybrid_bidirectional,worst,1467.908608,2966.498087,152.842493
Terraced,1,H2,hybrid_bidirectional,best,918.447172,2930.070813,93.616301
Terraced,1,H3,safe_unidirectional,worst,1230.94056,2455.307766,367.476483
Terraced,1,H3,safe_unidirectional,best,826.130026,2455.307766,236.763956
Terraced,1,H3,hybrid_bidirectional,worst,1124.457802,2573.180204,171.37547
Terraced,1,H3,hybrid_bidirectional,best,649.591649,2558.075964,94.89724
Terraced,1,H1,safe_unidirectional,worst,1916.700733,3197.836932,449.051576
Terraced,1,H1,safe_unidirectional,best,1484.694244,3197.836932,337.590128
Terraced,1,H1,hybrid_bidirectional,worst,1904.663635,3302.884531,244.401861
Terraced,1,H1,hybrid_bidirectional,best,1395.620522,3275.042155,161.554284
Terraced,1,H2,safe_unidirectional,worst,1473.012824,2672.190266,389.582176
Terraced,1,H2,safe_unidirectional,best,1063.727128,2672.190266,268.629068
Terraced,1,H2,hybrid_bidirectional,worst,1358.210114,2810.934259,151.847449
Terraced,1,H2,hybrid_bidirectional,best,848.19418,2777.163027,90.254265
Terraced,1,H3,safe_unidirectional,worst,1167.000632,2307.370266,348.254133
Terraced,1,H3,safe_unidirectional,best,786.408764,2307.370266,225.179223
Terraced,1,H3,hybrid_bidirectional,worst,1059.108165,2423.359273,157.99583
Terraced,1,H3,hybrid_bidirectional,best,615.865691,2413.203214,84.404728
Terraced,1,H1,safe_unidirectional,worst,1931.388183,3202.337632,449.639477
Terraced,1,H1,safe_unidirectional,best,1513.331468,3202.337632,350.376729
Terraced,1,H1,hybrid_bidirectional,worst,1938.113021,3313.466899,238.190664
Terraced,1,H1,hybrid_bidirectional,best,1429.138731,3282.175938,162.018714
Terraced,1,H2,safe_unidirectional,worst,1473.688551,2676.690966,386.821598
Terraced,1,H2,safe_unidirectional,best,1084.729219,2676.690966,277.934617
Terraced,1,H2,hybrid_bidirectional,worst,1381.275609,2821.290567,139.564799
Terraced,1,H2,hybrid_bidirectional,best,896.821009,2787.649869,88.359006
Terraced,1,H3,safe_unidirectional,worst,1169.502694,2311.870966,345.274268
Terraced,1,H3,safe_unidirectional,best,806.171945,2311.870966,230.431524
Terraced,1,H3,hybrid_bidirectional,worst,1054.165905,2420.186544,171.060161
Terraced,1,H3,hybrid_bidirectional,best,630.052812,2408.471943,101.455961
Terraced,1,H1,safe_unidirectional,worst,2126.737331,3395.591132,504.037408
Terraced,1,H1,safe_unidirectional,best,1704.987453,3395.591132,401.787507
Terraced,1,H1,hybrid_bidirectional,worst,2125.969128,3522.481239,270.814744
Terraced,1,H1,hybrid_bidirectional,best,1629.544392,3495.936304,190.936183
Terraced,1,H2,safe_unidirectional,worst,1678.745645,2869.944466,448.271294
Terraced,1,H2,safe_unidirectional,best,1288.406572,2869.944466,336.663553
Terraced,1,H2,hybrid_bidirectional,worst,1600.97451,3026.137655,180.244996
Terraced,1,H2,hybrid_bidirectional,best,1117.058714,2995.205962,119.688779
Terraced,1,H3,safe_unidirectional,worst,1375.196572,2505.124466,407.243761
Terraced,1,H3,safe_unidirectional,best,1000.908138,2505.124466,290.206747
Terraced,1,H3,hybrid_bidirectional,worst,1232.322874,2626.161205,210.829755
Terraced,1,H3,hybrid_bidirectional,best,770.115098,2625.040591,125.486388
Terraced,1,H1,safe_unidirectional,worst,2023.470392,3332.769832,474.200858
Terraced,1,H1,safe_unidirectional,best,1628.843182,3332.769832,377.418
Terraced,1,H1,hybrid_bidirectional,worst,1999.234053,3441.599544,258.620572
Terraced,1,H1,hybrid_bidirectional,best,1522.627572,3410.824708,181.573534
Terraced,1,H2,safe_unidirectional,worst,1558.259519,2807.123166,413.538089
Terraced,1,H2,safe_unidirectional,best,1179.500297,2807.123166,305.648868
Terraced,1,H2,hybrid_bidirectional,worst,1477.637767,2939.352164,161.915075
Terraced,1,H2,hybrid_bidirectional,best,991.664864,2917.455497,102.497852
Terraced,1,H3,safe_unidirectional,worst,1258.377065,2442.303166,372.867297
Terraced,1,H3,safe_unidirectional,best,903.870873,2442.303166,260.516189
Terraced,1,H3,hybrid_bidirectional,worst,1157.83541,2544.802691,184.503516
Terraced,1,H3,hybrid_bidirectional,best,716.46604,2546.898611,106.013729
Terraced,1,H1,safe_unidirectional,worst,2056.921701,3324.554132,486.677649
Terraced,1,H1,safe_unidirectional,best,1643.12631,3324.554132,381.761508
Terraced,1,H1,hybrid_bidirectional,worst,2066.811806,3445.826781,258.014161
Terraced,1,H1,hybrid_bidirectional,best,1582.07338,3420.459841,179.776382
Terraced,1,H2,safe_unidirectional,worst,1599.35111,2798.907466,428.958548
Terraced,1,H2,safe_unidirectional,best,1218.516219,2798.907466,319.359256
Terraced,1,H2,hybrid_bidirectional,worst,1525.112987,2939.118331,169.347695
Terraced,1,H2,hybrid_bidirectional,best,1064.821805,2913.965581,113.907338
Terraced,1,H3,safe_unidirectional,worst,1298.78749,2434.087466,388.147228
Terraced,1,H3,safe_unidirectional,best,942.145773,2434.087466,274.36496
Terraced,1,H3,hybrid_bidirectional,worst,1189.429481,2535.517948,202.924282
Terraced,1,H3,hybrid_bidirectional,best,775.36715,2541.158057,119.936539
Terraced,1,H1,safe_unidirectional,worst,2030.278709,3312.932032,482.828677
Terraced,1,H1,safe_unidirectional,best,1597.705706,3312.932032,372.657101
Terraced,1,H1,hybrid_bidirectional,worst,2032.31857,3432.388911,250.968714
Terraced,1,H1,hybrid_bidirectional,best,1508.171516,3404.634375,169.685122
Terraced,1,H2,safe_unidirectional,worst,1572.544574,2787.285366,422.727695
Terraced,1,H2,safe_unidirectional,best,1165.886881,2787.285366,303.72814
Terraced,1,H2,hybrid_bidirectional,worst,1496.378728,2923.83909,167.364896
Terraced,1,H2,hybrid_bidirectional,best,993.732261,2892.999105,107.15368
Terraced,1,H3,safe_unidirectional,worst,1267.540834,2422.465366,380.167685
Terraced,1,H3,safe_unidirectional,best,885.012704,2422.465366,257.070523
Terraced,1,H3,hybrid_bidirectional,worst,1176.610912,2518.349209,198.43849
Terraced,1,H3,hybrid_bidirectional,best,715.208544,2515.866848,113.798944
Terraced,1,H1,safe_unidirectional,worst,2023.353753,3346.898632,476.573449
Terraced,1,H1,safe_unidirectional,best,1597.7787,3346.898632,371.121779
Terraced,1,H1,hybrid_bidirectional,worst,2008.026345,3455.115245,246.840225
Terraced,1,H1,hybrid_bidirectional,best,1489.2383,3424.921902,166.053569
Terraced,1,H2,safe_unidirectional,worst,1560.442193,2821.251966,415.674552
Terraced,1,H2,safe_unidirectional,best,1161.559136,2821.251966,301.699453
Terraced,1,H2,hybrid_bidirectional,worst,1453.922879,2943.077361,154.503243
Terraced,1,H2,hybrid_bidirectional,best,945.110234,2906.456795,91.300048
Terraced,1,H3,safe_unidirectional,worst,1259.70548,2456.431966,376.558948
Terraced,1,H3,safe_unidirectional,best,887.394711,2456.431966,256.801498
Terraced,1,H3,hybrid_bidirectional,worst,1111.60032,2553.421798,180.634148
Terraced,1,H3,hybrid_bidirectional,best,670.901178,2536.609296,99.747781
Terraced,1,H1,safe_unidirectional,worst,2085.489221,3391.759432,490.32558
Terraced,1,H1,safe_unidirectional,best,1642.601593,3391.759432,371.57148
Terraced,1,H1,hybrid_bidirectional,worst,2065.968085,3508.395485,276.331577
Terraced,1,H1,hybrid_bidirectional,best,1537.674627,3483.970572,180.837275
Terraced,1,H2,safe_unidirectional,worst,1630.94896,2866.112766,430.76886
Terraced,1,H2,safe_unidirectional,best,1218.66327,2866.112766,309.721884
Terraced,1,H2,hybrid_bidirectional,worst,1521.032814,3010.631645,165.849359
Terraced,1,H2,hybrid_bidirectional,best,989.256059,2980.429555,102.181035
Terraced,1,H3,safe_unidirectional,worst,1311.642114,2501.292766,387.419273
Terraced,1,H3,safe_unidirectional,best,919.507634,2501.292766,260.3977
Terraced,1,H3,hybrid_bidirectional,worst,1183.968677,2605.439006,188.456762
Terraced,1,H3,hybrid_bidirectional,best,696.442991,2584.992501,99.207626
Terraced,1,H1,safe_unidirectional,worst,2050.592429,3375.247832,476.983678
Terraced,1,H1,safe_unidirectional,best,1621.637263,3375.247832,372.330756
Terraced,1,H1,hybrid_bidirectional,worst,2024.340045,3489.617219,258.088973
Terraced,1,H1,hybrid_bidirectional,best,1538.650727,3461.223468,183.544024
Terraced,1,H2,safe_unidirectional,worst,1584.902676,2849.601166,415.565388
Terraced,1,H2,safe_unidirectional,best,1181.898095,2849.601166,302.142619
Terraced,1,H2,hybrid_bidirectional,worst,1478.391923,2987.277953,159.870577
Terraced,1,H2,hybrid_bidirectional,best,976.174388,2954.270958,103.684133
Terraced,1,H3,safe_unidirectional,worst,1269.475926,2484.781166,376.238358
Terraced,1,H3,safe_unidirectional,best,893.984969,2484.781166,255.298919
Terraced,1,H3,hybrid_bidirectional,worst,1143.68901,2588.238376,185.243374
Terraced,1,H3,hybrid_bidirectional,best,708.553222,2575.229812,111.791153
Terraced,1,H1,safe_unidirectional,worst,2027.782658,3272.818532,479.852496
Terraced,1,H1,safe_unidirectional,best,1595.107328,3272.818532,369.138959
Terraced,1,H1,hybrid_bidirectional,worst,2012.186194,3389.197253,258.98788
Terraced,1,H1,hybrid_bidirectional,best,1498.117592,3363.431901,176.37848
Terraced,1,H2,safe_unidirectional,worst,1581.564983,2747.171866,424.711221
Terraced,1,H2,safe_unidirectional,best,1186.158424,2747.171866,310.142353
Terraced,1,H2,hybrid_bidirectional,worst,1480.985211,2886.511637,165.116136
Terraced,1,H2,hybrid_bidirectional,best,983.84555,2861.899116,101.855398
Terraced,1,H3,safe_unidirectional,worst,1275.318166,2382.351866,383.420603
Terraced,1,H3,safe_unidirectional,best,903.098761,2382.351866,262.365289
Terraced,1,H3,hybrid_bidirectional,worst,1185.104577,2478.948358,201.401212
Terraced,1,H3,hybrid_bidirectional,best,749.477074,2488.042286,110.775813
Terraced,1,H1,safe_unidirectional,worst,1909.576713,3192.301432,439.631178
Terraced,1,H1,safe_unidirectional,best,1478.583532,3192.301432,332.331999
Terraced,1,H1,hybrid_bidirectional,worst,1899.643011,3297.785769,240.034865
Terraced,1,H1,hybrid_bidirectional,best,1409.489547,3267.961168,163.027812
Terraced,1,H2,safe_unidirectional,worst,1460.247116,2666.654766,379.218899
Terraced,1,H2,safe_unidirectional,best,1066.043855,2666.654766,266.776784
Terraced,1,H2,hybrid_bidirectional,worst,1389.519005,2807.856118,144.288466
Terraced,1,H2,hybrid_bidirectional,best,916.739381,2775.074545,88.503529
Terraced,1,H3,safe_unidirectional,worst,1153.876715,2301.834766,339.812799
Terraced,1,H3,safe_unidirectional,best,783.885167,2301.834766,221.891827
Terraced,1,H3,hybrid_bidirectional,worst,1070.143977,2408.983634,167.971736
Terraced,1,H3,hybrid_bidirectional,best,659.423549,2400.717451,95.042988
Terraced,1,H1,safe_unidirectional,worst,1975.479734,3281.394632,461.102296
Terraced,1,H1,safe_unidirectional,best,1547.925308,3281.394632,354.040132
Terraced,1,H1,hybrid_bidirectional,worst,1970.861806,3392.518984,247.963029
Terraced,1,H1,hybrid_bidirectional,best,1458.886149,3364.998545,163.163109
Terraced,1,H2,safe_unidirectional,worst,1516.272186,2755.747966,401.377598
Terraced,1,H2,safe_unidirectional,best,1117.096897,2755.747966,283.499964
Terraced,1,H2,hybrid_bidirectional,worst,1434.857311,2897.849547,159.625072
Terraced,1,H2,hybrid_bidirectional,best,947.117403,2864.577763,102.367497
Terraced,1,H3,safe_unidirectional,worst,1204.174762,2390.927966,359.640042
Terraced,1,H3,safe_unidirectional,best,830.990571,2390.927966,238.931834
Terraced,1,H3,hybrid_bidirectional,worst,1099.493288,2509.161087,168.848717
Terraced,1,H3,hybrid_bidirectional,best,645.943126,2494.806807,95.767852
Terraced,1,H1,safe_unidirectional,worst,2135.661456,3421.128232,507.424017
Terraced,1,H1,safe_unidirectional,best,1699.924132,3421.128232,395.382627
Terraced,1,H1,hybrid_bidirectional,worst,2150.17899,3542.010772,274.615343
Terraced,1,H1,hybrid_bidirectional,best,1616.556427,3514.479335,189.459392
Terraced,1,H2,safe_unidirectional,worst,1682.063851,2895.481566,448.538201
Terraced,1,H2,safe_unidirectional,best,1274.75126,2895.481566,329.48436
Terraced,1,H2,hybrid_bidirectional,worst,1576.540647,3040.53546,183.174921
Terraced,1,H2,hybrid_bidirectional,best,1070.419535,3012.29213,117.829591
Terraced,1,H3,safe_unidirectional,worst,1367.575858,2530.661566,405.435558
Terraced,1,H3,safe_unidirectional,best,990.76219,2530.661566,283.638205
Terraced,1,H3,hybrid_bidirectional,worst,1216.27215,2644.342491,201.697937
Terraced,1,H3,hybrid_bidirectional,best,739.631774,2633.836243,120.506536
Terraced,1,H1,safe_unidirectional,worst,1976.730286,3278.922632,465.861134
Terraced,1,H1,safe_unidirectional,best,1573.878941,3278.922632,365.262921
Terraced,1,H1,hybrid_bidirectional,worst,1961.203328,3392.688349,246.319549
Terraced,1,H1,hybrid_bidirectional,best,1477.872209,3365.429645,173.677824
Terraced,1,H2,safe_unidirectional,worst,1523.193436,2753.275966,405.280174
Terraced,1,H2,safe_unidirectional,best,1141.062957,2753.275966,294.867615
Terraced,1,H2,hybrid_bidirectional,worst,1434.30697,2898.758138,153.618721
Terraced,1,H2,hybrid_bidirectional,best,963.943664,2867.282263,102.789234
Terraced,1,H3,safe_unidirectional,worst,1216.229956,2388.455966,365.021405
Terraced,1,H3,safe_unidirectional,best,867.683513,2388.455966,250.822172
Terraced,1,H3,hybrid_bidirectional,worst,1113.323032,2496.860621,184.009117
Terraced,1,H3,hybrid_bidirectional,best,685.141123,2493.888998,106.168499
Terraced,1,H1,safe_unidirectional,worst,2109.626601,3397.553732,497.633972
Terraced,1,H1,safe_unidirectional,best,1670.136,3397.553732,386.598268
Terraced,1,H1,hybrid_bidirectional,worst,2108.237736,3528.140931,261.723072
Terraced,1,H1,hybrid_bidirectional,best,1574.247266,3500.383219,177.270749
Terraced,1,H2,safe_unidirectional,worst,1633.441179,2871.907066,433.894425
Terraced,1,H2,safe_unidirectional,best,1229.023723,2871.907066,315.779682
Terraced,1,H2,hybrid_bidirectional,worst,1555.028431,3031.995943,165.563104
Terraced,1,H2,hybrid_bidirectional,best,1037.870569,2998.708678,109.272422
Terraced,1,H3,safe_unidirectional,worst,1330.384237,2507.087066,391.781104
Terraced,1,H3,safe_unidirectional,best,957.591308,2507.087066,271.225928
Terraced,1,H3,hybrid_bidirectional,worst,1224.995508,2628.401141,194.336987
Terraced,1,H3,hybrid_bidirectional,best,729.696714,2627.139906,109.392891
Terraced,1,H1,safe_unidirectional,worst,2078.268136,3372.435932,496.154196
Terraced,1,H1,safe_unidirectional,best,1661.17726,3372.435932,391.206861
Terraced,1,H1,hybrid_bidirectional,worst,2064.232466,3494.572488,260.068741
Terraced,1,H1,hybrid_bidirectional,best,1547.455688,3462.545001,177.058928
Terraced,1,H2,safe_unidirectional,worst,1616.308152,2846.789266,432.910832
Terraced,1,H2,safe_unidirectional,best,1215.227115,2846.789266,315.296458
Terraced,1,H2,hybrid_bidirectional,worst,1480.266824,2990.512149,166.221176
Terraced,1,H2,hybrid_bidirectional,best,993.886902,2958.649423,101.888186
Terraced,1,H3,safe_unidirectional,worst,1298.25752,2481.969266,388.891944
Terraced,1,H3,safe_unidirectional,best,920.619056,2481.969266,266.325641
Terraced,1,H3,hybrid_bidirectional,worst,1153.681361,2594.843699,188.45487
Terraced,1,H3,hybrid_bidirectional,best,736.160087,2583.874124,110.698967
Terraced,1,H1,safe_unidirectional,worst,2056.104925,3334.608232,490.50703
Terraced,1,H1,safe_unidirectional,best,1629.354266,3334.608232,382.657101
Terraced,1,H1,hybrid_bidirectional,worst,2057.792784,3452.694143,260.432064
Terraced,1,H1,hybrid_bidirectional,best,1545.187512,3423.236162,182.313797
Terraced,1,H2,safe_unidirectional,worst,1592.574288,2808.961566,428.645789
Terraced,1,H2,safe_unidirectional,best,1195.581123,2808.961566,314.604835
Terraced,1,H2,hybrid_bidirectional,worst,1478.805658,2943.330541,165.259809
Terraced,1,H2,hybrid_bidirectional,best,990.161587,2915.446949,105.78839
Terraced,1,H3,safe_unidirectional,worst,1285.063967,2444.141566,387.827548
Terraced,1,H3,safe_unidirectional,best,904.297331,2444.141566,264.273129
Terraced,1,H3,hybrid_bidirectional,worst,1144.549863,2544.790518,191.365135
Terraced,1,H3,hybrid_bidirectional,best,728.746103,2536.880208,114.648551
Terraced,1,H1,safe_unidirectional,worst,2031.876603,3327.541932,487.288227
Terraced,1,H1,safe_unidirectional,best,1597.386556,3327.541932,377.070119
Terraced,1,H1,hybrid_bidirectional,worst,2019.146841,3431.966599,263.271824
Terraced,1,H1,hybrid_bidirectional,best,1493.150118,3400.339887,183.565337
Terraced,1,H2,safe_unidirectional,worst,1579.751419,2801.895266,427.756246
Terraced,1,H2,safe_unidirectional,best,1184.00401,2801.895266,311.867619
Terraced,1,H2,hybrid_bidirectional,worst,1461.649669,2923.614694,169.504996
Terraced,1,H2,hybrid_bidirectional,best,981.913501,2893.874231,110.394695
Terraced,1,H3,safe_unidirectional,worst,1269.947448,2437.075266,385.114532
Terraced,1,H3,safe_unidirectional,best,891.657103,2437.075266,262.992609
Terraced,1,H3,hybrid_bidirectional,worst,1193.792927,2528.267127,201.839145
Terraced,1,H3,hybrid_bidirectional,best,734.421246,2526.113223,112.582527
Terraced,1,H1,safe_unidirectional,worst,1933.659772,3162.345132,451.580088
Terraced,1,H1,safe_unidirectional,best,1500.319457,3162.345132,343.186572
Terraced,1,H1,hybrid_bidirectional,worst,1914.403526,3271.413466,237.519528
Terraced,1,H1,hybrid_bidirectional,best,1391.498516,3242.672936,154.465275
Terraced,1,H2,safe_unidirectional,worst,1475.461211,2636.698466,393.197717
Terraced,1,H2,safe_unidirectional,best,1069.351202,2636.698466,274.307912
Terraced,1,H2,hybrid_bidirectional,worst,1402.426551,2778.644311,153.320883
Terraced,1,H2,hybrid_bidirectional,best,872.380889,2743.965858,88.474677
Terraced,1,H3,safe_unidirectional,worst,1174.677997,2271.878466,350.45843
Terraced,1,H3,safe_unidirectional,best,787.773566,2271.878466,226.586333
Terraced,1,H3,hybrid_bidirectional,worst,1075.820966,2388.679591,170.595598
Terraced,1,H3,hybrid_bidirectional,best,635.908637,2371.579841,96.056156
Terraced,1,H1,safe_unidirectional,worst,1944.288356,3224.793032,452.228162
Terraced,1,H1,safe_unidirectional,best,1511.767509,3224.793032,345.347721
Terraced,1,H1,hybrid_bidirectional,worst,1932.761986,3332.40718,251.125403
Terraced,1,H1,hybrid_bidirectional,best,1436.602944,3304.474997,168.602393
Terraced,1,H2,safe_unidirectional,worst,1502.051791,2699.146366,395.705261
Terraced,1,H2,safe_unidirectional,best,1100.810838,2699.146366,279.773171
Terraced,1,H2,hybrid_bidirectional,worst,1439.652732,2839.726846,156.56107
Terraced,1,H2,hybrid_bidirectional,best,953.271463,2808.86934,99.548499
Terraced,1,H3,safe_unidirectional,worst,1193.642022,2334.326366,356.890406
Terraced,1,H3,safe_unidirectional,best,813.250042,2334.326366,233.06006
Terraced,1,H3,hybrid_bidirectional,worst,1108.110801,2431.266289,184.280295
Terraced,1,H3,hybrid_bidirectional,best,694.444805,2427.295872,103.345297
Terraced,1,H1,safe_unidirectional,worst,1922.967306,3215.415932,442.535032
Terraced,1,H1,safe_unidirectional,best,1494.557374,3215.415932,339.343627
Terraced,1,H1,hybrid_bidirectional,worst,1915.133685,3327.472013,227.976248
Terraced,1,H1,hybrid_bidirectional,best,1386.628087,3298.232369,150.454795
Terraced,1,H2,safe_unidirectional,worst,1452.971099,2689.769266,379.907059
Terraced,1,H2,safe_unidirectional,best,1062.682669,2689.769266,271.489886
Terraced,1,H2,hybrid_bidirectional,worst,1383.952906,2831.059519,142.580606
Terraced,1,H2,hybrid_bidirectional,best,871.532681,2801.115144,86.635418
Terraced,1,H3,safe_unidirectional,worst,1142.059817,2324.949266,337.82263
Terraced,1,H3,safe_unidirectional,best,779.588571,2324.949266,221.921396
Terraced,1,H3,hybrid_bidirectional,worst,1049.789896,2439.884942,159.264979
Terraced,1,H3,hybrid_bidirectional,best,588.492002,2431.691598,81.931003
Terraced,1,H1,safe_unidirectional,worst,2046.361522,3364.913932,480.374743
Terraced,1,H1,safe_unidirectional,best,1612.162402,3364.913932,371.628562
Terraced,1,H1,hybrid_bidirectional,worst,2026.521834,3482.447632,256.118093
Terraced,1,H1,hybrid_bidirectional,best,1513.575397,3448.964057,175.79286
Terraced,1,H2,safe_unidirectional,worst,1584.04873,2839.267266,418.286689
Terraced,1,H2,safe_unidirectional,best,1175.183388,2839.267266,300.32982
Terraced,1,H2,hybrid_bidirectional,worst,1464.807739,2987.428339,156.15688
Terraced,1,H2,hybrid_bidirectional,best,956.186116,2952.777852,98.918945
Terraced,1,H3,safe_unidirectional,worst,1270.017759,2474.447266,378.193437
Terraced,1,H3,safe_unidirectional,best,882.808459,2474.447266,254.430005
Terraced,1,H3,hybrid_bidirectional,worst,1142.304147,2586.963049,186.356816
Terraced,1,H3,hybrid_bidirectional,best,691.368779,2578.033788,110.183454
Terraced,1,H1,safe_unidirectional,worst,2107.901788,3444.020832,503.732128
Terraced,1,H1,safe_unidirectional,best,1678.430612,3444.020832,394.035614
Terraced,1,H1,hybrid_bidirectional,worst,2118.083027,3565.336296,268.468491
Terraced,1,H1,hybrid_bidirectional,best,1602.379014,3536.424524,186.668394
Terraced,1,H2,safe_unidirectional,worst,1639.472513,2918.374166,440.236911
Terraced,1,H2,safe_unidirectional,best,1245.875912,2918.374166,327.521606
Terraced,1,H2,hybrid_bidirectional,worst,1561.872983,3064.872163,178.320748
Terraced,1,H2,hybrid_bidirectional,best,1075.950551,3035.66185,116.5528
Terraced,1,H3,safe_unidirectional,worst,1329.214956,2553.554166,399.457389
Terraced,1,H3,safe_unidirectional,best,964.815164,2553.554166,281.268621
Terraced,1,H3,hybrid_bidirectional,worst,1213.9428,2653.061532,216.824645
Terraced,1,H3,hybrid_bidirectional,best,785.495946,2647.792613,135.016053
Terraced,1,H1,safe_unidirectional,worst,1878.840489,3170.285832,428.25895
Terraced,1,H1,safe_unidirectional,best,1465.751132,3170.285832,323.076857
Terraced,1,H1,hybrid_bidirectional,worst,1858.523876,3262.748115,237.356843
Terraced,1,H1,hybrid_bidirectional,best,1360.978072,3238.721503,157.140952
Terraced,1,H2,safe_unidirectional,worst,1423.734068,2644.639166,368.294571
Terraced,1,H2,safe_unidirectional,best,1035.751618,2644.639166,256.196744
Terraced,1,H2,hybrid_bidirectional,worst,1316.946398,2760.451161,140.597978
Terraced,1,H2,hybrid_bidirectional,best,841.572108,2731.047478,87.832882
Terraced,1,H3,safe_unidirectional,worst,1106.591855,2279.819166,328.040241
Terraced,1,H3,safe_unidirectional,best,754.070319,2279.819166,212.672699
Terraced,1,H3,hybrid_bidirectional,worst,1037.381055,2370.212258,160.717881
Terraced,1,H3,hybrid_bidirectional,best,603.328452,2362.456696,86.736223
Terraced,1,H1,safe_unidirectional,worst,2145.57936,3456.064232,499.802064
Terraced,1,H1,safe_unidirectional,best,1729.98596,3456.064232,395.60747
Terraced,1,H1,hybrid_bidirectional,worst,2174.33222,3584.882602,266.931033
Terraced,1,H1,hybrid_bidirectional,best,1672.921665,3553.730388,188.639469
Terraced,1,H2,safe_unidirectional,worst,1680.372855,2930.417566,435.09374
Terraced,1,H2,safe_unidirectional,best,1297.79871,2930.417566,325.983071
Terraced,1,H2,hybrid_bidirectional,worst,1578.962382,3079.43018,169.880111
Terraced,1,H2,hybrid_bidirectional,best,1079.388546,3048.6526,110.943226
Terraced,1,H3,safe_unidirectional,worst,1370.516949,2565.597566,394.793638
Terraced,1,H3,safe_unidirectional,best,1003.923312,2565.597566,277.31352
Terraced,1,H3,hybrid_bidirectional,worst,1247.712678,2686.030251,192.257666
Terraced,1,H3,hybrid_bidirectional,best,775.14179,2683.913026,108.542477
Terraced,1,H1,safe_unidirectional,worst,2085.457895,3374.363332,489.841095
Terraced,1,H1,safe_unidirectional,best,1642.744439,3374.363332,378.128481
Terraced,1,H1,hybrid_bidirectional,worst,2077.279367,3493.983179,267.123551
Terraced,1,H1,hybrid_bidirectional,best,1545.244257,3466.593419,176.602649
Terraced,1,H2,safe_unidirectional,worst,1624.784077,2848.716666,433.99676
Terraced,1,H2,safe_unidirectional,best,1204.042162,2848.716666,310.687687
Terraced,1,H2,hybrid_bidirectional,worst,1550.62713,2994.363442,166.380598
Terraced,1,H2,hybrid_bidirectional,best,985.333957,2961.42141,99.938663
Terraced,1,H3,safe_unidirectional,worst,1313.756838,2483.896666,391.674389
Terraced,1,H3,safe_unidirectional,best,917.813742,2483.896666,263.276098
Terraced,1,H3,hybrid_bidirectional,worst,1225.267887,2594.746321,193.053741
Terraced,1,H3,hybrid_bidirectional,best,724.311875,2585.278405,110.721513
Terraced,1,H1,safe_unidirectional,worst,1951.20981,3253.740632,450.47979
Terraced,1,H1,safe_unidirectional,best,1514.27083,3253.740632,343.356875
Terraced,1,H1,hybrid_bidirectional,worst,1915.013008,3354.332514,242.354661
Terraced,1,H1,hybrid_bidirectional,best,1393.57113,3323.351396,159.86704
Terraced,1,H2,safe_unidirectional,worst,1488.253219,2728.093966,391.235504
Terraced,1,H2,safe_unidirectional,best,1075.726674,2728.093966,273.960445
Terraced,1,H2,hybrid_bidirectional,worst,1370.684847,2845.744827,159.352074
Terraced,1,H2,hybrid_bidirectional,best,865.021139,2814.502254,96.034389
Terraced,1,H3,safe_unidirectional,worst,1179.499595,2363.273966,353.388402
Terraced,1,H3,safe_unidirectional,best,791.596971,2363.273966,229.479818
Terraced,1,H3,hybrid_bidirectional,worst,1040.408639,2459.701201,169.145991
Terraced,1,H3,hybrid_bidirectional,best,633.960507,2447.625135,95.59483
Terraced,1,H1,safe_unidirectional,worst,1989.589265,3265.638232,465.600884
Terraced,1,H1,safe_unidirectional,best,1557.724079,3265.638232,353.107168
Terraced,1,H1,hybrid_bidirectional,worst,1994.76766,3379.882629,254.192652
Terraced,1,H1,hybrid_bidirectional,best,1471.707409,3350.125951,169.994975
Terraced,1,H2,safe_unidirectional,worst,1541.516337,2739.991566,405.498032
Terraced,1,H2,safe_unidirectional,best,1121.535001,2739.991566,283.302141
Terraced,1,H2,hybrid_bidirectional,worst,1446.627878,2884.834817,153.667137
Terraced,1,H2,hybrid_bidirectional,best,935.126658,2850.895008,90.928853
Terraced,1,H3,safe_unidirectional,worst,1234.836809,2375.171566,364.296527
Terraced,1,H3,safe_unidirectional,best,836.828569,2375.171566,235.919462
Terraced,1,H3,hybrid_bidirectional,worst,1134.39879,2482.877656,184.008294
Terraced,1,H3,hybrid_bidirectional,best,660.370705,2476.679728,103.075879
Terraced,1,H1,safe_unidirectional,worst,2015.199385,3269.781332,471.555632
Terraced,1,H1,safe_unidirectional,best,1576.609396,3269.781332,363.26896
Terraced,1,H1,hybrid_bidirectional,worst,2022.918038,3383.972769,256.172493
Terraced,1,H1,hybrid_bidirectional,best,1498.684023,3352.092846,174.477626
Terraced,1,H2,safe_unidirectional,worst,1556.56074,2744.134666,411.780762
Terraced,1,H2,safe_unidirectional,best,1149.803789,2744.134666,294.09762
Terraced,1,H2,hybrid_bidirectional,worst,1463.681349,2891.962874,156.879342
Terraced,1,H2,hybrid_bidirectional,best,956.064335,2856.419624,98.816049
Terraced,1,H3,safe_unidirectional,worst,1251.242266,2379.314666,371.509169
Terraced,1,H3,safe_unidirectional,best,861.914739,2379.314666,247.603837
Terraced,1,H3,hybrid_bidirectional,worst,1155.943436,2485.092071,191.968552
Terraced,1,H3,hybrid_bidirectional,best,688.817383,2472.394533,116.760149
Terraced,1,H1,safe_unidirectional,worst,2084.580412,3370.497332,488.099654
Terraced,1,H1,safe_unidirectional,best,1664.299111,3370.497332,380.334643
Terraced,1,H1,hybrid_bidirectional,worst,2073.148047,3495.424386,261.070324
Terraced,1,H1,hybrid_bidirectional,best,1563.69314,3465.256426,183.090628
Terraced,1,H2,safe_unidirectional,worst,1616.247693,2844.850666,428.815542
Terraced,1,H2,safe_unidirectional,best,1219.463226,2844.850666,313.141565
Terraced,1,H2,hybrid_bidirectional,worst,1518.59759,3001.54875,162.897062
Terraced,1,H2,hybrid_bidirectional,best,1034.734496,2968.380257,108.22507
Terraced,1,H3,safe_unidirectional,worst,1308.585543,2480.030666,388.445129
Terraced,1,H3,safe_unidirectional,best,934.268009,2480.030666,266.710123
Terraced,1,H3,hybrid_bidirectional,worst,1194.806742,2586.825397,196.581143
Terraced,1,H3,hybrid_bidirectional,best,704.780373,2592.605526,102.478712
Terraced,1,H1,safe_unidirectional,worst,1999.798426,3268.216032,470.153738
Terraced,1,H1,safe_unidirectional,best,1578.673564,3268.216032,366.560516
Terraced,1,H1,hybrid_bidirectional,worst,1993.596532,3375.519147,251.830801
Terraced,1,H1,hybrid_bidirectional,best,1485.513636,3345.898234,170.38083
Terraced,1,H2,safe_unidirectional,worst,1532.446054,2742.569366,406.382088
Terraced,1,H2,safe_unidirectional,best,1137.40578,2742.569366,294.252822
Terraced,1,H2,hybrid_bidirectional,worst,1443.702201,2873.457485,164.558303
Terraced,1,H2,hybrid_bidirectional,best,941.937376,2846.730249,94.572585
Terraced,1,H3,safe_unidirectional,worst,1231.646534,2377.749366,367.912214
Terraced,1,H3,safe_unidirectional,best,860.877626,2377.749366,249.861206
Terraced,1,H3,hybrid_bidirectional,worst,1143.392518,2474.97161,192.264159
Terraced,1,H3,hybrid_bidirectional,best,705.830585,2477.787538,101.496046
Terraced,1,H1,safe_unidirectional,worst,2017.912074,3309.483732,477.411793
Terraced,1,H1,safe_unidirectional,best,1582.545485,3309.483732,367.002204
Terraced,1,H1,hybrid_bidirectional,worst,2016.757314,3425.756901,254.40573
Terraced,1,H1,hybrid_bidirectional,best,1506.119912,3400.002033,172.54164
Terraced,1,H2,safe_unidirectional,worst,1569.994663,2783.837066,420.40331
Terraced,1,H2,safe_unidirectional,best,1168.05275,2783.837066,304.156455
Terraced,1,H2,hybrid_bidirectional,worst,1503.202837,2927.087755,161.078062
Terraced,1,H2,hybrid_bidirectional,best,992.260901,2899.766498,100.701868
Terraced,1,H3,safe_unidirectional,worst,1257.958348,2419.017066,378.451038
Terraced,1,H3,safe_unidirectional,best,880.745708,2419.017066,257.371932
Terraced,1,H3,hybrid_bidirectional,worst,1145.338265,2521.588541,188.362791
Terraced,1,H3,hybrid_bidirectional,best,673.215037,2529.102487,94.494196
Terraced,1,H1,safe_unidirectional,worst,2003.304585,3310.090532,471.498279
Terraced,1,H1,safe_unidirectional,best,1608.001297,3310.090532,372.725968
Terraced,1,H1,hybrid_bidirectional,worst,1994.044034,3417.480335,256.231442
Terraced,1,H1,hybrid_bidirectional,best,1508.276663,3392.906964,181.730241
Terraced,1,H2,safe_unidirectional,worst,1532.183889,2784.443866,405.167513
Terraced,1,H2,safe_unidirectional,best,1162.443364,2784.443866,297.163469
Terraced,1,H2,hybrid_bidirectional,worst,1459.304494,2923.434694,150.91547
Terraced,1,H2,hybrid_bidirectional,best,965.248152,2894.388423,96.694133
Terraced,1,H3,safe_unidirectional,worst,1221.87798,2419.623866,361.861704
Terraced,1,H3,safe_unidirectional,best,880.601026,2419.623866,251.510717
Terraced,1,H3,hybrid_bidirectional,worst,1108.393693,2519.245768,174.160935
Terraced,1,H3,hybrid_bidirectional,best,683.203636,2519.377434,100.316431
Terraced,1,H1,safe_unidirectional,worst,1887.115885,3183.319532,438.28747
Terraced,1,H1,safe_unidirectional,best,1479.549564,3183.319532,336.287706
Terraced,1,H1,hybrid_bidirectional,worst,1876.685489,3283.848899,235.645111
Terraced,1,H1,hybrid_bidirectional,best,1395.587071,3258.790412,162.513437
Terraced,1,H2,safe_unidirectional,worst,1427.61303,2657.672866,376.734538
Terraced,1,H2,safe_unidirectional,best,1051.852017,2657.672866,269.92764
Terraced,1,H2,hybrid_bidirectional,worst,1325.624111,2779.364918,149.750822
Terraced,1,H2,hybrid_bidirectional,best,858.653314,2755.028995,90.553961
Terraced,1,H3,safe_unidirectional,worst,1117.412798,2292.852866,337.273556
Terraced,1,H3,safe_unidirectional,best,766.022475,2292.852866,223.049405
Terraced,1,H3,hybrid_bidirectional,worst,1009.908595,2388.903415,164.044756
Terraced,1,H3,hybrid_bidirectional,best,582.667205,2386.256292,82.925539
Terraced,1,H1,safe_unidirectional,worst,1998.044515,3283.613632,462.319675
Terraced,1,H1,safe_unidirectional,best,1554.041794,3283.613632,354.501836
Terraced,1,H1,hybrid_bidirectional,worst,1991.236572,3400.093768,249.148711
Terraced,1,H1,hybrid_bidirectional,best,1456.307828,3367.52524,166.241153
Terraced,1,H2,safe_unidirectional,worst,1534.796103,2757.966966,403.520676
Terraced,1,H2,safe_unidirectional,best,1124.67831,2757.966966,287.556793
Terraced,1,H2,hybrid_bidirectional,worst,1429.574481,2894.500394,156.788274
Terraced,1,H2,hybrid_bidirectional,best,935.162179,2859.329739,99.958274
Terraced,1,H3,safe_unidirectional,worst,1240.242577,2393.146966,366.06314
Terraced,1,H3,safe_unidirectional,best,855.043176,2393.146966,243.48044
Terraced,1,H3,hybrid_bidirectional,worst,1108.083872,2495.455426,174.362713
Terraced,1,H3,hybrid_bidirectional,best,693.570011,2482.064419,104.193167
Terraced,1,H1,safe_unidirectional,worst,2033.639502,3319.111632,479.096641
Terraced,1,H1,safe_unidirectional,best,1596.65469,3319.111632,366.192883
Terraced,1,H1,hybrid_bidirectional,worst,2034.589891,3442.49761,254.824428
Terraced,1,H1,hybrid_bidirectional,best,1502.808231,3409.635891,174.844218
Terraced,1,H2,safe_unidirectional,worst,1594.359868,2793.464966,424.18895
Terraced,1,H2,safe_unidirectional,best,1179.126472,2793.464966,306.329121
Terraced,1,H2,hybrid_bidirectional,worst,1490.949928,2947.304912,156.795241
Terraced,1,H2,hybrid_bidirectional,best,1002.37879,2913.43714,100.583689
Terraced,1,H3,safe_unidirectional,worst,1288.715301,2428.644966,382.378112
Terraced,1,H3,safe_unidirectional,best,893.106223,2428.644966,256.761771
Terraced,1,H3,hybrid_bidirectional,worst,1190.766138,2539.656601,199.027791
Terraced,1,H3,hybrid_bidirectional,best,754.973848,2536.969613,114.075768
Terraced,1,H1,safe_unidirectional,worst,1977.936087,3277.510532,459.20385
Terraced,1,H1,safe_unidirectional,best,1530.49558,3277.510532,345.513185
Terraced,1,H1,hybrid_bidirectional,worst,1980.819085,3395.154794,239.239021
Terraced,1,H1,hybrid_bidirectional,best,1441.842027,3361.153627,156.807554
Terraced,1,H2,safe_unidirectional,worst,1521.783707,2751.863866,400.047631
Terraced,1,H2,safe_unidirectional,best,1102.179063,2751.863866,278.201258
Terraced,1,H2,hybrid_bidirectional,worst,1416.985923,2893.318727,153.43632
Terraced,1,H2,hybrid_bidirectional,best,888.202748,2859.081801,90.857635
Terraced,1,H3,safe_unidirectional,worst,1201.249097,2387.043866,356.741505
Terraced,1,H3,safe_unidirectional,best,803.496846,2387.043866,228.44011
Terraced,1,H3,hybrid_bidirectional,worst,1075.323138,2496.419738,161.848599
Terraced,1,H3,hybrid_bidirectional,best,620.229347,2484.689025,87.327019
Terraced,1,H1,safe_unidirectional,worst,2015.2925,3302.367732,478.087356
Terraced,1,H1,safe_unidirectional,best,1588.42315,3302.367732,366.565624
Terraced,1,H1,hybrid_bidirectional,worst,2022.825458,3418.82959,259.316334
Terraced,1,H1,hybrid_bidirectional,best,1499.043009,3392.127746,171.38389
Terraced,1,H2,safe_unidirectional,worst,1559.707297,2776.721066,415.975963
Terraced,1,H2,safe_unidirectional,best,1153.099504,2776.721066,298.139687
Terraced,1,H2,hybrid_bidirectional,worst,1485.683704,2923.564858,162.213003
Terraced,1,H2,hybrid_bidirectional,best,979.650084,2891.772929,99.588081
Terraced,1,H3,safe_unidirectional,worst,1260.753365,2411.901066,376.548874
Terraced,1,H3,safe_unidirectional,best,881.350548,2411.901066,254.179872
Terraced,1,H3,hybrid_bidirectional,worst,1137.26662,2508.861543,185.089067
Terraced,1,H3,hybrid_bidirectional,best,674.156035,2494.856202,97.823413
Terraced,1,H1,safe_unidirectional,worst,1992.614194,3280.913732,463.371849
Terraced,1,H1,safe_unidirectional,best,1576.095774,3280.913732,358.849167
Terraced,1,H1,hybrid_bidirectional,worst,1978.23746,3392.23111,252.830316
Terraced,1,H1,hybrid_bidirectional,best,1491.168736,3363.367653,173.162899
Terraced,1,H2,safe_unidirectional,worst,1545.601531,2755.267066,405.873818
Terraced,1,H2,safe_unidirectional,best,1163.000816,2755.267066,294.769512
Terraced,1,H2,hybrid_bidirectional,worst,1422.419161,2883.763295,161.43661
Terraced,1,H2,hybrid_bidirectional,best,964.601499,2856.534244,104.105151
Terraced,1,H3,safe_unidirectional,worst,1229.975532,2390.447066,364.381754
Terraced,1,H3,safe_unidirectional,best,867.837274,2390.447066,248.440933
Terraced,1,H3,hybrid_bidirectional,worst,1108.960431,2489.659539,175.762274
Terraced,1,H3,hybrid_bidirectional,best,698.940744,2482.641184,106.84494
Terraced,1,H1,safe_unidirectional,worst,2012.78724,3301.319932,476.75116
Terraced,1,H1,safe_unidirectional,best,1588.540276,3301.319932,370.270322
Terraced,1,H1,hybrid_bidirectional,worst,2003.604441,3405.712134,265.574682
Terraced,1,H1,hybrid_bidirectional,best,1501.198433,3378.423561,183.17409
Terraced,1,H2,safe_unidirectional,worst,1554.923186,2775.673266,415.09663
Terraced,1,H2,safe_unidirectional,best,1161.977988,2775.673266,301.802391
Terraced,1,H2,hybrid_bidirectional,worst,1482.94647,2905.519186,170.971263
Terraced,1,H2,hybrid_bidirectional,best,1003.265952,2877.860779,111.653517
Terraced,1,H3,safe_unidirectional,worst,1249.546565,2410.853266,374.512502
Terraced,1,H3,safe_unidirectional,best,884.806363,2410.853266,256.772569
Terraced,1,H3,hybrid_bidirectional,worst,1131.471574,2500.875242,200.795043
Terraced,1,H3,hybrid_bidirectional,best,712.748221,2497.049065,119.40771
Terraced,1,H1,safe_unidirectional,worst,2008.862722,3325.393632,476.028967
Terraced,1,H1,safe_unidirectional,best,1565.33128,3325.393632,360.119366
Terraced,1,H1,hybrid_bidirectional,worst,1987.788753,3434.647824,259.734753
Terraced,1,H1,hybrid_bidirectional,best,1467.840002,3407.5517,173.984171
Terraced,1,H2,safe_unidirectional,worst,1534.813055,2799.746966,412.105653
Terraced,1,H2,safe_unidirectional,best,1122.672816,2799.746966,286.900412
Terraced,1,H2,hybrid_bidirectional,worst,1441.797415,2929.487244,158.971783
Terraced,1,H2,hybrid_bidirectional,best,915.044791,2897.068071,93.642666
Terraced,1,H3,safe_unidirectional,worst,1237.445132,2434.926966,373.505182
Terraced,1,H3,safe_unidirectional,best,853.056958,2434.926966,246.754285
Terraced,1,H3,hybrid_bidirectional,worst,1108.048407,2536.501798,179.639266
Terraced,1,H3,hybrid_bidirectional,best,691.790028,2525.46352,102.965383
Terraced,1,H1,safe_unidirectional,worst,1980.60418,3272.224132,458.939843
Terraced,1,H1,safe_unidirectional,best,1538.45779,3272.224132,349.423503
Terraced,1,H1,hybrid_bidirectional,worst,1969.055079,3383.918236,248.474326
Terraced,1,H1,hybrid_bidirectional,best,1446.636851,3356.588019,167.7703
Terraced,1,H2,safe_unidirectional,worst,1522.432663,2746.577466,400.487437
Terraced,1,H2,safe_unidirectional,best,1115.150424,2746.577466,283.182562
Terraced,1,H2,hybrid_bidirectional,worst,1419.922289,2889.585329,151.798383
Terraced,1,H2,hybrid_bidirectional,best,922.459052,2854.664447,95.303178
Terraced,1,H3,safe_unidirectional,worst,1201.236051,2381.757466,355.997338
Terraced,1,H3,safe_unidirectional,best,830.100667,2381.757466,235.653731
Terraced,1,H3,hybrid_bidirectional,worst,1077.331533,2494.233556,164.632952
Terraced,1,H3,hybrid_bidirectional,best,635.301882,2483.613337,96.181074
Terraced,1,H1,safe_unidirectional,worst,1883.718545,3186.127732,437.764021
Terraced,1,H1,safe_unidirectional,best,1435.360653,3186.127732,325.752158
Terraced,1,H1,hybrid_bidirectional,worst,1873.163423,3284.391803,231.899954
Terraced,1,H1,hybrid_bidirectional,best,1327.234074,3249.119886,150.515762
Terraced,1,H2,safe_unidirectional,worst,1422.197998,2660.481066,374.556435
Terraced,1,H2,safe_unidirectional,best,1005.032754,2660.481066,256.201809
Terraced,1,H2,hybrid_bidirectional,worst,1295.208934,2780.562265,135.889918
Terraced,1,H2,hybrid_bidirectional,best,788.251222,2744.984781,82.09719
Terraced,1,H3,safe_unidirectional,worst,1103.281571,2295.661066,331.15626
Terraced,1,H3,safe_unidirectional,best,717.877967,2295.661066,206.575447
Terraced,1,H3,hybrid_bidirectional,worst,992.10195,2394.188155,148.794914
Terraced,1,H3,hybrid_bidirectional,best,548.973012,2374.16025,82.644087
Terraced,1,H1,safe_unidirectional,worst,2116.825698,3392.558732,498.192531
Terraced,1,H1,safe_unidirectional,best,1674.37697,3392.558732,384.533067
Terraced,1,H1,hybrid_bidirectional,worst,2130.135596,3520.747768,267.814519
Terraced,1,H1,hybrid_bidirectional,best,1610.991481,3491.171461,184.187986
Terraced,1,H2,safe_unidirectional,worst,1663.179686,2866.912066,442.00754
Terraced,1,H2,safe_unidirectional,best,1249.49227,2866.912066,319.445297
Terraced,1,H2,hybrid_bidirectional,worst,1574.005489,3013.268548,174.743654
Terraced,1,H2,hybrid_bidirectional,best,1071.658729,2984.952014,113.179349
Terraced,1,H3,safe_unidirectional,worst,1356.453547,2502.092066,402.405818
Terraced,1,H3,safe_unidirectional,best,962.258377,2502.092066,274.808615
Terraced,1,H3,hybrid_bidirectional,worst,1209.81476,2611.849289,204.075833
Terraced,1,H3,hybrid_bidirectional,best,767.466791,2613.405842,111.18071
Terraced,1,H1,safe_unidirectional,worst,2122.090886,3440.188232,508.644281
Terraced,1,H1,safe_unidirectional,best,1684.754451,3440.188232,393.375476
Terraced,1,H1,hybrid_bidirectional,worst,2137.55634,3570.960376,271.206778
Terraced,1,H1,hybrid_bidirectional,best,1609.878662,3541.303352,184.08949
Terraced,1,H2,safe_unidirectional,worst,1649.698738,2914.541566,444.769953
Terraced,1,H2,safe_unidirectional,best,1254.20441,2914.541566,327.661395
Terraced,1,H2,hybrid_bidirectional,worst,1554.170211,3077.18648,173.713717
Terraced,1,H2,hybrid_bidirectional,best,1043.375742,3045.52843,110.407032
Terraced,1,H3,safe_unidirectional,worst,1345.550388,2549.721566,405.515551
Terraced,1,H3,safe_unidirectional,best,969.638518,2549.721566,282.599454
Terraced,1,H3,hybrid_bidirectional,worst,1210.306896,2683.840413,197.10211
Terraced,1,H3,hybrid_bidirectional,best,763.132216,2669.560404,119.455594
Terraced,1,H1,safe_unidirectional,worst,2059.546367,3387.565732,488.180738
Terraced,1,H1,safe_unidirectional,best,1613.965131,3387.565732,379.053976
Terraced,1,H1,hybrid_bidirectional,worst,2051.421635,3502.739803,266.186665
Terraced,1,H1,hybrid_bidirectional,best,1506.180951,3470.047792,185.912353
Terraced,1,H2,safe_unidirectional,worst,1596.572945,2861.919066,424.004658
Terraced,1,H2,safe_unidirectional,best,1177.696387,2861.919066,305.012509
Terraced,1,H2,hybrid_bidirectional,worst,1506.763118,3013.585506,166.676411
Terraced,1,H2,hybrid_bidirectional,best,959.798386,2980.392511,105.647596
Terraced,1,H3,safe_unidirectional,worst,1277.390274,2497.099066,383.068902
Terraced,1,H3,safe_unidirectional,best,880.866017,2497.099066,256.960007
Terraced,1,H3,hybrid_bidirectional,worst,1167.041756,2606.638926,208.337007
Terraced,1,H3,hybrid_bidirectional,best,734.42409,2595.210875,128.644697
Terraced,1,H1,safe_unidirectional,worst,1981.217707,3300.714432,467.049611
Terraced,1,H1,safe_unidirectional,best,1553.919031,3300.714432,360.265754
Terraced,1,H1,hybrid_bidirectional,worst,1981.522015,3415.153919,248.02052
Terraced,1,H1,hybrid_bidirectional,best,1477.581872,3384.086535,166.799647
Terraced,1,H2,safe_unidirectional,worst,1523.595211,2775.067766,404.56112
Terraced,1,H2,safe_unidirectional,best,1133.868256,2775.067766,292.334225
Terraced,1,H2,hybrid_bidirectional,worst,1425.975536,2911.03663,158.762621
Terraced,1,H2,hybrid_bidirectional,best,944.862093,2882.697604,100.985819
Terraced,1,H3,safe_unidirectional,worst,1217.320975,2410.247766,362.983187
Terraced,1,H3,safe_unidirectional,best,857.441119,2410.247766,246.07777
Terraced,1,H3,hybrid_bidirectional,worst,1113.782165,2514.105306,178.996706
Terraced,1,H3,hybrid_bidirectional,best,683.712853,2507.865851,109.095026
Terraced,1,H1,safe_unidirectional,worst,2167.456996,3467.099632,516.796942
Terraced,1,H1,safe_unidirectional,best,1717.15166,3467.099632,403.053118
Terraced,1,H1,hybrid_bidirectional,worst,2187.582858,3598.437448,273.803345
Terraced,1,H1,hybrid_bidirectional,best,1631.779248,3570.119517,186.486762
Terraced,1,H2,safe_unidirectional,worst,1697.462529,2941.452966,456.42981
Terraced,1,H2,safe_unidirectional,best,1267.602192,2941.452966,332.492509
Terraced,1,H2,hybrid_bidirectional,worst,1627.318563,3100.168121,184.311833
Terraced,1,H2,hybrid_bidirectional,best,1106.368296,3065.789704,121.709689
Terraced,1,H3,safe_unidirectional,worst,1385.139125,2576.632966,414.15208
Terraced,1,H3,safe_unidirectional,best,981.05182,2576.632966,285.517299
Terraced,1,H3,hybrid_bidirectional,worst,1282.123568,2693.883364,225.359387
Terraced,1,H3,hybrid_bidirectional,best,841.889878,2683.243691,139.75847
Terraced,1,H1,safe_unidirectional,worst,1944.538947,3290.729332,443.280405
Terraced,1,H1,safe_unidirectional,best,1510.629947,3290.729332,336.331451
Terraced,1,H1,hybrid_bidirectional,worst,1935.537726,3399.756839,241.631286
Terraced,1,H1,hybrid_bidirectional,best,1424.85361,3368.866819,164.765957
Terraced,1,H2,safe_unidirectional,worst,1481.289494,2765.082666,383.642509
Terraced,1,H2,safe_unidirectional,best,1075.995528,2765.082666,268.027053
Terraced,1,H2,hybrid_bidirectional,worst,1391.248176,2908.298455,147.200394
Terraced,1,H2,hybrid_bidirectional,best,925.45403,2872.623105,93.656054
Terraced,1,H3,safe_unidirectional,worst,1175.317631,2400.262666,345.049226
Terraced,1,H3,safe_unidirectional,best,804.607024,2400.262666,225.200713
Terraced,1,H3,hybrid_bidirectional,worst,1046.862721,2513.706036,167.435906
Terraced,1,H3,hybrid_bidirectional,best,634.413226,2499.658886,93.661861
Terraced,1,H1,safe_unidirectional,worst,1934.89708,3231.535832,454.454349
Terraced,1,H1,safe_unidirectional,best,1504.443798,3231.535832,345.118027
Terraced,1,H1,hybrid_bidirectional,worst,1917.4985,3342.184217,234.542797
Terraced,1,H1,hybrid_bidirectional,best,1421.251249,3311.632646,153.583815
Terraced,1,H2,safe_unidirectional,worst,1483.824031,2705.889166,397.200401
Terraced,1,H2,safe_unidirectional,best,1072.847864,2705.889166,274.48794
Terraced,1,H2,hybrid_bidirectional,worst,1396.315691,2845.859718,144.847288
Terraced,1,H2,hybrid_bidirectional,best,890.987074,2814.237165,88.828895
Terraced,1,H3,safe_unidirectional,worst,1174.743989,2341.069166,356.084041
Terraced,1,H3,safe_unidirectional,best,785.980978,2341.069166,228.799548
Terraced,1,H3,hybrid_bidirectional,worst,1066.674075,2451.544904,170.899285
Terraced,1,H3,hybrid_bidirectional,best,632.319114,2443.597687,92.983395
Terraced,1,H1,safe_unidirectional,worst,2056.463856,3373.131432,488.43075
Terraced,1,H1,safe_unidirectional,best,1617.117751,3373.131432,375.342751
Terraced,1,H1,hybrid_bidirectional,worst,2064.357061,3493.106846,260.541834
Terraced,1,H1,hybrid_bidirectional,best,1534.240334,3465.172259,170.642199
Terraced,1,H2,safe_unidirectional,worst,1585.702201,2847.484766,423.722486
Terraced,1,H2,safe_unidirectional,best,1167.276896,2847.484766,302.74105
Terraced,1,H2,hybrid_bidirectional,worst,1492.041384,2991.919885,170.786499
Terraced,1,H2,hybrid_bidirectional,best,970.179674,2961.064432,107.086907
Terraced,1,H3,safe_unidirectional,worst,1274.090006,2482.664766,386.238209
Terraced,1,H3,safe_unidirectional,best,887.706206,2482.664766,259.790485
Terraced,1,H3,hybrid_bidirectional,worst,1185.031709,2597.300432,197.521414
Terraced,1,H3,hybrid_bidirectional,best,717.296719,2588.004716,117.015586
Terraced,1,H1,safe_unidirectional,worst,2018.073278,3291.758732,475.135057
Terraced,1,H1,safe_unidirectional,best,1583.883633,3291.758732,362.317967
Terraced,1,H1,hybrid_bidirectional,worst,1996.987846,3398.919516,261.571005
Terraced,1,H1,hybrid_bidirectional,best,1489.33898,3373.626298,174.314661
Terraced,1,H2,safe_unidirectional,worst,1557.799235,2766.112066,416.181036
Terraced,1,H2,safe_unidirectional,best,1147.573199,2766.112066,294.076207
Terraced,1,H2,hybrid_bidirectional,worst,1474.281615,2901.770965,168.835282
Terraced,1,H2,hybrid_bidirectional,best,964.394796,2875.68932,101.600879
Terraced,1,H3,safe_unidirectional,worst,1248.465775,2401.292066,374.700858
Terraced,1,H3,safe_unidirectional,best,866.213904,2401.292066,250.664875
Terraced,1,H3,hybrid_bidirectional,worst,1158.671892,2494.510663,192.205164
Terraced,1,H3,hybrid_bidirectional,best,698.72392,2494.405199,111.481809
Terraced,1,H1,safe_unidirectional,worst,2076.877086,3411.885332,482.373598
Terraced,1,H1,safe_unidirectional,best,1633.489524,3411.885332,368.289504
Terraced,1,H1,hybrid_bidirectional,worst,2081.699608,3539.006729,251.733966
Terraced,1,H1,hybrid_bidirectional,best,1549.982046,3505.710365,170.550923
Terraced,1,H2,safe_unidirectional,worst,1617.711407,2886.238666,422.664464
Terraced,1,H2,safe_unidirectional,best,1193.698164,2886.238666,298.882543
Terraced,1,H2,hybrid_bidirectional,worst,1535.602999,3034.750109,163.648734
Terraced,1,H2,hybrid_bidirectional,best,1019.198359,2999.065118,105.876807
Terraced,1,H3,safe_unidirectional,worst,1305.921566,2521.418666,379.948566
Terraced,1,H3,safe_unidirectional,best,901.94303,2521.418666,252.163238
Terraced,1,H3,hybrid_bidirectional,worst,1180.532768,2619.242486,195.404505
Terraced,1,H3,hybrid_bidirectional,best,700.300446,2615.28989,105.152808
Terraced,1,H1,safe_unidirectional,worst,2110.70458,3405.010732,496.487095
Terraced,1,H1,safe_unidirectional,best,1675.987115,3405.010732,389.401358
Terraced,1,H1,hybrid_bidirectional,worst,2116.942715,3533.929211,259.643007
Terraced,1,H1,hybrid_bidirectional,best,1581.553214,3502.377832,181.23525
Terraced,1,H2,safe_unidirectional,worst,1640.272326,2879.364066,434.364008
Terraced,1,H2,safe_unidirectional,best,1233.45826,2879.364066,317.530678
Terraced,1,H2,hybrid_bidirectional,worst,1586.95906,3040.598058,164.321156
Terraced,1,H2,hybrid_bidirectional,best,1068.560533,3007.901306,109.827336
Terraced,1,H3,safe_unidirectional,worst,1347.158794,2514.544066,397.157748
Terraced,1,H3,safe_unidirectional,best,961.018834,2514.544066,275.08192
Terraced,1,H3,hybrid_bidirectional,worst,1213.704719,2637.5157,201.008955
Terraced,1,H3,hybrid_bidirectional,best,745.30254,2633.297821,116.164426
Terraced,1,H1,safe_unidirectional,worst,2071.036521,3407.186932,484.537437
Terraced,1,H1,safe_unidirectional,best,1628.936756,3407.186932,369.801798
Terraced,1,H1,hybrid_bidirectional,worst,2081.99972,3528.920164,259.894485
Terraced,1,H1,hybrid_bidirectional,best,1538.336618,3498.963124,176.171361
Terraced,1,H2,safe_unidirectional,worst,1613.265298,2881.540266,424.851743
Terraced,1,H2,safe_unidirectional,best,1200.929435,2881.540266,305.380459
Terraced,1,H2,hybrid_bidirectional,worst,1521.620081,3025.545307,165.312383
Terraced,1,H2,hybrid_bidirectional,best,999.446193,2994.39624,107.443606
Terraced,1,H3,safe_unidirectional,worst,1293.830212,2516.720266,381.463155
Terraced,1,H3,safe_unidirectional,best,903.084824,2516.720266,254.786231
Terraced,1,H3,hybrid_bidirectional,worst,1170.756372,2622.063334,194.364068
Terraced,1,H3,hybrid_bidirectional,best,704.294054,2617.021924,111.753626
Terraced,1,H1,safe_unidirectional,worst,1996.488922,3325.309332,472.474675
Terraced,1,H1,safe_unidirectional,best,1565.301941,3325.309332,365.385251
Terraced,1,H1,hybrid_bidirectional,worst,1986.928507,3442.122933,251.376665
Terraced,1,H1,hybrid_bidirectional,best,1464.073894,3409.626486,170.825368
Terraced,1,H2,safe_unidirectional,worst,1535.763719,2799.662666,413.927296
Terraced,1,H2,safe_unidirectional,best,1122.373226,2799.662666,293.565765
Terraced,1,H2,hybrid_bidirectional,worst,1454.122554,2947.179335,155.20974
Terraced,1,H2,hybrid_bidirectional,best,971.859547,2915.333683,95.369947
Terraced,1,H3,safe_unidirectional,worst,1223.214866,2434.842666,372.046313
Terraced,1,H3,safe_unidirectional,best,841.757118,2434.842666,248.023175
Terraced,1,H3,hybrid_bidirectional,worst,1127.187098,2557.972192,182.059935
Terraced,1,H3,hybrid_bidirectional,best,669.50483,2541.003414,107.047142
Terraced,1,H1,safe_unidirectional,worst,1979.7565,3267.933732,469.340947
Terraced,1,H1,safe_unidirectional,best,1550.19947,3267.933732,359.721587
Terraced,1,H1,hybrid_bidirectional,worst,1970.197169,3379.568424,252.382811
Terraced,1,H1,hybrid_bidirectional,best,1467.090521,3351.410144,172.164659
Terraced,1,H2,safe_unidirectional,worst,1525.626085,2742.287066,409.667543
Terraced,1,H2,safe_unidirectional,best,1124.305382,2742.287066,292.0496
Terraced,1,H2,hybrid_bidirectional,worst,1435.223216,2884.474644,161.588658
Terraced,1,H2,hybrid_bidirectional,best,935.558357,2860.758504,94.88884
Terraced,1,H3,safe_unidirectional,worst,1219.519051,2377.467066,370.136804
Terraced,1,H3,safe_unidirectional,best,835.556674,2377.467066,245.246225
Terraced,1,H3,hybrid_bidirectional,worst,1098.72554,2490.75806,178.605695
Terraced,1,H3,hybrid_bidirectional,best,637.128999,2490.646369,93.229333
Terraced,1,H1,safe_unidirectional,worst,2026.672849,3343.330632,474.428411
Terraced,1,H1,safe_unidirectional,best,1629.214567,3343.330632,379.052457
Terraced,1,H1,hybrid_bidirectional,worst,2028.080382,3462.926565,249.743509
Terraced,1,H1,hybrid_bidirectional,best,1512.454413,3433.60606,175.67293
Terraced,1,H2,safe_unidirectional,worst,1558.278327,2817.683966,410.531971
Terraced,1,H2,safe_unidirectional,best,1190.387814,2817.683966,307.736568
Terraced,1,H2,hybrid_bidirectional,worst,1467.281163,2961.597134,154.481922
Terraced,1,H2,hybrid_bidirectional,best,989.193315,2932.206715,100.538313
Terraced,1,H3,safe_unidirectional,worst,1240.969849,2452.863966,368.469607
Terraced,1,H3,safe_unidirectional,best,905.867256,2452.863966,261.327719
Terraced,1,H3,hybrid_bidirectional,worst,1117.91542,2560.594267,180.03847
Terraced,1,H3,hybrid_bidirectional,best,704.425064,2545.758096,118.146328
Terraced,1,H1,safe_unidirectional,worst,1959.785634,3247.849432,450.355127
Terraced,1,H1,safe_unidirectional,best,1523.128089,3247.849432,342.63992
Terraced,1,H1,hybrid_bidirectional,worst,1963.029907,3362.686065,241.189295
Terraced,1,H1,hybrid_bidirectional,best,1423.12573,3333.562957,158.886027
Terraced,1,H2,safe_unidirectional,worst,1502.607693,2722.202766,393.610377
Terraced,1,H2,safe_unidirectional,best,1101.045901,2722.202766,278.619649
Terraced,1,H2,hybrid_bidirectional,worst,1387.717443,2861.330139,149.244827
Terraced,1,H2,hybrid_bidirectional,best,886.630992,2827.536095,92.348888
Terraced,1,H3,safe_unidirectional,worst,1193.530567,2357.382766,354.189035
Terraced,1,H3,safe_unidirectional,best,818.651858,2357.382766,232.916786
Terraced,1,H3,hybrid_bidirectional,worst,1056.028896,2458.529349,168.462221
Terraced,1,H3,hybrid_bidirectional,best,653.815751,2448.943806,96.913739
Terraced,1,H1,safe_unidirectional,worst,2083.644803,3392.035232,489.574076
Terraced,1,H1,safe_unidirectional,best,1619.642514,3392.035232,371.623541
Terraced,1,H1,hybrid_bidirectional,worst,2097.906701,3511.875624,264.723839
Terraced,1,H1,hybrid_bidirectional,best,1559.95568,3485.541794,175.520395
Terraced,1,H2,safe_unidirectional,worst,1618.360826,2866.388566,428.813507
Terraced,1,H2,safe_unidirectional,best,1188.76675,2866.388566,302.188861
Terraced,1,H2,hybrid_bidirectional,worst,1553.64107,3016.490574,169.471046
Terraced,1,H2,hybrid_bidirectional,best,1031.385941,2987.360688,106.57516
Terraced,1,H3,safe_unidirectional,worst,1319.215952,2501.568566,389.827991
Terraced,1,H3,safe_unidirectional,best,902.14692,2501.568566,256.733283
Terraced,1,H3,hybrid_bidirectional,worst,1189.380798,2615.981426,196.994919
Terraced,1,H3,hybrid_bidirectional,best,706.061371,2619.81425,99.518667
Terraced,1,H1,safe_unidirectional,worst,2086.832813,3381.919832,493.62606
Terraced,1,H1,safe_unidirectional,best,1657.349012,3381.919832,389.120013
Terraced,1,H1,hybrid_bidirectional,worst,2096.506232,3499.780738,265.037296
Terraced,1,H1,hybrid_bidirectional,best,1574.638819,3470.036353,185.976446
Terraced,1,H2,safe_unidirectional,worst,1612.254444,2856.273166,428.174541
Terraced,1,H2,safe_unidirectional,best,1220.633871,2856.273166,319.832287
Terraced,1,H2,hybrid_bidirectional,worst,1521.069419,3001.574675,163.675868
Terraced,1,H2,hybrid_bidirectional,best,1006.831843,2970.868742,104.57076
Terraced,1,H3,safe_unidirectional,worst,1294.996997,2491.453166,388.61568
Terraced,1,H3,safe_unidirectional,best,932.712619,2491.453166,270.996942
Terraced,1,H3,hybrid_bidirectional,worst,1171.146411,2604.576633,196.393929
Terraced,1,H3,hybrid_bidirectional,best,766.22884,2587.196352,128.933847
Terraced,1,H1,safe_unidirectional,worst,1989.955314,3276.766132,470.82815
Terraced,1,H1,safe_unidirectional,best,1577.467679,3276.766132,367.324341
Terraced,1,H1,hybrid_bidirectional,worst,1994.275245,3396.502133,240.333085
Terraced,1,H1,hybrid_bidirectional,best,1496.984097,3365.187944,162.758058
Terraced,1,H2,safe_unidirectional,worst,1529.102957,2751.119466,406.898949
Terraced,1,H2,safe_unidirectional,best,1138.671831,2751.119466,294.294642
Terraced,1,H2,hybrid_bidirectional,worst,1483.013446,2899.340462,160.35804
Terraced,1,H2,hybrid_bidirectional,best,977.561284,2865.449724,101.449869
Terraced,1,H3,safe_unidirectional,worst,1228.873535,2386.299466,369.473222
Terraced,1,H3,safe_unidirectional,best,858.473707,2386.299466,249.302819
Terraced,1,H3,hybrid_bidirectional,worst,1156.305436,2488.696885,193.91582
Terraced,1,H3,hybrid_bidirectional,best,701.471187,2484.350453,113.247296
Terraced,1,H1,safe_unidirectional,worst,2043.578712,3314.621532,477.524368
Terraced,1,H1,safe_unidirectional,best,1609.293479,3314.621532,368.83042
Terraced,1,H1,hybrid_bidirectional,worst,2037.228527,3424.673207,262.00112
Terraced,1,H1,hybrid_bidirectional,best,1526.295023,3395.433271,176.80671
Terraced,1,H2,safe_unidirectional,worst,1577.90612,2788.974866,418.402351
Terraced,1,H2,safe_unidirectional,best,1170.563218,2788.974866,301.814535
Terraced,1,H2,hybrid_bidirectional,worst,1466.950553,2923.640251,158.85304
Terraced,1,H2,hybrid_bidirectional,best,946.290867,2890.760395,99.443827
Terraced,1,H3,safe_unidirectional,worst,1267.697267,2424.154866,376.503482
Terraced,1,H3,safe_unidirectional,best,887.246973,2424.154866,255.213235
Terraced,1,H3,hybrid_bidirectional,worst,1100.060206,2525.511961,186.529121
Terraced,1,H3,hybrid_bidirectional,best,684.383811,2518.060465,101.205411
Terraced,1,H1,safe_unidirectional,worst,2015.513452,3304.180832,472.328501
Terraced,1,H1,safe_unidirectional,best,1595.984562,3304.180832,364.019945
Terraced,1,H1,hybrid_bidirectional,worst,1989.421252,3420.210515,250.522636
Terraced,1,H1,hybrid_bidirectional,best,1502.667029,3387.384191,175.760053
Terraced,1,H2,safe_unidirectional,worst,1563.085546,2778.534166,416.995303
Terraced,1,H2,safe_unidirectional,best,1175.635284,2778.534166,301.017009
Terraced,1,H2,hybrid_bidirectional,worst,1478.268348,2911.954945,162.46503
Terraced,1,H2,hybrid_bidirectional,best,1007.894426,2883.71676,104.962269
Terraced,1,H3,safe_unidirectional,worst,1265.065646,2413.714166,376.83033
Terraced,1,H3,safe_unidirectional,best,901.356116,2413.714166,258.070262
Terraced,1,H3,hybrid_bidirectional,worst,1110.853905,2508.030403,186.331772
Terraced,1,H3,hybrid_bidirectional,best,730.889306,2506.861518,115.702814
Terraced,1,H1,safe_unidirectional,worst,2012.293003,3332.839232,466.785918
Terraced,1,H1,safe_unidirectional,best,1576.06506,3332.839232,357.335611
Terraced,1,H1,hybrid_bidirectional,worst,2015.619815,3448.520173,248.864876
Terraced,1,H1,hybrid_bidirectional,best,1480.658641,3421.178799,167.934591
Terraced,1,H2,safe_unidirectional,worst,1552.039226,2807.192566,407.088523
Terraced,1,H2,safe_unidirectional,best,1146.761381,2807.192566,290.517776
Terraced,1,H2,hybrid_bidirectional,worst,1470.731954,2959.491974,149.003843
Terraced,1,H2,hybrid_bidirectional,best,958.186921,2925.890365,93.160274
Terraced,1,H3,safe_unidirectional,worst,1232.817034,2442.372566,367.199955
Terraced,1,H3,safe_unidirectional,best,849.822537,2442.372566,243.781532
Terraced,1,H3,hybrid_bidirectional,worst,1119.945731,2554.523846,178.997662
Terraced,1,H3,hybrid_bidirectional,best,661.548775,2547.763631,97.108965
Terraced,1,H1,safe_unidirectional,worst,2045.335139,3335.841732,482.536123
Terraced,1,H1,safe_unidirectional,best,1644.108288,3335.841732,382.366229
Terraced,1,H1,hybrid_bidirectional,worst,2038.768608,3447.185165,270.446664
Terraced,1,H1,hybrid_bidirectional,best,1552.730576,3424.76098,194.677704
Terraced,1,H2,safe_unidirectional,worst,1583.475416,2810.195066,421.427291
Terraced,1,H2,safe_unidirectional,best,1221.876079,2810.195066,318.593229
Terraced,1,H2,hybrid_bidirectional,worst,1543.445556,2955.558364,172.999349
Terraced,1,H2,hybrid_bidirectional,best,1096.646017,2929.648611,118.928758
Terraced,1,H3,safe_unidirectional,worst,1283.075768,2445.375066,382.939943
Terraced,1,H3,safe_unidirectional,best,946.494014,2445.375066,274.805445
Terraced,1,H3,hybrid_bidirectional,worst,1203.568826,2536.709372,209.578893
Terraced,1,H3,hybrid_bidirectional,best,810.396237,2539.440924,134.216123
Terraced,1,H1,safe_unidirectional,worst,1873.666189,3167.665032,430.568096
Terraced,1,H1,safe_unidirectional,best,1462.824151,3167.665032,330.293323
Terraced,1,H1,hybrid_bidirectional,worst,1858.984586,3268.113252,229.098664
Terraced,1,H1,hybrid_bidirectional,best,1375.483766,3240.601936,154.612888
Terraced,1,H2,safe_unidirectional,worst,1413.205947,2642.018366,370.139358
Terraced,1,H2,safe_unidirectional,best,1038.474495,2642.018366,261.519512
Terraced,1,H2,hybrid_bidirectional,worst,1303.648013,2761.87342,135.124435
Terraced,1,H2,hybrid_bidirectional,best,876.291565,2738.067191,85.90865
Terraced,1,H3,safe_unidirectional,worst,1097.90733,2277.198366,325.906838
Terraced,1,H3,safe_unidirectional,best,764.855022,2277.198366,218.654285
Terraced,1,H3,hybrid_bidirectional,worst,1002.744771,2363.94349,158.436082
Terraced,1,H3,hybrid_bidirectional,best,631.272904,2359.630913,91.161645
Terraced,1,H1,safe_unidirectional,worst,1997.212244,3306.655732,474.86136
Terraced,1,H1,safe_unidirectional,best,1560.882132,3306.655732,362.929376
Terraced,1,H1,hybrid_bidirectional,worst,2003.843417,3413.56154,254.88408
Terraced,1,H1,hybrid_bidirectional,best,1491.641955,3384.912269,169.92317
Terraced,1,H2,safe_unidirectional,worst,1546.344146,2781.009066,414.472871
Terraced,1,H2,safe_unidirectional,best,1134.000326,2781.009066,295.354013
Terraced,1,H2,hybrid_bidirectional,worst,1466.975954,2921.661316,155.186074
Terraced,1,H2,hybrid_bidirectional,best,948.398032,2886.309225,96.118428
Terraced,1,H3,safe_unidirectional,worst,1239.41359,2416.189066,372.642529
Terraced,1,H3,safe_unidirectional,best,856.014656,2416.189066,251.361053
Terraced,1,H3,hybrid_bidirectional,worst,1114.052737,2506.850842,186.861244
Terraced,1,H3,hybrid_bidirectional,best,683.376812,2501.499894,110.528113
Terraced,1,H1,safe_unidirectional,worst,1988.926937,3289.554832,472.249874
Terraced,1,H1,safe_unidirectional,best,1558.032827,3289.554832,360.099981
Terraced,1,H1,hybrid_bidirectional,worst,1979.527014,3395.077616,249.962405
Terraced,1,H1,hybrid_bidirectional,best,1466.290477,3365.569265,167.65821
Terraced,1,H2,safe_unidirectional,worst,1515.997707,2763.908166,405.47905
Terraced,1,H2,safe_unidirectional,best,1111.266791,2763.908166,285.165425
Terraced,1,H2,hybrid_bidirectional,worst,1434.171755,2903.99536,152.295539
Terraced,1,H2,hybrid_bidirectional,best,933.068269,2870.847374,93.709631
Terraced,1,H3,safe_unidirectional,worst,1206.289198,2399.088166,364.413111
Terraced,1,H3,safe_unidirectional,best,814.148797,2399.088166,236.310568
Terraced,1,H3,hybrid_bidirectional,worst,1091.446103,2508.160668,166.209502
Terraced,1,H3,hybrid_bidirectional,best,628.66019,2501.470803,91.877112
Terraced,1,H1,safe_unidirectional,worst,2021.030015,3320.360532,478.090083
Terraced,1,H1,safe_unidirectional,best,1608.961771,3320.360532,372.112945
Terraced,1,H1,hybrid_bidirectional,worst,2013.861238,3432.338468,261.011718
Terraced,1,H1,hybrid_bidirectional,best,1519.271798,3405.049603,182.75402
Terraced,1,H2,safe_unidirectional,worst,1572.612203,2794.713866,421.237219
Terraced,1,H2,safe_unidirectional,best,1186.045462,2794.713866,307.142429
Terraced,1,H2,hybrid_bidirectional,worst,1488.783835,2930.897037,166.070194
Terraced,1,H2,hybrid_bidirectional,best,968.296858,2902.892758,105.625377
Terraced,1,H3,safe_unidirectional,worst,1264.128545,2429.893866,377.667572
Terraced,1,H3,safe_unidirectional,best,902.129001,2429.893866,259.731432
Terraced,1,H3,hybrid_bidirectional,worst,1151.109681,2521.436528,198.638042
Terraced,1,H3,hybrid_bidirectional,best,702.320688,2529.977769,110.352959
Terraced,1,H1,safe_unidirectional,worst,1914.042755,3195.644932,434.039562
Terraced,1,H1,safe_unidirectional,best,1500.725552,3195.644932,334.386352
Terraced,1,H1,hybrid_bidirectional,worst,1871.009714,3311.296074,223.288581
Terraced,1,H1,hybrid_bidirectional,best,1353.369975,3281.207813,146.895864
Terraced,1,H2,safe_unidirectional,worst,1464.972717,2669.998266,378.937068
Terraced,1,H2,safe_unidirectional,best,1084.003636,2669.998266,270.131107
Terraced,1,H2,hybrid_bidirectional,worst,1316.90648,2806.791591,145.131041
Terraced,1,H2,hybrid_bidirectional,best,827.883309,2779.29682,83.094192
Terraced,1,H3,safe_unidirectional,worst,1164.580078,2305.178266,341.023078
Terraced,1,H3,safe_unidirectional,best,806.927227,2305.178266,225.46346
Terraced,1,H3,hybrid_bidirectional,worst,1004.620862,2416.265561,157.032921
Terraced,1,H3,hybrid_bidirectional,best,571.732079,2411.757733,79.29415
Terraced,1,H1,safe_unidirectional,worst,1894.397297,3172.183532,439.786588
Terraced,1,H1,safe_unidirectional,best,1475.629933,3172.183532,337.467872
Terraced,1,H1,hybrid_bidirectional,worst,1888.992457,3278.155954,234.029474
Terraced,1,H1,hybrid_bidirectional,best,1372.7832,3250.093049,154.961019
Terraced,1,H2,safe_unidirectional,worst,1445.056426,2646.536866,383.78328
Terraced,1,H2,safe_unidirectional,best,1044.505459,2646.536866,269.653613
Terraced,1,H2,hybrid_bidirectional,worst,1376.272028,2772.201748,145.050457
Terraced,1,H2,hybrid_bidirectional,best,879.985792,2744.256276,86.373557
Terraced,1,H3,safe_unidirectional,worst,1136.267228,2281.716866,340.421762
Terraced,1,H3,safe_unidirectional,best,768.071056,2281.716866,223.430653
Terraced,1,H3,hybrid_bidirectional,worst,1048.359982,2376.441316,165.070727
Terraced,1,H3,hybrid_bidirectional,best,626.087342,2372.425507,86.530901
Terraced,1,H1,safe_unidirectional,worst,2140.541276,3389.335332,509.192213
Terraced,1,H1,safe_unidirectional,best,1720.750703,3389.335332,401.151504
Terraced,1,H1,hybrid_bidirectional,worst,2129.633876,3507.825369,281.502765
Terraced,1,H1,hybrid_bidirectional,best,1649.531449,3484.145685,198.837199
Terraced,1,H2,safe_unidirectional,worst,1675.448998,2863.688666,446.518066
Terraced,1,H2,safe_unidirectional,best,1286.04427,2863.688666,332.110783
Terraced,1,H2,hybrid_bidirectional,worst,1589.290322,3004.111869,182.376012
Terraced,1,H2,hybrid_bidirectional,best,1116.564398,2979.099726,122.602881
Terraced,1,H3,safe_unidirectional,worst,1360.597757,2498.868666,401.833955
Terraced,1,H3,safe_unidirectional,best,1002.714755,2498.868666,288.608302
Terraced,1,H3,hybrid_bidirectional,worst,1223.064599,2599.1631,217.596188
Terraced,1,H3,hybrid_bidirectional,best,829.763497,2605.166086,135.140943
