Archetype,House number,CAH Type,Operation,Solar,Grid Import,Total Load,Total Cost
Detached,1,H1,safe_unidirectional,worst,4816.858792,5528.291432,797.329302
Detached,1,H1,safe_unidirectional,best,4544.572195,5528.291432,708.678763
Detached,1,H1,hybrid_bidirectional,worst,4614.866579,5698.613895,492.068073
Detached,1,H1,hybrid_bidirectional,best,4128.861676,5691.974183,403.259351
Detached,1,H2,safe_unidirectional,worst,3304.358343,4023.378099,691.454271
Detached,1,H2,safe_unidirectional,best,3041.259768,4023.378099,603.446893
Detached,1,H2,hybrid_bidirectional,worst,2685.480994,4236.84219,283.484413
Detached,1,H2,hybrid_bidirectional,best,2011.259715,4225.558247,203.09072
Detached,1,H3,safe_unidirectional,worst,2339.401951,3059.158099,623.907323
Detached,1,H3,safe_unidirectional,best,2064.546607,3059.158099,535.076971
Detached,1,H3,hybrid_bidirectional,worst,1741.882683,3295.650165,171.76635
Detached,1,H3,hybrid_bidirectional,best,1184.970705,3276.395294,115.485975
Detached,1,H1,safe_unidirectional,worst,4854.542292,5539.523132,808.26972
Detached,1,H1,safe_unidirectional,best,4608.169515,5539.523132,727.365073
Detached,1,H1,hybrid_bidirectional,worst,4644.500266,5715.422128,491.655611
Detached,1,H1,hybrid_bidirectional,best,4192.859355,5710.83523,406.434029
Detached,1,H2,safe_unidirectional,worst,3339.092811,4034.609799,702.188257
Detached,1,H2,safe_unidirectional,best,3100.329288,4034.609799,621.816257
Detached,1,H2,hybrid_bidirectional,worst,2707.978754,4257.427582,272.519368
Detached,1,H2,hybrid_bidirectional,best,2111.884585,4247.40589,201.727575
Detached,1,H3,safe_unidirectional,worst,2374.237319,3070.389799,634.648372
Detached,1,H3,safe_unidirectional,best,2121.148166,3070.389799,553.273578
Detached,1,H3,hybrid_bidirectional,worst,1757.777479,3308.281393,175.929205
Detached,1,H3,hybrid_bidirectional,best,1188.631162,3294.22209,116.888589
Detached,1,H1,safe_unidirectional,worst,4813.999036,5511.832032,796.821799
Detached,1,H1,safe_unidirectional,best,4592.768839,5511.832032,725.281867
Detached,1,H1,hybrid_bidirectional,worst,4598.966318,5684.446969,485.330336
Detached,1,H1,hybrid_bidirectional,best,4142.735058,5679.28765,409.599079
Detached,1,H2,safe_unidirectional,worst,3301.025335,4006.918699,690.91364
Detached,1,H2,safe_unidirectional,best,3084.897472,4006.918699,619.730871
Detached,1,H2,hybrid_bidirectional,worst,2667.526176,4213.01468,289.066749
Detached,1,H2,hybrid_bidirectional,best,2076.571168,4208.024714,220.338183
Detached,1,H3,safe_unidirectional,worst,2332.099419,3042.698699,623.088826
Detached,1,H3,safe_unidirectional,best,2102.90715,3042.698699,550.991549
Detached,1,H3,hybrid_bidirectional,worst,1714.774253,3274.667245,171.489167
Detached,1,H3,hybrid_bidirectional,best,1176.905634,3262.389685,121.214687
Detached,1,H1,safe_unidirectional,worst,4847.729444,5592.176232,803.890594
Detached,1,H1,safe_unidirectional,best,4604.860324,5592.176232,725.385704
Detached,1,H1,hybrid_bidirectional,worst,4627.453912,5761.689519,497.031513
Detached,1,H1,hybrid_bidirectional,best,4183.004654,5755.713016,417.024345
Detached,1,H2,safe_unidirectional,worst,3328.649115,4087.262899,697.554971
Detached,1,H2,safe_unidirectional,best,3092.430456,4087.262899,619.515613
Detached,1,H2,hybrid_bidirectional,worst,2685.192578,4285.974704,283.801553
Detached,1,H2,hybrid_bidirectional,best,2041.805092,4279.269369,210.527932
Detached,1,H3,safe_unidirectional,worst,2366.850482,3123.042899,630.229067
Detached,1,H3,safe_unidirectional,best,2123.953648,3123.042899,551.722237
Detached,1,H3,hybrid_bidirectional,worst,1724.02569,3343.304432,170.934266
Detached,1,H3,hybrid_bidirectional,best,1135.801691,3331.600175,111.578838
Detached,1,H1,safe_unidirectional,worst,5027.098164,5721.918032,871.128238
Detached,1,H1,safe_unidirectional,best,4751.578431,5721.918032,781.083552
Detached,1,H1,hybrid_bidirectional,worst,4831.197335,5896.717826,539.724965
Detached,1,H1,hybrid_bidirectional,best,4340.504482,5891.074176,446.797517
Detached,1,H2,safe_unidirectional,worst,3509.461459,4217.004699,764.893668
Detached,1,H2,safe_unidirectional,best,3241.26392,4217.004699,675.361537
Detached,1,H2,hybrid_bidirectional,worst,2866.474934,4417.766256,321.434901
Detached,1,H2,hybrid_bidirectional,best,2237.811933,4399.981848,245.285265
Detached,1,H3,safe_unidirectional,worst,2546.001239,3252.784699,697.451453
Detached,1,H3,safe_unidirectional,best,2268.581335,3252.784699,607.273756
Detached,1,H3,hybrid_bidirectional,worst,1889.932979,3480.222717,201.771481
Detached,1,H3,hybrid_bidirectional,best,1305.591309,3456.265556,140.178672
Detached,1,H1,safe_unidirectional,worst,4799.974548,5504.554732,789.990551
Detached,1,H1,safe_unidirectional,best,4556.717255,5504.554732,711.16391
Detached,1,H1,hybrid_bidirectional,worst,4567.21009,5670.318876,487.527496
Detached,1,H1,hybrid_bidirectional,best,4110.986827,5663.038532,409.219343
Detached,1,H2,safe_unidirectional,worst,3286.291635,3999.641399,684.032747
Detached,1,H2,safe_unidirectional,best,3051.467904,3999.641399,605.796455
Detached,1,H2,hybrid_bidirectional,worst,2639.660631,4201.381207,281.864815
Detached,1,H2,hybrid_bidirectional,best,2033.006561,4192.79438,208.360661
Detached,1,H3,safe_unidirectional,worst,2321.446691,3035.421399,616.493601
Detached,1,H3,safe_unidirectional,best,2080.540547,3035.421399,537.83154
Detached,1,H3,hybrid_bidirectional,worst,1706.606825,3263.585309,166.021976
Detached,1,H3,hybrid_bidirectional,best,1142.914686,3248.204579,108.661932
Detached,1,H1,safe_unidirectional,worst,4777.627196,5499.836432,785.190111
Detached,1,H1,safe_unidirectional,best,4562.962703,5499.836432,716.094504
Detached,1,H1,hybrid_bidirectional,worst,4570.336367,5670.131627,476.423702
Detached,1,H1,hybrid_bidirectional,best,4140.862118,5665.410873,402.59586
Detached,1,H2,safe_unidirectional,worst,3266.669723,3994.923099,679.423087
Detached,1,H2,safe_unidirectional,best,3056.483531,3994.923099,610.640962
Detached,1,H2,hybrid_bidirectional,worst,2640.959154,4204.044154,270.659663
Detached,1,H2,hybrid_bidirectional,best,2031.93333,4198.492282,204.517752
Detached,1,H3,safe_unidirectional,worst,2299.716783,3030.703099,611.736382
Detached,1,H3,safe_unidirectional,best,2081.078155,3030.703099,542.362586
Detached,1,H3,hybrid_bidirectional,worst,1659.586248,3264.565024,154.490371
Detached,1,H3,hybrid_bidirectional,best,1110.15479,3251.715406,105.545169
Detached,1,H1,safe_unidirectional,worst,4919.489904,5630.608832,836.713907
Detached,1,H1,safe_unidirectional,best,4688.009179,5630.608832,762.137027
Detached,1,H1,hybrid_bidirectional,worst,4710.761301,5812.225999,505.505886
Detached,1,H1,hybrid_bidirectional,best,4247.3123,5806.105595,428.693367
Detached,1,H2,safe_unidirectional,worst,3409.382015,4125.695499,731.006354
Detached,1,H2,safe_unidirectional,best,3184.946415,4125.695499,656.922634
Detached,1,H2,hybrid_bidirectional,worst,2787.770586,4353.971239,285.720883
Detached,1,H2,hybrid_bidirectional,best,2121.147294,4346.299631,213.303902
Detached,1,H3,safe_unidirectional,worst,2443.047431,3161.475499,663.362933
Detached,1,H3,safe_unidirectional,best,2207.797554,3161.475499,588.522214
Detached,1,H3,hybrid_bidirectional,worst,1860.500748,3408.416183,184.017428
Detached,1,H3,hybrid_bidirectional,best,1295.417609,3396.912651,126.641986
Detached,1,H1,safe_unidirectional,worst,4865.59142,5558.955832,803.342362
Detached,1,H1,safe_unidirectional,best,4622.205262,5558.955832,724.701567
Detached,1,H1,hybrid_bidirectional,worst,4648.829563,5739.138241,485.870226
Detached,1,H1,hybrid_bidirectional,best,4218.643498,5732.494898,408.51228
Detached,1,H2,safe_unidirectional,worst,3346.481439,4054.042499,697.004663
Detached,1,H2,safe_unidirectional,best,3111.710336,4054.042499,618.966923
Detached,1,H2,hybrid_bidirectional,worst,2745.977835,4277.696545,285.239497
Detached,1,H2,hybrid_bidirectional,best,2125.751714,4268.004487,211.810684
Detached,1,H3,safe_unidirectional,worst,2384.932999,3089.822499,629.696272
Detached,1,H3,safe_unidirectional,best,2137.150247,3089.822499,550.747716
Detached,1,H3,hybrid_bidirectional,worst,1772.021748,3339.255037,168.279723
Detached,1,H3,hybrid_bidirectional,best,1179.04852,3321.952679,111.772326
Detached,1,H1,safe_unidirectional,worst,4818.336636,5503.549532,799.66147
Detached,1,H1,safe_unidirectional,best,4582.954978,5503.549532,723.067728
Detached,1,H1,hybrid_bidirectional,worst,4591.751799,5670.930726,490.887229
Detached,1,H1,hybrid_bidirectional,best,4135.277758,5664.537236,412.822649
Detached,1,H2,safe_unidirectional,worst,3305.504251,3998.636199,693.763203
Detached,1,H2,safe_unidirectional,best,3073.888784,3998.636199,617.433095
Detached,1,H2,hybrid_bidirectional,worst,2695.949112,4210.297529,269.214763
Detached,1,H2,hybrid_bidirectional,best,2044.043958,4202.418292,197.677944
Detached,1,H3,safe_unidirectional,worst,2339.532315,3034.416199,626.145168
Detached,1,H3,safe_unidirectional,best,2098.916834,3034.416199,549.185058
Detached,1,H3,hybrid_bidirectional,worst,1737.403573,3267.171013,161.64478
Detached,1,H3,hybrid_bidirectional,best,1150.221046,3252.421572,107.488506
Detached,1,H1,safe_unidirectional,worst,4723.062852,5422.746332,770.290846
Detached,1,H1,safe_unidirectional,best,4499.059275,5422.746332,698.193014
Detached,1,H1,hybrid_bidirectional,worst,4480.880121,5584.735288,466.856048
Detached,1,H1,hybrid_bidirectional,best,4061.108496,5579.243779,393.171917
Detached,1,H2,safe_unidirectional,worst,3207.982471,3917.832999,664.23522
Detached,1,H2,safe_unidirectional,best,2989.709147,3917.832999,592.538505
Detached,1,H2,hybrid_bidirectional,worst,2560.299022,4117.887615,266.159081
Detached,1,H2,hybrid_bidirectional,best,1962.588132,4109.693109,198.574127
Detached,1,H3,safe_unidirectional,worst,2246.397927,2953.612999,596.924302
Detached,1,H3,safe_unidirectional,best,2016.34561,2953.612999,524.403057
Detached,1,H3,hybrid_bidirectional,worst,1607.576264,3178.99794,149.997746
Detached,1,H3,hybrid_bidirectional,best,1081.869125,3164.430666,100.04384
Detached,1,H1,safe_unidirectional,worst,4875.956776,5591.727632,809.389547
Detached,1,H1,safe_unidirectional,best,4640.678143,5591.727632,733.108992
Detached,1,H1,hybrid_bidirectional,worst,4652.846131,5768.762435,495.476796
Detached,1,H1,hybrid_bidirectional,best,4224.574657,5763.839084,416.448293
Detached,1,H2,safe_unidirectional,worst,3362.701815,4086.814299,703.4617
Detached,1,H2,safe_unidirectional,best,3135.55502,4086.814299,627.750373
Detached,1,H2,hybrid_bidirectional,worst,2728.334135,4303.808266,283.768627
Detached,1,H2,hybrid_bidirectional,best,2113.069008,4298.981032,209.125453
Detached,1,H3,safe_unidirectional,worst,2397.985787,3122.594299,635.931578
Detached,1,H3,safe_unidirectional,best,2156.923435,3122.594299,559.246162
Detached,1,H3,hybrid_bidirectional,worst,1734.272858,3365.821509,164.10337
Detached,1,H3,hybrid_bidirectional,best,1160.422156,3351.469126,110.684778
Detached,1,H1,safe_unidirectional,worst,4753.27268,5420.994032,780.849579
Detached,1,H1,safe_unidirectional,best,4518.497767,5420.994032,704.249279
Detached,1,H1,hybrid_bidirectional,worst,4552.88957,5579.140182,488.535965
Detached,1,H1,hybrid_bidirectional,best,4098.763015,5572.216551,410.885283
Detached,1,H2,safe_unidirectional,worst,3237.368795,3916.080699,674.736307
Detached,1,H2,safe_unidirectional,best,3008.924495,3916.080699,598.57915
Detached,1,H2,hybrid_bidirectional,worst,2602.703908,4097.652899,265.718023
Detached,1,H2,hybrid_bidirectional,best,1973.544218,4088.255975,196.518254
Detached,1,H3,safe_unidirectional,worst,2273.518583,2951.860699,607.266793
Detached,1,H3,safe_unidirectional,best,2033.749747,2951.860699,530.316918
Detached,1,H3,hybrid_bidirectional,worst,1675.902077,3150.924968,167.143208
Detached,1,H3,hybrid_bidirectional,best,1102.244184,3137.492259,109.563957
Detached,1,H1,safe_unidirectional,worst,4968.75988,5695.085732,843.083828
Detached,1,H1,safe_unidirectional,best,4718.326507,5695.085732,761.114467
Detached,1,H1,hybrid_bidirectional,worst,4753.830239,5876.674673,508.771102
Detached,1,H1,hybrid_bidirectional,best,4281.851668,5870.196437,425.736382
Detached,1,H2,safe_unidirectional,worst,3453.618179,4190.172399,737.023909
Detached,1,H2,safe_unidirectional,best,3210.581616,4190.172399,655.572325
Detached,1,H2,hybrid_bidirectional,worst,2801.70834,4412.130454,301.700644
Detached,1,H2,hybrid_bidirectional,best,2159.861717,4405.678682,223.578589
Detached,1,H3,safe_unidirectional,worst,2488.691275,3225.952399,669.479025
Detached,1,H3,safe_unidirectional,best,2232.91743,3225.952399,587.135832
Detached,1,H3,hybrid_bidirectional,worst,1848.333785,3475.883308,180.990724
Detached,1,H3,hybrid_bidirectional,best,1269.322667,3461.626461,122.21806
Detached,1,H1,safe_unidirectional,worst,4845.441644,5521.201032,809.793064
Detached,1,H1,safe_unidirectional,best,4591.559871,5521.201032,726.989665
Detached,1,H1,hybrid_bidirectional,worst,4621.877282,5691.81463,494.500913
Detached,1,H1,hybrid_bidirectional,best,4147.705027,5686.436293,408.828852
Detached,1,H2,safe_unidirectional,worst,3330.611103,4016.287699,703.754926
Detached,1,H2,safe_unidirectional,best,3082.754116,4016.287699,621.373262
Detached,1,H2,hybrid_bidirectional,worst,2695.258616,4219.131488,290.247577
Detached,1,H2,hybrid_bidirectional,best,2081.319576,4213.89357,214.061885
Detached,1,H3,safe_unidirectional,worst,2368.267007,3052.067699,636.39084
Detached,1,H3,safe_unidirectional,best,2112.089174,3052.067699,553.426716
Detached,1,H3,hybrid_bidirectional,worst,1753.1596,3279.486613,177.442305
Detached,1,H3,hybrid_bidirectional,best,1209.980626,3264.342593,122.620898
Detached,1,H1,safe_unidirectional,worst,4737.37308,5388.142432,766.312634
Detached,1,H1,safe_unidirectional,best,4517.171107,5388.142432,695.13906
Detached,1,H1,hybrid_bidirectional,worst,4506.372261,5546.95461,476.019237
Detached,1,H1,hybrid_bidirectional,best,4063.004825,5541.956953,401.881753
Detached,1,H2,safe_unidirectional,worst,3223.008303,3883.229099,660.307099
Detached,1,H2,safe_unidirectional,best,3008.617679,3883.229099,589.54032
Detached,1,H2,hybrid_bidirectional,worst,2589.144169,4078.063772,272.994538
Detached,1,H2,hybrid_bidirectional,best,2016.459288,4072.746073,205.068696
Detached,1,H3,safe_unidirectional,worst,2256.148519,2919.009099,592.626914
Detached,1,H3,safe_unidirectional,best,2029.895055,2919.009099,521.029737
Detached,1,H3,hybrid_bidirectional,worst,1620.112955,3135.642731,161.291978
Detached,1,H3,hybrid_bidirectional,best,1113.285182,3125.140788,108.826505
Detached,1,H1,safe_unidirectional,worst,4846.0066,5565.623132,810.568064
Detached,1,H1,safe_unidirectional,best,4579.235807,5565.623132,723.132623
Detached,1,H1,hybrid_bidirectional,worst,4602.942284,5732.738468,498.942123
Detached,1,H1,hybrid_bidirectional,best,4144.213818,5726.601764,411.210277
Detached,1,H2,safe_unidirectional,worst,3331.176111,4060.709799,704.52993
Detached,1,H2,safe_unidirectional,best,3071.917608,4060.709799,617.620349
Detached,1,H2,hybrid_bidirectional,worst,2722.806245,4266.092807,296.994559
Detached,1,H2,hybrid_bidirectional,best,2075.4284,4257.434792,216.130018
Detached,1,H3,safe_unidirectional,worst,2366.902511,3096.489799,637.030778
Detached,1,H3,safe_unidirectional,best,2097.523942,3096.489799,549.412793
Detached,1,H3,hybrid_bidirectional,worst,1751.45469,3328.552477,177.413425
Detached,1,H3,hybrid_bidirectional,best,1154.720082,3309.296288,120.845916
Detached,1,H1,safe_unidirectional,worst,4785.514432,5469.497832,788.152803
Detached,1,H1,safe_unidirectional,best,4537.217619,5469.497832,708.927303
Detached,1,H1,hybrid_bidirectional,worst,4566.662551,5633.96357,487.710924
Detached,1,H1,hybrid_bidirectional,best,4100.235073,5629.173677,404.192824
Detached,1,H2,safe_unidirectional,worst,3269.490287,3964.584499,682.031113
Detached,1,H2,safe_unidirectional,best,3032.061847,3964.584499,603.566399
Detached,1,H2,hybrid_bidirectional,worst,2666.58643,4167.140363,284.778949
Detached,1,H2,hybrid_bidirectional,best,2051.915851,4160.197762,212.782621
Detached,1,H3,safe_unidirectional,worst,2304.670583,3000.364499,614.493734
Detached,1,H3,safe_unidirectional,best,2056.386371,3000.364499,535.269116
Detached,1,H3,hybrid_bidirectional,worst,1725.481666,3230.237154,165.915358
Detached,1,H3,hybrid_bidirectional,best,1141.3045,3215.108157,111.656857
Detached,1,H1,safe_unidirectional,worst,4851.638496,5556.207532,811.624259
Detached,1,H1,safe_unidirectional,best,4595.141219,5556.207532,727.95927
Detached,1,H1,hybrid_bidirectional,worst,4642.222206,5725.944987,503.378823
Detached,1,H1,hybrid_bidirectional,best,4166.842188,5718.102447,421.053873
Detached,1,H2,safe_unidirectional,worst,3338.833923,4051.294199,705.727939
Detached,1,H2,safe_unidirectional,best,3088.749172,4051.294199,622.511827
Detached,1,H2,hybrid_bidirectional,worst,2699.167205,4264.508994,287.03292
Detached,1,H2,hybrid_bidirectional,best,2074.537838,4257.596256,210.619233
Detached,1,H3,safe_unidirectional,worst,2375.659623,3087.074199,638.305738
Detached,1,H3,safe_unidirectional,best,2116.142518,3087.074199,554.429361
Detached,1,H3,hybrid_bidirectional,worst,1744.956807,3321.427852,177.806125
Detached,1,H3,hybrid_bidirectional,best,1222.757495,3307.882391,121.704036
Detached,1,H1,safe_unidirectional,worst,4900.335952,5631.829932,824.825481
Detached,1,H1,safe_unidirectional,best,4666.485675,5631.829932,749.668641
Detached,1,H1,hybrid_bidirectional,worst,4680.86139,5811.507093,501.473826
Detached,1,H1,hybrid_bidirectional,best,4233.695094,5807.122275,420.912851
Detached,1,H2,safe_unidirectional,worst,3383.371083,4126.916599,718.63794
Detached,1,H2,safe_unidirectional,best,3157.286688,4126.916599,644.024712
Detached,1,H2,hybrid_bidirectional,worst,2731.841434,4350.11681,290.304922
Detached,1,H2,hybrid_bidirectional,best,2143.843548,4344.944547,216.077196
Detached,1,H3,safe_unidirectional,worst,2422.379583,3162.696599,651.368535
Detached,1,H3,safe_unidirectional,best,2186.920755,3162.696599,576.099096
Detached,1,H3,hybrid_bidirectional,worst,1756.795056,3410.913655,172.988309
Detached,1,H3,hybrid_bidirectional,best,1234.40588,3396.831831,120.58253
Detached,1,H1,safe_unidirectional,worst,4827.900468,5545.892632,800.989307
Detached,1,H1,safe_unidirectional,best,4594.320694,5545.892632,725.829323
Detached,1,H1,hybrid_bidirectional,worst,4611.178117,5709.614811,495.365442
Detached,1,H1,hybrid_bidirectional,best,4146.35535,5704.951212,414.424575
Detached,1,H2,safe_unidirectional,worst,3316.578939,4040.979299,695.1968
Detached,1,H2,safe_unidirectional,best,3091.222647,4040.979299,620.61246
Detached,1,H2,hybrid_bidirectional,worst,2687.960832,4240.819517,302.642212
Detached,1,H2,hybrid_bidirectional,best,2052.748117,4234.116073,225.911687
Detached,1,H3,safe_unidirectional,worst,2349.263367,3076.759299,627.48471
Detached,1,H3,safe_unidirectional,best,2115.857043,3076.759299,552.336867
Detached,1,H3,hybrid_bidirectional,worst,1732.303616,3307.827449,174.427693
Detached,1,H3,hybrid_bidirectional,best,1149.651196,3291.965148,119.395198
Detached,1,H1,safe_unidirectional,worst,4779.812528,5493.208532,785.359319
Detached,1,H1,safe_unidirectional,best,4573.836163,5493.208532,719.735964
Detached,1,H1,hybrid_bidirectional,worst,4559.026734,5659.462249,485.47787
Detached,1,H1,hybrid_bidirectional,best,4138.541658,5654.616894,415.226215
Detached,1,H2,safe_unidirectional,worst,3263.382639,3988.295199,679.209227
Detached,1,H2,safe_unidirectional,best,3064.858528,3988.295199,614.107529
Detached,1,H2,hybrid_bidirectional,worst,2627.564718,4193.39442,281.989393
Detached,1,H2,hybrid_bidirectional,best,2059.349822,4190.337251,212.583181
Detached,1,H3,safe_unidirectional,worst,2300.113284,3024.075199,611.780372
Detached,1,H3,safe_unidirectional,best,2090.17715,3024.075199,545.879833
Detached,1,H3,hybrid_bidirectional,worst,1672.766591,3257.89421,159.363838
Detached,1,H3,hybrid_bidirectional,best,1149.531487,3248.569748,105.796119
Detached,1,H1,safe_unidirectional,worst,5006.00492,5743.833032,844.502153
Detached,1,H1,safe_unidirectional,best,4764.706775,5743.833032,766.587275
Detached,1,H1,hybrid_bidirectional,worst,4802.407978,5924.12872,528.372411
Detached,1,H1,hybrid_bidirectional,best,4333.074012,5918.340192,450.374327
Detached,1,H2,safe_unidirectional,worst,3489.104023,4238.919699,738.31909
Detached,1,H2,safe_unidirectional,best,3255.618328,4238.919699,660.951084
Detached,1,H2,hybrid_bidirectional,worst,2898.291603,4469.135395,308.845475
Detached,1,H2,hybrid_bidirectional,best,2282.287808,4459.706332,238.262365
Detached,1,H3,safe_unidirectional,worst,2527.907211,3274.699699,671.035313
Detached,1,H3,safe_unidirectional,best,2286.574751,3274.699699,593.118034
Detached,1,H3,hybrid_bidirectional,worst,1860.116967,3526.149505,195.860743
Detached,1,H3,hybrid_bidirectional,best,1272.6148,3513.37417,134.565712
Detached,1,H1,safe_unidirectional,worst,4873.796452,5575.168732,814.484798
Detached,1,H1,safe_unidirectional,best,4625.288715,5575.168732,734.546711
Detached,1,H1,hybrid_bidirectional,worst,4655.207693,5747.320736,501.597401
Detached,1,H1,hybrid_bidirectional,best,4199.711186,5743.420892,416.750089
Detached,1,H2,safe_unidirectional,worst,3363.812399,4070.255399,708.785914
Detached,1,H2,safe_unidirectional,best,3123.334891,4070.255399,629.409943
Detached,1,H2,hybrid_bidirectional,worst,2748.757006,4278.264444,293.763321
Detached,1,H2,hybrid_bidirectional,best,2147.557736,4272.355965,221.187081
Detached,1,H3,safe_unidirectional,worst,2402.678691,3106.035399,641.506554
Detached,1,H3,safe_unidirectional,best,2155.857608,3106.035399,561.686534
Detached,1,H3,hybrid_bidirectional,worst,1821.188859,3340.562896,178.738407
Detached,1,H3,hybrid_bidirectional,best,1240.30383,3327.21295,120.382275
Detached,1,H1,safe_unidirectional,worst,4935.359848,5634.974732,831.110506
Detached,1,H1,safe_unidirectional,best,4684.834595,5634.974732,750.215247
Detached,1,H1,hybrid_bidirectional,worst,4706.922388,5811.963113,511.12086
Detached,1,H1,hybrid_bidirectional,best,4260.508515,5807.878266,425.996698
Detached,1,H2,safe_unidirectional,worst,3419.833527,4130.061399,725.023663
Detached,1,H2,safe_unidirectional,best,3177.070215,4130.061399,644.671741
Detached,1,H2,hybrid_bidirectional,worst,2802.511625,4347.815721,298.817484
Detached,1,H2,hybrid_bidirectional,best,2168.373835,4344.057312,217.731489
Detached,1,H3,safe_unidirectional,worst,2455.043979,3165.841399,657.488395
Detached,1,H3,safe_unidirectional,best,2202.830575,3165.841399,576.474966
Detached,1,H3,hybrid_bidirectional,worst,1869.964149,3409.337047,181.824081
Detached,1,H3,hybrid_bidirectional,best,1257.431089,3396.647653,121.535909
Detached,1,H1,safe_unidirectional,worst,4822.761728,5520.588432,803.66067
Detached,1,H1,safe_unidirectional,best,4555.500015,5520.588432,715.82525
Detached,1,H1,hybrid_bidirectional,worst,4598.731663,5685.075385,494.569782
Detached,1,H1,hybrid_bidirectional,best,4114.367951,5677.274585,408.371478
Detached,1,H2,safe_unidirectional,worst,3311.315051,4015.675099,697.859403
Detached,1,H2,safe_unidirectional,best,3048.234196,4015.675099,610.316643
Detached,1,H2,hybrid_bidirectional,worst,2643.129305,4217.370949,274.44602
Detached,1,H2,hybrid_bidirectional,best,2008.361963,4207.454057,200.138556
Detached,1,H3,safe_unidirectional,worst,2347.008547,3051.455099,630.357948
Detached,1,H3,safe_unidirectional,best,2076.216678,3051.455099,542.275417
Detached,1,H3,hybrid_bidirectional,worst,1696.098691,3274.423712,165.588665
Detached,1,H3,hybrid_bidirectional,best,1146.591462,3257.504819,111.277044
Detached,1,H1,safe_unidirectional,worst,4803.446684,5512.815232,792.483619
Detached,1,H1,safe_unidirectional,best,4578.111488,5512.815232,719.980734
Detached,1,H1,hybrid_bidirectional,worst,4597.802458,5684.203531,486.202511
Detached,1,H1,hybrid_bidirectional,best,4161.204226,5678.073481,412.083713
Detached,1,H2,safe_unidirectional,worst,3290.985131,4007.901899,686.61131
Detached,1,H2,safe_unidirectional,best,3072.787716,4007.901899,614.60807
Detached,1,H2,hybrid_bidirectional,worst,2678.400998,4210.673055,286.572071
Detached,1,H2,hybrid_bidirectional,best,2081.335423,4202.538298,217.474953
Detached,1,H3,safe_unidirectional,worst,2326.268807,3043.681899,619.081168
Detached,1,H3,safe_unidirectional,best,2097.109831,3043.681899,546.310618
Detached,1,H3,hybrid_bidirectional,worst,1730.955341,3272.078511,169.047351
Detached,1,H3,hybrid_bidirectional,best,1186.175866,3259.518504,113.908202
Detached,1,H1,safe_unidirectional,worst,4853.336076,5525.582732,817.00504
Detached,1,H1,safe_unidirectional,best,4607.299339,5525.582732,736.956479
Detached,1,H1,hybrid_bidirectional,worst,4623.479299,5693.293844,501.498045
Detached,1,H1,hybrid_bidirectional,best,4175.83606,5685.90715,422.509597
Detached,1,H2,safe_unidirectional,worst,3338.641267,4020.669399,710.976403
Detached,1,H2,safe_unidirectional,best,3098.947212,4020.669399,631.371831
Detached,1,H2,hybrid_bidirectional,worst,2676.267334,4225.790333,288.451793
Detached,1,H2,hybrid_bidirectional,best,2089.487332,4218.080961,215.632471
Detached,1,H3,safe_unidirectional,worst,2373.866006,3056.449399,643.442135
Detached,1,H3,safe_unidirectional,best,2122.146691,3056.449399,562.995794
Detached,1,H3,hybrid_bidirectional,worst,1758.337927,3286.571662,176.048827
Detached,1,H3,hybrid_bidirectional,best,1205.700206,3270.43417,121.92455
Detached,1,H1,safe_unidirectional,worst,4806.736932,5499.357732,787.497499
Detached,1,H1,safe_unidirectional,best,4585.451119,5499.357732,715.517198
Detached,1,H1,hybrid_bidirectional,worst,4606.190308,5669.031618,488.03176
Detached,1,H1,hybrid_bidirectional,best,4151.701009,5664.733252,409.738384
Detached,1,H2,safe_unidirectional,worst,3291.605091,3994.444399,681.43827
Detached,1,H2,safe_unidirectional,best,3073.775148,3994.444399,609.69988
Detached,1,H2,hybrid_bidirectional,worst,2708.745564,4204.306249,280.634009
Detached,1,H2,hybrid_bidirectional,best,2094.348726,4201.779671,206.305074
Detached,1,H3,safe_unidirectional,worst,2329.021516,3030.224399,614.05742
Detached,1,H3,safe_unidirectional,best,2102.17337,3030.224399,541.687755
Detached,1,H3,hybrid_bidirectional,worst,1725.515233,3262.068213,170.646547
Detached,1,H3,hybrid_bidirectional,best,1138.656345,3250.855852,113.323443
Detached,1,H1,safe_unidirectional,worst,4940.686896,5663.864132,833.834187
Detached,1,H1,safe_unidirectional,best,4693.780742,5663.864132,753.534378
Detached,1,H1,hybrid_bidirectional,worst,4726.504627,5839.770895,519.676392
Detached,1,H1,hybrid_bidirectional,best,4265.303982,5832.607019,439.553688
Detached,1,H2,safe_unidirectional,worst,3423.974915,4158.950799,727.664349
Detached,1,H2,safe_unidirectional,best,3182.822008,4158.950799,647.767266
Detached,1,H2,hybrid_bidirectional,worst,2842.941964,4375.195208,309.490897
Detached,1,H2,hybrid_bidirectional,best,2203.97662,4367.632653,232.37339
Detached,1,H3,safe_unidirectional,worst,2463.233427,3194.730799,660.412444
Detached,1,H3,safe_unidirectional,best,2211.965919,3194.730799,579.80734
Detached,1,H3,hybrid_bidirectional,worst,1870.265769,3436.169537,193.118486
Detached,1,H3,hybrid_bidirectional,best,1277.731202,3422.77262,131.760636
Detached,1,H1,safe_unidirectional,worst,4968.386736,5678.021832,845.162549
Detached,1,H1,safe_unidirectional,best,4717.625426,5678.021832,763.074791
Detached,1,H1,hybrid_bidirectional,worst,4769.401042,5855.642612,522.583292
Detached,1,H1,hybrid_bidirectional,best,4290.755415,5847.611806,441.90173
Detached,1,H2,safe_unidirectional,worst,3453.793807,4173.108499,739.141044
Detached,1,H2,safe_unidirectional,best,3209.309696,4173.108499,657.49269
Detached,1,H2,hybrid_bidirectional,worst,2838.393518,4397.733362,304.463191
Detached,1,H2,hybrid_bidirectional,best,2197.252805,4390.602154,225.348093
Detached,1,H3,safe_unidirectional,worst,2495.515835,3208.888499,672.061586
Detached,1,H3,safe_unidirectional,best,2240.771943,3208.888499,589.695048
Detached,1,H3,hybrid_bidirectional,worst,1851.174761,3460.282315,183.841494
Detached,1,H3,hybrid_bidirectional,best,1274.323279,3445.651983,124.620892
Detached,1,H1,safe_unidirectional,worst,4950.863164,5673.252232,833.897904
Detached,1,H1,safe_unidirectional,best,4713.423543,5673.252232,756.907001
Detached,1,H1,hybrid_bidirectional,worst,4749.130718,5854.748059,512.353804
Detached,1,H1,hybrid_bidirectional,best,4295.472762,5849.948024,431.370971
Detached,1,H2,safe_unidirectional,worst,3438.641851,4168.338899,728.042412
Detached,1,H2,safe_unidirectional,best,3209.748036,4168.338899,651.649716
Detached,1,H2,hybrid_bidirectional,worst,2781.749908,4387.081693,299.3804
Detached,1,H2,hybrid_bidirectional,best,2172.311272,4383.804108,221.528129
Detached,1,H3,safe_unidirectional,worst,2472.266655,3204.118899,660.396148
Detached,1,H3,safe_unidirectional,best,2228.564119,3204.118899,582.966841
Detached,1,H3,hybrid_bidirectional,worst,1795.50426,3446.881179,179.634971
Detached,1,H3,hybrid_bidirectional,best,1213.016069,3441.55386,113.630865
Detached,1,H1,safe_unidirectional,worst,4967.801756,5656.532632,836.130879
Detached,1,H1,safe_unidirectional,best,4710.832267,5656.532632,752.885293
Detached,1,H1,hybrid_bidirectional,worst,4758.130972,5838.572321,517.242019
Detached,1,H1,hybrid_bidirectional,best,4287.326419,5832.379419,432.676747
Detached,1,H2,safe_unidirectional,worst,3455.677083,4151.619299,730.282152
Detached,1,H2,safe_unidirectional,best,3206.098912,4151.619299,647.553958
Detached,1,H2,hybrid_bidirectional,worst,2828.996253,4371.483795,307.656898
Detached,1,H2,hybrid_bidirectional,best,2189.397218,4361.111367,236.350708
Detached,1,H3,safe_unidirectional,worst,2489.276523,3187.399299,662.634113
Detached,1,H3,safe_unidirectional,best,2232.490539,3187.399299,579.401372
Detached,1,H3,hybrid_bidirectional,worst,1796.346595,3436.780621,179.044678
Detached,1,H3,hybrid_bidirectional,best,1233.570122,3422.137255,120.825299
Detached,1,H1,safe_unidirectional,worst,4804.419704,5518.073432,793.337587
Detached,1,H1,safe_unidirectional,best,4561.129616,5518.073432,714.778527
Detached,1,H1,hybrid_bidirectional,worst,4608.831674,5686.39811,488.660644
Detached,1,H1,hybrid_bidirectional,best,4132.760395,5678.059207,410.77047
Detached,1,H2,safe_unidirectional,worst,3292.266603,4013.160099,687.48687
Detached,1,H2,safe_unidirectional,best,3055.1731,4013.160099,609.36157
Detached,1,H2,hybrid_bidirectional,worst,2673.874161,4223.346129,276.453661
Detached,1,H2,hybrid_bidirectional,best,2045.964816,4214.170371,206.639066
Detached,1,H3,safe_unidirectional,worst,2327.559999,3048.940099,619.957408
Detached,1,H3,safe_unidirectional,best,2079.239854,3048.940099,541.046243
Detached,1,H3,hybrid_bidirectional,worst,1724.237916,3277.837015,171.244577
Detached,1,H3,hybrid_bidirectional,best,1187.51437,3263.282605,119.618138
Detached,1,H1,safe_unidirectional,worst,4880.255708,5596.819432,819.757573
Detached,1,H1,safe_unidirectional,best,4653.40451,5596.819432,746.74262
Detached,1,H1,hybrid_bidirectional,worst,4655.306983,5772.145706,499.124352
Detached,1,H1,hybrid_bidirectional,best,4218.554982,5766.784067,423.943495
Detached,1,H2,safe_unidirectional,worst,3366.226687,4091.906099,713.775542
Detached,1,H2,safe_unidirectional,best,3145.71762,4091.906099,641.204537
Detached,1,H2,hybrid_bidirectional,worst,2723.343055,4308.850591,284.375967
Detached,1,H2,hybrid_bidirectional,best,2099.124531,4299.536811,218.44203
Detached,1,H3,safe_unidirectional,worst,2400.660987,3127.686099,646.185943
Detached,1,H3,safe_unidirectional,best,2171.14485,3127.686099,572.984443
Detached,1,H3,hybrid_bidirectional,worst,1765.633715,3369.944388,166.514558
Detached,1,H3,hybrid_bidirectional,best,1207.765157,3354.912889,118.048545
Detached,1,H1,safe_unidirectional,worst,4864.710196,5560.432332,812.138644
Detached,1,H1,safe_unidirectional,best,4611.735779,5560.432332,729.899755
Detached,1,H1,hybrid_bidirectional,worst,4653.016002,5730.852626,500.432912
Detached,1,H1,hybrid_bidirectional,best,4167.951373,5722.481731,419.615026
Detached,1,H2,safe_unidirectional,worst,3348.816071,4055.518999,706.026055
Detached,1,H2,safe_unidirectional,best,3106.46702,4055.518999,624.530942
Detached,1,H2,hybrid_bidirectional,worst,2711.818092,4262.145552,294.19952
Detached,1,H2,hybrid_bidirectional,best,2085.978495,4252.844148,223.921257
Detached,1,H3,safe_unidirectional,worst,2384.237023,3091.298999,638.505522
Detached,1,H3,safe_unidirectional,best,2131.221107,3091.298999,556.263728
Detached,1,H3,hybrid_bidirectional,worst,1765.223463,3322.981281,178.975847
Detached,1,H3,hybrid_bidirectional,best,1187.967783,3308.570072,121.803733
Detached,1,H1,safe_unidirectional,worst,4989.775736,5708.469732,847.395107
Detached,1,H1,safe_unidirectional,best,4738.732196,5708.469732,765.46619
Detached,1,H1,hybrid_bidirectional,worst,4805.488166,5893.592393,517.972662
Detached,1,H1,hybrid_bidirectional,best,4348.105299,5885.15914,439.090911
Detached,1,H2,safe_unidirectional,worst,3473.780383,4203.556399,741.275433
Detached,1,H2,safe_unidirectional,best,3230.691092,4203.556399,659.903313
Detached,1,H2,hybrid_bidirectional,worst,2871.310349,4433.582986,302.234662
Detached,1,H2,hybrid_bidirectional,best,2235.744397,4427.198349,224.744188
Detached,1,H3,safe_unidirectional,worst,2509.599415,3239.336399,673.782765
Detached,1,H3,safe_unidirectional,best,2255.408079,3239.336399,591.633502
Detached,1,H3,hybrid_bidirectional,worst,1895.692537,3489.052771,193.755067
Detached,1,H3,hybrid_bidirectional,best,1331.915897,3476.505237,133.436736
Detached,1,H1,safe_unidirectional,worst,4821.80212,5516.000432,800.56555
Detached,1,H1,safe_unidirectional,best,4587.495355,5516.000432,725.021011
Detached,1,H1,hybrid_bidirectional,worst,4604.73543,5683.20137,491.650781
Detached,1,H1,hybrid_bidirectional,best,4148.693262,5677.763671,412.242071
Detached,1,H2,safe_unidirectional,worst,3306.204875,4011.087099,694.473743
Detached,1,H2,safe_unidirectional,best,3080.487868,4011.087099,619.530487
Detached,1,H2,hybrid_bidirectional,worst,2650.03072,4206.160461,283.382317
Detached,1,H2,hybrid_bidirectional,best,2042.656236,4198.290034,214.546481
Detached,1,H3,safe_unidirectional,worst,2344.315235,3046.867099,627.141468
Detached,1,H3,safe_unidirectional,best,2106.542175,3046.867099,551.354289
Detached,1,H3,hybrid_bidirectional,worst,1679.03599,3270.5184,159.386352
Detached,1,H3,hybrid_bidirectional,best,1166.206422,3257.41285,107.965834
Detached,1,H1,safe_unidirectional,worst,4766.800128,5504.719432,782.046453
Detached,1,H1,safe_unidirectional,best,4523.196911,5504.719432,702.729085
Detached,1,H1,hybrid_bidirectional,worst,4552.562373,5673.551857,470.694138
Detached,1,H1,hybrid_bidirectional,best,4088.529296,5666.328747,391.12479
Detached,1,H2,safe_unidirectional,worst,3256.816943,3999.806099,676.34763
Detached,1,H2,safe_unidirectional,best,3018.54804,3999.806099,597.403664
Detached,1,H2,hybrid_bidirectional,worst,2601.351236,4204.717935,270.038155
Detached,1,H2,hybrid_bidirectional,best,1946.015492,4194.202964,197.64781
Detached,1,H3,safe_unidirectional,worst,2286.371599,3035.586099,608.416456
Detached,1,H3,safe_unidirectional,best,2038.18919,3035.586099,528.778544
Detached,1,H3,hybrid_bidirectional,worst,1637.389867,3261.356875,161.618229
Detached,1,H3,hybrid_bidirectional,best,1065.799703,3246.181654,104.281919
Detached,1,H1,safe_unidirectional,worst,4743.64762,5444.796032,775.739476
Detached,1,H1,safe_unidirectional,best,4531.718855,5444.796032,708.043405
Detached,1,H1,hybrid_bidirectional,worst,4537.704456,5613.633186,467.464069
Detached,1,H1,hybrid_bidirectional,best,4101.947626,5610.215348,392.538503
Detached,1,H2,safe_unidirectional,worst,3229.400887,3939.882699,669.742205
Detached,1,H2,safe_unidirectional,best,3024.042956,3939.882699,602.506092
Detached,1,H2,hybrid_bidirectional,worst,2610.586024,4146.740954,267.548644
Detached,1,H2,hybrid_bidirectional,best,2012.496356,4140.75144,198.971202
Detached,1,H3,safe_unidirectional,worst,2267.078819,2975.662699,602.37966
Detached,1,H3,safe_unidirectional,best,2051.569666,2975.662699,534.432962
Detached,1,H3,hybrid_bidirectional,worst,1665.990137,3206.553607,154.648793
Detached,1,H3,hybrid_bidirectional,best,1124.926682,3192.581618,105.742719
Detached,1,H1,safe_unidirectional,worst,4847.995116,5518.565032,808.737985
Detached,1,H1,safe_unidirectional,best,4597.084151,5518.565032,727.567403
Detached,1,H1,hybrid_bidirectional,worst,4627.156667,5684.217601,506.405085
Detached,1,H1,hybrid_bidirectional,best,4172.20657,5677.390067,423.747654
Detached,1,H2,safe_unidirectional,worst,3330.805467,4013.651699,702.53471
Detached,1,H2,safe_unidirectional,best,3088.666084,4013.651699,621.978138
Detached,1,H2,hybrid_bidirectional,worst,2720.726321,4224.964082,296.027991
Detached,1,H2,hybrid_bidirectional,best,2108.854702,4215.325913,221.883936
Detached,1,H3,safe_unidirectional,worst,2370.215859,3049.431699,635.293437
Detached,1,H3,safe_unidirectional,best,2119.966304,3049.431699,554.169153
Detached,1,H3,hybrid_bidirectional,worst,1770.338912,3286.796019,177.684019
Detached,1,H3,hybrid_bidirectional,best,1223.339277,3273.969764,115.675063
Detached,1,H1,safe_unidirectional,worst,4826.730236,5505.551132,808.321711
Detached,1,H1,safe_unidirectional,best,4575.664502,5505.551132,726.018088
Detached,1,H1,hybrid_bidirectional,worst,4608.326429,5681.360156,482.401269
Detached,1,H1,hybrid_bidirectional,best,4159.119377,5673.09308,403.639115
Detached,1,H2,safe_unidirectional,worst,3311.729783,4000.637799,702.27168
Detached,1,H2,safe_unidirectional,best,3066.703976,4000.637799,620.390851
Detached,1,H2,hybrid_bidirectional,worst,2680.068218,4206.908379,284.053916
Detached,1,H2,hybrid_bidirectional,best,2072.578546,4198.177531,213.775644
Detached,1,H3,safe_unidirectional,worst,2347.660535,3036.417799,634.786832
Detached,1,H3,safe_unidirectional,best,2090.685462,3036.417799,552.069555
Detached,1,H3,hybrid_bidirectional,worst,1761.377244,3271.517033,164.419662
Detached,1,H3,hybrid_bidirectional,best,1182.073521,3254.96236,110.937255
Detached,1,H1,safe_unidirectional,worst,4867.757432,5612.384432,806.665312
Detached,1,H1,safe_unidirectional,best,4623.159415,5612.384432,727.967209
Detached,1,H1,hybrid_bidirectional,worst,4642.848545,5790.34114,488.587413
Detached,1,H1,hybrid_bidirectional,best,4190.373984,5782.5819,412.344192
Detached,1,H2,safe_unidirectional,worst,3349.624319,4107.471099,700.395994
Detached,1,H2,safe_unidirectional,best,3112.712348,4107.471099,622.235914
Detached,1,H2,hybrid_bidirectional,worst,2695.890108,4315.950908,285.985226
Detached,1,H2,hybrid_bidirectional,best,2056.823102,4311.044894,206.678255
Detached,1,H3,safe_unidirectional,worst,2385.409659,3143.251099,632.900968
Detached,1,H3,safe_unidirectional,best,2140.220526,3143.251099,554.161487
Detached,1,H3,hybrid_bidirectional,worst,1766.776761,3381.595986,162.948593
Detached,1,H3,hybrid_bidirectional,best,1154.20715,3364.768083,108.403675
Detached,1,H1,safe_unidirectional,worst,4859.749752,5562.636632,810.794573
Detached,1,H1,safe_unidirectional,best,4633.277523,5562.636632,738.095784
Detached,1,H1,hybrid_bidirectional,worst,4671.376399,5737.779201,493.898142
Detached,1,H1,hybrid_bidirectional,best,4213.404987,5729.240903,423.192614
Detached,1,H2,safe_unidirectional,worst,3344.259595,4057.723299,704.710262
Detached,1,H2,safe_unidirectional,best,3123.741128,4057.723299,632.428237
Detached,1,H2,hybrid_bidirectional,worst,2741.995434,4268.919769,280.741996
Detached,1,H2,hybrid_bidirectional,best,2120.034105,4260.996354,212.165668
Detached,1,H3,safe_unidirectional,worst,2382.766431,3093.503299,637.40574
Detached,1,H3,safe_unidirectional,best,2156.129763,3093.503299,564.695441
Detached,1,H3,hybrid_bidirectional,worst,1800.435711,3322.573212,175.716112
Detached,1,H3,hybrid_bidirectional,best,1238.38719,3312.304243,119.072675
Detached,1,H1,safe_unidirectional,worst,4790.336632,5507.073232,795.633445
Detached,1,H1,safe_unidirectional,best,4542.050287,5507.073232,714.556432
Detached,1,H1,hybrid_bidirectional,worst,4543.016658,5671.013821,490.178929
Detached,1,H1,hybrid_bidirectional,best,4086.844856,5665.859928,406.196531
Detached,1,H2,safe_unidirectional,worst,3279.030503,4002.159899,689.842016
Detached,1,H2,safe_unidirectional,best,3036.373528,4002.159899,609.159058
Detached,1,H2,hybrid_bidirectional,worst,2633.162831,4210.000048,274.185314
Detached,1,H2,hybrid_bidirectional,best,2005.277076,4200.973806,200.403943
Detached,1,H3,safe_unidirectional,worst,2311.411443,3037.939899,622.108682
Detached,1,H3,safe_unidirectional,best,2059.658223,3037.939899,540.788987
Detached,1,H3,hybrid_bidirectional,worst,1678.655544,3270.540076,159.551666
Detached,1,H3,hybrid_bidirectional,best,1112.198908,3253.074891,106.14192
Detached,1,H1,safe_unidirectional,worst,4907.746648,5631.821132,827.7055
Detached,1,H1,safe_unidirectional,best,4671.04618,5631.821132,750.686538
Detached,1,H1,hybrid_bidirectional,worst,4694.290969,5801.872655,517.083984
Detached,1,H1,hybrid_bidirectional,best,4245.518034,5796.532665,436.913524
Detached,1,H2,safe_unidirectional,worst,3391.312039,4126.907799,721.555077
Detached,1,H2,safe_unidirectional,best,3158.7024,4126.907799,644.822473
Detached,1,H2,hybrid_bidirectional,worst,2744.5707,4332.456942,302.766917
Detached,1,H2,hybrid_bidirectional,best,2135.925392,4327.918387,228.777931
Detached,1,H3,safe_unidirectional,worst,2426.652779,3162.687799,654.028929
Detached,1,H3,safe_unidirectional,best,2184.245648,3162.687799,576.6105
Detached,1,H3,hybrid_bidirectional,worst,1769.367991,3394.251637,185.247437
Detached,1,H3,hybrid_bidirectional,best,1225.698683,3380.849228,131.768473
Detached,1,H1,safe_unidirectional,worst,4853.875964,5544.338932,809.094422
Detached,1,H1,safe_unidirectional,best,4599.617027,5544.338932,726.7939
Detached,1,H1,hybrid_bidirectional,worst,4634.741524,5715.402411,494.940999
Detached,1,H1,hybrid_bidirectional,best,4172.583299,5706.559813,416.375316
Detached,1,H2,safe_unidirectional,worst,3339.138783,4039.425599,703.062819
Detached,1,H2,safe_unidirectional,best,3093.233324,4039.425599,621.347041
Detached,1,H2,hybrid_bidirectional,worst,2738.725533,4248.003813,286.262198
Detached,1,H2,hybrid_bidirectional,best,2103.96206,4236.970747,215.712007
Detached,1,H3,safe_unidirectional,worst,2373.697167,3075.205599,635.481906
Detached,1,H3,safe_unidirectional,best,2119.467206,3075.205599,553.183413
Detached,1,H3,hybrid_bidirectional,worst,1768.7356,3308.308602,170.35324
Detached,1,H3,hybrid_bidirectional,best,1191.570645,3292.635215,114.260757
Detached,1,H1,safe_unidirectional,worst,4827.290112,5532.708232,811.300948
Detached,1,H1,safe_unidirectional,best,4570.423403,5532.708232,727.859988
Detached,1,H1,hybrid_bidirectional,worst,4605.7735,5703.237257,492.140817
Detached,1,H1,hybrid_bidirectional,best,4125.000915,5694.525973,411.416377
Detached,1,H2,safe_unidirectional,worst,3312.015871,4027.794899,705.231751
Detached,1,H2,safe_unidirectional,best,3061.856651,4027.794899,622.260316
Detached,1,H2,hybrid_bidirectional,worst,2684.754149,4237.431329,283.538412
Detached,1,H2,hybrid_bidirectional,best,2062.511041,4225.40817,211.934824
Detached,1,H3,safe_unidirectional,worst,2348.579871,3063.574899,637.791231
Detached,1,H3,safe_unidirectional,best,2092.371986,3063.574899,554.396389
Detached,1,H3,hybrid_bidirectional,worst,1710.776172,3295.973886,170.135188
Detached,1,H3,hybrid_bidirectional,best,1174.938964,3279.299311,115.008019
Detached,1,H1,safe_unidirectional,worst,4935.02444,5642.525032,836.976609
Detached,1,H1,safe_unidirectional,best,4681.354863,5642.525032,754.177144
Detached,1,H1,hybrid_bidirectional,worst,4735.27249,5822.434039,510.862668
Detached,1,H1,hybrid_bidirectional,best,4257.758195,5815.299446,427.163438
Detached,1,H2,safe_unidirectional,worst,3421.030543,4137.611699,730.997036
Detached,1,H2,safe_unidirectional,best,3172.181516,4137.611699,648.53501
Detached,1,H2,hybrid_bidirectional,worst,2797.063552,4346.637657,304.838748
Detached,1,H2,hybrid_bidirectional,best,2166.865129,4339.835527,229.372584
Detached,1,H3,safe_unidirectional,worst,2459.777159,3173.391699,663.709299
Detached,1,H3,safe_unidirectional,best,2204.142987,3173.391699,580.772313
Detached,1,H3,hybrid_bidirectional,worst,1886.130038,3415.057359,177.54962
Detached,1,H3,hybrid_bidirectional,best,1294.654232,3402.569621,115.889597
Detached,1,H1,safe_unidirectional,worst,4909.34704,5638.919132,820.617212
Detached,1,H1,safe_unidirectional,best,4681.024631,5638.919132,746.524292
Detached,1,H1,hybrid_bidirectional,worst,4726.931403,5823.434162,497.770318
Detached,1,H1,hybrid_bidirectional,best,4277.051132,5816.496669,423.999955
Detached,1,H2,safe_unidirectional,worst,3395.569191,4134.005799,714.652762
Detached,1,H2,safe_unidirectional,best,3172.681528,4134.005799,640.940275
Detached,1,H2,hybrid_bidirectional,worst,2785.097041,4358.229524,284.181636
Detached,1,H2,hybrid_bidirectional,best,2162.406347,4351.666891,214.17972
Detached,1,H3,safe_unidirectional,worst,2434.548447,3169.785799,647.38131
Detached,1,H3,safe_unidirectional,best,2201.617234,3169.785799,572.965774
Detached,1,H3,hybrid_bidirectional,worst,1816.100411,3411.611504,182.871566
Detached,1,H3,hybrid_bidirectional,best,1216.958073,3398.807537,125.877147
Detached,1,H1,safe_unidirectional,worst,4938.385252,5640.746132,835.440345
Detached,1,H1,safe_unidirectional,best,4698.753035,5640.746132,757.374339
Detached,1,H1,hybrid_bidirectional,worst,4722.432764,5818.715048,510.565499
Detached,1,H1,hybrid_bidirectional,best,4251.772732,5810.785752,430.079511
Detached,1,H2,safe_unidirectional,worst,3425.737955,4135.832799,729.555034
Detached,1,H2,safe_unidirectional,best,3191.499108,4135.832799,651.866564
Detached,1,H2,hybrid_bidirectional,worst,2790.988507,4363.488581,289.155851
Detached,1,H2,hybrid_bidirectional,best,2129.903265,4352.843176,215.965233
Detached,1,H3,safe_unidirectional,worst,2462.727264,3171.612799,662.144286
Detached,1,H3,safe_unidirectional,best,2220.798503,3171.612799,583.917522
Detached,1,H3,hybrid_bidirectional,worst,1833.534129,3418.589289,184.914097
Detached,1,H3,hybrid_bidirectional,best,1264.485477,3402.961001,127.754505
Detached,1,H1,safe_unidirectional,worst,4919.62096,5631.807932,832.86702
Detached,1,H1,safe_unidirectional,best,4651.488474,5631.807932,745.362175
Detached,1,H1,hybrid_bidirectional,worst,4707.005293,5806.797386,507.516872
Detached,1,H1,hybrid_bidirectional,best,4217.503578,5800.164747,420.709813
Detached,1,H2,safe_unidirectional,worst,3407.457235,4126.894599,727.015559
Detached,1,H2,safe_unidirectional,best,3148.130459,4126.894599,640.127114
Detached,1,H2,hybrid_bidirectional,worst,2777.936522,4331.061581,307.645008
Detached,1,H2,hybrid_bidirectional,best,2111.248291,4325.310034,223.312567
Detached,1,H3,safe_unidirectional,worst,2442.977674,3162.674599,659.50199
Detached,1,H3,safe_unidirectional,best,2171.812312,3162.674599,571.784843
Detached,1,H3,hybrid_bidirectional,worst,1827.934239,3395.446226,185.130602
Detached,1,H3,hybrid_bidirectional,best,1232.872377,3381.28304,121.770316
Detached,1,H1,safe_unidirectional,worst,4945.947728,5635.982632,839.825246
Detached,1,H1,safe_unidirectional,best,4705.553491,5635.982632,761.900885
Detached,1,H1,hybrid_bidirectional,worst,4732.596845,5815.788381,514.097348
Detached,1,H1,hybrid_bidirectional,best,4278.617182,5810.587871,432.524164
Detached,1,H2,safe_unidirectional,worst,3431.322123,4131.069299,733.801454
Detached,1,H2,safe_unidirectional,best,3197.909291,4131.069299,656.365791
Detached,1,H2,hybrid_bidirectional,worst,2794.242203,4355.978364,302.262972
Detached,1,H2,hybrid_bidirectional,best,2172.480743,4350.495522,224.742783
Detached,1,H3,safe_unidirectional,worst,2466.631615,3166.849299,666.273118
Detached,1,H3,safe_unidirectional,best,2225.283687,3166.849299,588.281999
Detached,1,H3,hybrid_bidirectional,worst,1842.118065,3419.203935,182.606102
Detached,1,H3,hybrid_bidirectional,best,1279.545898,3407.016166,121.551385
Detached,1,H1,safe_unidirectional,worst,4768.228928,5415.169132,776.005213
Detached,1,H1,safe_unidirectional,best,4524.896424,5415.169132,697.604148
Detached,1,H1,hybrid_bidirectional,worst,4548.245826,5580.540918,481.454126
Detached,1,H1,hybrid_bidirectional,best,4089.002778,5572.367447,404.662306
Detached,1,H2,safe_unidirectional,worst,3250.959827,3910.255799,669.796376
Detached,1,H2,safe_unidirectional,best,3016.045967,3910.255799,591.984616
Detached,1,H2,hybrid_bidirectional,worst,2614.035355,4109.353621,278.893227
Detached,1,H2,hybrid_bidirectional,best,2005.282806,4102.481869,205.281535
Detached,1,H3,safe_unidirectional,worst,2288.221011,2946.035799,602.404658
Detached,1,H3,safe_unidirectional,best,2044.418366,2946.035799,523.970684
Detached,1,H3,hybrid_bidirectional,worst,1680.525366,3169.822539,165.565789
Detached,1,H3,hybrid_bidirectional,best,1128.728546,3155.53689,110.632818
Detached,1,H1,safe_unidirectional,worst,4818.548608,5530.016032,793.388599
Detached,1,H1,safe_unidirectional,best,4577.797031,5530.016032,714.909539
Detached,1,H1,hybrid_bidirectional,worst,4589.728915,5701.237482,487.12634
Detached,1,H1,hybrid_bidirectional,best,4099.963427,5694.271819,406.424786
Detached,1,H2,safe_unidirectional,worst,3307.086843,4025.102699,687.586276
Detached,1,H2,safe_unidirectional,best,3069.285359,4025.102699,609.313722
Detached,1,H2,hybrid_bidirectional,worst,2658.592527,4235.276383,283.06697
Detached,1,H2,hybrid_bidirectional,best,2037.156537,4226.25548,211.342017
Detached,1,H3,safe_unidirectional,worst,2341.565684,3060.882699,619.999795
Detached,1,H3,safe_unidirectional,best,2095.952232,3060.882699,541.180403
Detached,1,H3,hybrid_bidirectional,worst,1700.390969,3295.150533,168.662872
Detached,1,H3,hybrid_bidirectional,best,1135.519905,3280.486971,112.038262
Detached,1,H1,safe_unidirectional,worst,4835.609048,5514.684432,805.44519
Detached,1,H1,safe_unidirectional,best,4590.613019,5514.684432,726.07933
Detached,1,H1,hybrid_bidirectional,worst,4636.221313,5686.355208,491.391235
Detached,1,H1,hybrid_bidirectional,best,4200.714985,5678.455394,415.359696
Detached,1,H2,safe_unidirectional,worst,3321.934847,4009.771099,699.487996
Detached,1,H2,safe_unidirectional,best,3085.1328,4009.771099,620.695714
Detached,1,H2,hybrid_bidirectional,worst,2727.012223,4218.199351,283.168476
Detached,1,H2,hybrid_bidirectional,best,2110.815364,4211.212977,208.630303
Detached,1,H3,safe_unidirectional,worst,2356.701307,3045.551099,631.921649
Detached,1,H3,safe_unidirectional,best,2109.931622,3045.551099,552.431632
Detached,1,H3,hybrid_bidirectional,worst,1709.546334,3275.108633,169.161748
Detached,1,H3,hybrid_bidirectional,best,1177.580902,3263.476777,110.559591
Detached,1,H1,safe_unidirectional,worst,4749.324352,5421.714732,781.031656
Detached,1,H1,safe_unidirectional,best,4518.587259,5421.714732,707.439911
Detached,1,H1,hybrid_bidirectional,worst,4533.26935,5584.979574,477.19646
Detached,1,H1,hybrid_bidirectional,best,4094.640397,5578.464508,402.32294
Detached,1,H2,safe_unidirectional,worst,3233.284151,3916.801399,674.908842
Detached,1,H2,safe_unidirectional,best,3011.209536,3916.801399,601.92347
Detached,1,H2,hybrid_bidirectional,worst,2632.179109,4120.637525,269.669743
Detached,1,H2,hybrid_bidirectional,best,2039.04165,4112.663274,199.583957
Detached,1,H3,safe_unidirectional,worst,2267.598783,2952.581399,607.310866
Detached,1,H3,safe_unidirectional,best,2037.153787,2952.581399,533.739568
Detached,1,H3,hybrid_bidirectional,worst,1670.380118,3184.024171,149.984879
Detached,1,H3,hybrid_bidirectional,best,1130.658458,3167.46266,99.951683
Detached,1,H1,safe_unidirectional,worst,4900.640724,5596.052532,821.60618
Detached,1,H1,safe_unidirectional,best,4657.931403,5596.052532,743.107982
Detached,1,H1,hybrid_bidirectional,worst,4694.591996,5774.857402,501.074955
Detached,1,H1,hybrid_bidirectional,best,4225.43803,5769.209771,419.885338
Detached,1,H2,safe_unidirectional,worst,3386.330343,4091.139199,715.604453
Detached,1,H2,safe_unidirectional,best,3150.1636,4091.139199,637.564236
Detached,1,H2,hybrid_bidirectional,worst,2771.952359,4308.378598,296.185836
Detached,1,H2,hybrid_bidirectional,best,2134.814922,4304.624128,218.424479
Detached,1,H3,safe_unidirectional,worst,2424.311527,3126.919199,648.263136
Detached,1,H3,safe_unidirectional,best,2184.570394,3126.919199,569.972711
Detached,1,H3,hybrid_bidirectional,worst,1813.406795,3368.554111,185.602826
Detached,1,H3,hybrid_bidirectional,best,1267.331403,3357.6001,126.178555
Detached,1,H1,safe_unidirectional,worst,4840.197844,5595.054132,802.156002
Detached,1,H1,safe_unidirectional,best,4596.612231,5595.054132,723.118118
Detached,1,H1,hybrid_bidirectional,worst,4653.346084,5768.308284,491.133449
Detached,1,H1,hybrid_bidirectional,best,4201.329726,5760.9739,413.580812
Detached,1,H2,safe_unidirectional,worst,3320.049427,4090.140799,695.745613
Detached,1,H2,safe_unidirectional,best,3081.655236,4090.140799,617.071128
Detached,1,H2,hybrid_bidirectional,worst,2705.040129,4304.851602,280.756515
Detached,1,H2,hybrid_bidirectional,best,2055.955499,4296.442379,206.798883
Detached,1,H3,safe_unidirectional,worst,2363.461668,3125.920799,628.78447
Detached,1,H3,safe_unidirectional,best,2118.058687,3125.920799,549.61937
Detached,1,H3,hybrid_bidirectional,worst,1750.864798,3366.667872,163.401781
Detached,1,H3,hybrid_bidirectional,best,1182.442199,3351.15314,109.420441
Detached,1,H1,safe_unidirectional,worst,4823.523408,5489.778132,792.455381
Detached,1,H1,safe_unidirectional,best,4581.561502,5489.778132,714.217112
Detached,1,H1,hybrid_bidirectional,worst,4613.538406,5656.983118,493.031536
Detached,1,H1,hybrid_bidirectional,best,4166.780514,5648.955149,417.365064
Detached,1,H2,safe_unidirectional,worst,3308.889955,3984.864799,686.431039
Detached,1,H2,safe_unidirectional,best,3069.453984,3984.864799,608.369586
Detached,1,H2,hybrid_bidirectional,worst,2695.9457,4194.383032,285.705566
Detached,1,H2,hybrid_bidirectional,best,2081.884863,4187.910472,210.207737
Detached,1,H3,safe_unidirectional,worst,2342.517523,3020.644799,618.784969
Detached,1,H3,safe_unidirectional,best,2097.035198,3020.644799,540.300271
Detached,1,H3,hybrid_bidirectional,worst,1771.871465,3255.368887,172.278075
Detached,1,H3,hybrid_bidirectional,best,1237.650238,3241.626638,116.921645
Detached,1,H1,safe_unidirectional,worst,4880.720332,5588.863932,820.985902
Detached,1,H1,safe_unidirectional,best,4634.05254,5588.863932,740.873585
Detached,1,H1,hybrid_bidirectional,worst,4684.101478,5766.138497,495.50341
Detached,1,H1,hybrid_bidirectional,best,4217.131144,5760.095948,413.904151
Detached,1,H2,safe_unidirectional,worst,3370.562435,4083.950599,715.274849
Detached,1,H2,safe_unidirectional,best,3129.561052,4083.950599,635.559181
Detached,1,H2,hybrid_bidirectional,worst,2741.116359,4289.189824,295.229752
Detached,1,H2,hybrid_bidirectional,best,2103.723845,4281.941951,217.201341
Detached,1,H3,safe_unidirectional,worst,2403.974043,3119.730599,647.613662
Detached,1,H3,safe_unidirectional,best,2153.640946,3119.730599,567.244774
Detached,1,H3,hybrid_bidirectional,worst,1751.685225,3355.388361,167.674528
Detached,1,H3,hybrid_bidirectional,best,1155.839369,3338.760339,110.357264
Detached,1,H1,safe_unidirectional,worst,4909.909232,5632.841032,823.61233
Detached,1,H1,safe_unidirectional,best,4668.736399,5632.841032,745.23476
Detached,1,H1,hybrid_bidirectional,worst,4722.305876,5812.491422,499.667585
Detached,1,H1,hybrid_bidirectional,best,4269.559354,5805.167878,422.472778
Detached,1,H2,safe_unidirectional,worst,3396.889603,4127.927699,717.700956
Detached,1,H2,safe_unidirectional,best,3162.155644,4127.927699,639.774108
Detached,1,H2,hybrid_bidirectional,worst,2801.964023,4348.822552,286.522565
Detached,1,H2,hybrid_bidirectional,best,2142.576948,4340.82389,212.891577
Detached,1,H3,safe_unidirectional,worst,2434.231995,3163.707699,650.314924
Detached,1,H3,safe_unidirectional,best,2189.399042,3163.707699,571.681145
Detached,1,H3,hybrid_bidirectional,worst,1847.539038,3403.110021,183.537642
Detached,1,H3,hybrid_bidirectional,best,1256.794215,3392.678719,119.442268
Detached,1,H1,safe_unidirectional,worst,4866.932464,5551.897732,814.369344
Detached,1,H1,safe_unidirectional,best,4603.545715,5551.897732,727.18183
Detached,1,H1,hybrid_bidirectional,worst,4654.6254,5726.224699,501.189865
Detached,1,H1,hybrid_bidirectional,best,4145.2095,5718.621221,413.123768
Detached,1,H2,safe_unidirectional,worst,3354.439183,4046.984399,708.494815
Detached,1,H2,safe_unidirectional,best,3095.606336,4046.984399,621.626074
Detached,1,H2,hybrid_bidirectional,worst,2741.270445,4265.038542,289.684004
Detached,1,H2,hybrid_bidirectional,best,2089.512778,4252.681447,213.811118
Detached,1,H3,safe_unidirectional,worst,2386.831211,3082.764399,640.762257
Detached,1,H3,safe_unidirectional,best,2116.866862,3082.764399,553.11431
Detached,1,H3,hybrid_bidirectional,worst,1756.619608,3324.776721,173.806881
Detached,1,H3,hybrid_bidirectional,best,1140.023042,3308.209975,108.79103
Detached,1,H1,safe_unidirectional,worst,4882.800064,5616.989632,812.350652
Detached,1,H1,safe_unidirectional,best,4653.192763,5616.989632,737.615688
Detached,1,H1,hybrid_bidirectional,worst,4655.985193,5789.02363,505.811256
Detached,1,H1,hybrid_bidirectional,best,4209.373545,5785.052479,425.357901
Detached,1,H2,safe_unidirectional,worst,3367.338679,4112.076299,706.268355
Detached,1,H2,safe_unidirectional,best,3141.5131,4112.076299,631.798112
Detached,1,H2,hybrid_bidirectional,worst,2739.168787,4327.639879,296.536751
Detached,1,H2,hybrid_bidirectional,best,2077.563019,4319.617686,221.226846
Detached,1,H3,safe_unidirectional,worst,2407.470155,3147.856299,639.077558
Detached,1,H3,safe_unidirectional,best,2171.618198,3147.856299,563.905468
Detached,1,H3,hybrid_bidirectional,worst,1735.567689,3394.325095,165.905477
Detached,1,H3,hybrid_bidirectional,best,1155.054614,3376.375301,114.622139
Detached,1,H1,safe_unidirectional,worst,4765.595528,5476.212532,781.994826
Detached,1,H1,safe_unidirectional,best,4521.727543,5476.212532,702.693126
Detached,1,H1,hybrid_bidirectional,worst,4534.948731,5643.771438,475.06987
Detached,1,H1,hybrid_bidirectional,best,4080.22963,5637.076568,395.079479
Detached,1,H2,safe_unidirectional,worst,3252.521803,3971.299199,676.079666
Detached,1,H2,safe_unidirectional,best,3014.705452,3971.299199,597.201579
Detached,1,H2,hybrid_bidirectional,worst,2634.166495,4176.403421,279.601407
Detached,1,H2,hybrid_bidirectional,best,2021.568224,4167.974983,205.225022
Detached,1,H3,safe_unidirectional,worst,2287.121379,3007.079199,608.501636
Detached,1,H3,safe_unidirectional,best,2040.513934,3007.079199,529.008173
Detached,1,H3,hybrid_bidirectional,worst,1693.220871,3238.259192,161.890618
Detached,1,H3,hybrid_bidirectional,best,1148.233809,3220.671557,111.163651
Detached,1,H1,safe_unidirectional,worst,4793.415796,5447.015432,791.752059
Detached,1,H1,safe_unidirectional,best,4558.105751,5447.015432,715.130086
Detached,1,H1,hybrid_bidirectional,worst,4577.526225,5616.043567,482.802591
Detached,1,H1,hybrid_bidirectional,best,4116.970362,5607.614658,407.340299
Detached,1,H2,safe_unidirectional,worst,3275.206059,3942.102099,685.477377
Detached,1,H2,safe_unidirectional,best,3046.638767,3942.102099,609.327397
Detached,1,H2,hybrid_bidirectional,worst,2621.434998,4151.387384,279.78347
Detached,1,H2,hybrid_bidirectional,best,2023.757462,4142.740123,208.172112
Detached,1,H3,safe_unidirectional,worst,2309.767675,2977.882099,617.896691
Detached,1,H3,safe_unidirectional,best,2069.022218,2977.882099,540.894239
Detached,1,H3,hybrid_bidirectional,worst,1703.72027,3213.372527,163.632186
Detached,1,H3,hybrid_bidirectional,best,1143.976301,3197.328316,109.478518
Detached,1,H1,safe_unidirectional,worst,5030.448136,5734.330932,864.578785
Detached,1,H1,safe_unidirectional,best,4785.269343,5734.330932,785.0732
Detached,1,H1,hybrid_bidirectional,worst,4845.435416,5927.019766,522.060976
Detached,1,H1,hybrid_bidirectional,best,4380.801728,5921.235863,439.611753
Detached,1,H2,safe_unidirectional,worst,3515.338603,4229.417599,758.521117
Detached,1,H2,safe_unidirectional,best,3276.904752,4229.417599,679.487678
Detached,1,H2,hybrid_bidirectional,worst,2902.383238,4452.258905,315.002421
Detached,1,H2,hybrid_bidirectional,best,2293.037919,4446.694605,240.552118
Detached,1,H3,safe_unidirectional,worst,2552.048923,3265.197599,691.09084
Detached,1,H3,safe_unidirectional,best,2303.957191,3265.197599,611.381349
Detached,1,H3,hybrid_bidirectional,worst,1903.717693,3511.465684,199.349481
Detached,1,H3,hybrid_bidirectional,best,1287.077029,3500.178127,135.894175
Detached,1,H1,safe_unidirectional,worst,5055.965052,5793.091632,862.139437
Detached,1,H1,safe_unidirectional,best,4796.109775,5793.091632,776.587062
Detached,1,H1,hybrid_bidirectional,worst,4877.576005,5990.428931,519.668542
Detached,1,H1,hybrid_bidirectional,best,4379.218339,5983.261156,433.354712
Detached,1,H2,safe_unidirectional,worst,3549.962015,4288.178299,756.719225
Detached,1,H2,safe_unidirectional,best,3293.48192,4288.178299,671.403112
Detached,1,H2,hybrid_bidirectional,worst,2919.349108,4521.654533,315.797018
Detached,1,H2,hybrid_bidirectional,best,2267.357316,4513.731298,237.962038
Detached,1,H3,safe_unidirectional,worst,2576.935795,3323.958299,688.607389
Detached,1,H3,safe_unidirectional,best,2309.925335,3323.958299,602.554151
Detached,1,H3,hybrid_bidirectional,worst,1946.992773,3579.824172,202.506918
Detached,1,H3,hybrid_bidirectional,best,1353.250384,3564.702296,143.920301
Detached,1,H1,safe_unidirectional,worst,4837.066508,5526.352432,798.071726
Detached,1,H1,safe_unidirectional,best,4601.547143,5526.352432,722.710622
Detached,1,H1,hybrid_bidirectional,worst,4606.088966,5690.855557,493.154659
Detached,1,H1,hybrid_bidirectional,best,4144.734245,5685.343769,413.926593
Detached,1,H2,safe_unidirectional,worst,3321.653719,4021.439099,691.99283
Detached,1,H2,safe_unidirectional,best,3092.185952,4021.439099,617.055339
Detached,1,H2,hybrid_bidirectional,worst,2674.682247,4217.143365,283.50717
Detached,1,H2,hybrid_bidirectional,best,2054.791097,4209.701961,213.026473
Detached,1,H3,safe_unidirectional,worst,2359.26506,3057.219099,624.625624
Detached,1,H3,safe_unidirectional,best,2121.819739,3057.219099,549.129704
Detached,1,H3,hybrid_bidirectional,worst,1742.788986,3282.760372,161.704129
Detached,1,H3,hybrid_bidirectional,best,1111.800599,3268.278312,103.420276
Detached,1,H1,safe_unidirectional,worst,4890.344824,5612.198732,827.814459
Detached,1,H1,safe_unidirectional,best,4633.992623,5612.198732,744.129582
Detached,1,H1,hybrid_bidirectional,worst,4683.860046,5788.923178,502.399853
Detached,1,H1,hybrid_bidirectional,best,4201.404017,5779.465578,421.693307
Detached,1,H2,safe_unidirectional,worst,3379.061467,4107.285399,722.024624
Detached,1,H2,safe_unidirectional,best,3127.711132,4107.285399,638.689878
Detached,1,H2,hybrid_bidirectional,worst,2737.09595,4323.975688,294.872956
Detached,1,H2,hybrid_bidirectional,best,2114.623426,4316.095056,216.245848
Detached,1,H3,safe_unidirectional,worst,2414.936514,3143.065399,654.535877
Detached,1,H3,safe_unidirectional,best,2153.901847,3143.065399,570.523228
Detached,1,H3,hybrid_bidirectional,worst,1780.178632,3386.418209,176.367198
Detached,1,H3,hybrid_bidirectional,best,1222.157744,3369.556842,120.137411
Detached,1,H1,safe_unidirectional,worst,4942.855416,5650.506932,840.871515
Detached,1,H1,safe_unidirectional,best,4675.306634,5650.506932,752.569296
Detached,1,H1,hybrid_bidirectional,worst,4735.179689,5821.634267,519.909889
Detached,1,H1,hybrid_bidirectional,best,4249.669696,5814.422199,431.704917
Detached,1,H2,safe_unidirectional,worst,3430.947347,4145.593599,735.03795
Detached,1,H2,safe_unidirectional,best,3168.793444,4145.593599,647.113373
Detached,1,H2,hybrid_bidirectional,worst,2795.701761,4347.057784,308.932036
Detached,1,H2,hybrid_bidirectional,best,2168.617772,4340.853157,228.428075
Detached,1,H3,safe_unidirectional,worst,2467.244747,3181.373599,667.578768
Detached,1,H3,safe_unidirectional,best,2195.518442,3181.373599,578.984123
Detached,1,H3,hybrid_bidirectional,worst,1826.413698,3412.37743,183.738288
Detached,1,H3,hybrid_bidirectional,best,1205.633166,3397.73121,119.666375
Detached,1,H1,safe_unidirectional,worst,4955.716012,5640.458732,843.113543
Detached,1,H1,safe_unidirectional,best,4694.800035,5640.458732,758.106756
Detached,1,H1,hybrid_bidirectional,worst,4716.966665,5820.439599,513.59574
Detached,1,H1,hybrid_bidirectional,best,4251.658437,5813.93007,430.425938
Detached,1,H2,safe_unidirectional,worst,3436.256359,4135.545399,736.751367
Detached,1,H2,safe_unidirectional,best,3182.529524,4135.545399,652.24782
Detached,1,H2,hybrid_bidirectional,worst,2752.089673,4358.057173,299.9535
Detached,1,H2,hybrid_bidirectional,best,2152.389664,4348.297011,226.097348
Detached,1,H3,safe_unidirectional,worst,2471.186278,3171.325399,669.196461
Detached,1,H3,safe_unidirectional,best,2208.442358,3171.325399,584.061719
Detached,1,H3,hybrid_bidirectional,worst,1803.006154,3417.957577,186.595537
Detached,1,H3,hybrid_bidirectional,best,1261.865971,3400.986817,130.963079
Detached,1,H1,safe_unidirectional,worst,5043.838832,5766.039832,862.899289
Detached,1,H1,safe_unidirectional,best,4791.379214,5766.039832,781.046935
Detached,1,H1,hybrid_bidirectional,worst,4851.564366,5955.948964,529.643799
Detached,1,H1,hybrid_bidirectional,best,4388.166336,5950.817366,444.859106
Detached,1,H2,safe_unidirectional,worst,3529.796151,4261.126499,756.916302
Detached,1,H2,safe_unidirectional,best,3286.498932,4261.126499,675.705315
Detached,1,H2,hybrid_bidirectional,worst,2920.368733,4492.016844,319.785247
Detached,1,H2,hybrid_bidirectional,best,2280.774387,4485.777695,239.39282
Detached,1,H3,safe_unidirectional,worst,2562.798623,3296.906499,689.226475
Detached,1,H3,safe_unidirectional,best,2309.515038,3296.906499,607.316443
Detached,1,H3,hybrid_bidirectional,worst,1974.051033,3558.141585,191.714193
Detached,1,H3,hybrid_bidirectional,best,1383.81674,3543.769933,132.129976
Detached,1,H1,safe_unidirectional,worst,4755.578788,5432.073032,770.152603
Detached,1,H1,safe_unidirectional,best,4530.034631,5432.073032,697.151565
Detached,1,H1,hybrid_bidirectional,worst,4529.48419,5601.297553,466.174292
Detached,1,H1,hybrid_bidirectional,best,4089.496662,5593.969047,395.131227
Detached,1,H2,safe_unidirectional,worst,3238.554667,3927.159699,663.960914
Detached,1,H2,safe_unidirectional,best,3017.240016,3927.159699,591.255942
Detached,1,H2,hybrid_bidirectional,worst,2623.808012,4131.953896,263.626561
Detached,1,H2,hybrid_bidirectional,best,2003.360652,4123.995487,197.423389
Detached,1,H3,safe_unidirectional,worst,2272.385799,2962.939699,596.329093
Detached,1,H3,safe_unidirectional,best,2041.84236,2962.939699,522.978106
Detached,1,H3,hybrid_bidirectional,worst,1672.114007,3187.333794,157.781696
Detached,1,H3,hybrid_bidirectional,best,1091.092344,3174.540184,104.380686
Detached,1,H1,safe_unidirectional,worst,4942.844332,5655.682132,838.70757
Detached,1,H1,safe_unidirectional,best,4714.312918,5655.682132,764.559671
Detached,1,H1,hybrid_bidirectional,worst,4754.853286,5841.427103,504.373749
Detached,1,H1,hybrid_bidirectional,best,4295.665026,5833.581657,431.088353
Detached,1,H2,safe_unidirectional,worst,3427.034387,4150.768799,732.600874
Detached,1,H2,safe_unidirectional,best,3205.011844,4150.768799,658.908596
Detached,1,H2,hybrid_bidirectional,worst,2808.206242,4373.412493,296.578129
Detached,1,H2,hybrid_bidirectional,best,2210.344579,4368.90419,225.241809
Detached,1,H3,safe_unidirectional,worst,2462.238127,3186.548799,665.065136
Detached,1,H3,safe_unidirectional,best,2227.821699,3186.548799,590.505286
Detached,1,H3,hybrid_bidirectional,worst,1844.232523,3431.300926,183.512574
Detached,1,H3,hybrid_bidirectional,best,1267.068527,3422.246228,121.738443
Detached,1,H1,safe_unidirectional,worst,4837.379972,5566.342232,804.538244
Detached,1,H1,safe_unidirectional,best,4613.653431,5566.342232,732.101157
Detached,1,H1,hybrid_bidirectional,worst,4623.291721,5737.916084,493.952073
Detached,1,H1,hybrid_bidirectional,best,4164.390576,5732.788633,416.545204
Detached,1,H2,safe_unidirectional,worst,3324.967391,4061.428899,698.669364
Detached,1,H2,safe_unidirectional,best,3107.703672,4061.428899,626.684674
Detached,1,H2,hybrid_bidirectional,worst,2662.847373,4274.229987,281.653898
Detached,1,H2,hybrid_bidirectional,best,2089.021668,4268.090911,215.527742
Detached,1,H3,safe_unidirectional,worst,2358.032991,3097.208899,630.983956
Detached,1,H3,safe_unidirectional,best,2130.121166,3097.208899,558.253899
Detached,1,H3,hybrid_bidirectional,worst,1730.141367,3334.633846,168.246771
Detached,1,H3,hybrid_bidirectional,best,1192.71953,3322.977692,115.777851
Detached,1,H1,safe_unidirectional,worst,4783.685444,5496.812032,780.055868
Detached,1,H1,safe_unidirectional,best,4551.060843,5496.812032,705.261827
Detached,1,H1,hybrid_bidirectional,worst,4554.250168,5659.372279,492.363541
Detached,1,H1,hybrid_bidirectional,best,4116.034551,5654.704373,413.980594
Detached,1,H2,safe_unidirectional,worst,3267.491919,3991.898699,673.922321
Detached,1,H2,safe_unidirectional,best,3042.930896,3991.898699,599.692731
Detached,1,H2,hybrid_bidirectional,worst,2641.346912,4193.575779,287.871456
Detached,1,H2,hybrid_bidirectional,best,2026.929994,4186.080053,216.506516
Detached,1,H3,safe_unidirectional,worst,2309.395012,3027.678699,606.855537
Detached,1,H3,safe_unidirectional,best,2074.760343,3027.678699,531.920792
Detached,1,H3,hybrid_bidirectional,worst,1709.948042,3257.740862,168.060672
Detached,1,H3,hybrid_bidirectional,best,1158.574802,3243.054277,116.335924
Detached,1,H1,safe_unidirectional,worst,4927.607208,5640.774232,831.350714
Detached,1,H1,safe_unidirectional,best,4692.152903,5640.774232,755.258835
Detached,1,H1,hybrid_bidirectional,worst,4703.177613,5825.129069,500.116199
Detached,1,H1,hybrid_bidirectional,best,4243.909591,5820.666533,418.434314
Detached,1,H2,safe_unidirectional,worst,3413.814915,4135.860899,725.385254
Detached,1,H2,safe_unidirectional,best,3184.017176,4135.860899,649.689334
Detached,1,H2,hybrid_bidirectional,worst,2749.966465,4359.116884,293.849477
Detached,1,H2,hybrid_bidirectional,best,2132.017109,4352.980268,217.332706
Detached,1,H3,safe_unidirectional,worst,2450.37523,3171.640899,657.944476
Detached,1,H3,safe_unidirectional,best,2213.022271,3171.640899,581.719691
Detached,1,H3,hybrid_bidirectional,worst,1788.528633,3422.028192,173.890436
Detached,1,H3,hybrid_bidirectional,best,1243.560243,3407.655626,119.220504
Detached,1,H1,safe_unidirectional,worst,4885.124112,5561.190632,819.745306
Detached,1,H1,safe_unidirectional,best,4638.071679,5561.190632,738.543991
Detached,1,H1,hybrid_bidirectional,worst,4653.579827,5731.124918,506.403367
Detached,1,H1,hybrid_bidirectional,best,4208.568313,5724.9814,425.265908
Detached,1,H2,safe_unidirectional,worst,3369.662087,4056.277299,713.662964
Detached,1,H2,safe_unidirectional,best,3126.267176,4056.277299,632.717676
Detached,1,H2,hybrid_bidirectional,worst,2735.028312,4270.550636,293.232553
Detached,1,H2,hybrid_bidirectional,best,2113.904326,4265.853978,215.411195
Detached,1,H3,safe_unidirectional,worst,2404.067039,3092.057299,646.071311
Detached,1,H3,safe_unidirectional,best,2148.014059,3092.057299,564.239958
Detached,1,H3,hybrid_bidirectional,worst,1794.179528,3333.347116,174.034666
Detached,1,H3,hybrid_bidirectional,best,1202.816559,3320.808782,113.929966
Detached,1,H1,safe_unidirectional,worst,4966.716656,5655.792532,846.053275
Detached,1,H1,safe_unidirectional,best,4719.702339,5655.792532,765.653079
Detached,1,H1,hybrid_bidirectional,worst,4767.073755,5837.249021,516.666978
Detached,1,H1,hybrid_bidirectional,best,4318.523674,5832.261233,432.568492
Detached,1,H2,safe_unidirectional,worst,3453.720719,4150.879199,740.14356
Detached,1,H2,safe_unidirectional,best,3213.395907,4150.879199,660.211628
Detached,1,H2,hybrid_bidirectional,worst,2817.076285,4369.827644,293.925018
Detached,1,H2,hybrid_bidirectional,best,2205.910703,4360.362002,224.415256
Detached,1,H3,safe_unidirectional,worst,2488.352783,3186.659199,672.567804
Detached,1,H3,safe_unidirectional,best,2238.160754,3186.659199,591.945168
Detached,1,H3,hybrid_bidirectional,worst,1826.574416,3425.074009,187.579399
Detached,1,H3,hybrid_bidirectional,best,1238.067134,3413.234625,123.876028
Detached,1,H1,safe_unidirectional,worst,4962.035108,5689.585932,838.729902
Detached,1,H1,safe_unidirectional,best,4706.312271,5689.585932,755.817499
Detached,1,H1,hybrid_bidirectional,worst,4775.807225,5873.233754,515.391188
Detached,1,H1,hybrid_bidirectional,best,4311.822748,5865.308437,434.646111
Detached,1,H2,safe_unidirectional,worst,3450.071979,4184.672599,732.892483
Detached,1,H2,safe_unidirectional,best,3201.601792,4184.672599,650.487766
Detached,1,H2,hybrid_bidirectional,worst,2864.923818,4409.138111,301.736417
Detached,1,H2,hybrid_bidirectional,best,2253.507464,4400.065091,230.830226
Detached,1,H3,safe_unidirectional,worst,2483.124372,3220.452599,665.206151
Detached,1,H3,safe_unidirectional,best,2229.305286,3220.452599,582.42701
Detached,1,H3,hybrid_bidirectional,worst,1885.638405,3469.411155,184.160074
Detached,1,H3,hybrid_bidirectional,best,1286.581974,3455.288518,125.012849
Detached,1,H1,safe_unidirectional,worst,4921.27106,5661.237132,836.387475
Detached,1,H1,safe_unidirectional,best,4666.00065,5661.237132,753.386179
Detached,1,H1,hybrid_bidirectional,worst,4714.049187,5842.966392,501.766518
Detached,1,H1,hybrid_bidirectional,best,4251.325396,5835.979007,419.566523
Detached,1,H2,safe_unidirectional,worst,3406.372871,4156.323799,730.344602
Detached,1,H2,safe_unidirectional,best,3157.689456,4156.323799,647.804396
Detached,1,H2,hybrid_bidirectional,worst,2754.030046,4371.477289,297.49809
Detached,1,H2,hybrid_bidirectional,best,2136.654753,4361.062701,224.776692
Detached,1,H3,safe_unidirectional,worst,2443.147874,3192.103799,662.918852
Detached,1,H3,safe_unidirectional,best,2185.621726,3192.103799,579.759655
Detached,1,H3,hybrid_bidirectional,worst,1764.037993,3431.00892,181.318489
Detached,1,H3,hybrid_bidirectional,best,1215.579537,3416.252897,122.30379
Detached,1,H1,safe_unidirectional,worst,4885.526096,5544.293332,822.083009
Detached,1,H1,safe_unidirectional,best,4639.776047,5544.293332,742.424861
Detached,1,H1,hybrid_bidirectional,worst,4692.126381,5720.226608,505.130336
Detached,1,H1,hybrid_bidirectional,best,4218.822346,5711.773051,427.259547
Detached,1,H2,safe_unidirectional,worst,3369.706191,4039.379999,715.975616
Detached,1,H2,safe_unidirectional,best,3130.823508,4039.379999,636.798183
Detached,1,H2,hybrid_bidirectional,worst,2739.437656,4258.622555,282.083727
Detached,1,H2,hybrid_bidirectional,best,2112.62678,4251.297577,210.038275
Detached,1,H3,safe_unidirectional,worst,2404.865078,3075.159999,648.436738
Detached,1,H3,safe_unidirectional,best,2155.488014,3075.159999,568.524698
Detached,1,H3,hybrid_bidirectional,worst,1789.231013,3316.074295,172.506466
Detached,1,H3,hybrid_bidirectional,best,1212.241603,3304.984856,111.440633
Detached,1,H1,safe_unidirectional,worst,4849.799956,5548.313332,807.889923
Detached,1,H1,safe_unidirectional,best,4608.658894,5548.313332,729.211266
Detached,1,H1,hybrid_bidirectional,worst,4626.654574,5722.509998,488.393528
Detached,1,H1,hybrid_bidirectional,best,4158.617382,5713.982409,411.95493
Detached,1,H2,safe_unidirectional,worst,3336.195203,4043.399999,701.93759
Detached,1,H2,safe_unidirectional,best,3100.785008,4043.399999,623.660094
Detached,1,H2,hybrid_bidirectional,worst,2679.107784,4243.407395,288.375746
Detached,1,H2,hybrid_bidirectional,best,2067.967743,4238.586879,212.279898
Detached,1,H3,safe_unidirectional,worst,2369.939575,3079.179999,634.299696
Detached,1,H3,safe_unidirectional,best,2124.023719,3079.179999,555.286804
Detached,1,H3,hybrid_bidirectional,worst,1720.933055,3310.783862,158.330984
Detached,1,H3,hybrid_bidirectional,best,1185.736317,3295.193404,109.80617
Detached,1,H1,safe_unidirectional,worst,4878.230572,5583.134032,815.968168
Detached,1,H1,safe_unidirectional,best,4624.229246,5583.134032,733.811105
Detached,1,H1,hybrid_bidirectional,worst,4676.775472,5759.646003,495.789545
Detached,1,H1,hybrid_bidirectional,best,4162.840747,5752.593251,411.161818
Detached,1,H2,safe_unidirectional,worst,3363.476967,4078.220699,709.935415
Detached,1,H2,safe_unidirectional,best,3120.219548,4078.220699,628.530426
Detached,1,H2,hybrid_bidirectional,worst,2713.70211,4286.123587,285.531626
Detached,1,H2,hybrid_bidirectional,best,2062.937237,4277.254431,213.021213
Detached,1,H3,safe_unidirectional,worst,2401.943259,3114.000699,642.628056
Detached,1,H3,safe_unidirectional,best,2147.706842,3114.000699,560.454537
Detached,1,H3,hybrid_bidirectional,worst,1805.790245,3348.608747,169.544908
Detached,1,H3,hybrid_bidirectional,best,1208.811964,3333.990313,112.607067
Detached,1,H1,safe_unidirectional,worst,4884.682504,5578.396832,818.110734
Detached,1,H1,safe_unidirectional,best,4640.228891,5578.396832,739.017947
Detached,1,H1,hybrid_bidirectional,worst,4677.078418,5755.618285,497.22264
Detached,1,H1,hybrid_bidirectional,best,4198.4403,5746.716378,419.727058
Detached,1,H2,safe_unidirectional,worst,3366.653427,4073.483499,711.848699
Detached,1,H2,safe_unidirectional,best,3128.288972,4073.483499,633.182153
Detached,1,H2,hybrid_bidirectional,worst,2707.110929,4282.404302,284.800074
Detached,1,H2,hybrid_bidirectional,best,2090.863978,4275.650564,211.093896
Detached,1,H3,safe_unidirectional,worst,2404.984527,3109.263499,644.531876
Detached,1,H3,safe_unidirectional,best,2159.617043,3109.263499,565.375118
Detached,1,H3,hybrid_bidirectional,worst,1765.632591,3343.310145,171.360882
Detached,1,H3,hybrid_bidirectional,best,1214.201266,3328.503443,117.798068
Detached,1,H1,safe_unidirectional,worst,4979.66716,5698.409032,846.441476
Detached,1,H1,safe_unidirectional,best,4729.048903,5698.409032,765.094777
Detached,1,H1,hybrid_bidirectional,worst,4760.986041,5887.183021,511.02741
Detached,1,H1,hybrid_bidirectional,best,4277.374945,5882.296918,424.986972
Detached,1,H2,safe_unidirectional,worst,3468.007503,4193.495699,740.6253
Detached,1,H2,safe_unidirectional,best,3226.131872,4193.495699,659.890585
Detached,1,H2,hybrid_bidirectional,worst,2845.300907,4426.814925,302.47991
Detached,1,H2,hybrid_bidirectional,best,2210.036771,4415.924142,230.397759
Detached,1,H3,safe_unidirectional,worst,2502.937031,3229.275699,673.070367
Detached,1,H3,safe_unidirectional,best,2251.372054,3229.275699,591.657397
Detached,1,H3,hybrid_bidirectional,worst,1893.415583,3490.396113,183.044097
Detached,1,H3,hybrid_bidirectional,best,1258.656963,3474.304706,120.149151
Detached,1,H1,safe_unidirectional,worst,4774.02596,5471.182032,781.983724
Detached,1,H1,safe_unidirectional,best,4548.775995,5471.182032,709.506427
Detached,1,H1,hybrid_bidirectional,worst,4536.706926,5637.02443,481.07368
Detached,1,H1,hybrid_bidirectional,best,4099.591625,5633.044555,402.010786
Detached,1,H2,safe_unidirectional,worst,3261.190903,3966.268699,676.08527
Detached,1,H2,safe_unidirectional,best,3041.190764,3966.268699,603.975461
Detached,1,H2,hybrid_bidirectional,worst,2626.223489,4174.122661,277.143394
Detached,1,H2,hybrid_bidirectional,best,2027.595971,4167.575718,207.763389
Detached,1,H3,safe_unidirectional,worst,2297.309491,3002.048699,608.613571
Detached,1,H3,safe_unidirectional,best,2066.949595,3002.048699,535.778579
Detached,1,H3,hybrid_bidirectional,worst,1662.291622,3236.287521,158.808097
Detached,1,H3,hybrid_bidirectional,best,1149.197612,3221.510447,110.748808
Detached,1,H1,safe_unidirectional,worst,4877.247432,5586.354832,809.7478
Detached,1,H1,safe_unidirectional,best,4641.776299,5586.354832,733.757795
Detached,1,H1,hybrid_bidirectional,worst,4690.557771,5769.76572,486.976368
Detached,1,H1,hybrid_bidirectional,best,4240.987512,5763.76252,409.447021
Detached,1,H2,safe_unidirectional,worst,3363.917619,4081.441499,703.814713
Detached,1,H2,safe_unidirectional,best,3134.365515,4081.441499,628.23904
Detached,1,H2,hybrid_bidirectional,worst,2762.423369,4305.806253,280.427401
Detached,1,H2,hybrid_bidirectional,best,2116.703296,4296.906127,208.514646
Detached,1,H3,safe_unidirectional,worst,2398.313767,3117.221499,636.222444
Detached,1,H3,safe_unidirectional,best,2160.29321,3117.221499,560.053979
Detached,1,H3,hybrid_bidirectional,worst,1783.633738,3362.667469,170.38117
Detached,1,H3,hybrid_bidirectional,best,1189.973467,3350.706797,108.773195
Detached,1,H1,safe_unidirectional,worst,4815.32892,5529.345132,800.86025
Detached,1,H1,safe_unidirectional,best,4581.534959,5529.345132,725.773835
Detached,1,H1,hybrid_bidirectional,worst,4616.269188,5706.561157,478.071506
Detached,1,H1,hybrid_bidirectional,best,4154.344366,5699.37867,402.199553
Detached,1,H2,safe_unidirectional,worst,3299.324443,4024.431799,694.739936
Detached,1,H2,safe_unidirectional,best,3072.718296,4024.431799,620.156669
Detached,1,H2,hybrid_bidirectional,worst,2685.719635,4240.085854,278.304916
Detached,1,H2,hybrid_bidirectional,best,2081.280235,4232.221495,210.497548
Detached,1,H3,safe_unidirectional,worst,2334.372003,3060.211799,627.193266
Detached,1,H3,safe_unidirectional,best,2098.692198,3060.211799,551.974842
Detached,1,H3,hybrid_bidirectional,worst,1782.095257,3296.836619,173.883022
Detached,1,H3,hybrid_bidirectional,best,1169.510164,3283.84213,115.769344
Detached,1,H1,safe_unidirectional,worst,4868.498068,5557.503732,814.522101
Detached,1,H1,safe_unidirectional,best,4618.746383,5557.503732,732.821597
Detached,1,H1,hybrid_bidirectional,worst,4662.069294,5727.116121,508.744205
Detached,1,H1,hybrid_bidirectional,best,4198.731371,5723.185563,420.596873
Detached,1,H2,safe_unidirectional,worst,3355.460363,4052.590399,708.609462
Detached,1,H2,safe_unidirectional,best,3112.136727,4052.590399,627.358921
Detached,1,H2,hybrid_bidirectional,worst,2722.566786,4258.46431,292.157068
Detached,1,H2,hybrid_bidirectional,best,2111.015115,4253.765816,213.567561
Detached,1,H3,safe_unidirectional,worst,2393.94646,3088.370399,641.303489
Detached,1,H3,safe_unidirectional,best,2137.87153,3088.370399,559.160357
Detached,1,H3,hybrid_bidirectional,worst,1778.23999,3320.085425,174.443798
Detached,1,H3,hybrid_bidirectional,best,1213.05447,3307.498495,115.478861
Detached,1,H1,safe_unidirectional,worst,4836.09316,5525.088632,809.582282
Detached,1,H1,safe_unidirectional,best,4576.208662,5525.088632,725.27961
Detached,1,H1,hybrid_bidirectional,worst,4621.28459,5699.766296,487.271399
Detached,1,H1,hybrid_bidirectional,best,4142.233443,5691.695133,405.33697
Detached,1,H2,safe_unidirectional,worst,3319.883887,4020.175299,703.447633
Detached,1,H2,safe_unidirectional,best,3069.379504,4020.175299,619.801569
Detached,1,H2,hybrid_bidirectional,worst,2698.065134,4226.751923,286.958621
Detached,1,H2,hybrid_bidirectional,best,2066.697552,4217.310826,210.773696
Detached,1,H3,safe_unidirectional,worst,2358.536819,3055.955299,636.153338
Detached,1,H3,safe_unidirectional,best,2096.67069,3055.955299,551.711952
Detached,1,H3,hybrid_bidirectional,worst,1775.696288,3290.144565,168.439461
Detached,1,H3,hybrid_bidirectional,best,1197.479663,3272.060205,112.821675
Detached,1,H1,safe_unidirectional,worst,4856.331044,5575.819932,804.974869
Detached,1,H1,safe_unidirectional,best,4615.795923,5575.819932,727.300495
Detached,1,H1,hybrid_bidirectional,worst,4641.541791,5744.90912,504.224762
Detached,1,H1,hybrid_bidirectional,best,4159.593262,5741.200106,417.960456
Detached,1,H2,safe_unidirectional,worst,3342.392631,4070.906599,698.99918
Detached,1,H2,safe_unidirectional,best,3108.302872,4070.906599,621.775982
Detached,1,H2,hybrid_bidirectional,worst,2697.813816,4285.779869,287.774852
Detached,1,H2,hybrid_bidirectional,best,2093.566524,4278.756407,214.279755
Detached,1,H3,safe_unidirectional,worst,2378.284687,3106.686599,631.511624
Detached,1,H3,safe_unidirectional,best,2133.399126,3106.686599,553.532719
Detached,1,H3,hybrid_bidirectional,worst,1764.07456,3349.819301,167.538214
Detached,1,H3,hybrid_bidirectional,best,1190.878262,3332.531275,116.411548
Detached,1,H1,safe_unidirectional,worst,4859.680772,5543.531132,812.610683
Detached,1,H1,safe_unidirectional,best,4612.562043,5543.531132,732.563314
Detached,1,H1,hybrid_bidirectional,worst,4662.777172,5717.836853,495.483318
Detached,1,H1,hybrid_bidirectional,best,4198.365981,5711.985612,413.336087
Detached,1,H2,safe_unidirectional,worst,3345.074007,4038.617799,706.588209
Detached,1,H2,safe_unidirectional,best,3102.527996,4038.617799,626.860931
Detached,1,H2,hybrid_bidirectional,worst,2722.594903,4259.918228,283.468472
Detached,1,H2,hybrid_bidirectional,best,2113.854196,4251.585067,208.786734
Detached,1,H3,safe_unidirectional,worst,2378.205847,3074.397799,638.907438
Detached,1,H3,safe_unidirectional,best,2128.148811,3074.397799,558.654388
Detached,1,H3,hybrid_bidirectional,worst,1778.036754,3317.316412,174.76177
Detached,1,H3,hybrid_bidirectional,best,1237.441947,3301.925614,119.19691
Detached,1,H1,safe_unidirectional,worst,4862.525368,5570.113232,808.765536
Detached,1,H1,safe_unidirectional,best,4635.775523,5570.113232,735.021803
Detached,1,H1,hybrid_bidirectional,worst,4655.923208,5746.249398,493.632402
Detached,1,H1,hybrid_bidirectional,best,4212.56373,5741.852605,414.916779
Detached,1,H2,safe_unidirectional,worst,3346.648823,4065.199899,702.654178
Detached,1,H2,safe_unidirectional,best,3126.760004,4065.199899,629.390717
Detached,1,H2,hybrid_bidirectional,worst,2682.484934,4270.379292,283.237143
Detached,1,H2,hybrid_bidirectional,best,2085.641593,4265.147265,212.924825
Detached,1,H3,safe_unidirectional,worst,2381.544071,3100.979899,635.096845
Detached,1,H3,safe_unidirectional,best,2148.690543,3100.979899,560.925855
Detached,1,H3,hybrid_bidirectional,worst,1743.167866,3330.472015,169.775798
Detached,1,H3,hybrid_bidirectional,best,1166.237014,3317.879419,116.117808
Detached,1,H1,safe_unidirectional,worst,4840.256184,5640.988032,803.77306
Detached,1,H1,safe_unidirectional,best,4591.424211,5640.988032,722.872436
Detached,1,H1,hybrid_bidirectional,worst,4644.847559,5813.1302,491.267439
Detached,1,H1,hybrid_bidirectional,best,4176.667525,5805.704272,411.072588
Detached,1,H2,safe_unidirectional,worst,3328.037479,4136.074699,697.91775
Detached,1,H2,safe_unidirectional,best,3087.002511,4136.074699,617.562917
Detached,1,H2,hybrid_bidirectional,worst,2706.056732,4348.757097,285.560691
Detached,1,H2,hybrid_bidirectional,best,2064.489608,4337.517072,214.71035
Detached,1,H3,safe_unidirectional,worst,2360.433367,3171.854699,630.185462
Detached,1,H3,safe_unidirectional,best,2107.391039,3171.854699,548.990114
Detached,1,H3,hybrid_bidirectional,worst,1746.734296,3405.519742,176.18679
Detached,1,H3,hybrid_bidirectional,best,1182.111513,3392.457018,114.518825
Detached,1,H1,safe_unidirectional,worst,4896.529704,5592.749632,818.588427
Detached,1,H1,safe_unidirectional,best,4658.497438,5592.749632,741.648109
Detached,1,H1,hybrid_bidirectional,worst,4689.489141,5777.616455,486.278667
Detached,1,H1,hybrid_bidirectional,best,4241.959777,5770.898183,409.3731
Detached,1,H2,safe_unidirectional,worst,3379.728683,4087.836299,712.412356
Detached,1,H2,safe_unidirectional,best,3150.182736,4087.836299,636.06608
Detached,1,H2,hybrid_bidirectional,worst,2772.400937,4303.071528,290.444051
Detached,1,H2,hybrid_bidirectional,best,2173.904548,4297.496758,215.162269
Detached,1,H3,safe_unidirectional,worst,2417.207283,3123.616299,645.035858
Detached,1,H3,safe_unidirectional,best,2177.109815,3123.616299,567.950976
Detached,1,H3,hybrid_bidirectional,worst,1790.159508,3363.721573,173.36048
Detached,1,H3,hybrid_bidirectional,best,1195.916522,3347.873704,118.106412
Detached,1,H1,safe_unidirectional,worst,4871.766644,5607.994732,815.689632
Detached,1,H1,safe_unidirectional,best,4636.270775,5607.994732,739.750209
Detached,1,H1,hybrid_bidirectional,worst,4641.577559,5782.834407,487.588077
Detached,1,H1,hybrid_bidirectional,best,4198.496531,5775.571655,412.262572
Detached,1,H2,safe_unidirectional,worst,3357.655035,4103.081399,709.701819
Detached,1,H2,safe_unidirectional,best,3129.090723,4103.081399,634.247606
Detached,1,H2,hybrid_bidirectional,worst,2724.224666,4313.223633,293.656559
Detached,1,H2,hybrid_bidirectional,best,2104.011405,4307.970892,216.187053
Detached,1,H3,safe_unidirectional,worst,2390.628415,3138.861399,642.009956
Detached,1,H3,safe_unidirectional,best,2151.174518,3138.861399,565.793471
Detached,1,H3,hybrid_bidirectional,worst,1738.591736,3376.478837,171.503971
Detached,1,H3,hybrid_bidirectional,best,1188.482026,3360.748792,119.008671
Detached,1,H1,safe_unidirectional,worst,4802.88368,5485.535432,792.057026
Detached,1,H1,safe_unidirectional,best,4582.925002,5485.535432,721.034909
Detached,1,H1,hybrid_bidirectional,worst,4596.659149,5651.834147,493.842817
Detached,1,H1,hybrid_bidirectional,best,4176.787063,5645.235216,422.348225
Detached,1,H2,safe_unidirectional,worst,3287.044727,3980.622099,685.948299
Detached,1,H2,safe_unidirectional,best,3071.62346,3980.622099,615.243801
Detached,1,H2,hybrid_bidirectional,worst,2660.312782,4191.551746,282.480069
Detached,1,H2,hybrid_bidirectional,best,2099.875353,4185.263235,215.495252
Detached,1,H3,safe_unidirectional,worst,2328.239159,3016.402099,618.831909
Detached,1,H3,safe_unidirectional,best,2104.679583,3016.402099,547.55773
Detached,1,H3,hybrid_bidirectional,worst,1741.400828,3255.392885,163.173177
Detached,1,H3,hybrid_bidirectional,best,1234.801552,3243.152858,112.23638
Detached,1,H1,safe_unidirectional,worst,4793.606296,5491.021132,791.843278
Detached,1,H1,safe_unidirectional,best,4566.130127,5491.021132,717.870494
Detached,1,H1,hybrid_bidirectional,worst,4557.394474,5658.218137,480.313776
Detached,1,H1,hybrid_bidirectional,best,4116.599514,5652.696701,404.074517
Detached,1,H2,safe_unidirectional,worst,3280.993403,3986.107799,685.960375
Detached,1,H2,safe_unidirectional,best,3056.659068,3986.107799,612.20752
Detached,1,H2,hybrid_bidirectional,worst,2634.123997,4186.938365,273.103901
Detached,1,H2,hybrid_bidirectional,best,2011.859295,4180.022773,203.945759
Detached,1,H3,safe_unidirectional,worst,2315.181643,3021.887799,618.353552
Detached,1,H3,safe_unidirectional,best,2081.098538,3021.887799,543.918282
Detached,1,H3,hybrid_bidirectional,worst,1717.89654,3243.760444,168.475134
Detached,1,H3,hybrid_bidirectional,best,1145.278178,3230.770057,114.43149
Semi-detached,1,H1,safe_unidirectional,worst,4877.982588,5498.058232,818.506742
Semi-detached,1,H1,safe_unidirectional,best,4652.461855,5498.058232,745.763074
Semi-detached,1,H1,hybrid_bidirectional,worst,4665.49671,5668.896074,505.978812
Semi-detached,1,H1,hybrid_bidirectional,best,4247.717329,5662.253544,434.06769
Semi-detached,1,H2,safe_unidirectional,worst,3360.118679,3993.144899,712.256268
Semi-detached,1,H2,safe_unidirectional,best,3140.62876,3993.144899,639.934758
Semi-detached,1,H2,hybrid_bidirectional,worst,2739.738565,4192.102182,296.021481
Semi-detached,1,H2,hybrid_bidirectional,best,2155.473093,4186.97667,227.854497
Semi-detached,1,H3,safe_unidirectional,worst,2397.954923,3028.924899,644.904805
Semi-detached,1,H3,safe_unidirectional,best,2169.396527,3028.924899,571.948502
Semi-detached,1,H3,hybrid_bidirectional,worst,1794.666584,3251.726989,181.236571
Semi-detached,1,H3,hybrid_bidirectional,best,1242.56493,3245.081882,121.180526
Semi-detached,1,H1,safe_unidirectional,worst,4841.540424,5543.215232,796.921245
Semi-detached,1,H1,safe_unidirectional,best,4620.511687,5543.215232,725.760006
Semi-detached,1,H1,hybrid_bidirectional,worst,4632.943376,5710.717761,499.018577
Semi-detached,1,H1,hybrid_bidirectional,best,4198.481499,5705.283022,426.579037
Semi-detached,1,H2,safe_unidirectional,worst,3327.554863,4038.301899,690.942255
Semi-detached,1,H2,safe_unidirectional,best,3115.95556,4038.301899,620.441077
Semi-detached,1,H2,hybrid_bidirectional,worst,2714.421547,4246.734622,292.364813
Semi-detached,1,H2,hybrid_bidirectional,best,2102.639891,4243.632143,216.508672
Semi-detached,1,H3,safe_unidirectional,worst,2360.614559,3074.081899,623.256434
Semi-detached,1,H3,safe_unidirectional,best,2136.919902,3074.081899,551.908581
Semi-detached,1,H3,hybrid_bidirectional,worst,1767.492711,3311.001989,170.356385
Semi-detached,1,H3,hybrid_bidirectional,best,1203.26574,3298.943749,115.751603
Semi-detached,1,H1,safe_unidirectional,worst,4820.15532,5510.334032,786.745538
Semi-detached,1,H1,safe_unidirectional,best,4595.682663,5510.334032,714.836629
Semi-detached,1,H1,hybrid_bidirectional,worst,4594.448535,5677.451547,493.996476
Semi-detached,1,H1,hybrid_bidirectional,best,4173.437717,5674.506383,415.146085
Semi-detached,1,H2,safe_unidirectional,worst,3305.507963,4005.420699,680.720223
Semi-detached,1,H2,safe_unidirectional,best,3089.91614,4005.420699,609.432973
Semi-detached,1,H2,hybrid_bidirectional,worst,2681.519926,4213.999072,281.896689
Semi-detached,1,H2,hybrid_bidirectional,best,2059.831572,4212.850289,204.093363
Semi-detached,1,H3,safe_unidirectional,worst,2343.457203,3041.200699,613.37667
Semi-detached,1,H3,safe_unidirectional,best,2118.948107,3041.200699,541.46521
Semi-detached,1,H3,hybrid_bidirectional,worst,1691.431148,3277.370653,162.547179
Semi-detached,1,H3,hybrid_bidirectional,best,1156.803132,3264.000143,113.40026
Semi-detached,1,H1,safe_unidirectional,worst,4719.30182,5406.430232,763.305521
Semi-detached,1,H1,safe_unidirectional,best,4512.678027,5406.430232,696.612991
Semi-detached,1,H1,hybrid_bidirectional,worst,4520.646285,5579.948057,451.406171
Semi-detached,1,H1,hybrid_bidirectional,best,4077.883439,5572.982726,382.926067
Semi-detached,1,H2,safe_unidirectional,worst,3206.521003,3901.516899,657.410864
Semi-detached,1,H2,safe_unidirectional,best,3001.559996,3901.516899,590.834729
Semi-detached,1,H2,hybrid_bidirectional,worst,2587.625775,4103.801697,263.579299
Semi-detached,1,H2,hybrid_bidirectional,best,1955.576052,4099.893329,193.382053
Semi-detached,1,H3,safe_unidirectional,worst,2238.013111,2937.296899,589.615312
Semi-detached,1,H3,safe_unidirectional,best,2023.231479,2937.296899,522.351732
Semi-detached,1,H3,hybrid_bidirectional,worst,1638.843653,3161.628625,153.819364
Semi-detached,1,H3,hybrid_bidirectional,best,1043.378566,3151.248893,99.007298
Semi-detached,1,H1,safe_unidirectional,worst,4676.720852,5326.780032,757.592014
Semi-detached,1,H1,safe_unidirectional,best,4448.124566,5326.780032,684.768787
Semi-detached,1,H1,hybrid_bidirectional,worst,4450.329456,5484.448871,464.651222
Semi-detached,1,H1,hybrid_bidirectional,best,4025.642532,5480.348128,387.107561
Semi-detached,1,H2,safe_unidirectional,worst,3159.687007,3821.866699,651.399645
Semi-detached,1,H2,safe_unidirectional,best,2939.86416,3821.866699,579.190558
Semi-detached,1,H2,hybrid_bidirectional,worst,2526.405554,4020.652104,257.825169
Semi-detached,1,H2,hybrid_bidirectional,best,1929.85867,4010.740089,193.197616
Semi-detached,1,H3,safe_unidirectional,worst,2200.894732,2857.646699,584.284186
Semi-detached,1,H3,safe_unidirectional,best,1974.962143,2857.646699,511.647417
Semi-detached,1,H3,hybrid_bidirectional,worst,1616.422182,3077.13165,152.848821
Semi-detached,1,H3,hybrid_bidirectional,best,1088.424642,3062.169145,103.506901
Semi-detached,1,H1,safe_unidirectional,worst,4764.685708,5429.548432,778.335863
Semi-detached,1,H1,safe_unidirectional,best,4555.327223,5429.548432,711.111985
Semi-detached,1,H1,hybrid_bidirectional,worst,4541.842612,5598.491279,470.111631
Semi-detached,1,H1,hybrid_bidirectional,best,4091.781728,5592.746946,398.825931
Semi-detached,1,H2,safe_unidirectional,worst,3248.340755,3924.635099,672.191716
Semi-detached,1,H2,safe_unidirectional,best,3047.211072,3924.635099,605.543855
Semi-detached,1,H2,hybrid_bidirectional,worst,2584.41232,4116.977909,264.724643
Semi-detached,1,H2,hybrid_bidirectional,best,2017.023088,4111.052822,205.118455
Semi-detached,1,H3,safe_unidirectional,worst,2287.324916,2960.415099,604.920607
Semi-detached,1,H3,safe_unidirectional,best,2073.641931,2960.415099,537.394015
Semi-detached,1,H3,hybrid_bidirectional,worst,1671.243385,3173.313717,164.594048
Semi-detached,1,H3,hybrid_bidirectional,best,1148.787734,3164.479239,112.002648
Semi-detached,1,H1,safe_unidirectional,worst,4672.36292,5307.443832,752.772454
Semi-detached,1,H1,safe_unidirectional,best,4461.031103,5307.443832,685.251284
Semi-detached,1,H1,hybrid_bidirectional,worst,4419.329114,5464.470043,456.603702
Semi-detached,1,H1,hybrid_bidirectional,best,3988.223522,5459.597852,383.839794
Semi-detached,1,H2,safe_unidirectional,worst,3159.242359,3802.530499,646.854015
Semi-detached,1,H2,safe_unidirectional,best,2954.209792,3802.530499,579.773793
Semi-detached,1,H2,hybrid_bidirectional,worst,2517.687544,3994.066223,257.801687
Semi-detached,1,H2,hybrid_bidirectional,best,1966.933684,3985.970685,195.90095
Semi-detached,1,H3,safe_unidirectional,worst,2194.602279,2838.310499,579.329209
Semi-detached,1,H3,safe_unidirectional,best,1980.66745,2838.310499,511.625829
Semi-detached,1,H3,hybrid_bidirectional,worst,1613.01223,3053.519047,147.970262
Semi-detached,1,H3,hybrid_bidirectional,best,1088.278795,3040.053254,98.801934
Semi-detached,1,H1,safe_unidirectional,worst,4811.48062,5479.208232,796.539833
Semi-detached,1,H1,safe_unidirectional,best,4572.631235,5479.208232,720.446085
Semi-detached,1,H1,hybrid_bidirectional,worst,4602.878043,5652.402246,479.692418
Semi-detached,1,H1,hybrid_bidirectional,best,4151.236371,5645.168589,404.229738
Semi-detached,1,H2,safe_unidirectional,worst,3294.958319,3974.294899,690.383272
Semi-detached,1,H2,safe_unidirectional,best,3064.213948,3974.294899,614.856875
Semi-detached,1,H2,hybrid_bidirectional,worst,2678.999047,4185.664045,283.94033
Semi-detached,1,H2,hybrid_bidirectional,best,2054.137478,4179.852177,209.048564
Semi-detached,1,H3,safe_unidirectional,worst,2332.220835,3010.074899,622.991648
Semi-detached,1,H3,safe_unidirectional,best,2092.252274,3010.074899,546.819558
Semi-detached,1,H3,hybrid_bidirectional,worst,1744.982971,3247.96323,167.446745
Semi-detached,1,H3,hybrid_bidirectional,best,1140.912318,3235.78532,106.465786
Semi-detached,1,H1,safe_unidirectional,worst,4863.99608,5549.087432,808.741725
Semi-detached,1,H1,safe_unidirectional,best,4629.717438,5549.087432,732.815458
Semi-detached,1,H1,hybrid_bidirectional,worst,4638.617513,5724.828721,489.523358
Semi-detached,1,H1,hybrid_bidirectional,best,4195.429194,5717.704559,414.462472
Semi-detached,1,H2,safe_unidirectional,worst,3348.485923,4044.174099,702.656014
Semi-detached,1,H2,safe_unidirectional,best,3123.068256,4044.174099,627.350015
Semi-detached,1,H2,hybrid_bidirectional,worst,2729.411511,4256.043279,289.864067
Semi-detached,1,H2,hybrid_bidirectional,best,2123.497164,4252.057234,216.069787
Semi-detached,1,H3,safe_unidirectional,worst,2386.891766,3079.954099,635.344423
Semi-detached,1,H3,safe_unidirectional,best,2146.709204,3079.954099,559.004881
Semi-detached,1,H3,hybrid_bidirectional,worst,1729.794086,3317.413787,167.407442
Semi-detached,1,H3,hybrid_bidirectional,best,1194.252842,3304.629318,115.042667
Semi-detached,1,H1,safe_unidirectional,worst,4818.930116,5524.990432,796.539683
Semi-detached,1,H1,safe_unidirectional,best,4579.655026,5524.990432,718.786761
Semi-detached,1,H1,hybrid_bidirectional,worst,4598.902861,5696.674039,485.751395
Semi-detached,1,H1,hybrid_bidirectional,best,4135.770537,5691.544444,403.534999
Semi-detached,1,H2,safe_unidirectional,worst,3308.612255,4020.077099,690.817432
Semi-detached,1,H2,safe_unidirectional,best,3075.946115,4020.077099,613.527138
Semi-detached,1,H2,hybrid_bidirectional,worst,2659.974235,4236.587563,273.124299
Semi-detached,1,H2,hybrid_bidirectional,best,2036.642676,4227.465466,201.978659
Semi-detached,1,H3,safe_unidirectional,worst,2342.809824,3055.857099,623.211262
Semi-detached,1,H3,safe_unidirectional,best,2099.884214,3055.857099,545.202805
Semi-detached,1,H3,hybrid_bidirectional,worst,1696.934661,3295.166409,161.64568
Semi-detached,1,H3,hybrid_bidirectional,best,1136.310299,3280.249008,106.035413
Semi-detached,1,H1,safe_unidirectional,worst,4802.386544,5456.993532,788.595881
Semi-detached,1,H1,safe_unidirectional,best,4584.122875,5456.993532,718.979979
Semi-detached,1,H1,hybrid_bidirectional,worst,4579.080652,5623.616297,480.8888
Semi-detached,1,H1,hybrid_bidirectional,best,4133.972338,5619.366111,405.887891
Semi-detached,1,H2,safe_unidirectional,worst,3287.357155,3952.080199,682.543824
Semi-detached,1,H2,safe_unidirectional,best,3077.319172,3952.080199,613.50372
Semi-detached,1,H2,hybrid_bidirectional,worst,2657.583921,4152.913196,281.548232
Semi-detached,1,H2,hybrid_bidirectional,best,2025.902531,4150.087812,206.769
Semi-detached,1,H3,safe_unidirectional,worst,2318.572615,2987.860199,614.728906
Semi-detached,1,H3,safe_unidirectional,best,2096.402206,2987.860199,544.839532
Semi-detached,1,H3,hybrid_bidirectional,worst,1737.577451,3205.287375,184.848486
Semi-detached,1,H3,hybrid_bidirectional,best,1169.662562,3198.470803,122.632785
Semi-detached,1,H1,safe_unidirectional,worst,4822.67056,5516.194532,795.362618
Semi-detached,1,H1,safe_unidirectional,best,4576.880742,5516.194532,715.275769
Semi-detached,1,H1,hybrid_bidirectional,worst,4604.227526,5684.838827,488.900938
Semi-detached,1,H1,hybrid_bidirectional,best,4133.07432,5678.070376,408.812027
Semi-detached,1,H2,safe_unidirectional,worst,3308.521143,4011.281199,689.372159
Semi-detached,1,H2,safe_unidirectional,best,3069.14688,4011.281199,609.734399
Semi-detached,1,H2,hybrid_bidirectional,worst,2688.038415,4224.888005,286.357675
Semi-detached,1,H2,hybrid_bidirectional,best,2054.345709,4214.444764,212.35669
Semi-detached,1,H3,safe_unidirectional,worst,2347.258848,3047.061199,622.083799
Semi-detached,1,H3,safe_unidirectional,best,2097.720274,3047.061199,541.734536
Semi-detached,1,H3,hybrid_bidirectional,worst,1722.934587,3283.940304,168.040373
Semi-detached,1,H3,hybrid_bidirectional,best,1154.621495,3266.640802,113.63385
Semi-detached,1,H1,safe_unidirectional,worst,4764.162332,5408.701632,783.571872
Semi-detached,1,H1,safe_unidirectional,best,4542.045463,5408.701632,712.604794
Semi-detached,1,H1,hybrid_bidirectional,worst,4556.818326,5581.48719,470.259053
Semi-detached,1,H1,hybrid_bidirectional,best,4121.324363,5575.987574,396.341271
Semi-detached,1,H2,safe_unidirectional,worst,3251.596511,3903.788299,677.692264
Semi-detached,1,H2,safe_unidirectional,best,3040.042904,3903.788299,607.464615
Semi-detached,1,H2,hybrid_bidirectional,worst,2613.018284,4107.164147,277.444249
Semi-detached,1,H2,hybrid_bidirectional,best,2032.480024,4102.158104,208.329864
Semi-detached,1,H3,safe_unidirectional,worst,2289.632855,2939.568299,610.354808
Semi-detached,1,H3,safe_unidirectional,best,2066.439539,2939.568299,539.312379
Semi-detached,1,H3,hybrid_bidirectional,worst,1689.545278,3170.038659,162.105636
Semi-detached,1,H3,hybrid_bidirectional,best,1160.075842,3157.000061,111.957353
Semi-detached,1,H1,safe_unidirectional,worst,4771.071324,5455.625232,779.96224
Semi-detached,1,H1,safe_unidirectional,best,4537.381859,5455.625232,705.275893
Semi-detached,1,H1,hybrid_bidirectional,worst,4528.49948,5616.716771,473.78058
Semi-detached,1,H1,hybrid_bidirectional,best,4080.87594,5611.439451,398.031584
Semi-detached,1,H2,safe_unidirectional,worst,3255.728831,3950.711899,673.888265
Semi-detached,1,H2,safe_unidirectional,best,3033.056652,3950.711899,599.973129
Semi-detached,1,H2,hybrid_bidirectional,worst,2598.513798,4144.779914,266.695935
Semi-detached,1,H2,hybrid_bidirectional,best,1969.707191,4140.10009,195.584302
Semi-detached,1,H3,safe_unidirectional,worst,2290.838274,2986.491899,606.345926
Semi-detached,1,H3,safe_unidirectional,best,2056.995426,2986.491899,531.648843
Semi-detached,1,H3,hybrid_bidirectional,worst,1650.235824,3208.20811,152.422957
Semi-detached,1,H3,hybrid_bidirectional,best,1112.625781,3192.793769,102.950674
Semi-detached,1,H1,safe_unidirectional,worst,4737.326764,5453.349132,772.424542
Semi-detached,1,H1,safe_unidirectional,best,4486.49809,5453.349132,690.289202
Semi-detached,1,H1,hybrid_bidirectional,worst,4535.863207,5617.538388,476.903604
Semi-detached,1,H1,hybrid_bidirectional,best,4051.280594,5607.245437,399.811422
Semi-detached,1,H2,safe_unidirectional,worst,3227.084259,3948.435799,666.707567
Semi-detached,1,H2,safe_unidirectional,best,2982.340859,3948.435799,584.998196
Semi-detached,1,H2,hybrid_bidirectional,worst,2639.34179,4156.464326,265.477617
Semi-detached,1,H2,hybrid_bidirectional,best,2021.453059,4144.801213,196.249357
Semi-detached,1,H3,safe_unidirectional,worst,2265.833107,2984.215799,599.419986
Semi-detached,1,H3,safe_unidirectional,best,2009.73639,2984.215799,516.915883
Semi-detached,1,H3,hybrid_bidirectional,worst,1690.949994,3214.188171,156.607307
Semi-detached,1,H3,hybrid_bidirectional,best,1089.694175,3195.140003,102.978186
Semi-detached,1,H1,safe_unidirectional,worst,4777.145012,5419.747832,782.13157
Semi-detached,1,H1,safe_unidirectional,best,4557.622847,5419.747832,711.694878
Semi-detached,1,H1,hybrid_bidirectional,worst,4568.798149,5581.974207,490.185782
Semi-detached,1,H1,hybrid_bidirectional,best,4147.856643,5576.264468,417.556015
Semi-detached,1,H2,safe_unidirectional,worst,3260.940603,3914.834499,675.997262
Semi-detached,1,H2,safe_unidirectional,best,3050.061167,3914.834499,606.16556
Semi-detached,1,H2,hybrid_bidirectional,worst,2648.247594,4113.098295,285.827094
Semi-detached,1,H2,hybrid_bidirectional,best,2089.301102,4106.51508,221.918877
Semi-detached,1,H3,safe_unidirectional,worst,2295.989123,2950.614499,608.450658
Semi-detached,1,H3,safe_unidirectional,best,2072.431314,2950.614499,537.73147
Semi-detached,1,H3,hybrid_bidirectional,worst,1729.018306,3170.757443,180.807394
Semi-detached,1,H3,hybrid_bidirectional,best,1195.471173,3160.470547,123.960357
Semi-detached,1,H1,safe_unidirectional,worst,4690.198668,5355.325932,758.925071
Semi-detached,1,H1,safe_unidirectional,best,4470.35493,5355.325932,688.569065
Semi-detached,1,H1,hybrid_bidirectional,worst,4495.961439,5515.610895,466.312958
Semi-detached,1,H1,hybrid_bidirectional,best,4061.152075,5508.835431,394.371488
Semi-detached,1,H2,safe_unidirectional,worst,3178.442047,3850.412599,653.102108
Semi-detached,1,H2,safe_unidirectional,best,2966.420704,3850.412599,583.293669
Semi-detached,1,H2,hybrid_bidirectional,worst,2547.922346,4042.053931,271.226753
Semi-detached,1,H2,hybrid_bidirectional,best,1960.466573,4033.937613,204.751626
Semi-detached,1,H3,safe_unidirectional,worst,2213.916291,2886.192599,585.585305
Semi-detached,1,H3,safe_unidirectional,best,1990.726695,2886.192599,514.995089
Semi-detached,1,H3,hybrid_bidirectional,worst,1655.507277,3107.636751,150.428017
Semi-detached,1,H3,hybrid_bidirectional,best,1124.284609,3093.267558,100.483372
Semi-detached,1,H1,safe_unidirectional,worst,4888.33298,5590.850432,820.103096
Semi-detached,1,H1,safe_unidirectional,best,4626.312899,5590.850432,734.640989
Semi-detached,1,H1,hybrid_bidirectional,worst,4665.083799,5767.218323,500.47456
Semi-detached,1,H1,hybrid_bidirectional,best,4189.637084,5758.887059,418.023376
Semi-detached,1,H2,safe_unidirectional,worst,3372.120759,4085.937099,713.968241
Semi-detached,1,H2,safe_unidirectional,best,3117.886623,4085.937099,629.051149
Semi-detached,1,H2,hybrid_bidirectional,worst,2738.4107,4308.180277,299.743121
Semi-detached,1,H2,hybrid_bidirectional,best,2103.975833,4295.023757,221.521904
Semi-detached,1,H3,safe_unidirectional,worst,2410.712283,3121.717099,646.669647
Semi-detached,1,H3,safe_unidirectional,best,2146.030138,3121.717099,561.021195
Semi-detached,1,H3,hybrid_bidirectional,worst,1802.992563,3366.303609,189.30224
Semi-detached,1,H3,hybrid_bidirectional,best,1220.16802,3348.860055,123.94721
Semi-detached,1,H1,safe_unidirectional,worst,4761.949432,5447.239832,784.59801
Semi-detached,1,H1,safe_unidirectional,best,4536.838743,5447.239832,712.345805
Semi-detached,1,H1,hybrid_bidirectional,worst,4546.756042,5615.636219,473.255739
Semi-detached,1,H1,hybrid_bidirectional,best,4112.949508,5609.524438,399.39093
Semi-detached,1,H2,safe_unidirectional,worst,3246.170255,3942.326499,678.493468
Semi-detached,1,H2,safe_unidirectional,best,3029.758991,3942.326499,606.850223
Semi-detached,1,H2,hybrid_bidirectional,worst,2614.836248,4142.424212,274.202416
Semi-detached,1,H2,hybrid_bidirectional,best,2021.359702,4139.066446,202.181381
Semi-detached,1,H3,safe_unidirectional,worst,2285.164431,2978.106499,611.22306
Semi-detached,1,H3,safe_unidirectional,best,2058.995135,2978.106499,538.896753
Semi-detached,1,H3,hybrid_bidirectional,worst,1642.888473,3202.913981,157.648593
Semi-detached,1,H3,hybrid_bidirectional,best,1114.138563,3190.495215,107.498843
Semi-detached,1,H1,safe_unidirectional,worst,4792.657928,5481.768132,788.122905
Semi-detached,1,H1,safe_unidirectional,best,4572.089842,5481.768132,716.694538
Semi-detached,1,H1,hybrid_bidirectional,worst,4573.677414,5650.555888,482.365374
Semi-detached,1,H1,hybrid_bidirectional,best,4131.540098,5643.829082,409.693938
Semi-detached,1,H2,safe_unidirectional,worst,3280.522527,3976.854799,682.273427
Semi-detached,1,H2,safe_unidirectional,best,3064.717112,3976.854799,611.178446
Semi-detached,1,H2,hybrid_bidirectional,worst,2661.613022,4189.687758,275.858542
Semi-detached,1,H2,hybrid_bidirectional,best,2074.032454,4183.051799,206.835341
Semi-detached,1,H3,safe_unidirectional,worst,2316.738051,3012.634799,614.808514
Semi-detached,1,H3,safe_unidirectional,best,2091.38183,3012.634799,543.044977
Semi-detached,1,H3,hybrid_bidirectional,worst,1713.043251,3248.055427,164.893007
Semi-detached,1,H3,hybrid_bidirectional,best,1174.939454,3238.594057,106.664638
Semi-detached,1,H1,safe_unidirectional,worst,4712.623368,5405.839532,760.922263
Semi-detached,1,H1,safe_unidirectional,best,4490.060639,5405.839532,690.100033
Semi-detached,1,H1,hybrid_bidirectional,worst,4494.081216,5566.357393,472.515904
Semi-detached,1,H1,hybrid_bidirectional,best,4051.096438,5563.528061,394.330242
Semi-detached,1,H2,safe_unidirectional,worst,3196.414711,3900.926199,654.787657
Semi-detached,1,H2,safe_unidirectional,best,2984.75238,3900.926199,584.728455
Semi-detached,1,H2,hybrid_bidirectional,worst,2594.075327,4102.356647,275.747686
Semi-detached,1,H2,hybrid_bidirectional,best,1992.133788,4094.891453,205.583299
Semi-detached,1,H3,safe_unidirectional,worst,2230.988083,2936.706199,587.207793
Semi-detached,1,H3,safe_unidirectional,best,2008.798548,2936.706199,516.411687
Semi-detached,1,H3,hybrid_bidirectional,worst,1658.99186,3168.32349,151.75442
Semi-detached,1,H3,hybrid_bidirectional,best,1141.02157,3153.523156,102.189215
Semi-detached,1,H1,safe_unidirectional,worst,4675.367448,5334.436932,756.79092
Semi-detached,1,H1,safe_unidirectional,best,4461.099291,5334.436932,688.262199
Semi-detached,1,H1,hybrid_bidirectional,worst,4444.320325,5487.151442,458.864503
Semi-detached,1,H1,hybrid_bidirectional,best,4017.922247,5478.553997,392.29582
Semi-detached,1,H2,safe_unidirectional,worst,3158.101231,3829.523599,650.582285
Semi-detached,1,H2,safe_unidirectional,best,2951.305448,3829.523599,582.57663
Semi-detached,1,H2,hybrid_bidirectional,worst,2500.01483,4011.056921,267.60754
Semi-detached,1,H2,hybrid_bidirectional,best,1935.660524,4007.484514,196.4325
Semi-detached,1,H3,safe_unidirectional,worst,2193.603851,2865.303599,583.067468
Semi-detached,1,H3,safe_unidirectional,best,1977.060495,2865.303599,514.379483
Semi-detached,1,H3,hybrid_bidirectional,worst,1618.979708,3078.582923,145.19524
Semi-detached,1,H3,hybrid_bidirectional,best,1084.698923,3061.679368,101.709286
Semi-detached,1,H1,safe_unidirectional,worst,4790.107828,5494.060032,791.648332
Semi-detached,1,H1,safe_unidirectional,best,4558.799427,5494.060032,717.356392
Semi-detached,1,H1,hybrid_bidirectional,worst,4578.70873,5660.816703,479.217029
Semi-detached,1,H1,hybrid_bidirectional,best,4109.64218,5655.908971,399.510876
Semi-detached,1,H2,safe_unidirectional,worst,3279.662643,3989.146699,685.917169
Semi-detached,1,H2,safe_unidirectional,best,3054.068704,3989.146699,612.025241
Semi-detached,1,H2,hybrid_bidirectional,worst,2629.467218,4189.711544,279.015156
Semi-detached,1,H2,hybrid_bidirectional,best,2021.31995,4182.606985,207.608634
Semi-detached,1,H3,safe_unidirectional,worst,2311.423819,3024.926699,618.140452
Semi-detached,1,H3,safe_unidirectional,best,2077.679402,3024.926699,543.67799
Semi-detached,1,H3,hybrid_bidirectional,worst,1726.246381,3254.136893,157.531291
Semi-detached,1,H3,hybrid_bidirectional,best,1136.692382,3241.486237,101.422279
Semi-detached,1,H1,safe_unidirectional,worst,4781.18962,5489.837232,786.624711
Semi-detached,1,H1,safe_unidirectional,best,4565.270343,5489.837232,717.055863
Semi-detached,1,H1,hybrid_bidirectional,worst,4585.297358,5657.518271,484.16608
Semi-detached,1,H1,hybrid_bidirectional,best,4147.865906,5652.841669,410.138205
Semi-detached,1,H2,safe_unidirectional,worst,3271.153783,3984.923899,680.922203
Semi-detached,1,H2,safe_unidirectional,best,3059.09248,3984.923899,611.623413
Semi-detached,1,H2,hybrid_bidirectional,worst,2648.673746,4187.770973,270.170446
Semi-detached,1,H2,hybrid_bidirectional,best,2038.039872,4181.991318,204.437775
Semi-detached,1,H3,safe_unidirectional,worst,2304.783063,3020.703899,613.276252
Semi-detached,1,H3,safe_unidirectional,best,2084.232954,3020.703899,543.383246
Semi-detached,1,H3,hybrid_bidirectional,worst,1658.36769,3241.114798,166.384682
Semi-detached,1,H3,hybrid_bidirectional,best,1147.507118,3234.062641,110.767316
Semi-detached,1,H1,safe_unidirectional,worst,4741.19818,5439.517232,774.802192
Semi-detached,1,H1,safe_unidirectional,best,4523.416015,5439.517232,704.368343
Semi-detached,1,H1,hybrid_bidirectional,worst,4533.96104,5604.81336,474.500118
Semi-detached,1,H1,hybrid_bidirectional,best,4097.786146,5597.17772,405.423176
Semi-detached,1,H2,safe_unidirectional,worst,3233.360011,3934.603899,669.25352
Semi-detached,1,H2,safe_unidirectional,best,3019.597999,3934.603899,599.101082
Semi-detached,1,H2,hybrid_bidirectional,worst,2626.741728,4136.956846,266.754461
Semi-detached,1,H2,hybrid_bidirectional,best,2026.956584,4130.152793,201.88638
Semi-detached,1,H3,safe_unidirectional,worst,2263.126399,2970.383899,601.337167
Semi-detached,1,H3,safe_unidirectional,best,2036.481038,2970.383899,530.282894
Semi-detached,1,H3,hybrid_bidirectional,worst,1650.929084,3195.615399,155.846094
Semi-detached,1,H3,hybrid_bidirectional,best,1105.010781,3182.304417,106.89819
Semi-detached,1,H1,safe_unidirectional,worst,4745.115692,5360.209732,777.205125
Semi-detached,1,H1,safe_unidirectional,best,4505.309059,5360.209732,699.619566
Semi-detached,1,H1,hybrid_bidirectional,worst,4502.250118,5520.834418,480.849035
Semi-detached,1,H1,hybrid_bidirectional,best,4056.292903,5514.561506,402.645362
Semi-detached,1,H2,safe_unidirectional,worst,3231.012699,3855.296399,671.217916
Semi-detached,1,H2,safe_unidirectional,best,3000.696268,3855.296399,594.296671
Semi-detached,1,H2,hybrid_bidirectional,worst,2567.37636,4051.0549,280.13714
Semi-detached,1,H2,hybrid_bidirectional,best,1983.046954,4040.712381,212.046439
Semi-detached,1,H3,safe_unidirectional,worst,2267.262859,2891.076399,603.755427
Semi-detached,1,H3,safe_unidirectional,best,2022.258127,2891.076399,525.806001
Semi-detached,1,H3,hybrid_bidirectional,worst,1622.260965,3117.096966,154.952508
Semi-detached,1,H3,hybrid_bidirectional,best,1105.309543,3099.962996,105.477372
Semi-detached,1,H1,safe_unidirectional,worst,4767.097288,5418.551132,779.919436
Semi-detached,1,H1,safe_unidirectional,best,4523.623291,5418.551132,700.580248
Semi-detached,1,H1,hybrid_bidirectional,worst,4529.757814,5578.121624,481.099746
Semi-detached,1,H1,hybrid_bidirectional,best,4079.16867,5570.997201,402.525271
Semi-detached,1,H2,safe_unidirectional,worst,3252.575535,3913.637799,673.902914
Semi-detached,1,H2,safe_unidirectional,best,3015.414979,3913.637799,595.005666
Semi-detached,1,H2,hybrid_bidirectional,worst,2613.845841,4104.947497,282.221784
Semi-detached,1,H2,hybrid_bidirectional,best,1992.425292,4100.698789,204.597899
Semi-detached,1,H3,safe_unidirectional,worst,2288.432679,2949.417799,606.412914
Semi-detached,1,H3,safe_unidirectional,best,2039.205319,2949.417799,526.67099
Semi-detached,1,H3,hybrid_bidirectional,worst,1660.499875,3167.669788,163.289447
Semi-detached,1,H3,hybrid_bidirectional,best,1121.166652,3154.181796,109.337575
Semi-detached,1,H1,safe_unidirectional,worst,4749.405916,5434.749532,776.282167
Semi-detached,1,H1,safe_unidirectional,best,4527.987938,5434.749532,704.768836
Semi-detached,1,H1,hybrid_bidirectional,worst,4521.954296,5602.288678,468.890625
Semi-detached,1,H1,hybrid_bidirectional,best,4088.433627,5596.926993,394.823904
Semi-detached,1,H2,safe_unidirectional,worst,3234.906787,3929.836199,670.267228
Semi-detached,1,H2,safe_unidirectional,best,3019.334312,3929.836199,599.163082
Semi-detached,1,H2,hybrid_bidirectional,worst,2609.071712,4135.024606,275.114
Semi-detached,1,H2,hybrid_bidirectional,best,1989.835934,4128.857423,201.428064
Semi-detached,1,H3,safe_unidirectional,worst,2270.299067,2965.616199,602.744688
Semi-detached,1,H3,safe_unidirectional,best,2045.230866,2965.616199,530.975841
Semi-detached,1,H3,hybrid_bidirectional,worst,1649.023882,3198.065249,155.513328
Semi-detached,1,H3,hybrid_bidirectional,best,1080.846311,3181.849935,104.189327
Semi-detached,1,H1,safe_unidirectional,worst,4764.945584,5426.376532,783.067646
Semi-detached,1,H1,safe_unidirectional,best,4501.212834,5426.376532,696.90663
Semi-detached,1,H1,hybrid_bidirectional,worst,4546.12369,5584.915739,492.764147
Semi-detached,1,H1,hybrid_bidirectional,best,4072.490634,5576.895011,408.53111
Semi-detached,1,H2,safe_unidirectional,worst,3251.257003,3921.463199,677.109445
Semi-detached,1,H2,safe_unidirectional,best,2994.931464,3921.463199,591.466934
Semi-detached,1,H2,hybrid_bidirectional,worst,2654.206932,4119.263505,286.111944
Semi-detached,1,H2,hybrid_bidirectional,best,2044.650405,4109.250832,214.942966
Semi-detached,1,H3,safe_unidirectional,worst,2284.508639,2957.243199,609.43706
Semi-detached,1,H3,safe_unidirectional,best,2018.620998,2957.243199,523.125201
Semi-detached,1,H3,hybrid_bidirectional,worst,1697.719337,3182.690203,165.666738
Semi-detached,1,H3,hybrid_bidirectional,best,1154.641972,3165.486143,112.997971
Semi-detached,1,H1,safe_unidirectional,worst,4794.96886,5447.833932,788.608255
Semi-detached,1,H1,safe_unidirectional,best,4551.497158,5447.833932,710.112616
Semi-detached,1,H1,hybrid_bidirectional,worst,4566.540749,5613.823322,489.490104
Semi-detached,1,H1,hybrid_bidirectional,best,4106.332005,5606.624228,408.042498
Semi-detached,1,H2,safe_unidirectional,worst,3282.353399,3942.920599,682.725173
Semi-detached,1,H2,safe_unidirectional,best,3047.769656,3942.920599,604.851691
Semi-detached,1,H2,hybrid_bidirectional,worst,2627.984683,4142.926525,284.384913
Semi-detached,1,H2,hybrid_bidirectional,best,2010.369096,4136.706868,210.414547
Semi-detached,1,H3,safe_unidirectional,worst,2318.347831,2978.700599,615.244783
Semi-detached,1,H3,safe_unidirectional,best,2071.71551,2978.700599,536.527901
Semi-detached,1,H3,hybrid_bidirectional,worst,1696.450928,3199.179223,179.093224
Semi-detached,1,H3,hybrid_bidirectional,best,1135.360173,3185.164345,125.183738
Semi-detached,1,H1,safe_unidirectional,worst,4876.658948,5595.696232,809.443772
Semi-detached,1,H1,safe_unidirectional,best,4645.535767,5595.696232,734.363608
Semi-detached,1,H1,hybrid_bidirectional,worst,4655.471438,5780.119019,482.560226
Semi-detached,1,H1,hybrid_bidirectional,best,4196.498863,5773.993479,404.992952
Semi-detached,1,H2,safe_unidirectional,worst,3362.516163,4090.782899,703.453777
Semi-detached,1,H2,safe_unidirectional,best,3135.380804,4090.782899,628.65276
Semi-detached,1,H2,hybrid_bidirectional,worst,2682.050973,4313.532873,282.836272
Semi-detached,1,H2,hybrid_bidirectional,best,2077.549684,4304.916557,212.278526
Semi-detached,1,H3,safe_unidirectional,worst,2398.333227,3126.562899,635.960971
Semi-detached,1,H3,safe_unidirectional,best,2163.866835,3126.562899,560.646782
Semi-detached,1,H3,hybrid_bidirectional,worst,1696.339549,3372.659383,168.592705
Semi-detached,1,H3,hybrid_bidirectional,best,1133.003502,3360.469065,108.878832
Semi-detached,1,H1,safe_unidirectional,worst,4892.355776,5611.932432,813.413041
Semi-detached,1,H1,safe_unidirectional,best,4691.160027,5611.932432,748.009139
Semi-detached,1,H1,hybrid_bidirectional,worst,4683.843833,5790.564179,495.845392
Semi-detached,1,H1,hybrid_bidirectional,best,4255.708772,5785.742893,425.728891
Semi-detached,1,H2,safe_unidirectional,worst,3375.977935,4107.019099,707.266592
Semi-detached,1,H2,safe_unidirectional,best,3176.80836,4107.019099,642.004522
Semi-detached,1,H2,hybrid_bidirectional,worst,2755.228969,4326.871641,298.641045
Semi-detached,1,H2,hybrid_bidirectional,best,2182.287304,4323.77507,227.295025
Semi-detached,1,H3,safe_unidirectional,worst,2414.951579,3142.799099,639.994747
Semi-detached,1,H3,safe_unidirectional,best,2206.552039,3142.799099,574.08658
Semi-detached,1,H3,hybrid_bidirectional,worst,1792.643097,3389.561421,177.807046
Semi-detached,1,H3,hybrid_bidirectional,best,1227.439229,3381.356837,119.536742
Semi-detached,1,H1,safe_unidirectional,worst,4737.026908,5414.611332,774.772639
Semi-detached,1,H1,safe_unidirectional,best,4517.674636,5414.611332,704.364696
Semi-detached,1,H1,hybrid_bidirectional,worst,4498.807633,5579.674528,470.493825
Semi-detached,1,H1,hybrid_bidirectional,best,4062.483457,5574.249987,396.841283
Semi-detached,1,H2,safe_unidirectional,worst,3223.155623,3909.697999,668.801649
Semi-detached,1,H2,safe_unidirectional,best,3010.208808,3909.697999,598.842088
Semi-detached,1,H2,hybrid_bidirectional,worst,2567.810469,4111.84667,264.677015
Semi-detached,1,H2,hybrid_bidirectional,best,1951.404964,4103.630548,196.873124
Semi-detached,1,H3,safe_unidirectional,worst,2258.837079,2945.477999,601.299351
Semi-detached,1,H3,safe_unidirectional,best,2037.65097,2945.477999,530.763039
Semi-detached,1,H3,hybrid_bidirectional,worst,1594.65171,3170.817988,151.155632
Semi-detached,1,H3,hybrid_bidirectional,best,1086.191078,3156.833518,102.65296
Semi-detached,1,H1,safe_unidirectional,worst,4873.775688,5566.083332,819.089489
Semi-detached,1,H1,safe_unidirectional,best,4646.37341,5566.083332,745.515131
Semi-detached,1,H1,hybrid_bidirectional,worst,4659.198667,5740.194295,501.959447
Semi-detached,1,H1,hybrid_bidirectional,best,4226.131648,5733.591558,427.141556
Semi-detached,1,H2,safe_unidirectional,worst,3357.485271,4061.169999,712.949159
Semi-detached,1,H2,safe_unidirectional,best,3137.237992,4061.169999,639.875652
Semi-detached,1,H2,hybrid_bidirectional,worst,2724.412085,4279.115692,288.769261
Semi-detached,1,H2,hybrid_bidirectional,best,2125.284065,4273.0181,220.323566
Semi-detached,1,H3,safe_unidirectional,worst,2395.747612,3096.949999,645.627523
Semi-detached,1,H3,safe_unidirectional,best,2166.40093,3096.949999,571.917058
Semi-detached,1,H3,hybrid_bidirectional,worst,1774.124704,3341.292168,169.525757
Semi-detached,1,H3,hybrid_bidirectional,best,1265.283302,3329.81842,118.83615
Semi-detached,1,H1,safe_unidirectional,worst,4633.47434,5276.704832,738.403635
Semi-detached,1,H1,safe_unidirectional,best,4423.883683,5276.704832,670.906475
Semi-detached,1,H1,hybrid_bidirectional,worst,4404.861939,5432.176906,451.546241
Semi-detached,1,H1,hybrid_bidirectional,best,3977.842374,5424.354946,384.437494
Semi-detached,1,H2,safe_unidirectional,worst,3121.691651,3771.791499,632.578847
Semi-detached,1,H2,safe_unidirectional,best,2918.026312,3771.791499,565.496459
Semi-detached,1,H2,hybrid_bidirectional,worst,2509.184614,3959.727918,265.224381
Semi-detached,1,H2,hybrid_bidirectional,best,1899.727256,3955.345862,193.440217
Semi-detached,1,H3,safe_unidirectional,worst,2160.896631,2807.571499,565.323196
Semi-detached,1,H3,safe_unidirectional,best,1946.034807,2807.571499,497.457053
Semi-detached,1,H3,hybrid_bidirectional,worst,1554.512286,3017.620606,155.992639
Semi-detached,1,H3,hybrid_bidirectional,best,1034.536771,3006.189833,104.047594
Semi-detached,1,H1,safe_unidirectional,worst,4723.809228,5385.056032,770.959895
Semi-detached,1,H1,safe_unidirectional,best,4480.476331,5385.056032,692.651805
Semi-detached,1,H1,hybrid_bidirectional,worst,4503.837457,5541.298004,482.87591
Semi-detached,1,H1,hybrid_bidirectional,best,4045.879042,5536.909098,399.736157
Semi-detached,1,H2,safe_unidirectional,worst,3204.376695,3880.142699,664.599617
Semi-detached,1,H2,safe_unidirectional,best,2967.958096,3880.142699,586.775529
Semi-detached,1,H2,hybrid_bidirectional,worst,2587.711417,4076.277703,279.108716
Semi-detached,1,H2,hybrid_bidirectional,best,1971.237541,4068.588846,205.022418
Semi-detached,1,H3,safe_unidirectional,worst,2238.440044,2915.922699,596.984052
Semi-detached,1,H3,safe_unidirectional,best,1991.270346,2915.922699,518.407386
Semi-detached,1,H3,hybrid_bidirectional,worst,1634.65501,3137.74818,161.998142
Semi-detached,1,H3,hybrid_bidirectional,best,1095.118457,3124.163455,105.412488
Semi-detached,1,H1,safe_unidirectional,worst,4781.303552,5457.183032,784.349549
Semi-detached,1,H1,safe_unidirectional,best,4523.320343,5457.183032,699.279185
Semi-detached,1,H1,hybrid_bidirectional,worst,4553.318183,5622.99869,482.631224
Semi-detached,1,H1,hybrid_bidirectional,best,4080.322732,5614.901847,399.547621
Semi-detached,1,H2,safe_unidirectional,worst,3264.907571,3952.269699,678.20183
Semi-detached,1,H2,safe_unidirectional,best,3011.969136,3952.269699,593.484601
Semi-detached,1,H2,hybrid_bidirectional,worst,2633.019636,4154.889552,278.029057
Semi-detached,1,H2,hybrid_bidirectional,best,1984.11381,4145.23202,204.270008
Semi-detached,1,H3,safe_unidirectional,worst,2300.832387,2988.049699,610.716567
Semi-detached,1,H3,safe_unidirectional,best,2035.578695,2988.049699,525.13727
Semi-detached,1,H3,hybrid_bidirectional,worst,1693.929938,3216.534265,165.788696
Semi-detached,1,H3,hybrid_bidirectional,best,1127.802899,3199.672417,110.067989
Semi-detached,1,H1,safe_unidirectional,worst,4735.044228,5404.213432,777.408534
Semi-detached,1,H1,safe_unidirectional,best,4483.018559,5404.213432,695.125673
Semi-detached,1,H1,hybrid_bidirectional,worst,4500.625358,5561.948448,484.136804
Semi-detached,1,H1,hybrid_bidirectional,best,4028.513498,5555.541125,400.263411
Semi-detached,1,H2,safe_unidirectional,worst,3224.377039,3899.300099,671.66183
Semi-detached,1,H2,safe_unidirectional,best,2978.662508,3899.300099,589.820749
Semi-detached,1,H2,hybrid_bidirectional,worst,2621.105718,4100.318541,272.761556
Semi-detached,1,H2,hybrid_bidirectional,best,1978.180344,4091.712626,198.575544
Semi-detached,1,H3,safe_unidirectional,worst,2256.926879,2935.080099,603.940319
Semi-detached,1,H3,safe_unidirectional,best,2000.568051,2935.080099,521.354137
Semi-detached,1,H3,hybrid_bidirectional,worst,1677.971792,3161.758623,156.443881
Semi-detached,1,H3,hybrid_bidirectional,best,1113.09223,3146.333255,102.169976
Semi-detached,1,H1,safe_unidirectional,worst,4632.624476,5272.324732,745.087885
Semi-detached,1,H1,safe_unidirectional,best,4400.018379,5272.324732,669.58584
Semi-detached,1,H1,hybrid_bidirectional,worst,4409.84053,5429.420649,451.957352
Semi-detached,1,H1,hybrid_bidirectional,best,3943.934329,5423.629552,372.42674
Semi-detached,1,H2,safe_unidirectional,worst,3121.795539,3767.411399,639.329859
Semi-detached,1,H2,safe_unidirectional,best,2896.008332,3767.411399,564.305136
Semi-detached,1,H2,hybrid_bidirectional,worst,2503.352922,3960.438741,254.847867
Semi-detached,1,H2,hybrid_bidirectional,best,1898.929719,3952.216395,185.181522
Semi-detached,1,H3,safe_unidirectional,worst,2158.344035,2803.191399,571.888254
Semi-detached,1,H3,safe_unidirectional,best,1922.364966,2803.191399,496.150101
Semi-detached,1,H3,hybrid_bidirectional,worst,1591.48124,3017.408417,149.055339
Semi-detached,1,H3,hybrid_bidirectional,best,1046.675076,3002.825644,97.089578
Semi-detached,1,H1,safe_unidirectional,worst,4740.589328,5405.901732,774.512495
Semi-detached,1,H1,safe_unidirectional,best,4506.762783,5405.901732,698.329447
Semi-detached,1,H1,hybrid_bidirectional,worst,4521.436184,5566.802432,480.863821
Semi-detached,1,H1,hybrid_bidirectional,best,4043.865663,5562.185965,399.027714
Semi-detached,1,H2,safe_unidirectional,worst,3228.466855,3900.988399,668.663921
Semi-detached,1,H2,safe_unidirectional,best,3000.858852,3900.988399,592.916172
Semi-detached,1,H2,hybrid_bidirectional,worst,2642.816415,4102.646713,276.094252
Semi-detached,1,H2,hybrid_bidirectional,best,1990.986882,4096.843251,199.640548
Semi-detached,1,H3,safe_unidirectional,worst,2264.206931,2936.768399,601.165727
Semi-detached,1,H3,safe_unidirectional,best,2027.207798,2936.768399,524.760598
Semi-detached,1,H3,hybrid_bidirectional,worst,1667.321065,3165.974393,155.068335
Semi-detached,1,H3,hybrid_bidirectional,best,1121.545652,3151.185617,103.507968
Semi-detached,1,H1,safe_unidirectional,worst,4724.818756,5369.314632,770.86955
Semi-detached,1,H1,safe_unidirectional,best,4514.792483,5369.314632,704.207588
Semi-detached,1,H1,hybrid_bidirectional,worst,4496.07155,5533.350608,463.463208
Semi-detached,1,H1,hybrid_bidirectional,best,4069.012203,5530.028614,388.670385
Semi-detached,1,H2,safe_unidirectional,worst,3202.950543,3864.401299,664.338775
Semi-detached,1,H2,safe_unidirectional,best,3001.37536,3864.401299,598.26839
Semi-detached,1,H2,hybrid_bidirectional,worst,2569.118847,4063.889023,265.235295
Semi-detached,1,H2,hybrid_bidirectional,best,1988.17647,4060.643753,195.414629
Semi-detached,1,H3,safe_unidirectional,worst,2245.383451,2900.181299,597.309079
Semi-detached,1,H3,safe_unidirectional,best,2033.800398,2900.181299,530.538142
Semi-detached,1,H3,hybrid_bidirectional,worst,1669.525214,3122.151285,158.45974
Semi-detached,1,H3,hybrid_bidirectional,best,1150.899286,3112.555687,106.044652
Semi-detached,1,H1,safe_unidirectional,worst,4733.102956,5381.290932,771.847287
Semi-detached,1,H1,safe_unidirectional,best,4501.444439,5381.290932,697.759987
Semi-detached,1,H1,hybrid_bidirectional,worst,4505.56497,5537.725611,484.431116
Semi-detached,1,H1,hybrid_bidirectional,best,4084.437531,5533.903801,405.482931
Semi-detached,1,H2,safe_unidirectional,worst,3215.152051,3876.377599,665.590724
Semi-detached,1,H2,safe_unidirectional,best,2991.613968,3876.377599,592.071854
Semi-detached,1,H2,hybrid_bidirectional,worst,2598.84483,4073.114765,275.97501
Semi-detached,1,H2,hybrid_bidirectional,best,1981.160733,4069.356046,201.077298
Semi-detached,1,H3,safe_unidirectional,worst,2249.570211,2912.157599,597.999995
Semi-detached,1,H3,safe_unidirectional,best,2017.100908,2912.157599,523.85594
Semi-detached,1,H3,hybrid_bidirectional,worst,1645.878261,3135.533621,157.41565
Semi-detached,1,H3,hybrid_bidirectional,best,1089.250112,3124.02815,101.610817
Semi-detached,1,H1,safe_unidirectional,worst,4768.189584,5497.544832,783.91872
Semi-detached,1,H1,safe_unidirectional,best,4545.771726,5497.544832,712.689497
Semi-detached,1,H1,hybrid_bidirectional,worst,4567.848145,5665.936704,477.503648
Semi-detached,1,H1,hybrid_bidirectional,best,4127.2502,5659.294164,403.655381
Semi-detached,1,H2,safe_unidirectional,worst,3253.802823,3992.631499,677.911647
Semi-detached,1,H2,safe_unidirectional,best,3040.739988,3992.631499,607.337275
Semi-detached,1,H2,hybrid_bidirectional,worst,2639.544393,4194.578165,284.843113
Semi-detached,1,H2,hybrid_bidirectional,best,2074.644053,4188.886703,218.596953
Semi-detached,1,H3,safe_unidirectional,worst,2291.856996,3028.411499,610.575439
Semi-detached,1,H3,safe_unidirectional,best,2065.926167,3028.411499,539.100308
Semi-detached,1,H3,hybrid_bidirectional,worst,1657.661354,3258.315311,162.185673
Semi-detached,1,H3,hybrid_bidirectional,best,1158.8719,3246.24655,112.823708
Semi-detached,1,H1,safe_unidirectional,worst,4850.719084,5557.102532,799.126913
Semi-detached,1,H1,safe_unidirectional,best,4612.336311,5557.102532,721.579112
Semi-detached,1,H1,hybrid_bidirectional,worst,4644.396466,5727.630872,493.563263
Semi-detached,1,H1,hybrid_bidirectional,best,4183.801649,5722.10286,413.307252
Semi-detached,1,H2,safe_unidirectional,worst,3337.485463,4052.189199,693.20056
Semi-detached,1,H2,safe_unidirectional,best,3103.248015,4052.189199,615.942931
Semi-detached,1,H2,hybrid_bidirectional,worst,2686.364191,4253.340074,283.174429
Semi-detached,1,H2,hybrid_bidirectional,best,2085.087461,4246.252519,211.200901
Semi-detached,1,H3,safe_unidirectional,worst,2374.861439,3087.969199,625.816878
Semi-detached,1,H3,safe_unidirectional,best,2129.616534,3087.969199,547.788728
Semi-detached,1,H3,hybrid_bidirectional,worst,1752.258092,3315.105187,168.909606
Semi-detached,1,H3,hybrid_bidirectional,best,1189.985561,3302.053847,111.510267
Semi-detached,1,H1,safe_unidirectional,worst,4748.176792,5414.922732,773.829226
Semi-detached,1,H1,safe_unidirectional,best,4539.58109,5414.922732,706.476795
Semi-detached,1,H1,hybrid_bidirectional,worst,4529.679101,5575.215212,475.952391
Semi-detached,1,H1,hybrid_bidirectional,best,4112.607346,5570.167723,406.671963
Semi-detached,1,H2,safe_unidirectional,worst,3236.565043,3910.009399,668.016403
Semi-detached,1,H2,safe_unidirectional,best,3032.35314,3910.009399,600.970839
Semi-detached,1,H2,hybrid_bidirectional,worst,2585.828377,4108.070015,270.241641
Semi-detached,1,H2,hybrid_bidirectional,best,2019.172322,4101.325404,205.393193
Semi-detached,1,H3,safe_unidirectional,worst,2275.406763,2945.789399,600.735324
Semi-detached,1,H3,safe_unidirectional,best,2057.16477,2945.789399,532.707653
Semi-detached,1,H3,hybrid_bidirectional,worst,1623.690827,3168.723947,154.889469
Semi-detached,1,H3,hybrid_bidirectional,best,1077.433092,3155.424287,104.237749
Semi-detached,1,H1,safe_unidirectional,worst,4775.289904,5453.639032,782.34483
Semi-detached,1,H1,safe_unidirectional,best,4547.600019,5453.639032,708.266296
Semi-detached,1,H1,hybrid_bidirectional,worst,4549.207126,5613.299011,483.406024
Semi-detached,1,H1,hybrid_bidirectional,best,4102.516132,5609.022759,406.983099
Semi-detached,1,H2,safe_unidirectional,worst,3262.982155,3948.725699,676.483288
Semi-detached,1,H2,safe_unidirectional,best,3039.798035,3948.725699,602.720157
Semi-detached,1,H2,hybrid_bidirectional,worst,2621.256796,4144.260607,274.602567
Semi-detached,1,H2,hybrid_bidirectional,best,2031.389928,4137.402745,204.713048
Semi-detached,1,H3,safe_unidirectional,worst,2299.595655,2984.505699,609.046233
Semi-detached,1,H3,safe_unidirectional,best,2065.227979,2984.505699,534.500253
Semi-detached,1,H3,hybrid_bidirectional,worst,1687.98235,3201.99327,166.71741
Semi-detached,1,H3,hybrid_bidirectional,best,1176.421941,3188.103419,116.338688
Semi-detached,1,H1,safe_unidirectional,worst,4713.670172,5389.923332,764.410532
Semi-detached,1,H1,safe_unidirectional,best,4498.47552,5389.923332,695.704327
Semi-detached,1,H1,hybrid_bidirectional,worst,4495.688439,5550.151067,471.128434
Semi-detached,1,H1,hybrid_bidirectional,best,4053.732304,5544.966542,397.768898
Semi-detached,1,H2,safe_unidirectional,worst,3200.742839,3885.009999,658.505619
Semi-detached,1,H2,safe_unidirectional,best,2993.928092,3885.009999,590.386007
Semi-detached,1,H2,hybrid_bidirectional,worst,2584.618859,4079.467358,262.966738
Semi-detached,1,H2,hybrid_bidirectional,best,2011.856327,4073.752034,197.450883
Semi-detached,1,H3,safe_unidirectional,worst,2231.960119,2920.789999,590.690828
Semi-detached,1,H3,safe_unidirectional,best,2015.069335,2920.789999,521.865894
Semi-detached,1,H3,hybrid_bidirectional,worst,1599.098689,3138.341155,148.470134
Semi-detached,1,H3,hybrid_bidirectional,best,1089.29702,3127.303264,98.961063
Semi-detached,1,H1,safe_unidirectional,worst,4637.767824,5278.811232,739.607532
Semi-detached,1,H1,safe_unidirectional,best,4433.824935,5278.811232,673.907276
Semi-detached,1,H1,hybrid_bidirectional,worst,4410.072336,5430.86592,457.152722
Semi-detached,1,H1,hybrid_bidirectional,best,3999.103003,5426.165467,387.857901
Semi-detached,1,H2,safe_unidirectional,worst,3126.212111,3773.897899,633.798632
Semi-detached,1,H2,safe_unidirectional,best,2923.403804,3773.897899,568.177797
Semi-detached,1,H2,hybrid_bidirectional,worst,2525.397874,3968.86118,259.125336
Semi-detached,1,H2,hybrid_bidirectional,best,1967.729306,3959.839465,197.804184
Semi-detached,1,H3,safe_unidirectional,worst,2159.677636,2809.677899,566.141219
Semi-detached,1,H3,safe_unidirectional,best,1949.736511,2809.677899,500.021087
Semi-detached,1,H3,hybrid_bidirectional,worst,1583.072232,3024.922911,152.349142
Semi-detached,1,H3,hybrid_bidirectional,best,1065.167709,3012.731354,101.076651
Semi-detached,1,H1,safe_unidirectional,worst,4922.204756,5632.921832,823.511565
Semi-detached,1,H1,safe_unidirectional,best,4677.424055,5632.921832,743.554845
Semi-detached,1,H1,hybrid_bidirectional,worst,4705.226397,5802.054619,506.857457
Semi-detached,1,H1,hybrid_bidirectional,best,4254.912425,5793.755052,429.808602
Semi-detached,1,H2,safe_unidirectional,worst,3409.380087,4128.008499,717.613838
Semi-detached,1,H2,safe_unidirectional,best,3169.515004,4128.008499,638.001211
Semi-detached,1,H2,hybrid_bidirectional,worst,2751.953667,4327.807828,287.61533
Semi-detached,1,H2,hybrid_bidirectional,best,2121.161446,4311.702265,212.419846
Semi-detached,1,H3,safe_unidirectional,worst,2449.493819,3163.788499,650.4218
Semi-detached,1,H3,safe_unidirectional,best,2197.212482,3163.788499,569.940035
Semi-detached,1,H3,hybrid_bidirectional,worst,1829.191005,3390.553921,171.295651
Semi-detached,1,H3,hybrid_bidirectional,best,1235.551074,3368.512812,110.953085
Semi-detached,1,H1,safe_unidirectional,worst,4692.47086,5381.746632,760.379817
Semi-detached,1,H1,safe_unidirectional,best,4468.11328,5381.746632,687.78826
Semi-detached,1,H1,hybrid_bidirectional,worst,4452.775375,5538.99401,467.565226
Semi-detached,1,H1,hybrid_bidirectional,best,4017.423011,5532.727226,393.273496
Semi-detached,1,H2,safe_unidirectional,worst,3180.153187,3876.833299,654.51758
Semi-detached,1,H2,safe_unidirectional,best,2959.691756,3876.833299,582.198754
Semi-detached,1,H2,hybrid_bidirectional,worst,2556.996598,4075.665797,263.667628
Semi-detached,1,H2,hybrid_bidirectional,best,1960.194872,4068.362768,194.487918
Semi-detached,1,H3,safe_unidirectional,worst,2218.317155,2912.613299,587.189057
Semi-detached,1,H3,safe_unidirectional,best,1989.41235,2912.613299,514.279195
Semi-detached,1,H3,hybrid_bidirectional,worst,1608.970534,3135.806919,150.295381
Semi-detached,1,H3,hybrid_bidirectional,best,1056.36257,3119.945914,100.564056
Semi-detached,1,H1,safe_unidirectional,worst,4786.321924,5495.620332,786.646335
Semi-detached,1,H1,safe_unidirectional,best,4546.98409,5495.620332,708.954038
Semi-detached,1,H1,hybrid_bidirectional,worst,4579.828373,5661.659428,484.973383
Semi-detached,1,H1,hybrid_bidirectional,best,4136.744796,5655.186331,406.765505
Semi-detached,1,H2,safe_unidirectional,worst,3274.526587,3990.706999,680.820662
Semi-detached,1,H2,safe_unidirectional,best,3039.564347,3990.706999,603.434656
Semi-detached,1,H2,hybrid_bidirectional,worst,2632.700137,4196.325264,275.873486
Semi-detached,1,H2,hybrid_bidirectional,best,2046.130872,4187.9705,206.12724
Semi-detached,1,H3,safe_unidirectional,worst,2313.726015,3026.486999,613.564622
Semi-detached,1,H3,safe_unidirectional,best,2069.832034,3026.486999,535.553394
Semi-detached,1,H3,hybrid_bidirectional,worst,1655.163544,3258.647255,154.650354
Semi-detached,1,H3,hybrid_bidirectional,best,1146.627021,3242.34712,106.560154
Semi-detached,1,H1,safe_unidirectional,worst,4679.264588,5357.251732,751.962587
Semi-detached,1,H1,safe_unidirectional,best,4442.175015,5357.251732,676.303445
Semi-detached,1,H1,hybrid_bidirectional,worst,4451.462486,5516.56273,461.154062
Semi-detached,1,H1,hybrid_bidirectional,best,4020.876637,5507.534024,389.73713
Semi-detached,1,H2,safe_unidirectional,worst,3162.401819,3852.338399,645.782193
Semi-detached,1,H2,safe_unidirectional,best,2935.892856,3852.338399,570.863694
Semi-detached,1,H2,hybrid_bidirectional,worst,2544.847169,4041.515532,266.837782
Semi-detached,1,H2,hybrid_bidirectional,best,1935.691529,4035.835976,193.101673
Semi-detached,1,H3,safe_unidirectional,worst,2199.215711,2888.118399,578.359165
Semi-detached,1,H3,safe_unidirectional,best,1963.153635,2888.118399,502.771948
Semi-detached,1,H3,hybrid_bidirectional,worst,1598.023469,3107.663128,141.841451
Semi-detached,1,H3,hybrid_bidirectional,best,1045.906131,3091.068681,92.907368
Semi-detached,1,H1,safe_unidirectional,worst,4628.184508,5259.489032,740.045083
Semi-detached,1,H1,safe_unidirectional,best,4407.728767,5259.489032,669.178537
Semi-detached,1,H1,hybrid_bidirectional,worst,4385.30584,5404.919343,459.870527
Semi-detached,1,H1,hybrid_bidirectional,best,3952.059647,5398.405512,388.194783
Semi-detached,1,H2,safe_unidirectional,worst,3111.996703,3754.575699,633.911937
Semi-detached,1,H2,safe_unidirectional,best,2896.645903,3754.575699,563.402737
Semi-detached,1,H2,hybrid_bidirectional,worst,2472.789983,3930.895575,257.099619
Semi-detached,1,H2,hybrid_bidirectional,best,1875.712709,3924.939898,189.198867
Semi-detached,1,H3,safe_unidirectional,worst,2145.534394,2790.355699,566.259575
Semi-detached,1,H3,safe_unidirectional,best,1921.36323,2790.355699,495.13295
Semi-detached,1,H3,hybrid_bidirectional,worst,1546.379674,2993.296317,141.145598
Semi-detached,1,H3,hybrid_bidirectional,best,1007.249681,2979.083729,92.907238
Semi-detached,1,H1,safe_unidirectional,worst,4758.688876,5490.680832,781.818735
Semi-detached,1,H1,safe_unidirectional,best,4536.027458,5490.680832,709.988595
Semi-detached,1,H1,hybrid_bidirectional,worst,4524.7687,5661.190336,468.295428
Semi-detached,1,H1,hybrid_bidirectional,best,4088.589986,5655.246797,393.786865
Semi-detached,1,H2,safe_unidirectional,worst,3246.718735,3985.767499,675.980825
Semi-detached,1,H2,safe_unidirectional,best,3029.830535,3985.767499,604.55481
Semi-detached,1,H2,hybrid_bidirectional,worst,2629.949638,4195.378575,269.540784
Semi-detached,1,H2,hybrid_bidirectional,best,2038.743156,4189.464681,200.927511
Semi-detached,1,H3,safe_unidirectional,worst,2282.312731,3021.547499,608.472405
Semi-detached,1,H3,safe_unidirectional,best,2057.222195,3021.547499,536.472226
Semi-detached,1,H3,hybrid_bidirectional,worst,1652.157427,3255.647293,154.304243
Semi-detached,1,H3,hybrid_bidirectional,best,1091.302083,3242.574975,101.332247
Semi-detached,1,H1,safe_unidirectional,worst,4761.929696,5437.105132,780.406
Semi-detached,1,H1,safe_unidirectional,best,4537.793947,5437.105132,708.098603
Semi-detached,1,H1,hybrid_bidirectional,worst,4555.989184,5606.278186,472.334188
Semi-detached,1,H1,hybrid_bidirectional,best,4106.137185,5599.521536,398.285113
Semi-detached,1,H2,safe_unidirectional,worst,3251.526923,3932.191799,674.677805
Semi-detached,1,H2,safe_unidirectional,best,3033.264612,3932.191799,602.78155
Semi-detached,1,H2,hybrid_bidirectional,worst,2630.790134,4140.279287,273.208237
Semi-detached,1,H2,hybrid_bidirectional,best,1998.09805,4132.884309,203.264107
Semi-detached,1,H3,safe_unidirectional,worst,2284.404839,2967.971799,606.97926
Semi-detached,1,H3,safe_unidirectional,best,2055.367859,2967.971799,534.328777
Semi-detached,1,H3,hybrid_bidirectional,worst,1705.012289,3200.367489,160.644655
Semi-detached,1,H3,hybrid_bidirectional,best,1157.708146,3188.341252,106.347899
Semi-detached,1,H1,safe_unidirectional,worst,4824.980052,5523.735532,798.543964
Semi-detached,1,H1,safe_unidirectional,best,4576.182388,5523.735532,717.362033
Semi-detached,1,H1,hybrid_bidirectional,worst,4602.465338,5697.28911,483.571419
Semi-detached,1,H1,hybrid_bidirectional,best,4147.739961,5691.820611,400.182186
Semi-detached,1,H2,safe_unidirectional,worst,3311.782147,4018.822199,692.620111
Semi-detached,1,H2,safe_unidirectional,best,3066.968032,4018.822199,611.717028
Semi-detached,1,H2,hybrid_bidirectional,worst,2681.279998,4233.764904,273.316982
Semi-detached,1,H2,hybrid_bidirectional,best,2032.086798,4223.070138,201.706008
Semi-detached,1,H3,safe_unidirectional,worst,2348.951959,3054.602199,625.221998
Semi-detached,1,H3,safe_unidirectional,best,2093.899546,3054.602199,543.602234
Semi-detached,1,H3,hybrid_bidirectional,worst,1724.136994,3296.22659,154.521491
Semi-detached,1,H3,hybrid_bidirectional,best,1112.150226,3278.20506,100.04926
Semi-detached,1,H1,safe_unidirectional,worst,4771.129576,5420.743332,781.522863
Semi-detached,1,H1,safe_unidirectional,best,4531.938647,5420.743332,703.806455
Semi-detached,1,H1,hybrid_bidirectional,worst,4561.223363,5592.334432,470.789597
Semi-detached,1,H1,hybrid_bidirectional,best,4111.447936,5585.126038,393.891279
Semi-detached,1,H2,safe_unidirectional,worst,3252.829955,3915.829999,675.241889
Semi-detached,1,H2,safe_unidirectional,best,3022.3368,3915.829999,598.134326
Semi-detached,1,H2,hybrid_bidirectional,worst,2601.689446,4128.593336,260.650741
Semi-detached,1,H2,hybrid_bidirectional,best,1984.509648,4118.566426,191.062233
Semi-detached,1,H3,safe_unidirectional,worst,2294.660243,2951.609999,608.17001
Semi-detached,1,H3,safe_unidirectional,best,2054.218966,2951.609999,530.366077
Semi-detached,1,H3,hybrid_bidirectional,worst,1693.896903,3181.339692,164.041978
Semi-detached,1,H3,hybrid_bidirectional,best,1176.500309,3165.948121,111.544613
Semi-detached,1,H1,safe_unidirectional,worst,4550.309756,5185.173032,720.430473
Semi-detached,1,H1,safe_unidirectional,best,4340.039815,5185.173032,653.133203
Semi-detached,1,H1,hybrid_bidirectional,worst,4317.429889,5329.825716,447.017928
Semi-detached,1,H1,hybrid_bidirectional,best,3885.234136,5325.674324,373.158576
Semi-detached,1,H2,safe_unidirectional,worst,3038.070435,3680.259699,614.573721
Semi-detached,1,H2,safe_unidirectional,best,2834.261016,3680.259699,547.728687
Semi-detached,1,H2,hybrid_bidirectional,worst,2417.687532,3866.109693,243.538277
Semi-detached,1,H2,hybrid_bidirectional,best,1809.11976,3859.448069,178.55736
Semi-detached,1,H3,safe_unidirectional,worst,2069.866271,2716.039699,546.799429
Semi-detached,1,H3,safe_unidirectional,best,1855.235794,2716.039699,479.196921
Semi-detached,1,H3,hybrid_bidirectional,worst,1461.811683,2921.62907,137.627566
Semi-detached,1,H3,hybrid_bidirectional,best,975.496755,2912.195527,87.018385
Semi-detached,1,H1,safe_unidirectional,worst,4769.732776,5462.566132,782.103434
Semi-detached,1,H1,safe_unidirectional,best,4531.747936,5462.566132,704.74536
Semi-detached,1,H1,hybrid_bidirectional,worst,4550.077784,5635.396264,466.289168
Semi-detached,1,H1,hybrid_bidirectional,best,4103.888666,5626.929641,391.846597
Semi-detached,1,H2,safe_unidirectional,worst,3256.702823,3957.652799,676.191337
Semi-detached,1,H2,safe_unidirectional,best,3022.941712,3957.652799,599.128925
Semi-detached,1,H2,hybrid_bidirectional,worst,2625.354849,4157.398168,268.402099
Semi-detached,1,H2,hybrid_bidirectional,best,2037.212291,4150.149379,200.452
Semi-detached,1,H3,safe_unidirectional,worst,2290.315707,2993.432799,608.544239
Semi-detached,1,H3,safe_unidirectional,best,2046.667642,2993.432799,530.78974
Semi-detached,1,H3,hybrid_bidirectional,worst,1673.077286,3215.380545,156.654391
Semi-detached,1,H3,hybrid_bidirectional,best,1149.708936,3200.476432,108.062378
Semi-detached,1,H1,safe_unidirectional,worst,4701.37446,5344.865832,759.761551
Semi-detached,1,H1,safe_unidirectional,best,4491.784851,5344.865832,693.247623
Semi-detached,1,H1,hybrid_bidirectional,worst,4478.584112,5506.988298,466.535645
Semi-detached,1,H1,hybrid_bidirectional,best,4055.161824,5504.176196,392.078689
Semi-detached,1,H2,safe_unidirectional,worst,3190.310599,3839.952499,653.987081
Semi-detached,1,H2,safe_unidirectional,best,2986.585331,3839.952499,587.883657
Semi-detached,1,H2,hybrid_bidirectional,worst,2573.167757,4035.587968,264.274902
Semi-detached,1,H2,hybrid_bidirectional,best,1973.641333,4030.574194,199.535901
Semi-detached,1,H3,safe_unidirectional,worst,2222.790902,2875.732499,586.260702
Semi-detached,1,H3,safe_unidirectional,best,2011.054975,2875.732499,519.596532
Semi-detached,1,H3,hybrid_bidirectional,worst,1611.259688,3095.419427,150.236005
Semi-detached,1,H3,hybrid_bidirectional,best,1067.312899,3086.327738,97.478976
Semi-detached,1,H1,safe_unidirectional,worst,4742.190956,5410.661232,774.041222
Semi-detached,1,H1,safe_unidirectional,best,4531.344683,5410.661232,706.177361
Semi-detached,1,H1,hybrid_bidirectional,worst,4535.786108,5570.539263,476.648587
Semi-detached,1,H1,hybrid_bidirectional,best,4111.616257,5566.307335,403.732531
Semi-detached,1,H2,safe_unidirectional,worst,3231.391895,3905.747899,668.285288
Semi-detached,1,H2,safe_unidirectional,best,3027.427384,3905.747899,600.90315
Semi-detached,1,H2,hybrid_bidirectional,worst,2618.617953,4101.803612,276.74223
Semi-detached,1,H2,hybrid_bidirectional,best,2039.380922,4093.334928,212.067771
Semi-detached,1,H3,safe_unidirectional,worst,2264.044839,2941.527899,600.570994
Semi-detached,1,H3,safe_unidirectional,best,2046.852411,2941.527899,532.262902
Semi-detached,1,H3,hybrid_bidirectional,worst,1660.303398,3162.736239,160.061089
Semi-detached,1,H3,hybrid_bidirectional,best,1145.435464,3148.627173,111.493721
Semi-detached,1,H1,safe_unidirectional,worst,4740.779072,5394.436132,774.695557
Semi-detached,1,H1,safe_unidirectional,best,4508.831875,5394.436132,700.001585
Semi-detached,1,H1,hybrid_bidirectional,worst,4531.096429,5552.294832,484.299727
Semi-detached,1,H1,hybrid_bidirectional,best,4066.64934,5546.401715,406.189991
Semi-detached,1,H2,safe_unidirectional,worst,3226.293955,3889.522799,668.681599
Semi-detached,1,H2,safe_unidirectional,best,3000.8024,3889.522799,594.439522
Semi-detached,1,H2,hybrid_bidirectional,worst,2614.901444,4089.981004,274.887661
Semi-detached,1,H2,hybrid_bidirectional,best,1997.322336,4082.00498,202.828742
Semi-detached,1,H3,safe_unidirectional,worst,2262.214103,2925.302799,601.19601
Semi-detached,1,H3,safe_unidirectional,best,2028.082294,2925.302799,526.349114
Semi-detached,1,H3,hybrid_bidirectional,worst,1661.708665,3148.752489,162.785851
Semi-detached,1,H3,hybrid_bidirectional,best,1119.258916,3134.924885,107.668339
Semi-detached,1,H1,safe_unidirectional,worst,4744.397132,5375.604732,776.570601
Semi-detached,1,H1,safe_unidirectional,best,4511.332986,5375.604732,701.839612
Semi-detached,1,H1,hybrid_bidirectional,worst,4527.036554,5536.719415,482.358013
Semi-detached,1,H1,hybrid_bidirectional,best,4052.214161,5531.775015,401.348851
Semi-detached,1,H2,safe_unidirectional,worst,3229.755723,3870.691399,670.545702
Semi-detached,1,H2,safe_unidirectional,best,3006.499076,3870.691399,596.501238
Semi-detached,1,H2,hybrid_bidirectional,worst,2615.302777,4074.967571,268.964922
Semi-detached,1,H2,hybrid_bidirectional,best,1969.512776,4067.252724,197.087777
Semi-detached,1,H3,safe_unidirectional,worst,2265.930963,2906.471399,603.077969
Semi-detached,1,H3,safe_unidirectional,best,2031.133035,2906.471399,528.225615
Semi-detached,1,H3,hybrid_bidirectional,worst,1645.465687,3125.885078,170.562788
Semi-detached,1,H3,hybrid_bidirectional,best,1106.701172,3116.044616,111.34749
Semi-detached,1,H1,safe_unidirectional,worst,4743.82642,5427.257132,778.18741
Semi-detached,1,H1,safe_unidirectional,best,4516.446739,5427.257132,704.554613
Semi-detached,1,H1,hybrid_bidirectional,worst,4529.13226,5589.813442,478.044281
Semi-detached,1,H1,hybrid_bidirectional,best,4088.105923,5583.276847,403.561603
Semi-detached,1,H2,safe_unidirectional,worst,3238.744079,3922.343799,672.831646
Semi-detached,1,H2,safe_unidirectional,best,3014.935188,3922.343799,599.448805
Semi-detached,1,H2,hybrid_bidirectional,worst,2632.31236,4123.075997,271.3323
Semi-detached,1,H2,hybrid_bidirectional,best,2023.80037,4115.748917,202.510242
Semi-detached,1,H3,safe_unidirectional,worst,2267.636259,2958.123799,604.854098
Semi-detached,1,H3,safe_unidirectional,best,2034.501267,2958.123799,530.81843
Semi-detached,1,H3,hybrid_bidirectional,worst,1671.496874,3182.588614,158.428397
Semi-detached,1,H3,hybrid_bidirectional,best,1119.721546,3169.577795,104.570867
Semi-detached,1,H1,safe_unidirectional,worst,4826.688324,5482.524232,799.919124
Semi-detached,1,H1,safe_unidirectional,best,4562.46053,5482.524232,714.036334
Semi-detached,1,H1,hybrid_bidirectional,worst,4578.088792,5658.151279,479.859056
Semi-detached,1,H1,hybrid_bidirectional,best,4095.561012,5650.945914,394.458612
Semi-detached,1,H2,safe_unidirectional,worst,3313.338247,3977.610899,693.984618
Semi-detached,1,H2,safe_unidirectional,best,3058.621147,3977.610899,608.767577
Semi-detached,1,H2,hybrid_bidirectional,worst,2647.977023,4189.180718,277.52628
Semi-detached,1,H2,hybrid_bidirectional,best,1983.917105,4177.705448,201.995295
Semi-detached,1,H3,safe_unidirectional,worst,2350.051151,3013.390899,626.554522
Semi-detached,1,H3,safe_unidirectional,best,2082.979938,3013.390899,540.472693
Semi-detached,1,H3,hybrid_bidirectional,worst,1744.522262,3251.938612,163.692136
Semi-detached,1,H3,hybrid_bidirectional,best,1178.943763,3232.130146,110.449374
Semi-detached,1,H1,safe_unidirectional,worst,4843.997856,5499.812532,804.520436
Semi-detached,1,H1,safe_unidirectional,best,4616.247347,5499.812532,731.58832
Semi-detached,1,H1,hybrid_bidirectional,worst,4625.252036,5678.129863,481.473725
Semi-detached,1,H1,hybrid_bidirectional,best,4201.095162,5671.661372,408.556871
Semi-detached,1,H2,safe_unidirectional,worst,3329.695447,3994.899199,698.519268
Semi-detached,1,H2,safe_unidirectional,best,3111.104644,3994.899199,626.228331
Semi-detached,1,H2,hybrid_bidirectional,worst,2717.014196,4212.155042,286.711439
Semi-detached,1,H2,hybrid_bidirectional,best,2107.073953,4204.664688,215.421459
Semi-detached,1,H3,safe_unidirectional,worst,2364.168915,3030.679199,630.93241
Semi-detached,1,H3,safe_unidirectional,best,2135.018919,3030.679199,557.90233
Semi-detached,1,H3,hybrid_bidirectional,worst,1730.843615,3276.968562,161.291386
Semi-detached,1,H3,hybrid_bidirectional,best,1157.511276,3261.570754,107.504785
Semi-detached,1,H1,safe_unidirectional,worst,4645.61292,5337.909832,746.799622
Semi-detached,1,H1,safe_unidirectional,best,4409.613563,5337.909832,669.917381
Semi-detached,1,H1,hybrid_bidirectional,worst,4399.857933,5487.090156,468.988248
Semi-detached,1,H1,hybrid_bidirectional,best,3964.869257,5482.38909,388.343343
Semi-detached,1,H2,safe_unidirectional,worst,3136.379547,3832.996499,641.153286
Semi-detached,1,H2,safe_unidirectional,best,2906.756627,3832.996499,564.717395
Semi-detached,1,H2,hybrid_bidirectional,worst,2454.20428,4021.819163,258.350443
Semi-detached,1,H2,hybrid_bidirectional,best,1892.021094,4012.880899,193.616895
Semi-detached,1,H3,safe_unidirectional,worst,2167.089315,2868.776499,573.302969
Semi-detached,1,H3,safe_unidirectional,best,1926.795259,2868.776499,496.1201
Semi-detached,1,H3,hybrid_bidirectional,worst,1592.888313,3083.340341,147.72242
Semi-detached,1,H3,hybrid_bidirectional,best,1047.634222,3068.538869,96.240657
Semi-detached,1,H1,safe_unidirectional,worst,4792.673024,5463.543532,787.157508
Semi-detached,1,H1,safe_unidirectional,best,4570.172827,5463.543532,716.086472
Semi-detached,1,H1,hybrid_bidirectional,worst,4583.663985,5624.135298,493.65044
Semi-detached,1,H1,hybrid_bidirectional,best,4138.682915,5619.056738,417.747249
Semi-detached,1,H2,safe_unidirectional,worst,3281.327339,3958.630199,681.363311
Semi-detached,1,H2,safe_unidirectional,best,3065.892932,3958.630199,610.78688
Semi-detached,1,H2,hybrid_bidirectional,worst,2662.069246,4163.170367,285.472254
Semi-detached,1,H2,hybrid_bidirectional,best,2063.215415,4157.942498,214.512559
Semi-detached,1,H3,safe_unidirectional,worst,2317.741939,2994.410199,613.912333
Semi-detached,1,H3,safe_unidirectional,best,2091.499123,2994.410199,542.579313
Semi-detached,1,H3,hybrid_bidirectional,worst,1722.262171,3221.19778,175.897214
Semi-detached,1,H3,hybrid_bidirectional,best,1165.574595,3208.846547,121.77809
Semi-detached,1,H1,safe_unidirectional,worst,4666.76784,5319.448832,748.353453
Semi-detached,1,H1,safe_unidirectional,best,4455.151867,5319.448832,680.56399
Semi-detached,1,H1,hybrid_bidirectional,worst,4439.489018,5477.77485,461.378895
Semi-detached,1,H1,hybrid_bidirectional,best,4019.145479,5471.855041,391.552804
Semi-detached,1,H2,safe_unidirectional,worst,3150.166759,3814.535499,642.191377
Semi-detached,1,H2,safe_unidirectional,best,2945.462556,3814.535499,574.885738
Semi-detached,1,H2,hybrid_bidirectional,worst,2531.092739,4007.375813,266.556402
Semi-detached,1,H2,hybrid_bidirectional,best,1921.446063,4002.489502,195.934089
Semi-detached,1,H3,safe_unidirectional,worst,2185.609659,2850.315499,574.67238
Semi-detached,1,H3,safe_unidirectional,best,1969.47657,2850.315499,506.566719
Semi-detached,1,H3,hybrid_bidirectional,worst,1595.130686,3062.787275,161.054907
Semi-detached,1,H3,hybrid_bidirectional,best,1074.547596,3051.50461,108.68391
Semi-detached,1,H1,safe_unidirectional,worst,4663.705404,5353.114032,748.553893
Semi-detached,1,H1,safe_unidirectional,best,4444.044218,5353.114032,678.762717
Semi-detached,1,H1,hybrid_bidirectional,worst,4445.129446,5508.322763,466.068174
Semi-detached,1,H1,hybrid_bidirectional,best,4028.277829,5503.183195,393.785467
Semi-detached,1,H2,safe_unidirectional,worst,3147.926035,3848.200699,642.449337
Semi-detached,1,H2,safe_unidirectional,best,2936.082944,3848.200699,573.205428
Semi-detached,1,H2,hybrid_bidirectional,worst,2530.371657,4048.042779,258.113994
Semi-detached,1,H2,hybrid_bidirectional,best,1978.385346,4039.377674,195.186355
Semi-detached,1,H3,safe_unidirectional,worst,2184.880867,2883.980699,575.036175
Semi-detached,1,H3,safe_unidirectional,best,1962.35241,2883.980699,505.044291
Semi-detached,1,H3,hybrid_bidirectional,worst,1637.41387,3107.915428,148.896314
Semi-detached,1,H3,hybrid_bidirectional,best,1096.671876,3092.895909,99.465198
Semi-detached,1,H1,safe_unidirectional,worst,4848.21956,5531.251032,808.491294
Semi-detached,1,H1,safe_unidirectional,best,4617.880107,5531.251032,734.092498
Semi-detached,1,H1,hybrid_bidirectional,worst,4598.902552,5702.52857,496.045045
Semi-detached,1,H1,hybrid_bidirectional,best,4154.708409,5698.212596,416.414814
Semi-detached,1,H2,safe_unidirectional,worst,3333.026291,4026.337699,702.427765
Semi-detached,1,H2,safe_unidirectional,best,3109.343703,4026.337699,628.49495
Semi-detached,1,H2,hybrid_bidirectional,worst,2668.612332,4224.011876,289.493679
Semi-detached,1,H2,hybrid_bidirectional,best,2081.460206,4217.143431,217.37953
Semi-detached,1,H3,safe_unidirectional,worst,2370.142111,3062.117699,635.025872
Semi-detached,1,H3,safe_unidirectional,best,2136.215935,3062.117699,560.376006
Semi-detached,1,H3,hybrid_bidirectional,worst,1780.372705,3290.082142,169.21467
Semi-detached,1,H3,hybrid_bidirectional,best,1198.319957,3272.918327,116.968415
Semi-detached,1,H1,safe_unidirectional,worst,4804.9345,5487.822532,793.449754
Semi-detached,1,H1,safe_unidirectional,best,4567.958627,5487.822532,716.373057
Semi-detached,1,H1,hybrid_bidirectional,worst,4583.269844,5658.825962,480.376024
Semi-detached,1,H1,hybrid_bidirectional,best,4124.415446,5652.410664,401.471251
Semi-detached,1,H2,safe_unidirectional,worst,3290.513815,3982.909199,687.440306
Semi-detached,1,H2,safe_unidirectional,best,3057.134815,3982.909199,610.61539
Semi-detached,1,H2,hybrid_bidirectional,worst,2657.725159,4186.466805,277.009471
Semi-detached,1,H2,hybrid_bidirectional,best,2008.865532,4178.908844,201.426253
Semi-detached,1,H3,safe_unidirectional,worst,2325.914843,3018.689199,619.918378
Semi-detached,1,H3,safe_unidirectional,best,2084.118798,3018.689199,542.504269
Semi-detached,1,H3,hybrid_bidirectional,worst,1700.869817,3246.933141,161.766787
Semi-detached,1,H3,hybrid_bidirectional,best,1128.674796,3231.334587,107.464478
Semi-detached,1,H1,safe_unidirectional,worst,4832.858032,5503.846832,803.259134
Semi-detached,1,H1,safe_unidirectional,best,4579.331659,5503.846832,720.910802
Semi-detached,1,H1,hybrid_bidirectional,worst,4600.511954,5673.064203,486.442794
Semi-detached,1,H1,hybrid_bidirectional,best,4138.167681,5664.889825,406.369363
Semi-detached,1,H2,safe_unidirectional,worst,3320.489967,3998.933499,697.393369
Semi-detached,1,H2,safe_unidirectional,best,3073.538724,3998.933499,615.505296
Semi-detached,1,H2,hybrid_bidirectional,worst,2699.617352,4207.970438,275.945167
Semi-detached,1,H2,hybrid_bidirectional,best,2066.777554,4194.717042,208.151846
Semi-detached,1,H3,safe_unidirectional,worst,2355.700715,3034.713499,629.858121
Semi-detached,1,H3,safe_unidirectional,best,2100.21436,3034.713499,547.372591
Semi-detached,1,H3,hybrid_bidirectional,worst,1727.641121,3264.888872,166.533129
Semi-detached,1,H3,hybrid_bidirectional,best,1167.78194,3249.448059,108.868746
Semi-detached,1,H1,safe_unidirectional,worst,4827.032404,5535.222332,800.163466
Semi-detached,1,H1,safe_unidirectional,best,4602.847734,5535.222332,728.127014
Semi-detached,1,H1,hybrid_bidirectional,worst,4614.536806,5704.272894,491.472799
Semi-detached,1,H1,hybrid_bidirectional,best,4171.799975,5697.89344,417.424554
Semi-detached,1,H2,safe_unidirectional,worst,3316.067555,4030.308999,694.395927
Semi-detached,1,H2,safe_unidirectional,best,3096.979268,4030.308999,622.716221
Semi-detached,1,H2,hybrid_bidirectional,worst,2717.270199,4237.557435,283.258798
Semi-detached,1,H2,hybrid_bidirectional,best,2100.640946,4232.381317,214.26196
Semi-detached,1,H3,safe_unidirectional,worst,2348.135223,3066.088999,626.640664
Semi-detached,1,H3,safe_unidirectional,best,2119.095874,3066.088999,554.264384
Semi-detached,1,H3,hybrid_bidirectional,worst,1749.649661,3299.831066,163.782989
Semi-detached,1,H3,hybrid_bidirectional,best,1192.474001,3288.157475,111.239265
Semi-detached,1,H1,safe_unidirectional,worst,4767.270324,5425.098232,785.626915
Semi-detached,1,H1,safe_unidirectional,best,4520.897698,5425.098232,705.81393
Semi-detached,1,H1,hybrid_bidirectional,worst,4545.265922,5588.50293,480.084433
Semi-detached,1,H1,hybrid_bidirectional,best,4069.422871,5582.307486,397.427065
Semi-detached,1,H2,safe_unidirectional,worst,3251.828827,3920.184899,679.54601
Semi-detached,1,H2,safe_unidirectional,best,3013.080224,3920.184899,600.266707
Semi-detached,1,H2,hybrid_bidirectional,worst,2648.421785,4113.672413,281.216535
Semi-detached,1,H2,hybrid_bidirectional,best,2007.921763,4109.216667,199.017687
Semi-detached,1,H3,safe_unidirectional,worst,2289.752551,2955.964899,612.20067
Semi-detached,1,H3,safe_unidirectional,best,2041.921874,2955.964899,532.285623
Semi-detached,1,H3,hybrid_bidirectional,worst,1673.336573,3176.809233,160.030124
Semi-detached,1,H3,hybrid_bidirectional,best,1111.641658,3161.559295,103.701265
Semi-detached,1,H1,safe_unidirectional,worst,4817.357208,5521.055032,798.88779
Semi-detached,1,H1,safe_unidirectional,best,4601.961827,5521.055032,729.250024
Semi-detached,1,H1,hybrid_bidirectional,worst,4612.73672,5698.199956,476.51671
Semi-detached,1,H1,hybrid_bidirectional,best,4170.429772,5692.008689,404.289634
Semi-detached,1,H2,safe_unidirectional,worst,3301.238291,4016.141699,692.759466
Semi-detached,1,H2,safe_unidirectional,best,3089.4871,4016.141699,623.376793
Semi-detached,1,H2,hybrid_bidirectional,worst,2669.55983,4226.93924,285.217249
Semi-detached,1,H2,hybrid_bidirectional,best,2061.293017,4218.908666,218.462421
Semi-detached,1,H3,safe_unidirectional,worst,2339.163403,3051.921699,625.414223
Semi-detached,1,H3,safe_unidirectional,best,2117.621134,3051.921699,555.346176
Semi-detached,1,H3,hybrid_bidirectional,worst,1719.528735,3288.78082,168.267432
Semi-detached,1,H3,hybrid_bidirectional,best,1189.531946,3275.145637,118.105018
Semi-detached,1,H1,safe_unidirectional,worst,4765.042376,5430.954432,772.43406
Semi-detached,1,H1,safe_unidirectional,best,4551.188111,5430.954432,704.702107
Semi-detached,1,H1,hybrid_bidirectional,worst,4569.66513,5600.820079,473.528854
Semi-detached,1,H1,hybrid_bidirectional,best,4124.155524,5596.467878,399.474432
Semi-detached,1,H2,safe_unidirectional,worst,3248.589611,3926.041099,666.282366
Semi-detached,1,H2,safe_unidirectional,best,3044.41002,3926.041099,599.227641
Semi-detached,1,H2,hybrid_bidirectional,worst,2607.645091,4127.586952,272.330614
Semi-detached,1,H2,hybrid_bidirectional,best,2037.256367,4124.46196,203.213758
Semi-detached,1,H3,safe_unidirectional,worst,2287.586507,2961.821099,599.012149
Semi-detached,1,H3,safe_unidirectional,best,2072.419306,2961.821099,531.188291
Semi-detached,1,H3,hybrid_bidirectional,worst,1675.026074,3187.620404,161.703295
Semi-detached,1,H3,hybrid_bidirectional,best,1146.288442,3176.326913,110.988255
Semi-detached,1,H1,safe_unidirectional,worst,4749.34686,5439.588332,769.298267
Semi-detached,1,H1,safe_unidirectional,best,4520.058283,5439.588332,695.468779
Semi-detached,1,H1,hybrid_bidirectional,worst,4510.478551,5604.866413,472.651421
Semi-detached,1,H1,hybrid_bidirectional,best,4074.69121,5598.82937,396.501479
Semi-detached,1,H2,safe_unidirectional,worst,3236.408555,3934.674999,663.392586
Semi-detached,1,H2,safe_unidirectional,best,3013.260468,3934.674999,589.992932
Semi-detached,1,H2,hybrid_bidirectional,worst,2606.654855,4142.5002,270.811791
Semi-detached,1,H2,hybrid_bidirectional,best,2003.218362,4131.736947,203.005981
Semi-detached,1,H3,safe_unidirectional,worst,2271.830199,2970.454999,595.872101
Semi-detached,1,H3,safe_unidirectional,best,2037.569355,2970.454999,521.694554
Semi-detached,1,H3,hybrid_bidirectional,worst,1665.190458,3199.213126,164.771735
Semi-detached,1,H3,hybrid_bidirectional,best,1123.322047,3185.094723,108.782211
Semi-detached,1,H1,safe_unidirectional,worst,4776.884816,5439.260532,790.765237
Semi-detached,1,H1,safe_unidirectional,best,4546.108739,5439.260532,715.823264
Semi-detached,1,H1,hybrid_bidirectional,worst,4554.239755,5605.936488,483.29013
Semi-detached,1,H1,hybrid_bidirectional,best,4116.918362,5600.465535,405.521962
Semi-detached,1,H2,safe_unidirectional,worst,3261.634371,3934.347199,684.697706
Semi-detached,1,H2,safe_unidirectional,best,3035.261648,3934.347199,610.063968
Semi-detached,1,H2,hybrid_bidirectional,worst,2628.045526,4131.469811,277.962783
Semi-detached,1,H2,hybrid_bidirectional,best,2035.763276,4126.646812,206.100269
Semi-detached,1,H3,safe_unidirectional,worst,2298.704174,2970.127199,617.292592
Semi-detached,1,H3,safe_unidirectional,best,2062.368278,2970.127199,541.961432
Semi-detached,1,H3,hybrid_bidirectional,worst,1672.683365,3191.236212,163.770272
Semi-detached,1,H3,hybrid_bidirectional,best,1086.906977,3181.462121,103.46741
Semi-detached,1,H1,safe_unidirectional,worst,4769.865128,5453.831132,779.455396
Semi-detached,1,H1,safe_unidirectional,best,4534.233619,5453.831132,703.347498
Semi-detached,1,H1,hybrid_bidirectional,worst,4542.073634,5620.183641,479.785954
Semi-detached,1,H1,hybrid_bidirectional,best,4089.583216,5614.439947,401.880609
Semi-detached,1,H2,safe_unidirectional,worst,3251.651639,3948.917799,673.180451
Semi-detached,1,H2,safe_unidirectional,best,3025.864748,3948.917799,597.761677
Semi-detached,1,H2,hybrid_bidirectional,worst,2620.959947,4157.773125,271.439605
Semi-detached,1,H2,hybrid_bidirectional,best,2009.578546,4149.598344,198.840945
Semi-detached,1,H3,safe_unidirectional,worst,2288.066002,2984.697799,605.729457
Semi-detached,1,H3,safe_unidirectional,best,2049.076476,2984.697799,529.386498
Semi-detached,1,H3,hybrid_bidirectional,worst,1671.400242,3215.792783,159.075668
Semi-detached,1,H3,hybrid_bidirectional,best,1101.203642,3199.820315,107.445125
Semi-detached,1,H1,safe_unidirectional,worst,4808.878412,5474.939032,789.563959
Semi-detached,1,H1,safe_unidirectional,best,4572.393787,5474.939032,712.163627
Semi-detached,1,H1,hybrid_bidirectional,worst,4593.852609,5649.047332,473.247269
Semi-detached,1,H1,hybrid_bidirectional,best,4137.059269,5639.331976,402.163473
Semi-detached,1,H2,safe_unidirectional,worst,3294.607135,3970.025699,683.56497
Semi-detached,1,H2,safe_unidirectional,best,3060.946284,3970.025699,606.362302
Semi-detached,1,H2,hybrid_bidirectional,worst,2676.780836,4177.779067,284.146478
Semi-detached,1,H2,hybrid_bidirectional,best,2069.453249,4169.944255,211.429225
Semi-detached,1,H3,safe_unidirectional,worst,2330.995587,3005.805699,616.112161
Semi-detached,1,H3,safe_unidirectional,best,2089.016695,3005.805699,538.327231
Semi-detached,1,H3,hybrid_bidirectional,worst,1723.780694,3234.869148,175.604269
Semi-detached,1,H3,hybrid_bidirectional,best,1176.360275,3220.573079,119.530104
Semi-detached,1,H1,safe_unidirectional,worst,4797.317516,5492.902232,792.836577
Semi-detached,1,H1,safe_unidirectional,best,4587.393371,5492.902232,725.595873
Semi-detached,1,H1,hybrid_bidirectional,worst,4547.030494,5662.935832,482.268131
Semi-detached,1,H1,hybrid_bidirectional,best,4136.506794,5660.414433,407.193104
Semi-detached,1,H2,safe_unidirectional,worst,3282.801171,3987.988899,686.820433
Semi-detached,1,H2,safe_unidirectional,best,3080.229904,3987.988899,620.09443
Semi-detached,1,H2,hybrid_bidirectional,worst,2641.776679,4195.256403,274.940862
Semi-detached,1,H2,hybrid_bidirectional,best,2049.72562,4190.721799,206.683727
Semi-detached,1,H3,safe_unidirectional,worst,2311.716271,3023.768899,618.84449
Semi-detached,1,H3,safe_unidirectional,best,2098.072002,3023.768899,551.343377
Semi-detached,1,H3,hybrid_bidirectional,worst,1674.729067,3252.794006,164.763845
Semi-detached,1,H3,hybrid_bidirectional,best,1161.094828,3240.538885,117.406321
Semi-detached,1,H1,safe_unidirectional,worst,4764.883528,5421.462632,776.732708
Semi-detached,1,H1,safe_unidirectional,best,4565.113111,5421.462632,713.700334
Semi-detached,1,H1,hybrid_bidirectional,worst,4547.807532,5590.565541,473.829654
Semi-detached,1,H1,hybrid_bidirectional,best,4128.016072,5586.468129,404.418731
Semi-detached,1,H2,safe_unidirectional,worst,3249.096167,3916.549299,670.627593
Semi-detached,1,H2,safe_unidirectional,best,3059.250411,3916.549299,608.289945
Semi-detached,1,H2,hybrid_bidirectional,worst,2631.337681,4127.716508,271.645779
Semi-detached,1,H2,hybrid_bidirectional,best,2040.285348,4122.101027,206.731002
Semi-detached,1,H3,safe_unidirectional,worst,2280.869051,2952.329299,602.851695
Semi-detached,1,H3,safe_unidirectional,best,2078.996022,2952.329299,539.672138
Semi-detached,1,H3,hybrid_bidirectional,worst,1675.808046,3186.200744,157.114217
Semi-detached,1,H3,hybrid_bidirectional,best,1131.199669,3173.999811,108.354827
Semi-detached,1,H1,safe_unidirectional,worst,4706.38834,5325.325332,762.754252
Semi-detached,1,H1,safe_unidirectional,best,4480.721775,5325.325332,690.757077
Semi-detached,1,H1,hybrid_bidirectional,worst,4471.390064,5488.189977,462.99773
Semi-detached,1,H1,hybrid_bidirectional,best,4034.923401,5483.422209,387.011628
Semi-detached,1,H2,safe_unidirectional,worst,3187.293863,3820.411999,656.417639
Semi-detached,1,H2,safe_unidirectional,best,2969.539636,3820.411999,584.974327
Semi-detached,1,H2,hybrid_bidirectional,worst,2516.566131,4022.43306,256.48323
Semi-detached,1,H2,hybrid_bidirectional,best,1922.319384,4016.403272,186.066125
Semi-detached,1,H3,safe_unidirectional,worst,2227.175763,2856.191999,589.209372
Semi-detached,1,H3,safe_unidirectional,best,2003.458852,2856.191999,517.348672
Semi-detached,1,H3,hybrid_bidirectional,worst,1601.727962,3076.652346,156.520733
Semi-detached,1,H3,hybrid_bidirectional,best,1112.822929,3063.456264,107.537097
Semi-detached,1,H1,safe_unidirectional,worst,4796.918932,5472.487132,783.875257
Semi-detached,1,H1,safe_unidirectional,best,4549.712271,5472.487132,703.591977
Semi-detached,1,H1,hybrid_bidirectional,worst,4570.933142,5633.720753,495.227138
Semi-detached,1,H1,hybrid_bidirectional,best,4101.605591,5626.269247,414.827109
Semi-detached,1,H2,safe_unidirectional,worst,3280.275275,3967.573799,677.710201
Semi-detached,1,H2,safe_unidirectional,best,3038.231524,3967.573799,597.788324
Semi-detached,1,H2,hybrid_bidirectional,worst,2657.33029,4160.584834,292.239317
Semi-detached,1,H2,hybrid_bidirectional,best,2044.784334,4156.500662,212.30335
Semi-detached,1,H3,safe_unidirectional,worst,2311.637803,3003.353799,609.905578
Semi-detached,1,H3,safe_unidirectional,best,2061.616588,3003.353799,529.425279
Semi-detached,1,H3,hybrid_bidirectional,worst,1689.851237,3227.106169,165.074712
Semi-detached,1,H3,hybrid_bidirectional,best,1147.282736,3210.655548,113.994021
Semi-detached,1,H1,safe_unidirectional,worst,4771.023448,5426.849532,782.488563
Semi-detached,1,H1,safe_unidirectional,best,4542.939378,5426.849532,709.148403
Semi-detached,1,H1,hybrid_bidirectional,worst,4539.765801,5594.911786,477.239123
Semi-detached,1,H1,hybrid_bidirectional,best,4096.609726,5589.169953,401.182519
Semi-detached,1,H2,safe_unidirectional,worst,3255.825659,3921.936199,676.424718
Semi-detached,1,H2,safe_unidirectional,best,3034.272344,3921.936199,603.541711
Semi-detached,1,H2,hybrid_bidirectional,worst,2629.919266,4122.785366,288.24271
Semi-detached,1,H2,hybrid_bidirectional,best,1999.50074,4117.411987,214.057174
Semi-detached,1,H3,safe_unidirectional,worst,2289.492039,2957.716199,608.781364
Semi-detached,1,H3,safe_unidirectional,best,2060.018906,2957.716199,535.34397
Semi-detached,1,H3,hybrid_bidirectional,worst,1695.321601,3189.715192,161.952172
Semi-detached,1,H3,hybrid_bidirectional,best,1126.106245,3175.397542,109.467856
Semi-detached,1,H1,safe_unidirectional,worst,4790.773156,5481.927732,790.973848
Semi-detached,1,H1,safe_unidirectional,best,4553.092907,5481.927732,714.206449
Semi-detached,1,H1,hybrid_bidirectional,worst,4591.680067,5650.067661,482.813428
Semi-detached,1,H1,hybrid_bidirectional,best,4144.878263,5642.250267,407.564669
Semi-detached,1,H2,safe_unidirectional,worst,3271.738943,3977.014399,684.641453
Semi-detached,1,H2,safe_unidirectional,best,3039.886304,3977.014399,608.281987
Semi-detached,1,H2,hybrid_bidirectional,worst,2675.419803,4181.850611,290.299198
Semi-detached,1,H2,hybrid_bidirectional,best,2097.793396,4173.539631,219.14154
Semi-detached,1,H3,safe_unidirectional,worst,2308.741243,3012.794399,617.231614
Semi-detached,1,H3,safe_unidirectional,best,2068.311166,3012.794399,540.271727
Semi-detached,1,H3,hybrid_bidirectional,worst,1737.593749,3247.641134,166.189113
Semi-detached,1,H3,hybrid_bidirectional,best,1210.228268,3231.074353,114.742808
Semi-detached,1,H1,safe_unidirectional,worst,4829.168304,5546.719732,798.440543
Semi-detached,1,H1,safe_unidirectional,best,4588.548802,5546.719732,719.712119
Semi-detached,1,H1,hybrid_bidirectional,worst,4621.572471,5718.520994,488.586217
Semi-detached,1,H1,hybrid_bidirectional,best,4165.4321,5711.116652,410.659126
Semi-detached,1,H2,safe_unidirectional,worst,3317.590967,4041.806399,692.630129
Semi-detached,1,H2,safe_unidirectional,best,3081.404124,4041.806399,614.211991
Semi-detached,1,H2,hybrid_bidirectional,worst,2702.478565,4244.453358,288.221479
Semi-detached,1,H2,hybrid_bidirectional,best,2102.444793,4237.335479,218.024518
Semi-detached,1,H3,safe_unidirectional,worst,2355.247342,3077.586399,625.266076
Semi-detached,1,H3,safe_unidirectional,best,2107.773634,3077.586399,546.057857
Semi-detached,1,H3,hybrid_bidirectional,worst,1733.242028,3310.519689,161.972075
Semi-detached,1,H3,hybrid_bidirectional,best,1169.974827,3296.550161,107.374456
Semi-detached,1,H1,safe_unidirectional,worst,4778.087972,5431.834032,789.994075
Semi-detached,1,H1,safe_unidirectional,best,4543.528363,5431.834032,714.363677
Semi-detached,1,H1,hybrid_bidirectional,worst,4579.551687,5605.987697,473.114288
Semi-detached,1,H1,hybrid_bidirectional,best,4121.027848,5597.65812,399.460196
Semi-detached,1,H2,safe_unidirectional,worst,3265.471999,3926.920699,684.110956
Semi-detached,1,H2,safe_unidirectional,best,3037.829396,3926.920699,608.964749
Semi-detached,1,H2,hybrid_bidirectional,worst,2665.185554,4135.521354,277.660714
Semi-detached,1,H2,hybrid_bidirectional,best,2022.139734,4128.254448,203.842854
Semi-detached,1,H3,safe_unidirectional,worst,2301.993668,2962.700699,616.667473
Semi-detached,1,H3,safe_unidirectional,best,2068.098762,2962.700699,541.083605
Semi-detached,1,H3,hybrid_bidirectional,worst,1706.891767,3193.117952,168.550291
Semi-detached,1,H3,hybrid_bidirectional,best,1166.210825,3178.165711,116.54907
Semi-detached,1,H1,safe_unidirectional,worst,4735.161404,5410.804632,764.506542
Semi-detached,1,H1,safe_unidirectional,best,4515.975536,5410.804632,693.806572
Semi-detached,1,H1,hybrid_bidirectional,worst,4524.606554,5573.549257,471.62492
Semi-detached,1,H1,hybrid_bidirectional,best,4064.574416,5567.502514,397.235488
Semi-detached,1,H2,safe_unidirectional,worst,3226.328871,3905.891299,658.888265
Semi-detached,1,H2,safe_unidirectional,best,3012.722132,3905.891299,588.578834
Semi-detached,1,H2,hybrid_bidirectional,worst,2592.704179,4092.451029,269.644618
Semi-detached,1,H2,hybrid_bidirectional,best,2015.599645,4085.530732,201.491556
Semi-detached,1,H3,safe_unidirectional,worst,2258.186371,2941.671299,591.11829
Semi-detached,1,H3,safe_unidirectional,best,2036.022739,2941.671299,520.209877
Semi-detached,1,H3,hybrid_bidirectional,worst,1613.911342,3150.861335,155.514581
Semi-detached,1,H3,hybrid_bidirectional,best,1090.370748,3138.665914,103.614741
Semi-detached,1,H1,safe_unidirectional,worst,4656.665956,5373.042332,753.919502
Semi-detached,1,H1,safe_unidirectional,best,4438.377379,5373.042332,683.254391
Semi-detached,1,H1,hybrid_bidirectional,worst,4448.669407,5528.928912,462.132523
Semi-detached,1,H1,hybrid_bidirectional,best,3996.803976,5524.068613,386.307704
Semi-detached,1,H2,safe_unidirectional,worst,3145.315591,3868.128999,648.124976
Semi-detached,1,H2,safe_unidirectional,best,2933.1138,3868.128999,577.88594
Semi-detached,1,H2,hybrid_bidirectional,worst,2532.153068,4067.284287,254.147163
Semi-detached,1,H2,hybrid_bidirectional,best,1927.361802,4058.765265,188.490768
Semi-detached,1,H3,safe_unidirectional,worst,2178.815163,2903.908999,580.469946
Semi-detached,1,H3,safe_unidirectional,best,1954.514163,2903.908999,509.383966
Semi-detached,1,H3,hybrid_bidirectional,worst,1591.05374,3124.245604,147.373285
Semi-detached,1,H3,hybrid_bidirectional,best,1033.108545,3109.712907,96.619212
Semi-detached,1,H1,safe_unidirectional,worst,4758.722432,5450.778632,777.834158
Semi-detached,1,H1,safe_unidirectional,best,4537.140971,5450.778632,707.690045
Semi-detached,1,H1,hybrid_bidirectional,worst,4541.513806,5617.189025,473.340795
Semi-detached,1,H1,hybrid_bidirectional,best,4104.674086,5611.49407,400.499438
Semi-detached,1,H2,safe_unidirectional,worst,3246.122867,3945.865299,671.952189
Semi-detached,1,H2,safe_unidirectional,best,3036.66066,3945.865299,602.656423
Semi-detached,1,H2,hybrid_bidirectional,worst,2592.736202,4143.751022,273.701225
Semi-detached,1,H2,hybrid_bidirectional,best,1974.821262,4137.359401,206.705544
Semi-detached,1,H3,safe_unidirectional,worst,2282.385083,2981.645299,604.490544
Semi-detached,1,H3,safe_unidirectional,best,2061.131758,2981.645299,534.3694
Semi-detached,1,H3,hybrid_bidirectional,worst,1687.176036,3204.510693,161.6395
Semi-detached,1,H3,hybrid_bidirectional,best,1174.182942,3193.648922,110.189483
Semi-detached,1,H1,safe_unidirectional,worst,4654.363708,5314.030732,743.158729
Semi-detached,1,H1,safe_unidirectional,best,4420.952283,5314.030732,668.854792
Semi-detached,1,H1,hybrid_bidirectional,worst,4420.539168,5469.92068,459.534518
Semi-detached,1,H1,hybrid_bidirectional,best,3976.684564,5464.284208,382.13085
Semi-detached,1,H2,safe_unidirectional,worst,3136.625399,3809.117399,636.917048
Semi-detached,1,H2,safe_unidirectional,best,2913.163848,3809.117399,563.309602
Semi-detached,1,H2,hybrid_bidirectional,worst,2526.991201,4000.178719,267.016587
Semi-detached,1,H2,hybrid_bidirectional,best,1915.146984,3991.035771,198.2032
Semi-detached,1,H3,safe_unidirectional,worst,2174.512287,2844.897399,569.56913
Semi-detached,1,H3,safe_unidirectional,best,1943.805431,2844.897399,495.454512
Semi-detached,1,H3,hybrid_bidirectional,worst,1594.444998,3061.833713,150.382204
Semi-detached,1,H3,hybrid_bidirectional,best,1042.971187,3046.747703,98.198696
Semi-detached,1,H1,safe_unidirectional,worst,4815.656828,5488.170732,799.134753
Semi-detached,1,H1,safe_unidirectional,best,4586.506807,5488.170732,726.182572
Semi-detached,1,H1,hybrid_bidirectional,worst,4599.83339,5655.885571,491.990506
Semi-detached,1,H1,hybrid_bidirectional,best,4158.23658,5651.490759,414.074485
Semi-detached,1,H2,safe_unidirectional,worst,3296.008083,3983.257399,692.759341
Semi-detached,1,H2,safe_unidirectional,best,3075.076472,3983.257399,620.382449
Semi-detached,1,H2,hybrid_bidirectional,worst,2701.887451,4189.215421,287.527379
Semi-detached,1,H2,hybrid_bidirectional,best,2110.852816,4187.249099,212.055588
Semi-detached,1,H3,safe_unidirectional,worst,2330.848067,3019.037399,625.19814
Semi-detached,1,H3,safe_unidirectional,best,2102.543255,3019.037399,552.305123
Semi-detached,1,H3,hybrid_bidirectional,worst,1770.107234,3250.450125,172.089489
Semi-detached,1,H3,hybrid_bidirectional,best,1248.74462,3241.173136,115.999051
Semi-detached,1,H1,safe_unidirectional,worst,4764.51186,5445.772832,775.462376
Semi-detached,1,H1,safe_unidirectional,best,4514.303747,5445.772832,694.561252
Semi-detached,1,H1,hybrid_bidirectional,worst,4569.079081,5614.212667,475.493735
Semi-detached,1,H1,hybrid_bidirectional,best,4089.087367,5606.396243,394.674888
Semi-detached,1,H2,safe_unidirectional,worst,3253.563623,3940.859499,669.695999
Semi-detached,1,H2,safe_unidirectional,best,3010.081304,3940.859499,589.265681
Semi-detached,1,H2,hybrid_bidirectional,worst,2625.541958,4132.520185,282.132505
Semi-detached,1,H2,hybrid_bidirectional,best,1997.628555,4125.152457,209.3767
Semi-detached,1,H3,safe_unidirectional,worst,2289.791383,2976.639499,602.231942
Semi-detached,1,H3,safe_unidirectional,best,2038.212094,2976.639499,521.234836
Semi-detached,1,H3,hybrid_bidirectional,worst,1692.648821,3188.835368,176.078062
Semi-detached,1,H3,hybrid_bidirectional,best,1136.992423,3172.808902,124.019443
Semi-detached,1,H1,safe_unidirectional,worst,4689.824996,5344.313632,749.113231
Semi-detached,1,H1,safe_unidirectional,best,4463.301947,5344.313632,676.121377
Semi-detached,1,H1,hybrid_bidirectional,worst,4454.394056,5509.104613,454.457222
Semi-detached,1,H1,hybrid_bidirectional,best,4008.684174,5502.361283,380.670026
Semi-detached,1,H2,safe_unidirectional,worst,3175.788299,3839.400299,643.130662
Semi-detached,1,H2,safe_unidirectional,best,2958.374259,3839.400299,570.776439
Semi-detached,1,H2,hybrid_bidirectional,worst,2521.932097,4038.952234,257.477752
Semi-detached,1,H2,hybrid_bidirectional,best,1925.954141,4029.442964,192.873536
Semi-detached,1,H3,safe_unidirectional,worst,2209.279699,2875.180299,575.47506
Semi-detached,1,H3,safe_unidirectional,best,1977.271722,2875.180299,502.099261
Semi-detached,1,H3,hybrid_bidirectional,worst,1550.483222,3099.717018,140.472637
Semi-detached,1,H3,hybrid_bidirectional,best,1007.724943,3083.869058,92.466457
Semi-detached,1,H1,safe_unidirectional,worst,4739.300864,5408.735632,756.200384
Semi-detached,1,H1,safe_unidirectional,best,4495.221211,5408.735632,676.97958
Semi-detached,1,H1,hybrid_bidirectional,worst,4519.288601,5567.895298,484.219137
Semi-detached,1,H1,hybrid_bidirectional,best,4045.927071,5562.62352,400.796163
Semi-detached,1,H2,safe_unidirectional,worst,3226.598687,3903.822299,650.311231
Semi-detached,1,H2,safe_unidirectional,best,2988.475012,3903.822299,571.507346
Semi-detached,1,H2,hybrid_bidirectional,worst,2611.939985,4098.221445,275.630234
Semi-detached,1,H2,hybrid_bidirectional,best,1996.76449,4093.234899,199.799613
Semi-detached,1,H3,safe_unidirectional,worst,2261.803787,2939.602299,582.775588
Semi-detached,1,H3,safe_unidirectional,best,2014.624166,2939.602299,503.337787
Semi-detached,1,H3,hybrid_bidirectional,worst,1639.546547,3159.742897,159.646701
Semi-detached,1,H3,hybrid_bidirectional,best,1092.040829,3145.267072,105.984216
Semi-detached,1,H1,safe_unidirectional,worst,4733.484944,5423.690232,769.847512
Semi-detached,1,H1,safe_unidirectional,best,4511.431491,5423.690232,698.190728
Semi-detached,1,H1,hybrid_bidirectional,worst,4527.577875,5583.306074,480.901034
Semi-detached,1,H1,hybrid_bidirectional,best,4092.944234,5578.447502,405.711236
Semi-detached,1,H2,safe_unidirectional,worst,3217.373951,3918.776899,663.719742
Semi-detached,1,H2,safe_unidirectional,best,3001.401428,3918.776899,592.488623
Semi-detached,1,H2,hybrid_bidirectional,worst,2643.154127,4112.890191,288.87049
Semi-detached,1,H2,hybrid_bidirectional,best,2021.839961,4109.022575,213.098896
Semi-detached,1,H3,safe_unidirectional,worst,2255.945166,2954.556899,596.419728
Semi-detached,1,H3,safe_unidirectional,best,2030.751114,2954.556899,524.543101
Semi-detached,1,H3,hybrid_bidirectional,worst,1702.868805,3178.777329,165.188506
Semi-detached,1,H3,hybrid_bidirectional,best,1206.448093,3164.904601,117.207704
Semi-detached,1,H1,safe_unidirectional,worst,4730.425284,5429.071332,768.473814
Semi-detached,1,H1,safe_unidirectional,best,4495.156735,5429.071332,691.786996
Semi-detached,1,H1,hybrid_bidirectional,worst,4501.344612,5591.660206,470.392196
Semi-detached,1,H1,hybrid_bidirectional,best,4066.32946,5585.355521,392.957499
Semi-detached,1,H2,safe_unidirectional,worst,3218.916323,3924.157999,662.668187
Semi-detached,1,H2,safe_unidirectional,best,2988.434487,3924.157999,586.316439
Semi-detached,1,H2,hybrid_bidirectional,worst,2565.654943,4126.501141,264.832322
Semi-detached,1,H2,hybrid_bidirectional,best,1981.952204,4118.128456,199.247085
Semi-detached,1,H3,safe_unidirectional,worst,2256.763563,2959.937999,595.317494
Semi-detached,1,H3,safe_unidirectional,best,2014.63494,2959.937999,518.150471
Semi-detached,1,H3,hybrid_bidirectional,worst,1621.2726,3187.123425,150.013419
Semi-detached,1,H3,hybrid_bidirectional,best,1061.001224,3173.248757,97.238465
Semi-detached,1,H1,safe_unidirectional,worst,4812.244284,5456.342732,796.943739
Semi-detached,1,H1,safe_unidirectional,best,4585.250635,5456.342732,724.668305
Semi-detached,1,H1,hybrid_bidirectional,worst,4572.744918,5612.152028,499.693253
Semi-detached,1,H1,hybrid_bidirectional,best,4125.021549,5606.496219,422.98702
Semi-detached,1,H2,safe_unidirectional,worst,3294.243507,3951.429399,690.683685
Semi-detached,1,H2,safe_unidirectional,best,3078.076791,3951.429399,619.166136
Semi-detached,1,H2,hybrid_bidirectional,worst,2630.819207,4151.890981,280.807885
Semi-detached,1,H2,hybrid_bidirectional,best,2057.19311,4146.268007,209.575485
Semi-detached,1,H3,safe_unidirectional,worst,2333.596328,2987.209399,623.438382
Semi-detached,1,H3,safe_unidirectional,best,2106.115423,2987.209399,551.128841
Semi-detached,1,H3,hybrid_bidirectional,worst,1739.844393,3210.038683,177.918564
Semi-detached,1,H3,hybrid_bidirectional,best,1184.00292,3197.116609,122.511704
Terraced,1,H1,safe_unidirectional,worst,4604.287392,5263.240632,732.763504
Terraced,1,H1,safe_unidirectional,best,4391.03515,5263.240632,664.498399
Terraced,1,H1,hybrid_bidirectional,worst,4358.0151,5404.596412,468.553152
Terraced,1,H1,hybrid_bidirectional,best,3943.960474,5399.802471,397.103793
Terraced,1,H2,safe_unidirectional,worst,3094.727755,3758.327299,627.09433
Terraced,1,H2,safe_unidirectional,best,2886.294148,3758.327299,559.166529
Terraced,1,H2,hybrid_bidirectional,worst,2469.004206,3938.940214,267.843052
Terraced,1,H2,hybrid_bidirectional,best,1910.609972,3934.578929,199.92835
Terraced,1,H3,safe_unidirectional,worst,2126.698239,2794.107299,559.332264
Terraced,1,H3,safe_unidirectional,best,1908.869698,2794.107299,490.746817
Terraced,1,H3,hybrid_bidirectional,worst,1555.247551,3006.715248,142.243169
Terraced,1,H3,hybrid_bidirectional,best,1066.950966,2991.415396,99.942118
Terraced,1,H1,safe_unidirectional,worst,4617.526176,5266.772432,739.747452
Terraced,1,H1,safe_unidirectional,best,4387.89487,5266.772432,665.994094
Terraced,1,H1,hybrid_bidirectional,worst,4390.120816,5411.595486,460.280768
Terraced,1,H1,hybrid_bidirectional,best,3964.259995,5406.155919,385.387773
Terraced,1,H2,safe_unidirectional,worst,3107.132783,3761.859099,634.019914
Terraced,1,H2,safe_unidirectional,best,2887.506912,3761.859099,560.966937
Terraced,1,H2,hybrid_bidirectional,worst,2467.303789,3940.086609,260.122534
Terraced,1,H2,hybrid_bidirectional,best,1902.36038,3934.383009,192.655358
Terraced,1,H3,safe_unidirectional,worst,2140.733071,2797.639099,566.371934
Terraced,1,H3,safe_unidirectional,best,1908.749606,2797.639099,492.453926
Terraced,1,H3,hybrid_bidirectional,worst,1573.362187,3001.044045,148.615024
Terraced,1,H3,hybrid_bidirectional,best,1024.403904,2988.591638,95.34098
Terraced,1,H1,safe_unidirectional,worst,4658.799892,5305.821332,750.40238
Terraced,1,H1,safe_unidirectional,best,4442.052951,5305.821332,680.991726
Terraced,1,H1,hybrid_bidirectional,worst,4416.225171,5463.100641,456.398431
Terraced,1,H1,hybrid_bidirectional,best,3963.298236,5454.378223,387.715761
Terraced,1,H2,safe_unidirectional,worst,3146.894555,3800.907999,644.569007
Terraced,1,H2,safe_unidirectional,best,2938.468012,3800.907999,575.74078
Terraced,1,H2,hybrid_bidirectional,worst,2490.217252,3979.433708,262.589883
Terraced,1,H2,hybrid_bidirectional,best,1920.831119,3973.011264,199.913986
Terraced,1,H3,safe_unidirectional,worst,2180.339363,2836.687999,576.910143
Terraced,1,H3,safe_unidirectional,best,1957.982019,2836.687999,507.10676
Terraced,1,H3,hybrid_bidirectional,worst,1560.582494,3038.942086,152.687786
Terraced,1,H3,hybrid_bidirectional,best,1030.041911,3026.69163,103.931002
Terraced,1,H1,safe_unidirectional,worst,4683.933236,5335.974032,751.766102
Terraced,1,H1,safe_unidirectional,best,4466.779783,5335.974032,682.741443
Terraced,1,H1,hybrid_bidirectional,worst,4459.861935,5497.294735,459.294325
Terraced,1,H1,hybrid_bidirectional,best,4001.591267,5493.071595,385.573357
Terraced,1,H2,safe_unidirectional,worst,3169.214711,3831.060699,645.735806
Terraced,1,H2,safe_unidirectional,best,2959.873396,3831.060699,577.257996
Terraced,1,H2,hybrid_bidirectional,worst,2549.697288,4035.752487,256.730449
Terraced,1,H2,hybrid_bidirectional,best,1960.51748,4027.751091,192.672037
Terraced,1,H3,safe_unidirectional,worst,2203.895143,2866.840699,578.163436
Terraced,1,H3,safe_unidirectional,best,1984.616563,2866.840699,508.990018
Terraced,1,H3,hybrid_bidirectional,worst,1627.65688,3085.732463,164.251456
Terraced,1,H3,hybrid_bidirectional,best,1112.040361,3075.24632,110.990111
Terraced,1,H1,safe_unidirectional,worst,4475.445868,5073.931432,691.862489
Terraced,1,H1,safe_unidirectional,best,4260.646399,5073.931432,623.198604
Terraced,1,H1,hybrid_bidirectional,worst,4231.311011,5215.576129,424.817148
Terraced,1,H1,hybrid_bidirectional,best,3809.995898,5208.587842,357.059267
Terraced,1,H2,safe_unidirectional,worst,2961.662463,3569.018099,585.89765
Terraced,1,H2,safe_unidirectional,best,2754.372628,3569.018099,517.75944
Terraced,1,H2,hybrid_bidirectional,worst,2329.174121,3741.184885,241.432516
Terraced,1,H2,hybrid_bidirectional,best,1745.22315,3732.51552,176.787133
Terraced,1,H3,safe_unidirectional,worst,1997.588975,2604.798099,518.412506
Terraced,1,H3,safe_unidirectional,best,1780.318682,2604.798099,449.575664
Terraced,1,H3,hybrid_bidirectional,worst,1428.820399,2797.508975,137.444329
Terraced,1,H3,hybrid_bidirectional,best,937.368807,2783.089865,91.049239
Terraced,1,H1,safe_unidirectional,worst,4623.881692,5294.315532,730.337262
Terraced,1,H1,safe_unidirectional,best,4423.168962,5294.315532,666.575606
Terraced,1,H1,hybrid_bidirectional,worst,4401.590611,5449.092651,453.286282
Terraced,1,H1,hybrid_bidirectional,best,3971.761643,5446.776625,380.296856
Terraced,1,H2,safe_unidirectional,worst,3114.225983,3789.402199,624.661362
Terraced,1,H2,safe_unidirectional,best,2920.643383,3789.402199,561.398816
Terraced,1,H2,hybrid_bidirectional,worst,2490.077534,3984.528253,256.981315
Terraced,1,H2,hybrid_bidirectional,best,1915.311229,3979.993861,189.741608
Terraced,1,H3,safe_unidirectional,worst,2150.525315,2825.182199,557.202315
Terraced,1,H3,safe_unidirectional,best,1949.187159,2825.182199,493.39688
Terraced,1,H3,hybrid_bidirectional,worst,1582.11755,3042.156431,150.954286
Terraced,1,H3,hybrid_bidirectional,best,1040.398548,3033.710829,94.228076
Terraced,1,H1,safe_unidirectional,worst,4624.528776,5223.701732,739.562306
Terraced,1,H1,safe_unidirectional,best,4415.275163,5223.701732,673.326999
Terraced,1,H1,hybrid_bidirectional,worst,4378.357459,5379.447086,451.157014
Terraced,1,H1,hybrid_bidirectional,best,3957.794764,5374.689329,380.527029
Terraced,1,H2,safe_unidirectional,worst,3110.332175,3718.788399,633.568544
Terraced,1,H2,safe_unidirectional,best,2909.916592,3718.788399,567.951899
Terraced,1,H2,hybrid_bidirectional,worst,2457.631499,3910.522926,245.040084
Terraced,1,H2,hybrid_bidirectional,best,1888.297862,3905.585568,182.648808
Terraced,1,H3,safe_unidirectional,worst,2147.187583,2754.568399,566.148422
Terraced,1,H3,safe_unidirectional,best,1936.364674,2754.568399,499.803265
Terraced,1,H3,hybrid_bidirectional,worst,1552.043159,2965.908938,142.629717
Terraced,1,H3,hybrid_bidirectional,best,1049.109394,2955.52412,95.804183
Terraced,1,H1,safe_unidirectional,worst,4621.467836,5230.266232,739.551271
Terraced,1,H1,safe_unidirectional,best,4400.572235,5230.266232,668.685539
Terraced,1,H1,hybrid_bidirectional,worst,4394.253257,5384.198211,453.372455
Terraced,1,H1,hybrid_bidirectional,best,3978.628966,5376.078433,385.622958
Terraced,1,H2,safe_unidirectional,worst,3102.932691,3725.352899,633.253811
Terraced,1,H2,safe_unidirectional,best,2888.195004,3725.352899,562.819133
Terraced,1,H2,hybrid_bidirectional,worst,2467.795415,3918.073237,256.968062
Terraced,1,H2,hybrid_bidirectional,best,1897.764208,3911.315957,188.24272
Terraced,1,H3,safe_unidirectional,worst,2143.790319,2761.132899,566.113845
Terraced,1,H3,safe_unidirectional,best,1919.463591,2761.132899,495.007934
Terraced,1,H3,hybrid_bidirectional,worst,1525.402967,2979.826873,140.566697
Terraced,1,H3,hybrid_bidirectional,best,1035.079361,2964.543096,94.219676
Terraced,1,H1,safe_unidirectional,worst,4536.916032,5163.694532,715.16978
Terraced,1,H1,safe_unidirectional,best,4322.503699,5163.694532,647.543557
Terraced,1,H1,hybrid_bidirectional,worst,4302.40052,5308.089708,444.682729
Terraced,1,H1,hybrid_bidirectional,best,3875.89738,5302.659469,373.593501
Terraced,1,H2,safe_unidirectional,worst,3025.061179,3658.781199,609.33994
Terraced,1,H2,safe_unidirectional,best,2820.4943,3658.781199,542.402899
Terraced,1,H2,hybrid_bidirectional,worst,2408.121167,3837.515897,251.927388
Terraced,1,H2,hybrid_bidirectional,best,1835.397004,3831.139378,189.854669
Terraced,1,H3,safe_unidirectional,worst,2062.474927,2694.561199,541.958902
Terraced,1,H3,safe_unidirectional,best,1848.956859,2694.561199,474.395278
Terraced,1,H3,hybrid_bidirectional,worst,1519.86874,2896.578833,142.914043
Terraced,1,H3,hybrid_bidirectional,best,979.200171,2886.744696,91.528967
Terraced,1,H1,safe_unidirectional,worst,4667.631224,5296.345432,750.694531
Terraced,1,H1,safe_unidirectional,best,4460.418399,5296.345432,684.667147
Terraced,1,H1,hybrid_bidirectional,worst,4448.210958,5456.235188,459.335159
Terraced,1,H1,hybrid_bidirectional,best,4035.417249,5451.358064,389.432664
Terraced,1,H2,safe_unidirectional,worst,3158.477599,3791.432099,645.053778
Terraced,1,H2,safe_unidirectional,best,2957.79414,3791.432099,579.483449
Terraced,1,H2,hybrid_bidirectional,worst,2546.654909,3991.363865,259.24345
Terraced,1,H2,hybrid_bidirectional,best,1985.101674,3985.546057,194.849548
Terraced,1,H3,safe_unidirectional,worst,2190.074543,2827.212099,577.265564
Terraced,1,H3,safe_unidirectional,best,1978.618026,2827.212099,510.941121
Terraced,1,H3,hybrid_bidirectional,worst,1631.069026,3048.083639,154.657102
Terraced,1,H3,hybrid_bidirectional,best,1100.538409,3037.483259,101.37569
Terraced,1,H1,safe_unidirectional,worst,4699.368448,5305.792832,765.253779
Terraced,1,H1,safe_unidirectional,best,4472.128395,5305.792832,692.391696
Terraced,1,H1,hybrid_bidirectional,worst,4471.976079,5468.906047,458.33367
Terraced,1,H1,hybrid_bidirectional,best,4050.910084,5461.841341,387.008065
Terraced,1,H2,safe_unidirectional,worst,3189.007787,3800.879499,659.528533
Terraced,1,H2,safe_unidirectional,best,2969.3516,3800.879499,587.197321
Terraced,1,H2,hybrid_bidirectional,worst,2533.262866,3981.045863,269.24598
Terraced,1,H2,hybrid_bidirectional,best,1966.117237,3974.504586,201.362254
Terraced,1,H3,safe_unidirectional,worst,2220.259839,2836.659499,591.716177
Terraced,1,H3,safe_unidirectional,best,1990.867899,2836.659499,518.703462
Terraced,1,H3,hybrid_bidirectional,worst,1633.892952,3042.701535,157.717632
Terraced,1,H3,hybrid_bidirectional,best,1120.002462,3030.846734,103.297365
Terraced,1,H1,safe_unidirectional,worst,4666.224712,5292.587332,753.605479
Terraced,1,H1,safe_unidirectional,best,4444.226707,5292.587332,681.537582
Terraced,1,H1,hybrid_bidirectional,worst,4438.228662,5445.809565,469.250192
Terraced,1,H1,hybrid_bidirectional,best,3999.404603,5440.534648,393.438729
Terraced,1,H2,safe_unidirectional,worst,3153.306727,3787.673999,647.70122
Terraced,1,H2,safe_unidirectional,best,2937.537832,3787.673999,576.069361
Terraced,1,H2,hybrid_bidirectional,worst,2550.656991,3989.125963,260.256494
Terraced,1,H2,hybrid_bidirectional,best,1953.572498,3980.023328,191.450201
Terraced,1,H3,safe_unidirectional,worst,2191.351803,2823.453999,580.364375
Terraced,1,H3,safe_unidirectional,best,1960.414751,2823.453999,507.670745
Terraced,1,H3,hybrid_bidirectional,worst,1610.511065,3044.829045,154.849696
Terraced,1,H3,hybrid_bidirectional,best,1108.925062,3031.224351,102.130336
Terraced,1,H1,safe_unidirectional,worst,4749.843512,5387.514832,772.09296
Terraced,1,H1,safe_unidirectional,best,4516.373791,5387.514832,697.104079
Terraced,1,H1,hybrid_bidirectional,worst,4520.463983,5552.712661,470.258201
Terraced,1,H1,hybrid_bidirectional,best,4075.15435,5548.594074,389.533062
Terraced,1,H2,safe_unidirectional,worst,3233.795255,3882.601499,665.969582
Terraced,1,H2,safe_unidirectional,best,3011.871292,3882.601499,591.788904
Terraced,1,H2,hybrid_bidirectional,worst,2600.911178,4075.421734,271.587068
Terraced,1,H2,hybrid_bidirectional,best,2028.688255,4069.130441,204.608086
Terraced,1,H3,safe_unidirectional,worst,2270.972339,2918.381499,598.571978
Terraced,1,H3,safe_unidirectional,best,2035.09233,2918.381499,523.414376
Terraced,1,H3,hybrid_bidirectional,worst,1644.894344,3134.531875,155.188012
Terraced,1,H3,hybrid_bidirectional,best,1106.437043,3120.730178,105.860917
Terraced,1,H1,safe_unidirectional,worst,4543.427308,5146.568532,713.258235
Terraced,1,H1,safe_unidirectional,best,4334.260718,5146.568532,646.128296
Terraced,1,H1,hybrid_bidirectional,worst,4273.694006,5290.35775,443.291558
Terraced,1,H1,hybrid_bidirectional,best,3848.473578,5284.835809,372.920449
Terraced,1,H2,safe_unidirectional,worst,3030.745975,3641.655199,607.370542
Terraced,1,H2,safe_unidirectional,best,2828.76186,3641.655199,540.743375
Terraced,1,H2,hybrid_bidirectional,worst,2367.863105,3826.204039,240.423976
Terraced,1,H2,hybrid_bidirectional,best,1780.796286,3818.047357,177.611937
Terraced,1,H3,safe_unidirectional,worst,2063.912271,2677.435199,539.692182
Terraced,1,H3,safe_unidirectional,best,1853.108842,2677.435199,472.447664
Terraced,1,H3,hybrid_bidirectional,worst,1456.262314,2886.514615,129.524397
Terraced,1,H3,hybrid_bidirectional,best,951.873308,2871.790011,84.922344
Terraced,1,H1,safe_unidirectional,worst,4823.247968,5455.176232,793.404037
Terraced,1,H1,safe_unidirectional,best,4595.501603,5455.176232,720.076782
Terraced,1,H1,hybrid_bidirectional,worst,4609.005442,5627.885478,487.722467
Terraced,1,H1,hybrid_bidirectional,best,4170.512317,5622.960572,410.173214
Terraced,1,H2,safe_unidirectional,worst,3307.042055,3950.262899,687.269624
Terraced,1,H2,safe_unidirectional,best,3085.892955,3950.262899,614.404177
Terraced,1,H2,hybrid_bidirectional,worst,2654.92411,4147.360078,290.07878
Terraced,1,H2,hybrid_bidirectional,best,2075.664915,4145.940894,215.661635
Terraced,1,H3,safe_unidirectional,worst,2341.580243,2986.042899,619.687297
Terraced,1,H3,safe_unidirectional,best,2108.675702,2986.042899,545.998969
Terraced,1,H3,hybrid_bidirectional,worst,1718.95137,3215.0504,164.443236
Terraced,1,H3,hybrid_bidirectional,best,1174.637899,3201.576977,114.297884
Terraced,1,H1,safe_unidirectional,worst,4540.284116,5144.291932,709.659204
Terraced,1,H1,safe_unidirectional,best,4332.776155,5144.291932,643.95611
Terraced,1,H1,hybrid_bidirectional,worst,4291.487095,5294.024517,434.373202
Terraced,1,H1,hybrid_bidirectional,best,3872.155207,5289.886611,362.786302
Terraced,1,H2,safe_unidirectional,worst,3023.406871,3639.378599,603.477797
Terraced,1,H2,safe_unidirectional,best,2822.837248,3639.378599,538.260387
Terraced,1,H2,hybrid_bidirectional,worst,2383.601683,3818.258914,246.349751
Terraced,1,H2,hybrid_bidirectional,best,1830.544022,3811.393433,183.239459
Terraced,1,H3,safe_unidirectional,worst,2058.299312,2675.158599,535.920268
Terraced,1,H3,safe_unidirectional,best,1848.922732,2675.158599,470.086371
Terraced,1,H3,hybrid_bidirectional,worst,1466.387631,2877.367025,136.536833
Terraced,1,H3,hybrid_bidirectional,best,986.648567,2863.194563,93.288122
Terraced,1,H1,safe_unidirectional,worst,4675.37596,5334.442732,746.679203
Terraced,1,H1,safe_unidirectional,best,4439.516199,5334.442732,671.397722
Terraced,1,H1,hybrid_bidirectional,worst,4429.604386,5485.272922,465.753606
Terraced,1,H1,hybrid_bidirectional,best,3982.855351,5481.405541,384.993088
Terraced,1,H2,safe_unidirectional,worst,3157.882591,3829.529399,640.454667
Terraced,1,H2,safe_unidirectional,best,2932.426528,3829.529399,565.901445
Terraced,1,H2,hybrid_bidirectional,worst,2480.156154,4002.213651,253.959531
Terraced,1,H2,hybrid_bidirectional,best,1898.410847,3996.154245,186.89582
Terraced,1,H3,safe_unidirectional,worst,2193.48888,2865.309399,572.947107
Terraced,1,H3,safe_unidirectional,best,1958.443315,2865.309399,497.72262
Terraced,1,H3,hybrid_bidirectional,worst,1505.185242,3061.209608,141.001133
Terraced,1,H3,hybrid_bidirectional,best,990.208666,3047.286269,93.039253
Terraced,1,H1,safe_unidirectional,worst,4672.214152,5307.472232,755.322623
Terraced,1,H1,safe_unidirectional,best,4451.582263,5307.472232,683.507097
Terraced,1,H1,hybrid_bidirectional,worst,4417.519286,5462.071355,465.740998
Terraced,1,H1,hybrid_bidirectional,best,3964.741961,5455.363705,391.582498
Terraced,1,H2,safe_unidirectional,worst,3158.470955,3802.558899,649.3606
Terraced,1,H2,safe_unidirectional,best,2943.444712,3802.558899,577.937468
Terraced,1,H2,hybrid_bidirectional,worst,2511.491325,3991.753073,267.31532
Terraced,1,H2,hybrid_bidirectional,best,1933.434816,3985.185323,199.977788
Terraced,1,H3,safe_unidirectional,worst,2191.766267,2838.338899,581.691271
Terraced,1,H3,safe_unidirectional,best,1963.99475,2838.338899,509.375971
Terraced,1,H3,hybrid_bidirectional,worst,1575.325896,3050.703428,160.1921
Terraced,1,H3,hybrid_bidirectional,best,1088.601782,3037.562145,112.23034
Terraced,1,H1,safe_unidirectional,worst,4693.25132,5355.543732,745.53019
Terraced,1,H1,safe_unidirectional,best,4489.981334,5355.543732,680.381553
Terraced,1,H1,hybrid_bidirectional,worst,4462.765212,5515.647908,461.216564
Terraced,1,H1,hybrid_bidirectional,best,4048.979948,5512.258715,388.963539
Terraced,1,H2,safe_unidirectional,worst,3175.044195,3850.630399,639.255691
Terraced,1,H2,safe_unidirectional,best,2977.338572,3850.630399,574.49656
Terraced,1,H2,hybrid_bidirectional,worst,2549.935702,4045.770931,260.990526
Terraced,1,H2,hybrid_bidirectional,best,1962.45043,4038.935893,194.594125
Terraced,1,H3,safe_unidirectional,worst,2211.360347,2886.410399,571.797822
Terraced,1,H3,safe_unidirectional,best,2003.90075,2886.410399,506.355912
Terraced,1,H3,hybrid_bidirectional,worst,1598.018974,3104.174697,150.093999
Terraced,1,H3,hybrid_bidirectional,best,1105.226952,3091.146521,103.860626
Terraced,1,H1,safe_unidirectional,worst,4546.817568,5196.504432,713.487243
Terraced,1,H1,safe_unidirectional,best,4362.874683,5196.504432,655.54027
Terraced,1,H1,hybrid_bidirectional,worst,4292.45894,5345.014332,437.911895
Terraced,1,H1,hybrid_bidirectional,best,3884.806206,5339.712027,375.951439
Terraced,1,H2,safe_unidirectional,worst,3032.148687,3691.591099,607.460421
Terraced,1,H2,safe_unidirectional,best,2853.965444,3691.591099,549.916623
Terraced,1,H2,hybrid_bidirectional,worst,2402.540838,3876.05821,246.056402
Terraced,1,H2,hybrid_bidirectional,best,1842.968455,3870.558593,187.600126
Terraced,1,H3,safe_unidirectional,worst,2069.908967,2727.371099,540.103641
Terraced,1,H3,safe_unidirectional,best,1882.240894,2727.371099,481.895905
Terraced,1,H3,hybrid_bidirectional,worst,1454.544973,2934.309177,135.93934
Terraced,1,H3,hybrid_bidirectional,best,970.926427,2923.995001,92.729509
Terraced,1,H1,safe_unidirectional,worst,4596.227168,5214.407032,730.048098
Terraced,1,H1,safe_unidirectional,best,4389.331123,5214.407032,664.179599
Terraced,1,H1,hybrid_bidirectional,worst,4361.302095,5370.241918,439.359546
Terraced,1,H1,hybrid_bidirectional,best,3941.966986,5365.264405,369.413816
Terraced,1,H2,safe_unidirectional,worst,3082.649991,3709.493699,624.097696
Terraced,1,H2,safe_unidirectional,best,2884.51154,3709.493699,558.842228
Terraced,1,H2,hybrid_bidirectional,worst,2457.327194,3896.563787,244.276554
Terraced,1,H2,hybrid_bidirectional,best,1903.989225,3889.670461,186.585746
Terraced,1,H3,safe_unidirectional,worst,2118.795811,2745.273699,556.627903
Terraced,1,H3,safe_unidirectional,best,1905.656991,2745.273699,490.32241
Terraced,1,H3,hybrid_bidirectional,worst,1535.050599,2952.772253,140.234944
Terraced,1,H3,hybrid_bidirectional,best,1025.368339,2942.708941,91.882718
Terraced,1,H1,safe_unidirectional,worst,4597.596524,5242.245532,728.875093
Terraced,1,H1,safe_unidirectional,best,4391.161715,5242.245532,662.954372
Terraced,1,H1,hybrid_bidirectional,worst,4359.921317,5396.083861,435.755904
Terraced,1,H1,hybrid_bidirectional,best,3932.414938,5388.887038,369.672934
Terraced,1,H2,safe_unidirectional,worst,3082.934047,3737.332199,622.848719
Terraced,1,H2,safe_unidirectional,best,2882.526576,3737.332199,557.349912
Terraced,1,H2,hybrid_bidirectional,worst,2451.744349,3930.819985,240.196066
Terraced,1,H2,hybrid_bidirectional,best,1879.277015,3917.306846,184.621444
Terraced,1,H3,safe_unidirectional,worst,2118.802575,2773.112199,555.359516
Terraced,1,H3,safe_unidirectional,best,1907.586174,2773.112199,489.104084
Terraced,1,H3,hybrid_bidirectional,worst,1501.490114,2985.243614,137.179971
Terraced,1,H3,hybrid_bidirectional,best,980.598338,2968.356583,92.379049
Terraced,1,H1,safe_unidirectional,worst,4679.524488,5321.712332,749.481566
Terraced,1,H1,safe_unidirectional,best,4471.643883,5321.712332,683.197466
Terraced,1,H1,hybrid_bidirectional,worst,4471.56674,5479.63298,455.570972
Terraced,1,H1,hybrid_bidirectional,best,4025.654726,5474.941682,386.199807
Terraced,1,H2,safe_unidirectional,worst,3169.149899,3816.798999,643.755345
Terraced,1,H2,safe_unidirectional,best,2965.695243,3816.798999,577.781061
Terraced,1,H2,hybrid_bidirectional,worst,2542.009698,4012.649905,261.607698
Terraced,1,H2,hybrid_bidirectional,best,1933.073033,4006.287844,194.594323
Terraced,1,H3,safe_unidirectional,worst,2203.399326,2852.578999,576.152804
Terraced,1,H3,safe_unidirectional,best,1993.60477,2852.578999,509.734728
Terraced,1,H3,hybrid_bidirectional,worst,1616.388758,3070.955374,153.029909
Terraced,1,H3,hybrid_bidirectional,best,1087.17677,3058.201465,104.303446
Terraced,1,H1,safe_unidirectional,worst,4665.297384,5320.004132,749.443846
Terraced,1,H1,safe_unidirectional,best,4434.996387,5320.004132,674.783159
Terraced,1,H1,hybrid_bidirectional,worst,4435.535686,5474.987705,466.899979
Terraced,1,H1,hybrid_bidirectional,best,4000.035718,5470.454736,388.232725
Terraced,1,H2,safe_unidirectional,worst,3153.778251,3815.090799,643.637507
Terraced,1,H2,safe_unidirectional,best,2929.329272,3815.090799,569.386461
Terraced,1,H2,hybrid_bidirectional,worst,2509.56049,4004.58624,259.773357
Terraced,1,H2,hybrid_bidirectional,best,1905.868989,4000.027751,188.55453
Terraced,1,H3,safe_unidirectional,worst,2192.785299,2850.870799,576.368001
Terraced,1,H3,safe_unidirectional,best,1954.087079,2850.870799,501.119507
Terraced,1,H3,hybrid_bidirectional,worst,1555.707332,3066.944325,142.976861
Terraced,1,H3,hybrid_bidirectional,best,1000.640671,3051.440672,94.40717
Terraced,1,H1,safe_unidirectional,worst,4512.719572,5084.875232,706.581488
Terraced,1,H1,safe_unidirectional,best,4311.43595,5084.875232,643.40158
Terraced,1,H1,hybrid_bidirectional,worst,4264.055634,5223.9609,439.067428
Terraced,1,H1,hybrid_bidirectional,best,3852.36325,5218.279477,373.174657
Terraced,1,H2,safe_unidirectional,worst,3000.236839,3579.961899,600.707696
Terraced,1,H2,safe_unidirectional,best,2808.544723,3579.961899,538.199195
Terraced,1,H2,hybrid_bidirectional,worst,2356.096155,3752.003414,246.430437
Terraced,1,H2,hybrid_bidirectional,best,1807.018232,3744.897489,188.487506
Terraced,1,H3,safe_unidirectional,worst,2038.503312,2615.741899,533.386349
Terraced,1,H3,safe_unidirectional,best,1837.641879,2615.741899,470.235996
Terraced,1,H3,hybrid_bidirectional,worst,1464.600024,2808.941807,144.2879
Terraced,1,H3,hybrid_bidirectional,best,998.058149,2799.304281,96.122375
Terraced,1,H1,safe_unidirectional,worst,4750.92226,5385.615232,776.527826
Terraced,1,H1,safe_unidirectional,best,4537.731155,5385.615232,708.117616
Terraced,1,H1,hybrid_bidirectional,worst,4544.570418,5554.375609,471.316139
Terraced,1,H1,hybrid_bidirectional,best,4076.526448,5550.278539,395.215159
Terraced,1,H2,safe_unidirectional,worst,3239.774839,3880.701899,670.747507
Terraced,1,H2,safe_unidirectional,best,3034.698076,3880.701899,602.9053
Terraced,1,H2,hybrid_bidirectional,worst,2619.520976,4084.65504,279.568566
Terraced,1,H2,hybrid_bidirectional,best,1998.535524,4079.66091,207.973367
Terraced,1,H3,safe_unidirectional,worst,2274.738623,2916.481899,603.194972
Terraced,1,H3,safe_unidirectional,best,2055.31377,2916.481899,534.348399
Terraced,1,H3,hybrid_bidirectional,worst,1702.820291,3148.804284,159.410255
Terraced,1,H3,hybrid_bidirectional,best,1136.306632,3134.891342,109.482315
Terraced,1,H1,safe_unidirectional,worst,4638.0084,5294.934432,741.983545
Terraced,1,H1,safe_unidirectional,best,4427.867639,5294.934432,674.987877
Terraced,1,H1,hybrid_bidirectional,worst,4399.750869,5450.675376,454.875095
Terraced,1,H1,hybrid_bidirectional,best,3980.561008,5445.615071,383.985007
Terraced,1,H2,safe_unidirectional,worst,3123.148083,3790.021099,635.943323
Terraced,1,H2,safe_unidirectional,best,2918.946296,3790.021099,569.363383
Terraced,1,H2,hybrid_bidirectional,worst,2486.433472,3981.486445,250.779319
Terraced,1,H2,hybrid_bidirectional,best,1887.29451,3977.012228,184.915473
Terraced,1,H3,safe_unidirectional,worst,2158.832339,2825.801099,568.441221
Terraced,1,H3,safe_unidirectional,best,1944.62797,2825.801099,501.1611
Terraced,1,H3,hybrid_bidirectional,worst,1559.688407,3038.392187,145.193719
Terraced,1,H3,hybrid_bidirectional,best,1016.355801,3028.027934,94.291335
Terraced,1,H1,safe_unidirectional,worst,4533.279052,5146.996932,710.053977
Terraced,1,H1,safe_unidirectional,best,4312.126854,5146.996932,639.181273
Terraced,1,H1,hybrid_bidirectional,worst,4271.835718,5292.601606,435.540851
Terraced,1,H1,hybrid_bidirectional,best,3839.930052,5286.411008,362.93255
Terraced,1,H2,safe_unidirectional,worst,3020.809079,3642.083599,604.181078
Terraced,1,H2,safe_unidirectional,best,2810.915088,3642.083599,534.09645
Terraced,1,H2,hybrid_bidirectional,worst,2363.726284,3821.288901,246.951067
Terraced,1,H2,hybrid_bidirectional,best,1783.153216,3814.587964,179.070591
Terraced,1,H3,safe_unidirectional,worst,2054.475912,2677.863599,536.537757
Terraced,1,H3,safe_unidirectional,best,1829.336463,2677.863599,465.385946
Terraced,1,H3,hybrid_bidirectional,worst,1444.513181,2879.149203,138.991967
Terraced,1,H3,hybrid_bidirectional,best,959.889229,2865.016776,92.22671
Terraced,1,H1,safe_unidirectional,worst,4545.97952,5151.497632,715.610305
Terraced,1,H1,safe_unidirectional,best,4348.654659,5151.497632,651.753414
Terraced,1,H1,hybrid_bidirectional,worst,4316.487782,5304.136463,431.812398
Terraced,1,H1,hybrid_bidirectional,best,3897.513902,5298.483869,365.021106
Terraced,1,H2,safe_unidirectional,worst,3033.486223,3646.584299,609.735774
Terraced,1,H2,safe_unidirectional,best,2839.3291,3646.584299,546.100625
Terraced,1,H2,hybrid_bidirectional,worst,2384.239719,3835.352098,237.088959
Terraced,1,H2,hybrid_bidirectional,best,1809.55697,3826.840407,175.095198
Terraced,1,H3,safe_unidirectional,worst,2070.483927,2682.364299,542.325613
Terraced,1,H3,safe_unidirectional,best,1865.995246,2682.364299,477.967255
Terraced,1,H3,hybrid_bidirectional,worst,1476.59179,2888.9456,137.601905
Terraced,1,H3,hybrid_bidirectional,best,961.405761,2875.586902,89.958722
Terraced,1,H1,safe_unidirectional,worst,4726.882576,5344.751132,765.670459
Terraced,1,H1,safe_unidirectional,best,4515.134243,5344.751132,698.197629
Terraced,1,H1,hybrid_bidirectional,worst,4501.780245,5510.08072,467.290128
Terraced,1,H1,hybrid_bidirectional,best,4073.414319,5504.11419,397.595366
Terraced,1,H2,safe_unidirectional,worst,3215.817455,3839.837799,659.8959
Terraced,1,H2,safe_unidirectional,best,3011.485656,3839.837799,592.942228
Terraced,1,H2,hybrid_bidirectional,worst,2582.041,4034.259554,282.890534
Terraced,1,H2,hybrid_bidirectional,best,1975.904462,4031.351803,208.843071
Terraced,1,H3,safe_unidirectional,worst,2251.152734,2875.617799,592.36937
Terraced,1,H3,safe_unidirectional,best,2036.087366,2875.617799,524.664348
Terraced,1,H3,hybrid_bidirectional,worst,1690.299361,3102.433183,156.29831
Terraced,1,H3,hybrid_bidirectional,best,1167.915048,3091.609188,104.935704
Terraced,1,H1,safe_unidirectional,worst,4649.864396,5281.929832,743.123745
Terraced,1,H1,safe_unidirectional,best,4450.437219,5281.929832,679.444318
Terraced,1,H1,hybrid_bidirectional,worst,4404.708732,5437.40231,452.111363
Terraced,1,H1,hybrid_bidirectional,best,4006.745812,5432.476254,384.6272
Terraced,1,H2,safe_unidirectional,worst,3133.920599,3777.016499,637.007679
Terraced,1,H2,safe_unidirectional,best,2940.439868,3777.016499,573.744503
Terraced,1,H2,hybrid_bidirectional,worst,2512.299449,3955.891339,263.572983
Terraced,1,H2,hybrid_bidirectional,best,1966.927834,3953.655435,196.608327
Terraced,1,H3,safe_unidirectional,worst,2177.023447,2812.796499,570.024879
Terraced,1,H3,safe_unidirectional,best,1972.831223,2812.796499,506.011898
Terraced,1,H3,hybrid_bidirectional,worst,1536.988169,3017.727106,147.311038
Terraced,1,H3,hybrid_bidirectional,best,1078.018932,3006.590452,101.513508
Terraced,1,H1,safe_unidirectional,worst,4657.14854,5273.714132,750.958789
Terraced,1,H1,safe_unidirectional,best,4451.314674,5273.714132,685.629468
Terraced,1,H1,hybrid_bidirectional,worst,4438.385154,5431.285174,458.347471
Terraced,1,H1,hybrid_bidirectional,best,4023.584968,5426.048302,390.135682
Terraced,1,H2,safe_unidirectional,worst,3146.092987,3768.800799,645.1849
Terraced,1,H2,safe_unidirectional,best,2947.168091,3768.800799,580.339207
Terraced,1,H2,hybrid_bidirectional,worst,2512.746323,3958.353203,264.29052
Terraced,1,H2,hybrid_bidirectional,best,1974.465555,3952.868827,202.424201
Terraced,1,H3,safe_unidirectional,worst,2181.872611,2804.580799,577.689474
Terraced,1,H3,safe_unidirectional,best,1973.737418,2804.580799,512.19906
Terraced,1,H3,hybrid_bidirectional,worst,1600.107532,3020.365367,145.844368
Terraced,1,H3,hybrid_bidirectional,best,1107.646098,3007.280149,103.501686
Terraced,1,H1,safe_unidirectional,worst,4646.006004,5262.092032,745.205961
Terraced,1,H1,safe_unidirectional,best,4425.025074,5262.092032,674.809142
Terraced,1,H1,hybrid_bidirectional,worst,4408.809868,5417.862591,454.595209
Terraced,1,H1,hybrid_bidirectional,best,3969.0338,5414.892673,375.853955
Terraced,1,H2,safe_unidirectional,worst,3133.850639,3757.178699,639.355086
Terraced,1,H2,safe_unidirectional,best,2922.498564,3757.178699,569.632286
Terraced,1,H2,hybrid_bidirectional,worst,2457.21527,3940.243382,261.641938
Terraced,1,H2,hybrid_bidirectional,best,1883.385919,3935.796237,192.442453
Terraced,1,H3,safe_unidirectional,worst,2168.011455,2792.958699,571.746343
Terraced,1,H3,safe_unidirectional,best,1944.868335,2792.958699,501.19817
Terraced,1,H3,hybrid_bidirectional,worst,1579.155599,3000.851525,152.189259
Terraced,1,H3,hybrid_bidirectional,best,1076.821628,2987.554957,105.585174
Terraced,1,H1,safe_unidirectional,worst,4629.32762,5296.058632,738.557669
Terraced,1,H1,safe_unidirectional,best,4416.429239,5296.058632,670.363764
Terraced,1,H1,hybrid_bidirectional,worst,4399.66551,5443.877976,450.245195
Terraced,1,H1,hybrid_bidirectional,best,3972.058175,5438.339609,378.878189
Terraced,1,H2,safe_unidirectional,worst,3116.331043,3791.145299,632.647909
Terraced,1,H2,safe_unidirectional,best,2909.649636,3791.145299,564.889192
Terraced,1,H2,hybrid_bidirectional,worst,2464.282879,3958.557086,251.112252
Terraced,1,H2,hybrid_bidirectional,best,1886.66293,3949.920588,182.548253
Terraced,1,H3,safe_unidirectional,worst,2158.135359,2826.925299,565.574211
Terraced,1,H3,safe_unidirectional,best,1944.050583,2826.925299,497.297259
Terraced,1,H3,hybrid_bidirectional,worst,1552.54811,3017.552517,143.580983
Terraced,1,H3,hybrid_bidirectional,best,1020.932456,2999.544964,95.034733
Terraced,1,H1,safe_unidirectional,worst,4706.790948,5340.919432,758.476411
Terraced,1,H1,safe_unidirectional,best,4474.014723,5340.919432,683.731551
Terraced,1,H1,hybrid_bidirectional,worst,4465.121228,5496.824459,478.2556
Terraced,1,H1,hybrid_bidirectional,best,4008.481153,5490.781968,400.809952
Terraced,1,H2,safe_unidirectional,worst,3193.356747,3836.006099,652.536017
Terraced,1,H2,safe_unidirectional,best,2971.35456,3836.006099,578.54534
Terraced,1,H2,hybrid_bidirectional,worst,2514.007492,4035.068765,263.451771
Terraced,1,H2,hybrid_bidirectional,best,1933.181712,4028.892561,194.856122
Terraced,1,H3,safe_unidirectional,worst,2228.750623,2871.786099,585.013588
Terraced,1,H3,safe_unidirectional,best,1995.895658,2871.786099,510.263217
Terraced,1,H3,hybrid_bidirectional,worst,1622.535608,3096.681796,151.589557
Terraced,1,H3,hybrid_bidirectional,best,1071.761654,3083.922899,98.59095
Terraced,1,H1,safe_unidirectional,worst,4665.68542,5324.407832,747.099864
Terraced,1,H1,safe_unidirectional,best,4447.228626,5324.407832,677.394132
Terraced,1,H1,hybrid_bidirectional,worst,4421.916767,5479.216465,463.420096
Terraced,1,H1,hybrid_bidirectional,best,4010.540639,5474.563087,390.257148
Terraced,1,H2,safe_unidirectional,worst,3150.534915,3819.494499,641.039328
Terraced,1,H2,safe_unidirectional,best,2940.08624,3819.494499,571.894165
Terraced,1,H2,hybrid_bidirectional,worst,2502.002995,4001.596558,262.832135
Terraced,1,H2,hybrid_bidirectional,best,1937.234729,3998.853334,193.223481
Terraced,1,H3,safe_unidirectional,worst,2188.153895,2855.274499,573.672657
Terraced,1,H3,safe_unidirectional,best,1966.468251,2855.274499,503.740906
Terraced,1,H3,hybrid_bidirectional,worst,1565.483071,3061.408757,149.973251
Terraced,1,H3,hybrid_bidirectional,best,1030.956381,3051.072102,97.828449
Terraced,1,H1,safe_unidirectional,worst,4650.537468,5221.978532,742.690079
Terraced,1,H1,safe_unidirectional,best,4425.954915,5221.978532,670.367116
Terraced,1,H1,hybrid_bidirectional,worst,4408.674701,5376.272013,460.114234
Terraced,1,H1,hybrid_bidirectional,best,3976.615097,5372.536147,381.379624
Terraced,1,H2,safe_unidirectional,worst,3134.696015,3717.065199,636.581177
Terraced,1,H2,safe_unidirectional,best,2916.560652,3717.065199,564.709518
Terraced,1,H2,hybrid_bidirectional,worst,2490.67735,3903.797408,265.702677
Terraced,1,H2,hybrid_bidirectional,best,1909.25863,3897.738044,195.986627
Terraced,1,H3,safe_unidirectional,worst,2172.494268,2752.845199,569.227055
Terraced,1,H3,safe_unidirectional,best,1944.696334,2752.845199,496.679016
Terraced,1,H3,hybrid_bidirectional,worst,1595.008021,2963.724803,155.652826
Terraced,1,H3,hybrid_bidirectional,best,1074.006965,2952.907939,100.054329
Terraced,1,H1,safe_unidirectional,worst,4524.25984,5141.461432,700.439382
Terraced,1,H1,safe_unidirectional,best,4311.939907,5141.461432,632.285012
Terraced,1,H1,hybrid_bidirectional,worst,4284.947676,5285.046754,437.451363
Terraced,1,H1,hybrid_bidirectional,best,3868.681923,5280.718517,365.718196
Terraced,1,H2,safe_unidirectional,worst,3010.958435,3636.548099,594.508283
Terraced,1,H2,safe_unidirectional,best,2806.054992,3636.548099,526.873068
Terraced,1,H2,hybrid_bidirectional,worst,2410.920756,3820.056622,241.952307
Terraced,1,H2,hybrid_bidirectional,best,1851.015182,3811.83901,181.294094
Terraced,1,H3,safe_unidirectional,worst,2044.580027,2672.328099,526.861795
Terraced,1,H3,safe_unidirectional,best,1825.729578,2672.328099,458.250289
Terraced,1,H3,hybrid_bidirectional,worst,1454.850414,2878.530672,130.251051
Terraced,1,H3,hybrid_bidirectional,best,980.703926,2865.221268,86.512175
Terraced,1,H1,safe_unidirectional,worst,4589.300484,5230.554632,729.031391
Terraced,1,H1,safe_unidirectional,best,4356.110038,5230.554632,654.653017
Terraced,1,H1,hybrid_bidirectional,worst,4347.162125,5382.436249,447.185815
Terraced,1,H1,hybrid_bidirectional,best,3931.61562,5376.269065,372.746238
Terraced,1,H2,safe_unidirectional,worst,3079.170859,3725.641299,623.322318
Terraced,1,H2,safe_unidirectional,best,2856.422096,3725.641299,549.674861
Terraced,1,H2,hybrid_bidirectional,worst,2430.630787,3916.192383,251.782521
Terraced,1,H2,hybrid_bidirectional,best,1883.386518,3906.122755,187.853468
Terraced,1,H3,safe_unidirectional,worst,2116.527575,2761.421299,555.937288
Terraced,1,H3,safe_unidirectional,best,1884.453838,2761.421299,481.637083
Terraced,1,H3,hybrid_bidirectional,worst,1494.274775,2978.658639,134.827432
Terraced,1,H3,hybrid_bidirectional,best,1011.543852,2960.34751,91.458844
Terraced,1,H1,safe_unidirectional,worst,4756.798324,5370.288232,772.052908
Terraced,1,H1,safe_unidirectional,best,4533.35442,5370.288232,700.532412
Terraced,1,H1,hybrid_bidirectional,worst,4527.458547,5526.209378,482.842138
Terraced,1,H1,hybrid_bidirectional,best,4100.764706,5520.580638,410.431949
Terraced,1,H2,safe_unidirectional,worst,3244.939603,3865.374899,666.222797
Terraced,1,H2,safe_unidirectional,best,3029.783171,3865.374899,595.282425
Terraced,1,H2,hybrid_bidirectional,worst,2590.800149,4055.372083,280.289315
Terraced,1,H2,hybrid_bidirectional,best,2009.342507,4048.295903,211.658773
Terraced,1,H3,safe_unidirectional,worst,2277.692199,2901.154899,598.515479
Terraced,1,H3,safe_unidirectional,best,2053.649291,2901.154899,526.953053
Terraced,1,H3,hybrid_bidirectional,worst,1663.88759,3120.507154,159.710867
Terraced,1,H3,hybrid_bidirectional,best,1114.850337,3105.946144,107.119668
Terraced,1,H1,safe_unidirectional,worst,4600.170344,5228.082632,732.083412
Terraced,1,H1,safe_unidirectional,best,4410.277391,5228.082632,672.264206
Terraced,1,H1,hybrid_bidirectional,worst,4358.716623,5379.299012,451.213441
Terraced,1,H1,hybrid_bidirectional,best,3963.134616,5376.248277,384.576647
Terraced,1,H2,safe_unidirectional,worst,3082.509103,3723.169299,625.847125
Terraced,1,H2,safe_unidirectional,best,2903.231475,3723.169299,566.770992
Terraced,1,H2,hybrid_bidirectional,worst,2446.026303,3915.242332,246.278284
Terraced,1,H2,hybrid_bidirectional,best,1882.741524,3911.794228,183.625904
Terraced,1,H3,safe_unidirectional,worst,2125.063923,2758.949299,558.825962
Terraced,1,H3,safe_unidirectional,best,1931.751627,2758.949299,498.767402
Terraced,1,H3,hybrid_bidirectional,worst,1523.93432,2966.895074,150.582108
Terraced,1,H3,hybrid_bidirectional,best,1050.87229,2957.795876,105.486598
Terraced,1,H1,safe_unidirectional,worst,4730.517988,5346.713732,765.082352
Terraced,1,H1,safe_unidirectional,best,4518.055055,5346.713732,697.622164
Terraced,1,H1,hybrid_bidirectional,worst,4492.676593,5512.838159,466.837945
Terraced,1,H1,hybrid_bidirectional,best,4064.837233,5509.512098,393.593119
Terraced,1,H2,safe_unidirectional,worst,3214.878699,3841.800399,658.987602
Terraced,1,H2,safe_unidirectional,best,3009.948836,3841.800399,592.054728
Terraced,1,H2,hybrid_bidirectional,worst,2582.721019,4047.566245,274.513477
Terraced,1,H2,hybrid_bidirectional,best,1991.649674,4039.935693,206.665385
Terraced,1,H3,safe_unidirectional,worst,2254.563183,2877.580399,591.765516
Terraced,1,H3,safe_unidirectional,best,2037.191462,2877.580399,523.961712
Terraced,1,H3,hybrid_bidirectional,worst,1619.432317,3106.470771,159.902855
Terraced,1,H3,hybrid_bidirectional,best,1087.98391,3092.040686,112.088184
Terraced,1,H1,safe_unidirectional,worst,4696.244476,5321.595932,762.374762
Terraced,1,H1,safe_unidirectional,best,4492.137424,5321.595932,697.432244
Terraced,1,H1,hybrid_bidirectional,worst,4454.304264,5480.752427,463.706238
Terraced,1,H1,hybrid_bidirectional,best,4025.815682,5477.232123,391.306701
Terraced,1,H2,safe_unidirectional,worst,3183.565887,3816.682599,656.487261
Terraced,1,H2,safe_unidirectional,best,2987.597264,3816.682599,592.114433
Terraced,1,H2,hybrid_bidirectional,worst,2505.189361,4006.01077,262.268243
Terraced,1,H2,hybrid_bidirectional,best,1932.060006,4004.521808,190.97644
Terraced,1,H3,safe_unidirectional,worst,2220.233311,2852.462599,589.05398
Terraced,1,H3,safe_unidirectional,best,2010.742759,2852.462599,523.734618
Terraced,1,H3,hybrid_bidirectional,worst,1614.696979,3065.112618,155.512151
Terraced,1,H3,hybrid_bidirectional,best,1098.633024,3054.571054,105.703018
Terraced,1,H1,safe_unidirectional,worst,4672.784568,5283.768232,757.227627
Terraced,1,H1,safe_unidirectional,best,4462.506887,5283.768232,689.939826
Terraced,1,H1,hybrid_bidirectional,worst,4446.238325,5437.457255,469.917233
Terraced,1,H1,hybrid_bidirectional,best,4004.797965,5431.842585,398.297191
Terraced,1,H2,safe_unidirectional,worst,3159.723983,3778.854899,651.313386
Terraced,1,H2,safe_unidirectional,best,2956.572232,3778.854899,584.5244
Terraced,1,H2,hybrid_bidirectional,worst,2511.15852,3966.578488,259.103949
Terraced,1,H2,hybrid_bidirectional,best,1928.467204,3963.103686,192.105153
Terraced,1,H3,safe_unidirectional,worst,2193.860043,2814.634899,583.70291
Terraced,1,H3,safe_unidirectional,best,1979.304734,2814.634899,516.115675
Terraced,1,H3,hybrid_bidirectional,worst,1564.01928,3021.642848,154.448037
Terraced,1,H3,hybrid_bidirectional,best,1089.999415,3013.138647,104.272292
Terraced,1,H1,safe_unidirectional,worst,4646.875536,5276.701932,748.704874
Terraced,1,H1,safe_unidirectional,best,4429.941254,5276.701932,678.212358
Terraced,1,H1,hybrid_bidirectional,worst,4417.076168,5419.548812,464.99128
Terraced,1,H1,hybrid_bidirectional,best,3978.91278,5413.330075,392.062264
Terraced,1,H2,safe_unidirectional,worst,3132.567379,3771.788599,642.703303
Terraced,1,H2,safe_unidirectional,best,2921.975399,3771.788599,572.654748
Terraced,1,H2,hybrid_bidirectional,worst,2454.436451,3939.47549,258.055748
Terraced,1,H2,hybrid_bidirectional,best,1878.487706,3931.731648,196.011939
Terraced,1,H3,safe_unidirectional,worst,2167.967891,2807.568599,575.181339
Terraced,1,H3,safe_unidirectional,best,1942.368527,2807.568599,504.082267
Terraced,1,H3,hybrid_bidirectional,worst,1586.437735,3000.12276,148.851132
Terraced,1,H3,hybrid_bidirectional,best,1089.647415,2988.087314,100.830593
Terraced,1,H1,safe_unidirectional,worst,4536.260784,5111.505132,711.502388
Terraced,1,H1,safe_unidirectional,best,4314.546415,5111.505132,640.386917
Terraced,1,H1,hybrid_bidirectional,worst,4300.340462,5258.365068,438.548291
Terraced,1,H1,hybrid_bidirectional,best,3879.20149,5254.789193,361.490825
Terraced,1,H2,safe_unidirectional,worst,3020.499915,3606.591799,605.399127
Terraced,1,H2,safe_unidirectional,best,2805.092383,3606.591799,534.725135
Terraced,1,H2,hybrid_bidirectional,worst,2424.778021,3793.310049,246.317175
Terraced,1,H2,hybrid_bidirectional,best,1829.271728,3784.405958,177.454803
Terraced,1,H3,safe_unidirectional,worst,2057.270491,2642.371799,537.973067
Terraced,1,H3,safe_unidirectional,best,1834.293855,2642.371799,466.769238
Terraced,1,H3,hybrid_bidirectional,worst,1506.674803,2852.426806,137.443245
Terraced,1,H3,hybrid_bidirectional,best,974.109528,2834.683856,90.421385
Terraced,1,H1,safe_unidirectional,worst,4538.982172,5173.953032,711.940741
Terraced,1,H1,safe_unidirectional,best,4320.848839,5173.953032,641.920995
Terraced,1,H1,hybrid_bidirectional,worst,4308.44209,5317.593758,446.38721
Terraced,1,H1,hybrid_bidirectional,best,3875.248558,5311.83913,374.025139
Terraced,1,H2,safe_unidirectional,worst,3030.323511,3669.039699,606.334635
Terraced,1,H2,safe_unidirectional,best,2816.167871,3669.039699,536.593327
Terraced,1,H2,hybrid_bidirectional,worst,2421.074061,3850.323772,257.625477
Terraced,1,H2,hybrid_bidirectional,best,1837.273707,3843.566034,188.025266
Terraced,1,H3,safe_unidirectional,worst,2061.641411,2704.819699,538.526888
Terraced,1,H3,safe_unidirectional,best,1839.264111,2704.819699,468.210064
Terraced,1,H3,hybrid_bidirectional,worst,1565.351686,2912.041515,147.399126
Terraced,1,H3,hybrid_bidirectional,best,1032.471406,2898.218326,95.231479
Terraced,1,H1,safe_unidirectional,worst,4536.420824,5164.575932,708.994127
Terraced,1,H1,safe_unidirectional,best,4335.857115,5164.575932,646.201654
Terraced,1,H1,hybrid_bidirectional,worst,4302.060925,5314.953036,430.739028
Terraced,1,H1,hybrid_bidirectional,best,3887.564665,5310.679464,362.492497
Terraced,1,H2,safe_unidirectional,worst,3021.708811,3659.662599,602.964286
Terraced,1,H2,safe_unidirectional,best,2828.906107,3659.662599,540.715084
Terraced,1,H2,hybrid_bidirectional,worst,2365.605748,3847.577915,233.946286
Terraced,1,H2,hybrid_bidirectional,best,1807.482114,3841.827502,174.462287
Terraced,1,H3,safe_unidirectional,worst,2056.905583,2695.442599,535.42806
Terraced,1,H3,safe_unidirectional,best,1855.174931,2695.442599,472.553901
Terraced,1,H3,hybrid_bidirectional,worst,1428.135986,2906.477994,123.375757
Terraced,1,H3,hybrid_bidirectional,best,942.324883,2893.540134,83.112448
Terraced,1,H1,safe_unidirectional,worst,4662.110828,5314.073932,746.953378
Terraced,1,H1,safe_unidirectional,best,4450.245875,5314.073932,678.876033
Terraced,1,H1,hybrid_bidirectional,worst,4416.767399,5469.238793,455.173245
Terraced,1,H1,hybrid_bidirectional,best,3977.746104,5465.074629,381.161553
Terraced,1,H2,safe_unidirectional,worst,3147.019967,3809.160599,640.897018
Terraced,1,H2,safe_unidirectional,best,2943.6327,3809.160599,573.413111
Terraced,1,H2,hybrid_bidirectional,worst,2488.223807,4002.665847,255.967645
Terraced,1,H2,hybrid_bidirectional,best,1906.044711,3994.150018,193.978153
Terraced,1,H3,safe_unidirectional,worst,2184.625851,2844.940599,573.529429
Terraced,1,H3,safe_unidirectional,best,1967.427355,2844.940599,505.078737
Terraced,1,H3,hybrid_bidirectional,worst,1580.060851,3060.644065,149.626403
Terraced,1,H3,hybrid_bidirectional,best,1058.195534,3046.373119,103.067125
Terraced,1,H1,safe_unidirectional,worst,4731.886436,5393.180832,775.164936
Terraced,1,H1,safe_unidirectional,best,4509.172511,5393.180832,704.178069
Terraced,1,H1,hybrid_bidirectional,worst,4529.683578,5553.535471,474.89656
Terraced,1,H1,hybrid_bidirectional,best,4103.412879,5546.782276,404.504571
Terraced,1,H2,safe_unidirectional,worst,3216.120771,3888.267499,669.06134
Terraced,1,H2,safe_unidirectional,best,3003.472352,3888.267499,598.779058
Terraced,1,H2,hybrid_bidirectional,worst,2600.522656,4080.375972,278.49831
Terraced,1,H2,hybrid_bidirectional,best,2036.364829,4071.734691,215.026235
Terraced,1,H3,safe_unidirectional,worst,2250.988319,2924.047499,601.502068
Terraced,1,H3,safe_unidirectional,best,2025.925127,2924.047499,530.350752
Terraced,1,H3,hybrid_bidirectional,worst,1672.573121,3146.199993,155.332292
Terraced,1,H3,hybrid_bidirectional,best,1147.032464,3131.919603,106.684048
Terraced,1,H1,safe_unidirectional,worst,4500.74348,5119.445832,695.38725
Terraced,1,H1,safe_unidirectional,best,4296.665551,5119.445832,631.31031
Terraced,1,H1,hybrid_bidirectional,worst,4228.968751,5252.330437,440.158867
Terraced,1,H1,hybrid_bidirectional,best,3800.522128,5248.90726,368.467829
Terraced,1,H2,safe_unidirectional,worst,2987.670463,3614.532499,589.472139
Terraced,1,H2,safe_unidirectional,best,2792.014992,3614.532499,525.984771
Terraced,1,H2,hybrid_bidirectional,worst,2325.523863,3775.676741,237.967013
Terraced,1,H2,hybrid_bidirectional,best,1792.401736,3769.263941,178.947941
Terraced,1,H3,safe_unidirectional,worst,2020.656819,2650.312499,521.781184
Terraced,1,H3,safe_unidirectional,best,1818.822114,2650.312499,457.86127
Terraced,1,H3,hybrid_bidirectional,worst,1422.689315,2834.559077,131.921151
Terraced,1,H3,hybrid_bidirectional,best,948.186802,2823.216003,88.12979
Terraced,1,H1,safe_unidirectional,worst,4768.41952,5405.224232,767.6859
Terraced,1,H1,safe_unidirectional,best,4560.316291,5405.224232,701.846474
Terraced,1,H1,hybrid_bidirectional,worst,4552.906185,5577.333452,465.370811
Terraced,1,H1,hybrid_bidirectional,best,4139.969292,5572.189179,396.457611
Terraced,1,H2,safe_unidirectional,worst,3257.591503,3900.310899,661.927938
Terraced,1,H2,safe_unidirectional,best,3055.327896,3900.310899,596.497286
Terraced,1,H2,hybrid_bidirectional,worst,2615.85227,4096.425951,266.291431
Terraced,1,H2,hybrid_bidirectional,best,2032.749082,4094.076433,200.821555
Terraced,1,H3,safe_unidirectional,worst,2293.526267,2936.090899,594.443372
Terraced,1,H3,safe_unidirectional,best,2083.880003,2936.090899,528.495933
Terraced,1,H3,hybrid_bidirectional,worst,1668.660733,3156.540003,158.066032
Terraced,1,H3,hybrid_bidirectional,best,1123.292805,3149.088199,103.882599
Terraced,1,H1,safe_unidirectional,worst,4693.743804,5323.523332,760.280269
Terraced,1,H1,safe_unidirectional,best,4459.704755,5323.523332,684.263057
Terraced,1,H1,hybrid_bidirectional,worst,4440.840273,5481.401904,467.762115
Terraced,1,H1,hybrid_bidirectional,best,3985.860831,5475.805466,388.157904
Terraced,1,H2,safe_unidirectional,worst,3177.409331,3818.609999,654.136856
Terraced,1,H2,safe_unidirectional,best,2950.826948,3818.609999,578.641611
Terraced,1,H2,hybrid_bidirectional,worst,2556.205518,4011.377795,261.598095
Terraced,1,H2,hybrid_bidirectional,best,1960.733776,4005.024721,192.683345
Terraced,1,H3,safe_unidirectional,worst,2217.542259,2854.389999,586.946161
Terraced,1,H3,safe_unidirectional,best,1979.097598,2854.389999,510.620556
Terraced,1,H3,hybrid_bidirectional,worst,1661.04286,3065.308852,163.783243
Terraced,1,H3,hybrid_bidirectional,best,1094.387135,3053.736425,107.722237
Terraced,1,H1,safe_unidirectional,worst,4571.799216,5202.900632,722.129726
Terraced,1,H1,safe_unidirectional,best,4344.065323,5202.900632,648.412618
Terraced,1,H1,hybrid_bidirectional,worst,4320.815526,5342.944919,449.423289
Terraced,1,H1,hybrid_bidirectional,best,3905.541207,5336.785428,375.434237
Terraced,1,H2,safe_unidirectional,worst,3051.433579,3697.987299,615.704131
Terraced,1,H2,safe_unidirectional,best,2830.494012,3697.987299,542.462626
Terraced,1,H2,hybrid_bidirectional,worst,2394.307449,3861.700259,258.435679
Terraced,1,H2,hybrid_bidirectional,best,1842.822492,3857.240421,189.922632
Terraced,1,H3,safe_unidirectional,worst,2089.186767,2733.767299,548.346855
Terraced,1,H3,safe_unidirectional,best,1857.556174,2733.767299,474.356978
Terraced,1,H3,hybrid_bidirectional,worst,1480.830402,2926.022635,139.98736
Terraced,1,H3,hybrid_bidirectional,best,984.68876,2911.594595,94.039696
Terraced,1,H1,safe_unidirectional,worst,4606.406692,5214.798232,730.076897
Terraced,1,H1,safe_unidirectional,best,4389.192508,5214.798232,659.963005
Terraced,1,H1,hybrid_bidirectional,worst,4367.34815,5365.320504,452.341765
Terraced,1,H1,hybrid_bidirectional,best,3933.034005,5359.594603,379.204849
Terraced,1,H2,safe_unidirectional,worst,3093.584755,3709.884899,624.179361
Terraced,1,H2,safe_unidirectional,best,2882.047024,3709.884899,554.462821
Terraced,1,H2,hybrid_bidirectional,worst,2437.483827,3894.586261,249.070607
Terraced,1,H2,hybrid_bidirectional,best,1869.398041,3889.859624,184.138722
Terraced,1,H3,safe_unidirectional,worst,2130.604375,2745.664899,556.770735
Terraced,1,H3,safe_unidirectional,best,1907.70341,2745.664899,486.258768
Terraced,1,H3,hybrid_bidirectional,worst,1538.464022,2952.061023,146.358876
Terraced,1,H3,hybrid_bidirectional,best,992.161858,2941.490177,92.796172
Terraced,1,H1,safe_unidirectional,worst,4624.811648,5218.941332,737.866314
Terraced,1,H1,safe_unidirectional,best,4405.870943,5218.941332,668.19116
Terraced,1,H1,hybrid_bidirectional,worst,4409.755847,5373.143115,453.147554
Terraced,1,H1,hybrid_bidirectional,best,3964.482786,5366.283697,382.298805
Terraced,1,H2,safe_unidirectional,worst,3110.726235,3714.027999,631.880335
Terraced,1,H2,safe_unidirectional,best,2900.878523,3714.027999,562.841691
Terraced,1,H2,hybrid_bidirectional,worst,2468.645298,3903.344975,255.40045
Terraced,1,H2,hybrid_bidirectional,best,1849.648878,3893.50229,191.925179
Terraced,1,H3,safe_unidirectional,worst,2147.441879,2749.807999,564.45043
Terraced,1,H3,safe_unidirectional,best,1930.102666,2749.807999,494.887381
Terraced,1,H3,hybrid_bidirectional,worst,1576.51375,2959.677487,153.169543
Terraced,1,H3,hybrid_bidirectional,best,1044.527027,2945.909092,103.864809
Terraced,1,H1,safe_unidirectional,worst,4686.281704,5319.657332,754.801826
Terraced,1,H1,safe_unidirectional,best,4477.154443,5319.657332,687.732831
Terraced,1,H1,hybrid_bidirectional,worst,4452.32084,5480.943806,461.592883
Terraced,1,H1,hybrid_bidirectional,best,4013.501565,5473.168938,394.283599
Terraced,1,H2,safe_unidirectional,worst,3173.040959,3814.743999,648.874974
Terraced,1,H2,safe_unidirectional,best,2970.0718,3814.743999,582.237046
Terraced,1,H2,hybrid_bidirectional,worst,2527.66782,4015.100207,259.061686
Terraced,1,H2,hybrid_bidirectional,best,1969.951702,4008.685651,194.523921
Terraced,1,H3,safe_unidirectional,worst,2208.608483,2850.523999,581.3647
Terraced,1,H3,safe_unidirectional,best,1995.35167,2850.523999,514.006637
Terraced,1,H3,hybrid_bidirectional,worst,1615.892554,3072.380669,153.751445
Terraced,1,H3,hybrid_bidirectional,best,1111.422261,3059.823333,104.799893
Terraced,1,H1,safe_unidirectional,worst,4598.660576,5217.376032,730.099022
Terraced,1,H1,safe_unidirectional,best,4383.448858,5217.376032,661.729268
Terraced,1,H1,hybrid_bidirectional,worst,4359.806275,5360.926748,452.4369
Terraced,1,H1,hybrid_bidirectional,best,3955.767868,5355.016703,385.036467
Terraced,1,H2,safe_unidirectional,worst,3084.823155,3712.462699,624.130403
Terraced,1,H2,safe_unidirectional,best,2881.236236,3712.462699,556.574385
Terraced,1,H2,hybrid_bidirectional,worst,2452.367001,3894.428249,250.084005
Terraced,1,H2,hybrid_bidirectional,best,1871.049506,3887.491543,185.634016
Terraced,1,H3,safe_unidirectional,worst,2122.572294,2748.242699,556.772842
Terraced,1,H3,safe_unidirectional,best,1907.303334,2748.242699,488.399081
Terraced,1,H3,hybrid_bidirectional,worst,1550.379613,2945.462945,156.193525
Terraced,1,H3,hybrid_bidirectional,best,1046.334978,2937.811799,99.644737
Terraced,1,H1,safe_unidirectional,worst,4626.30454,5258.643732,740.971477
Terraced,1,H1,safe_unidirectional,best,4403.208075,5258.643732,669.42097
Terraced,1,H1,hybrid_bidirectional,worst,4403.38102,5414.143698,452.430666
Terraced,1,H1,hybrid_bidirectional,best,3966.996786,5407.017441,380.88927
Terraced,1,H2,safe_unidirectional,worst,3111.922215,3753.730399,634.964714
Terraced,1,H2,safe_unidirectional,best,2897.692664,3753.730399,564.034891
Terraced,1,H2,hybrid_bidirectional,worst,2530.856626,3942.925502,265.35252
Terraced,1,H2,hybrid_bidirectional,best,1926.781378,3934.918217,197.952316
Terraced,1,H3,safe_unidirectional,worst,2153.546179,2789.510399,567.878392
Terraced,1,H3,safe_unidirectional,best,1926.37124,2789.510399,496.042392
Terraced,1,H3,hybrid_bidirectional,worst,1613.520191,3005.11192,149.576858
Terraced,1,H3,hybrid_bidirectional,best,1064.772062,2990.403568,99.540205
Terraced,1,H1,safe_unidirectional,worst,4628.281456,5259.250532,736.716076
Terraced,1,H1,safe_unidirectional,best,4433.058823,5259.250532,674.651547
Terraced,1,H1,hybrid_bidirectional,worst,4379.655822,5413.169735,453.782492
Terraced,1,H1,hybrid_bidirectional,best,3968.67384,5406.312637,390.998063
Terraced,1,H2,safe_unidirectional,worst,3116.647587,3754.337199,630.901705
Terraced,1,H2,safe_unidirectional,best,2928.42968,3754.337199,569.327507
Terraced,1,H2,hybrid_bidirectional,worst,2488.048587,3937.024001,253.973529
Terraced,1,H2,hybrid_bidirectional,best,1922.831468,3933.510157,192.173109
Terraced,1,H3,safe_unidirectional,worst,2152.591638,2790.117199,563.417789
Terraced,1,H3,safe_unidirectional,best,1951.32453,2790.117199,500.930146
Terraced,1,H3,hybrid_bidirectional,worst,1518.070819,2997.054694,139.601138
Terraced,1,H3,hybrid_bidirectional,best,1019.536694,2986.084408,96.035414
Terraced,1,H1,safe_unidirectional,worst,4495.183792,5132.479532,698.358027
Terraced,1,H1,safe_unidirectional,best,4294.038447,5132.479532,634.764836
Terraced,1,H1,hybrid_bidirectional,worst,4238.007978,5272.090275,435.58832
Terraced,1,H1,hybrid_bidirectional,best,3829.786532,5265.131639,371.662014
Terraced,1,H2,safe_unidirectional,worst,2981.530411,3627.566199,592.402291
Terraced,1,H2,safe_unidirectional,best,2790.72642,3627.566199,529.532994
Terraced,1,H2,hybrid_bidirectional,worst,2328.373036,3791.867896,249.879743
Terraced,1,H2,hybrid_bidirectional,best,1780.786636,3789.985013,184.418267
Terraced,1,H3,safe_unidirectional,worst,2017.398751,2663.346199,524.913074
Terraced,1,H3,safe_unidirectional,best,1812.26351,2663.346199,461.04059
Terraced,1,H3,hybrid_bidirectional,worst,1444.620212,2856.119115,133.340207
Terraced,1,H3,hybrid_bidirectional,best,945.294978,2844.972842,89.46844
Terraced,1,H1,safe_unidirectional,worst,4584.110204,5232.773632,719.592815
Terraced,1,H1,safe_unidirectional,best,4359.99255,5232.773632,647.373435
Terraced,1,H1,hybrid_bidirectional,worst,4358.812415,5383.035417,446.109157
Terraced,1,H1,hybrid_bidirectional,best,3917.422446,5377.434388,370.762992
Terraced,1,H2,safe_unidirectional,worst,3070.914467,3727.860299,613.669113
Terraced,1,H2,safe_unidirectional,best,2852.569424,3727.860299,541.853816
Terraced,1,H2,hybrid_bidirectional,worst,2446.876315,3909.899792,246.443723
Terraced,1,H2,hybrid_bidirectional,best,1875.695186,3902.34227,181.864842
Terraced,1,H3,safe_unidirectional,worst,2107.801835,2763.640299,546.251229
Terraced,1,H3,safe_unidirectional,best,1880.609452,2763.640299,473.816618
Terraced,1,H3,hybrid_bidirectional,worst,1527.861157,2966.903277,141.668628
Terraced,1,H3,hybrid_bidirectional,best,1028.084798,2953.26814,94.114164
Terraced,1,H1,safe_unidirectional,worst,4651.305016,5268.271632,746.182515
Terraced,1,H1,safe_unidirectional,best,4436.651379,5268.271632,677.516064
Terraced,1,H1,hybrid_bidirectional,worst,4434.034401,5427.109036,454.574951
Terraced,1,H1,hybrid_bidirectional,best,3989.356468,5419.879105,385.016782
Terraced,1,H2,safe_unidirectional,worst,3138.920007,3763.358299,640.315564
Terraced,1,H2,safe_unidirectional,best,2932.845036,3763.358299,572.24962
Terraced,1,H2,hybrid_bidirectional,worst,2487.872034,3960.271188,254.600765
Terraced,1,H2,hybrid_bidirectional,best,1938.330336,3954.869569,191.164678
Terraced,1,H3,safe_unidirectional,worst,2173.242639,2799.138299,572.718149
Terraced,1,H3,safe_unidirectional,best,1954.663787,2799.138299,503.776933
Terraced,1,H3,hybrid_bidirectional,worst,1612.496164,3013.133635,159.239432
Terraced,1,H3,hybrid_bidirectional,best,1095.060741,3003.175725,107.266374
Terraced,1,H1,safe_unidirectional,worst,4588.668964,5226.670532,723.747938
Terraced,1,H1,safe_unidirectional,best,4365.343444,5226.670532,651.787363
Terraced,1,H1,hybrid_bidirectional,worst,4378.656482,5381.421238,441.340321
Terraced,1,H1,hybrid_bidirectional,best,3939.860655,5373.626365,371.07676
Terraced,1,H2,safe_unidirectional,worst,3077.744783,3721.757199,617.983246
Terraced,1,H2,safe_unidirectional,best,2861.961284,3721.757199,546.550611
Terraced,1,H2,hybrid_bidirectional,worst,2437.25321,3909.250785,250.22157
Terraced,1,H2,hybrid_bidirectional,best,1834.983558,3901.460791,183.766366
Terraced,1,H3,safe_unidirectional,worst,2114.204739,2757.537199,550.535442
Terraced,1,H3,safe_unidirectional,best,1888.456262,2757.537199,478.40526
Terraced,1,H3,hybrid_bidirectional,worst,1514.951073,2969.299127,138.539919
Terraced,1,H3,hybrid_bidirectional,best,973.38172,2953.468193,92.026944
Terraced,1,H1,safe_unidirectional,worst,4637.91428,5251.527732,745.079128
Terraced,1,H1,safe_unidirectional,best,4413.071955,5251.527732,672.987837
Terraced,1,H1,hybrid_bidirectional,worst,4405.443013,5407.140036,458.136951
Terraced,1,H1,hybrid_bidirectional,best,3976.907827,5402.995876,381.224229
Terraced,1,H2,safe_unidirectional,worst,3121.968979,3746.614399,638.962957
Terraced,1,H2,safe_unidirectional,best,2907.234599,3746.614399,567.579222
Terraced,1,H2,hybrid_bidirectional,worst,2465.868093,3943.89834,252.847446
Terraced,1,H2,hybrid_bidirectional,best,1890.902987,3937.593299,184.531985
Terraced,1,H3,safe_unidirectional,worst,2161.174603,2782.394399,571.707351
Terraced,1,H3,safe_unidirectional,best,1932.30289,2782.394399,499.334002
Terraced,1,H3,hybrid_bidirectional,worst,1565.346271,2997.420247,155.092067
Terraced,1,H3,hybrid_bidirectional,best,1067.621646,2986.180224,102.375186
Terraced,1,H1,safe_unidirectional,worst,4608.381332,5230.073732,730.17486
Terraced,1,H1,safe_unidirectional,best,4405.806567,5230.073732,665.473591
Terraced,1,H1,hybrid_bidirectional,worst,4366.895213,5380.491924,449.581334
Terraced,1,H1,hybrid_bidirectional,best,3955.731641,5375.444663,381.310778
Terraced,1,H2,safe_unidirectional,worst,3100.329235,3725.160399,624.611213
Terraced,1,H2,safe_unidirectional,best,2905.283364,3725.160399,560.436967
Terraced,1,H2,hybrid_bidirectional,worst,2433.377005,3898.652058,260.939168
Terraced,1,H2,hybrid_bidirectional,best,1874.766435,3892.51213,197.884679
Terraced,1,H3,safe_unidirectional,worst,2133.723707,2760.940399,556.948826
Terraced,1,H3,safe_unidirectional,best,1929.47939,2760.940399,492.130689
Terraced,1,H3,hybrid_bidirectional,worst,1529.658118,2959.869218,148.17357
Terraced,1,H3,hybrid_bidirectional,best,1045.514574,2947.014785,103.656498
Terraced,1,H1,safe_unidirectional,worst,4624.548952,5250.479932,736.907025
Terraced,1,H1,safe_unidirectional,best,4414.864563,5250.479932,670.547779
Terraced,1,H1,hybrid_bidirectional,worst,4398.091691,5396.692237,459.546149
Terraced,1,H1,hybrid_bidirectional,best,3974.435224,5392.019757,388.414744
Terraced,1,H2,safe_unidirectional,worst,3112.608827,3745.566599,631.071216
Terraced,1,H2,safe_unidirectional,best,2910.831936,3745.566599,565.265495
Terraced,1,H2,hybrid_bidirectional,worst,2502.288707,3925.63938,265.031114
Terraced,1,H2,hybrid_bidirectional,best,1891.592249,3919.889921,195.844739
Terraced,1,H3,safe_unidirectional,worst,2149.330315,2781.346599,563.64172
Terraced,1,H3,safe_unidirectional,best,1937.770058,2781.346599,497.151164
Terraced,1,H3,hybrid_bidirectional,worst,1556.802301,2977.501067,167.008205
Terraced,1,H3,hybrid_bidirectional,best,1067.98178,2968.66459,112.481896
Terraced,1,H1,safe_unidirectional,worst,4621.824916,5274.553632,738.972379
Terraced,1,H1,safe_unidirectional,best,4391.024619,5274.553632,664.689122
Terraced,1,H1,hybrid_bidirectional,worst,4377.869191,5422.902582,462.312421
Terraced,1,H1,hybrid_bidirectional,best,3939.560077,5416.218328,387.322245
Terraced,1,H2,safe_unidirectional,worst,3111.879987,3769.640299,633.276234
Terraced,1,H2,safe_unidirectional,best,2889.115012,3769.640299,559.55545
Terraced,1,H2,hybrid_bidirectional,worst,2483.850376,3950.135128,252.605832
Terraced,1,H2,hybrid_bidirectional,best,1876.330155,3943.06787,185.125515
Terraced,1,H3,safe_unidirectional,worst,2142.935447,2805.420299,565.450116
Terraced,1,H3,safe_unidirectional,best,1909.32761,2805.420299,490.970332
Terraced,1,H3,hybrid_bidirectional,worst,1538.820104,3009.422744,140.606017
Terraced,1,H3,hybrid_bidirectional,best,1029.628228,2996.985905,90.792993
Terraced,1,H1,safe_unidirectional,worst,4597.399104,5221.384132,725.299513
Terraced,1,H1,safe_unidirectional,best,4375.477039,5221.384132,654.162598
Terraced,1,H1,hybrid_bidirectional,worst,4341.95153,5373.230147,445.929504
Terraced,1,H1,hybrid_bidirectional,best,3908.986853,5366.767904,373.3871
Terraced,1,H2,safe_unidirectional,worst,3083.108019,3716.470799,619.299137
Terraced,1,H2,safe_unidirectional,best,2869.777672,3716.470799,548.763642
Terraced,1,H2,hybrid_bidirectional,worst,2444.48193,3907.459851,245.948808
Terraced,1,H2,hybrid_bidirectional,best,1843.246801,3898.047544,180.227633
Terraced,1,H3,safe_unidirectional,worst,2117.281031,2752.250799,551.691248
Terraced,1,H3,safe_unidirectional,best,1894.975331,2752.250799,480.527478
Terraced,1,H3,hybrid_bidirectional,worst,1536.706635,2962.196809,144.22024
Terraced,1,H3,hybrid_bidirectional,best,992.600625,2948.112037,92.523432
Terraced,1,H1,safe_unidirectional,worst,4495.904248,5135.287732,699.40586
Terraced,1,H1,safe_unidirectional,best,4268.603967,5135.287732,626.105167
Terraced,1,H1,hybrid_bidirectional,worst,4266.091857,5278.259319,423.166552
Terraced,1,H1,hybrid_bidirectional,best,3818.731687,5268.455743,354.436992
Terraced,1,H2,safe_unidirectional,worst,2986.086595,3630.374399,593.718624
Terraced,1,H2,safe_unidirectional,best,2767.023952,3630.374399,520.994566
Terraced,1,H2,hybrid_bidirectional,worst,2317.826521,3798.585464,230.611042
Terraced,1,H2,hybrid_bidirectional,best,1734.461662,3787.936241,171.114636
Terraced,1,H3,safe_unidirectional,worst,2020.84004,2666.154399,526.151365
Terraced,1,H3,safe_unidirectional,best,1790.943939,2666.154399,452.668965
Terraced,1,H3,hybrid_bidirectional,worst,1404.349817,2851.010637,134.379049
Terraced,1,H3,hybrid_bidirectional,best,916.769901,2837.007674,88.201882
Terraced,1,H1,safe_unidirectional,worst,4717.436352,5341.718732,759.748668
Terraced,1,H1,safe_unidirectional,best,4500.455775,5341.718732,690.312605
Terraced,1,H1,hybrid_bidirectional,worst,4512.597103,5505.365274,464.824979
Terraced,1,H1,hybrid_bidirectional,best,4080.661929,5500.02088,391.9341
Terraced,1,H2,safe_unidirectional,worst,3203.276603,3836.805399,653.757486
Terraced,1,H2,safe_unidirectional,best,2990.915311,3836.805399,584.644772
Terraced,1,H2,hybrid_bidirectional,worst,2587.558952,4034.875222,268.82978
Terraced,1,H2,hybrid_bidirectional,best,2006.659325,4029.621259,199.106943
Terraced,1,H3,safe_unidirectional,worst,2239.602031,2872.585399,586.300266
Terraced,1,H3,safe_unidirectional,best,2022.130266,2872.585399,516.829819
Terraced,1,H3,hybrid_bidirectional,worst,1640.678869,3088.053882,168.333246
Terraced,1,H3,hybrid_bidirectional,best,1155.429241,3078.717796,113.602129
Terraced,1,H1,safe_unidirectional,worst,4745.756996,5389.348232,781.191394
Terraced,1,H1,safe_unidirectional,best,4505.326611,5389.348232,703.068734
Terraced,1,H1,hybrid_bidirectional,worst,4534.234743,5556.534485,474.632901
Terraced,1,H1,hybrid_bidirectional,best,4091.547964,5550.533214,395.42841
Terraced,1,H2,safe_unidirectional,worst,3233.432679,3884.434899,675.328692
Terraced,1,H2,safe_unidirectional,best,2999.763248,3884.434899,597.679299
Terraced,1,H2,hybrid_bidirectional,worst,2591.85147,4089.467596,278.87314
Terraced,1,H2,hybrid_bidirectional,best,1994.303983,4079.658302,208.733672
Terraced,1,H3,safe_unidirectional,worst,2272.502115,2920.214899,608.063553
Terraced,1,H3,safe_unidirectional,best,2027.994279,2920.214899,529.655471
Terraced,1,H3,hybrid_bidirectional,worst,1671.95572,3151.667806,163.284551
Terraced,1,H3,hybrid_bidirectional,best,1132.676521,3134.292464,112.169528
Terraced,1,H1,safe_unidirectional,worst,4675.306364,5336.725732,753.623523
Terraced,1,H1,safe_unidirectional,best,4452.229455,5336.725732,681.490315
Terraced,1,H1,hybrid_bidirectional,worst,4440.275063,5492.242744,464.894579
Terraced,1,H1,hybrid_bidirectional,best,4008.71615,5484.375695,395.117735
Terraced,1,H2,safe_unidirectional,worst,3156.278887,3831.812399,647.2916
Terraced,1,H2,safe_unidirectional,best,2938.805944,3831.812399,575.55067
Terraced,1,H2,hybrid_bidirectional,worst,2555.063465,4032.285806,262.891565
Terraced,1,H2,hybrid_bidirectional,best,1931.405424,4021.939959,192.868422
Terraced,1,H3,safe_unidirectional,worst,2193.168707,2867.592399,579.873887
Terraced,1,H3,safe_unidirectional,best,1966.514478,2867.592399,507.490267
Terraced,1,H3,hybrid_bidirectional,worst,1593.46572,3089.253251,154.154759
Terraced,1,H3,hybrid_bidirectional,best,1095.967938,3073.808266,103.57353
Terraced,1,H1,safe_unidirectional,worst,4602.234568,5249.874432,731.884024
Terraced,1,H1,safe_unidirectional,best,4383.852995,5249.874432,662.187202
Terraced,1,H1,hybrid_bidirectional,worst,4361.182593,5399.68415,451.937065
Terraced,1,H1,hybrid_bidirectional,best,3946.000494,5396.739338,375.904469
Terraced,1,H2,safe_unidirectional,worst,3095.314075,3744.961099,626.399589
Terraced,1,H2,safe_unidirectional,best,2884.086944,3744.961099,557.203578
Terraced,1,H2,hybrid_bidirectional,worst,2433.429396,3925.815879,253.572731
Terraced,1,H2,hybrid_bidirectional,best,1886.777683,3919.821402,188.381477
Terraced,1,H3,safe_unidirectional,worst,2129.070755,2780.741099,558.762557
Terraced,1,H3,safe_unidirectional,best,1909.43085,2780.741099,488.977652
Terraced,1,H3,hybrid_bidirectional,worst,1532.209033,2983.581887,147.578489
Terraced,1,H3,hybrid_bidirectional,best,1050.882988,2972.003123,98.180194
Terraced,1,H1,safe_unidirectional,worst,4787.628512,5416.259632,786.090076
Terraced,1,H1,safe_unidirectional,best,4554.706895,5416.259632,709.929783
Terraced,1,H1,hybrid_bidirectional,worst,4569.679299,5587.596934,475.376593
Terraced,1,H1,hybrid_bidirectional,best,4122.766152,5581.525706,397.570795
Terraced,1,H2,safe_unidirectional,worst,3273.409795,3911.346299,680.094765
Terraced,1,H2,safe_unidirectional,best,3043.741668,3911.346299,604.162217
Terraced,1,H2,hybrid_bidirectional,worst,2633.97844,4117.424679,279.376699
Terraced,1,H2,hybrid_bidirectional,best,2014.561652,4110.180829,205.801143
Terraced,1,H3,safe_unidirectional,worst,2309.904483,2947.126299,612.649394
Terraced,1,H3,safe_unidirectional,best,2068.711018,2947.126299,535.910072
Terraced,1,H3,hybrid_bidirectional,worst,1691.815106,3174.872964,172.586791
Terraced,1,H3,hybrid_bidirectional,best,1145.232004,3162.872998,114.017321
Terraced,1,H1,safe_unidirectional,worst,4554.938124,5239.889332,712.327088
Terraced,1,H1,safe_unidirectional,best,4352.115011,5239.889332,647.51806
Terraced,1,H1,hybrid_bidirectional,worst,4304.385956,5386.75776,442.822389
Terraced,1,H1,hybrid_bidirectional,best,3910.116345,5380.543897,377.882451
Terraced,1,H2,safe_unidirectional,worst,3047.051895,3734.975999,606.775052
Terraced,1,H2,safe_unidirectional,best,2848.255808,3734.975999,542.247916
Terraced,1,H2,hybrid_bidirectional,worst,2415.739637,3917.678454,257.023259
Terraced,1,H2,hybrid_bidirectional,best,1855.76214,3912.860853,188.605075
Terraced,1,H3,safe_unidirectional,worst,2084.052847,2770.755999,539.365119
Terraced,1,H3,safe_unidirectional,best,1876.250031,2770.755999,474.207512
Terraced,1,H3,hybrid_bidirectional,worst,1493.797228,2981.622314,137.391299
Terraced,1,H3,hybrid_bidirectional,best,949.759079,2965.364713,92.888352
Terraced,1,H1,safe_unidirectional,worst,4554.351212,5180.695832,720.113206
Terraced,1,H1,safe_unidirectional,best,4333.50914,5180.695832,649.734237
Terraced,1,H1,hybrid_bidirectional,worst,4322.081172,5331.919224,435.41805
Terraced,1,H1,hybrid_bidirectional,best,3901.523228,5327.706988,360.629496
Terraced,1,H2,safe_unidirectional,worst,3043.101175,3675.782499,614.325704
Terraced,1,H2,safe_unidirectional,best,2829.353504,3675.782499,544.443342
Terraced,1,H2,hybrid_bidirectional,worst,2392.473062,3864.348086,239.32956
Terraced,1,H2,hybrid_bidirectional,best,1805.726602,3856.595093,175.562676
Terraced,1,H3,safe_unidirectional,worst,2075.532587,2711.562499,546.595902
Terraced,1,H3,safe_unidirectional,best,1853.71893,2711.562499,476.148922
Terraced,1,H3,hybrid_bidirectional,worst,1502.040955,2916.74633,143.678823
Terraced,1,H3,hybrid_bidirectional,best,974.079726,2904.115378,93.683478
Terraced,1,H1,safe_unidirectional,worst,4668.550156,5322.291432,754.568258
Terraced,1,H1,safe_unidirectional,best,4444.129503,5322.291432,682.791911
Terraced,1,H1,hybrid_bidirectional,worst,4443.283634,5477.502512,468.78231
Terraced,1,H1,hybrid_bidirectional,best,4001.473118,5471.895105,393.808703
Terraced,1,H2,safe_unidirectional,worst,3154.922067,3817.378099,648.614292
Terraced,1,H2,safe_unidirectional,best,2942.381928,3817.378099,577.669581
Terraced,1,H2,hybrid_bidirectional,worst,2526.539982,4009.186992,270.136688
Terraced,1,H2,hybrid_bidirectional,best,1943.487496,4001.430137,201.205339
Terraced,1,H3,safe_unidirectional,worst,2186.559043,2853.158099,580.82888
Terraced,1,H3,safe_unidirectional,best,1961.236106,2853.158099,508.989373
Terraced,1,H3,hybrid_bidirectional,worst,1595.938257,3072.71775,150.652279
Terraced,1,H3,hybrid_bidirectional,best,1063.157026,3056.703543,101.837289
Terraced,1,H1,safe_unidirectional,worst,4611.843992,5240.918732,733.59205
Terraced,1,H1,safe_unidirectional,best,4376.475375,5240.918732,658.346054
Terraced,1,H1,hybrid_bidirectional,worst,4356.647934,5388.633069,456.394204
Terraced,1,H1,hybrid_bidirectional,best,3929.85146,5382.276602,381.35044
Terraced,1,H2,safe_unidirectional,worst,3098.263811,3736.005399,627.641437
Terraced,1,H2,safe_unidirectional,best,2870.647784,3736.005399,552.938123
Terraced,1,H2,hybrid_bidirectional,worst,2480.712959,3923.104538,257.537794
Terraced,1,H2,hybrid_bidirectional,best,1897.443692,3914.612777,186.466585
Terraced,1,H3,safe_unidirectional,worst,2138.536055,2771.785399,560.460494
Terraced,1,H3,safe_unidirectional,best,1902.405419,2771.785399,485.161157
Terraced,1,H3,hybrid_bidirectional,worst,1570.396841,2980.119058,152.810403
Terraced,1,H3,hybrid_bidirectional,best,1053.968186,2963.169949,102.594014
Terraced,1,H1,safe_unidirectional,worst,4707.648812,5361.045332,751.957611
Terraced,1,H1,safe_unidirectional,best,4480.370394,5361.045332,677.906792
Terraced,1,H1,hybrid_bidirectional,worst,4486.643978,5527.102982,454.826471
Terraced,1,H1,hybrid_bidirectional,best,4040.258317,5519.695823,381.33727
Terraced,1,H2,safe_unidirectional,worst,3195.174059,3856.131999,646.084378
Terraced,1,H2,safe_unidirectional,best,2970.074272,3856.131999,572.186064
Terraced,1,H2,hybrid_bidirectional,worst,2550.97338,4047.973245,266.18617
Terraced,1,H2,hybrid_bidirectional,best,1933.939822,4039.2242,201.223824
Terraced,1,H3,safe_unidirectional,worst,2230.696087,2891.911999,578.57092
Terraced,1,H3,safe_unidirectional,best,1995.70839,2891.911999,503.980452
Terraced,1,H3,hybrid_bidirectional,worst,1616.444142,3107.63339,155.651132
Terraced,1,H3,hybrid_bidirectional,best,1091.953501,3093.97573,106.451647
Terraced,1,H1,safe_unidirectional,worst,4702.495988,5354.170732,760.341697
Terraced,1,H1,safe_unidirectional,best,4500.098211,5354.170732,695.349727
Terraced,1,H1,hybrid_bidirectional,worst,4497.232271,5514.436081,465.203065
Terraced,1,H1,hybrid_bidirectional,best,4065.366112,5510.125217,393.980622
Terraced,1,H2,safe_unidirectional,worst,3191.549343,3849.257399,654.575432
Terraced,1,H2,safe_unidirectional,best,2992.934756,3849.257399,589.848285
Terraced,1,H2,hybrid_bidirectional,worst,2596.013745,4051.449774,261.685528
Terraced,1,H2,hybrid_bidirectional,best,2040.732024,4043.324201,202.689862
Terraced,1,H3,safe_unidirectional,worst,2228.457271,2885.037399,587.158987
Terraced,1,H3,safe_unidirectional,best,2019.987186,2885.037399,521.741955
Terraced,1,H3,hybrid_bidirectional,worst,1676.437597,3105.413125,162.530453
Terraced,1,H3,hybrid_bidirectional,best,1110.958524,3095.204886,109.585918
Terraced,1,H1,safe_unidirectional,worst,4677.659492,5356.346932,745.417714
Terraced,1,H1,safe_unidirectional,best,4468.789827,5356.346932,677.630935
Terraced,1,H1,hybrid_bidirectional,worst,4451.768725,5515.294384,461.894571
Terraced,1,H1,hybrid_bidirectional,best,4019.75239,5509.081092,391.887409
Terraced,1,H2,safe_unidirectional,worst,3165.684559,3851.433599,639.579469
Terraced,1,H2,safe_unidirectional,best,2961.241768,3851.433599,572.10257
Terraced,1,H2,hybrid_bidirectional,worst,2532.502251,4041.811084,263.925486
Terraced,1,H2,hybrid_bidirectional,best,1960.451915,4037.260322,198.637062
Terraced,1,H3,safe_unidirectional,worst,2202.861155,2887.213599,572.18183
Terraced,1,H3,safe_unidirectional,best,1987.265226,2887.213599,503.924213
Terraced,1,H3,hybrid_bidirectional,worst,1606.860636,3101.521269,153.03535
Terraced,1,H3,hybrid_bidirectional,best,1091.375304,3090.622762,103.81761
Terraced,1,H1,safe_unidirectional,worst,4622.354036,5274.469332,743.568486
Terraced,1,H1,safe_unidirectional,best,4396.149616,5274.469332,671.582046
Terraced,1,H1,hybrid_bidirectional,worst,4383.136255,5430.144192,450.688207
Terraced,1,H1,hybrid_bidirectional,best,3952.419301,5423.79798,377.633288
Terraced,1,H2,safe_unidirectional,worst,3109.831011,3769.555999,637.691875
Terraced,1,H2,safe_unidirectional,best,2893.863036,3769.555999,566.421986
Terraced,1,H2,hybrid_bidirectional,worst,2444.988394,3960.298685,252.748275
Terraced,1,H2,hybrid_bidirectional,best,1869.708755,3952.868197,187.497052
Terraced,1,H3,safe_unidirectional,worst,2145.31871,2805.335999,570.176014
Terraced,1,H3,safe_unidirectional,best,1918.154168,2805.335999,498.122365
Terraced,1,H3,hybrid_bidirectional,worst,1537.625499,3020.689073,141.481986
Terraced,1,H3,hybrid_bidirectional,best,990.287353,3005.758835,93.069884
Terraced,1,H1,safe_unidirectional,worst,4590.59378,5217.093732,730.320802
Terraced,1,H1,safe_unidirectional,best,4378.631994,5217.093732,662.742548
Terraced,1,H1,hybrid_bidirectional,worst,4359.773642,5370.636164,445.328175
Terraced,1,H1,hybrid_bidirectional,best,3940.187498,5364.485165,376.352898
Terraced,1,H2,safe_unidirectional,worst,3075.581503,3712.180399,624.269942
Terraced,1,H2,safe_unidirectional,best,2870.470696,3712.180399,557.171257
Terraced,1,H2,hybrid_bidirectional,worst,2445.448125,3897.823014,256.923687
Terraced,1,H2,hybrid_bidirectional,best,1871.626416,3893.127237,189.351611
Terraced,1,H3,safe_unidirectional,worst,2111.952363,2747.960399,556.815902
Terraced,1,H3,safe_unidirectional,best,1897.73917,2747.960399,489.08005
Terraced,1,H3,hybrid_bidirectional,worst,1549.084218,2958.762106,145.028538
Terraced,1,H3,hybrid_bidirectional,best,1018.10249,2946.280931,95.894174
Terraced,1,H1,safe_unidirectional,worst,4651.460068,5292.490632,743.754558
Terraced,1,H1,safe_unidirectional,best,4460.553626,5292.490632,683.799075
Terraced,1,H1,hybrid_bidirectional,worst,4410.922045,5454.149781,446.217491
Terraced,1,H1,hybrid_bidirectional,best,4005.388387,5450.1473,381.006381
Terraced,1,H2,safe_unidirectional,worst,3137.194799,3787.577299,637.755989
Terraced,1,H2,safe_unidirectional,best,2955.38876,3787.577299,578.437535
Terraced,1,H2,hybrid_bidirectional,worst,2510.469545,3981.291384,252.671941
Terraced,1,H2,hybrid_bidirectional,best,1938.451168,3974.646985,192.76156
Terraced,1,H3,safe_unidirectional,worst,2172.347591,2823.357299,570.216684
Terraced,1,H3,safe_unidirectional,best,1976.207743,2823.357299,509.894863
Terraced,1,H3,hybrid_bidirectional,worst,1540.96402,3039.501094,141.187562
Terraced,1,H3,hybrid_bidirectional,best,1078.718932,3027.054861,100.131086
Terraced,1,H1,safe_unidirectional,worst,4591.846684,5197.009432,726.671294
Terraced,1,H1,safe_unidirectional,best,4362.998223,5197.009432,652.995486
Terraced,1,H1,hybrid_bidirectional,worst,4347.22802,5346.941152,447.398442
Terraced,1,H1,hybrid_bidirectional,best,3906.49345,5340.659702,372.302724
Terraced,1,H2,safe_unidirectional,worst,3079.805783,3692.096099,620.828431
Terraced,1,H2,safe_unidirectional,best,2857.593804,3692.096099,547.617177
Terraced,1,H2,hybrid_bidirectional,worst,2432.581109,3875.603498,253.26598
Terraced,1,H2,hybrid_bidirectional,best,1864.75008,3868.917043,186.522949
Terraced,1,H3,safe_unidirectional,worst,2117.202068,2727.876099,553.446171
Terraced,1,H3,safe_unidirectional,best,1886.172138,2727.876099,479.61766
Terraced,1,H3,hybrid_bidirectional,worst,1486.12898,2934.27565,143.393681
Terraced,1,H3,hybrid_bidirectional,best,996.443743,2919.828527,96.771572
Terraced,1,H1,safe_unidirectional,worst,4689.59032,5341.195232,751.234122
Terraced,1,H1,safe_unidirectional,best,4452.009923,5341.195232,674.584498
Terraced,1,H1,hybrid_bidirectional,worst,4472.807121,5502.558655,460.940835
Terraced,1,H1,hybrid_bidirectional,best,4034.463488,5495.851053,384.3989
Terraced,1,H2,safe_unidirectional,worst,3174.677171,3836.281899,645.190202
Terraced,1,H2,safe_unidirectional,best,2944.769068,3836.281899,569.077638
Terraced,1,H2,hybrid_bidirectional,worst,2565.385281,4029.745472,270.629467
Terraced,1,H2,hybrid_bidirectional,best,1988.888592,4021.867437,202.2737
Terraced,1,H3,safe_unidirectional,worst,2213.609111,2872.061899,577.915438
Terraced,1,H3,safe_unidirectional,best,1971.895763,2872.061899,500.976506
Terraced,1,H3,hybrid_bidirectional,worst,1621.177465,3086.184587,164.212072
Terraced,1,H3,hybrid_bidirectional,best,1084.900577,3071.678983,112.060164
Terraced,1,H1,safe_unidirectional,worst,4701.049212,5331.079832,761.141583
Terraced,1,H1,safe_unidirectional,best,4500.201555,5331.079832,697.675897
Terraced,1,H1,hybrid_bidirectional,worst,4469.472034,5492.68663,460.307093
Terraced,1,H1,hybrid_bidirectional,best,4049.59815,5488.299346,391.714782
Terraced,1,H2,safe_unidirectional,worst,3185.793407,3826.166499,655.073676
Terraced,1,H2,safe_unidirectional,best,2993.01886,3826.166499,592.173109
Terraced,1,H2,hybrid_bidirectional,worst,2548.287326,4013.537933,267.420406
Terraced,1,H2,hybrid_bidirectional,best,1951.518349,4008.577913,199.567248
Terraced,1,H3,safe_unidirectional,worst,2217.729939,2861.946499,587.309233
Terraced,1,H3,safe_unidirectional,best,2014.939414,2861.946499,523.707547
Terraced,1,H3,hybrid_bidirectional,worst,1625.812707,3072.328819,158.831141
Terraced,1,H3,hybrid_bidirectional,best,1110.083605,3059.369318,112.962601
Terraced,1,H1,safe_unidirectional,worst,4602.377816,5225.926132,732.241437
Terraced,1,H1,safe_unidirectional,best,4410.048658,5225.926132,671.519381
Terraced,1,H1,hybrid_bidirectional,worst,4380.14313,5383.080277,439.315521
Terraced,1,H1,hybrid_bidirectional,best,3967.958383,5378.688949,373.965886
Terraced,1,H2,safe_unidirectional,worst,3090.229379,3721.012799,626.391047
Terraced,1,H2,safe_unidirectional,best,2902.565176,3721.012799,565.995538
Terraced,1,H2,hybrid_bidirectional,worst,2464.126577,3910.274617,251.907141
Terraced,1,H2,hybrid_bidirectional,best,1886.118141,3901.740015,193.756135
Terraced,1,H3,safe_unidirectional,worst,2123.541188,2756.792799,558.722873
Terraced,1,H3,safe_unidirectional,best,1928.154302,2756.792799,497.786776
Terraced,1,H3,hybrid_bidirectional,worst,1556.267445,2966.651308,148.077897
Terraced,1,H3,hybrid_bidirectional,best,1060.74828,2954.715923,102.685385
Terraced,1,H1,safe_unidirectional,worst,4644.085848,5263.781532,746.080529
Terraced,1,H1,safe_unidirectional,best,4416.918907,5263.781532,672.326053
Terraced,1,H1,hybrid_bidirectional,worst,4392.909924,5415.050702,458.070024
Terraced,1,H1,hybrid_bidirectional,best,3939.539788,5410.080169,379.089244
Terraced,1,H2,safe_unidirectional,worst,3132.341147,3758.868199,640.2584
Terraced,1,H2,safe_unidirectional,best,2911.999368,3758.868199,566.981685
Terraced,1,H2,hybrid_bidirectional,worst,2488.438646,3934.651448,263.019321
Terraced,1,H2,hybrid_bidirectional,best,1899.434227,3925.663683,197.327337
Terraced,1,H3,safe_unidirectional,worst,2166.500799,2794.648199,572.649576
Terraced,1,H3,safe_unidirectional,best,1931.708806,2794.648199,498.361346
Terraced,1,H3,hybrid_bidirectional,worst,1523.732387,2996.610089,144.398275
Terraced,1,H3,hybrid_bidirectional,best,1024.859003,2982.059329,96.58286
Terraced,1,H1,safe_unidirectional,worst,4638.124552,5253.340832,740.793154
Terraced,1,H1,safe_unidirectional,best,4422.380595,5253.340832,671.308701
Terraced,1,H1,hybrid_bidirectional,worst,4390.775265,5404.850912,451.700837
Terraced,1,H1,hybrid_bidirectional,best,3961.612777,5396.615138,384.341038
Terraced,1,H2,safe_unidirectional,worst,3125.311247,3748.427499,634.896222
Terraced,1,H2,safe_unidirectional,best,2915.139252,3748.427499,565.801807
Terraced,1,H2,hybrid_bidirectional,worst,2484.871755,3926.639924,260.213795
Terraced,1,H2,hybrid_bidirectional,best,1907.543403,3920.576598,194.057396
Terraced,1,H3,safe_unidirectional,worst,2159.182728,2784.207499,567.267226
Terraced,1,H3,safe_unidirectional,best,1939.638354,2784.207499,497.516745
Terraced,1,H3,hybrid_bidirectional,worst,1561.589057,2984.04073,153.337669
Terraced,1,H3,hybrid_bidirectional,best,1068.595866,2973.615698,101.744845
Terraced,1,H1,safe_unidirectional,worst,4624.960988,5281.999232,735.849106
Terraced,1,H1,safe_unidirectional,best,4409.460112,5281.999232,666.768395
Terraced,1,H1,hybrid_bidirectional,worst,4382.594342,5439.131349,446.637054
Terraced,1,H1,hybrid_bidirectional,best,3937.652583,5432.733311,375.049741
Terraced,1,H2,safe_unidirectional,worst,3113.050179,3777.085899,630.01535
Terraced,1,H2,safe_unidirectional,best,2902.588972,3777.085899,561.287415
Terraced,1,H2,hybrid_bidirectional,worst,2488.207925,3975.515895,250.727875
Terraced,1,H2,hybrid_bidirectional,best,1903.905091,3964.567377,185.566522
Terraced,1,H3,safe_unidirectional,worst,2148.535439,2812.865899,562.499318
Terraced,1,H3,safe_unidirectional,best,1926.547287,2812.865899,492.964497
Terraced,1,H3,hybrid_bidirectional,worst,1559.566917,3033.743237,141.57004
Terraced,1,H3,hybrid_bidirectional,best,1033.680095,3015.322728,95.429174
Terraced,1,H1,safe_unidirectional,worst,4660.691828,5285.001732,745.530721
Terraced,1,H1,safe_unidirectional,best,4461.793535,5285.001732,682.575158
Terraced,1,H1,hybrid_bidirectional,worst,4428.754835,5435.574946,469.138992
Terraced,1,H1,hybrid_bidirectional,best,4015.294186,5431.156766,400.914717
Terraced,1,H2,safe_unidirectional,worst,3145.578871,3780.088399,639.472814
Terraced,1,H2,safe_unidirectional,best,2953.818227,3780.088399,577.016886
Terraced,1,H2,hybrid_bidirectional,worst,2542.31627,3970.268199,273.732334
Terraced,1,H2,hybrid_bidirectional,best,1986.509524,3966.815691,205.957865
Terraced,1,H3,safe_unidirectional,worst,2186.071823,2815.868399,572.30732
Terraced,1,H3,safe_unidirectional,best,1984.817787,2815.868399,509.186855
Terraced,1,H3,hybrid_bidirectional,worst,1616.797549,3029.217033,162.978825
Terraced,1,H3,hybrid_bidirectional,best,1152.608623,3019.645443,113.697743
Terraced,1,H1,safe_unidirectional,worst,4493.77646,5116.825032,699.781469
Terraced,1,H1,safe_unidirectional,best,4290.600975,5116.825032,635.71338
Terraced,1,H1,hybrid_bidirectional,worst,4243.195716,5256.811452,432.185393
Terraced,1,H1,hybrid_bidirectional,best,3842.994417,5252.797937,363.394615
Terraced,1,H2,safe_unidirectional,worst,2980.477691,3611.911699,593.850555
Terraced,1,H2,safe_unidirectional,best,2787.704076,3611.911699,530.510597
Terraced,1,H2,hybrid_bidirectional,worst,2341.767394,3779.364429,236.792098
Terraced,1,H2,hybrid_bidirectional,best,1787.903373,3773.971122,177.989481
Terraced,1,H3,safe_unidirectional,worst,2012.813787,2647.691699,526.114082
Terraced,1,H3,safe_unidirectional,best,1809.926286,2647.691699,462.066152
Terraced,1,H3,hybrid_bidirectional,worst,1408.332205,2834.626402,133.246152
Terraced,1,H3,hybrid_bidirectional,best,936.447181,2826.603069,85.427672
Terraced,1,H1,safe_unidirectional,worst,4608.136988,5255.815732,733.797703
Terraced,1,H1,safe_unidirectional,best,4391.345627,5255.815732,663.974628
Terraced,1,H1,hybrid_bidirectional,worst,4378.001575,5403.248759,447.403833
Terraced,1,H1,hybrid_bidirectional,best,3947.391392,5397.206584,375.220223
Terraced,1,H2,safe_unidirectional,worst,3097.313659,3750.902399,628.04007
Terraced,1,H2,safe_unidirectional,best,2884.710644,3750.902399,558.51018
Terraced,1,H2,hybrid_bidirectional,worst,2476.24751,3931.423868,252.726496
Terraced,1,H2,hybrid_bidirectional,best,1901.414073,3923.281967,188.867914
Terraced,1,H3,safe_unidirectional,worst,2130.966419,2786.682399,560.395763
Terraced,1,H3,safe_unidirectional,best,1908.501627,2786.682399,490.175548
Terraced,1,H3,hybrid_bidirectional,worst,1540.29925,2984.973791,151.845624
Terraced,1,H3,hybrid_bidirectional,best,1011.905471,2972.63992,100.067163
Terraced,1,H1,safe_unidirectional,worst,4599.04846,5238.714832,733.785083
Terraced,1,H1,safe_unidirectional,best,4379.997331,5238.714832,664.051042
Terraced,1,H1,hybrid_bidirectional,worst,4356.494835,5388.005536,446.355385
Terraced,1,H1,hybrid_bidirectional,best,3944.88395,5382.409937,375.160942
Terraced,1,H2,safe_unidirectional,worst,3087.823319,3733.801499,627.999323
Terraced,1,H2,safe_unidirectional,best,2873.46422,3733.801499,558.593724
Terraced,1,H2,hybrid_bidirectional,worst,2458.465463,3920.602237,244.713659
Terraced,1,H2,hybrid_bidirectional,best,1876.417948,3912.001019,182.460805
Terraced,1,H3,safe_unidirectional,worst,2120.244987,2769.581499,560.26884
Terraced,1,H3,safe_unidirectional,best,1902.560354,2769.581499,490.630454
Terraced,1,H3,hybrid_bidirectional,worst,1485.641093,2976.071258,138.403927
Terraced,1,H3,hybrid_bidirectional,best,1007.392699,2963.654032,91.041006
Terraced,1,H1,safe_unidirectional,worst,4642.298728,5269.520532,742.772808
Terraced,1,H1,safe_unidirectional,best,4428.931983,5269.520532,675.067823
Terraced,1,H1,hybrid_bidirectional,worst,4404.313731,5421.328961,460.581969
Terraced,1,H1,hybrid_bidirectional,best,3999.028764,5416.902129,389.243408
Terraced,1,H2,safe_unidirectional,worst,3131.719827,3764.607199,637.032285
Terraced,1,H2,safe_unidirectional,best,2927.865944,3764.607199,569.993201
Terraced,1,H2,hybrid_bidirectional,worst,2505.064914,3951.228984,260.593356
Terraced,1,H2,hybrid_bidirectional,best,1935.594169,3945.610665,196.748247
Terraced,1,H3,safe_unidirectional,worst,2166.966011,2800.387199,569.499518
Terraced,1,H3,safe_unidirectional,best,1951.034846,2800.387199,501.615024
Terraced,1,H3,hybrid_bidirectional,worst,1606.680682,3011.868992,149.626095
Terraced,1,H3,hybrid_bidirectional,best,1076.012069,3001.819345,97.519241
Terraced,1,H1,safe_unidirectional,worst,4530.268448,5144.804932,701.700292
Terraced,1,H1,safe_unidirectional,best,4336.305735,5144.804932,639.588997
Terraced,1,H1,hybrid_bidirectional,worst,4278.421733,5292.478456,430.059984
Terraced,1,H1,hybrid_bidirectional,best,3857.411931,5287.416543,362.744452
Terraced,1,H2,safe_unidirectional,worst,3014.114395,3639.891599,595.569508
Terraced,1,H2,safe_unidirectional,best,2824.546548,3639.891599,533.765854
Terraced,1,H2,hybrid_bidirectional,worst,2326.074495,3812.062697,248.804255
Terraced,1,H2,hybrid_bidirectional,best,1748.300854,3812.067639,179.354522
Terraced,1,H3,safe_unidirectional,worst,2057.303994,2675.671599,528.59278
Terraced,1,H3,safe_unidirectional,best,1856.6502,2675.671599,466.01311
Terraced,1,H3,hybrid_bidirectional,worst,1471.852188,2875.258383,135.977767
Terraced,1,H3,hybrid_bidirectional,best,962.107736,2866.161404,88.434334
Terraced,1,H1,safe_unidirectional,worst,4511.16428,5121.343532,704.435091
Terraced,1,H1,safe_unidirectional,best,4303.659063,5121.343532,638.456167
Terraced,1,H1,hybrid_bidirectional,worst,4263.921868,5263.298363,438.008629
Terraced,1,H1,hybrid_bidirectional,best,3848.540136,5258.983342,367.111571
Terraced,1,H2,safe_unidirectional,worst,2991.491235,3616.430199,598.057978
Terraced,1,H2,safe_unidirectional,best,2791.580536,3616.430199,532.61067
Terraced,1,H2,hybrid_bidirectional,worst,2354.721607,3790.989518,233.463399
Terraced,1,H2,hybrid_bidirectional,best,1783.557777,3785.341772,172.39824
Terraced,1,H3,safe_unidirectional,worst,2033.574459,2652.210199,531.003803
Terraced,1,H3,safe_unidirectional,best,1823.486758,2652.210199,464.844106
Terraced,1,H3,hybrid_bidirectional,worst,1454.374896,2844.090749,137.18923
Terraced,1,H3,hybrid_bidirectional,best,959.589388,2833.065052,91.806358
Terraced,1,H1,safe_unidirectional,worst,4749.16534,5338.495332,770.009896
Terraced,1,H1,safe_unidirectional,best,4537.128691,5338.495332,703.03383
Terraced,1,H1,hybrid_bidirectional,worst,4517.298005,5498.272229,480.270543
Terraced,1,H1,hybrid_bidirectional,best,4104.290409,5493.477405,409.851913
Terraced,1,H2,safe_unidirectional,worst,3236.927759,3833.581999,664.153265
Terraced,1,H2,safe_unidirectional,best,3035.896156,3833.581999,597.947553
Terraced,1,H2,hybrid_bidirectional,worst,2599.341506,4014.044525,289.409908
Terraced,1,H2,hybrid_bidirectional,best,2023.583991,4013.252863,219.367208
Terraced,1,H3,safe_unidirectional,worst,2275.305751,2869.361999,596.839725
Terraced,1,H3,safe_unidirectional,best,2060.99429,2869.361999,529.704422
Terraced,1,H3,hybrid_bidirectional,worst,1632.169547,3075.889489,169.546883
Terraced,1,H3,hybrid_bidirectional,best,1172.717245,3066.832012,122.961285
