Archetype,House number,CAH Type,Operation,Solar,Grid Import,Total Load,Total Cost
Detached,1,H1,safe_unidirectional,worst,1898.541004,2577.9735,593.047057
Detached,1,H1,safe_unidirectional,best,1651.330472,2577.9735,506.151842
Detached,1,H1,hybrid_bidirectional,worst,1898.541004,2577.9735,593.047057
Detached,1,H1,hybrid_bidirectional,best,1651.330472,2577.9735,506.151842
Detached,1,H2,safe_unidirectional,worst,1898.541004,2577.9735,593.047057
Detached,1,H2,safe_unidirectional,best,1651.330472,2577.9735,506.151842
Detached,1,H2,hybrid_bidirectional,worst,1898.541004,2577.9735,593.047057
Detached,1,H2,hybrid_bidirectional,best,1651.330472,2577.9735,506.151842
Detached,1,H3,safe_unidirectional,worst,1898.541004,2577.9735,593.047057
Detached,1,H3,safe_unidirectional,best,1651.330472,2577.9735,506.151842
Detached,1,H3,hybrid_bidirectional,worst,1898.541004,2577.9735,593.047057
Detached,1,H3,hybrid_bidirectional,best,1651.330472,2577.9735,506.151842
Detached,1,H1,safe_unidirectional,worst,1937.209832,2589.2052,604.056448
Detached,1,H1,safe_unidirectional,best,1711.098764,2589.2052,524.57012
Detached,1,H1,hybrid_bidirectional,worst,1937.209832,2589.2052,604.056448
Detached,1,H1,hybrid_bidirectional,best,1711.098764,2589.2052,524.57012
Detached,1,H2,safe_unidirectional,worst,1937.209832,2589.2052,604.056448
Detached,1,H2,safe_unidirectional,best,1711.098764,2589.2052,524.57012
Detached,1,H2,hybrid_bidirectional,worst,1937.209832,2589.2052,604.056448
Detached,1,H2,hybrid_bidirectional,best,1711.098764,2589.2052,524.57012
Detached,1,H3,safe_unidirectional,worst,1937.209832,2589.2052,604.056448
Detached,1,H3,safe_unidirectional,best,1711.098764,2589.2052,524.57012
Detached,1,H3,hybrid_bidirectional,worst,1937.209832,2589.2052,604.056448
Detached,1,H3,hybrid_bidirectional,best,1711.098764,2589.2052,524.57012
Detached,1,H1,safe_unidirectional,worst,1892.965748,2561.5141,592.349469
Detached,1,H1,safe_unidirectional,best,1694.022812,2561.5141,522.369645
Detached,1,H1,hybrid_bidirectional,worst,1892.965748,2561.5141,592.349469
Detached,1,H1,hybrid_bidirectional,best,1694.022812,2561.5141,522.369645
Detached,1,H2,safe_unidirectional,worst,1892.965748,2561.5141,592.349469
Detached,1,H2,safe_unidirectional,best,1694.022812,2561.5141,522.369645
Detached,1,H2,hybrid_bidirectional,worst,1892.965748,2561.5141,592.349469
Detached,1,H2,hybrid_bidirectional,best,1694.022812,2561.5141,522.369645
Detached,1,H3,safe_unidirectional,worst,1892.965748,2561.5141,592.349469
Detached,1,H3,safe_unidirectional,best,1694.022812,2561.5141,522.369645
Detached,1,H3,hybrid_bidirectional,worst,1892.965748,2561.5141,592.349469
Detached,1,H3,hybrid_bidirectional,best,1694.022812,2561.5141,522.369645
Detached,1,H1,safe_unidirectional,worst,1923.20746,2641.8583,599.174055
Detached,1,H1,safe_unidirectional,best,1704.775688,2641.8583,522.37978
Detached,1,H1,hybrid_bidirectional,worst,1923.20746,2641.8583,599.174055
Detached,1,H1,hybrid_bidirectional,best,1704.775688,2641.8583,522.37978
Detached,1,H2,safe_unidirectional,worst,1923.20746,2641.8583,599.174055
Detached,1,H2,safe_unidirectional,best,1704.775688,2641.8583,522.37978
Detached,1,H2,hybrid_bidirectional,worst,1923.20746,2641.8583,599.174055
Detached,1,H2,hybrid_bidirectional,best,1704.775688,2641.8583,522.37978
Detached,1,H3,safe_unidirectional,worst,1923.20746,2641.8583,599.174055
Detached,1,H3,safe_unidirectional,best,1704.775688,2641.8583,522.37978
Detached,1,H3,hybrid_bidirectional,worst,1923.20746,2641.8583,599.174055
Detached,1,H3,hybrid_bidirectional,best,1704.775688,2641.8583,522.37978
Detached,1,H1,safe_unidirectional,worst,2107.758416,2771.6001,666.774455
Detached,1,H1,safe_unidirectional,best,1856.312448,2771.6001,578.414934
Detached,1,H1,hybrid_bidirectional,worst,2107.758416,2771.6001,666.774455
Detached,1,H1,hybrid_bidirectional,best,1856.312448,2771.6001,578.414934
Detached,1,H2,safe_unidirectional,worst,2107.758416,2771.6001,666.774455
Detached,1,H2,safe_unidirectional,best,1856.312448,2771.6001,578.414934
Detached,1,H2,hybrid_bidirectional,worst,2107.758416,2771.6001,666.774455
Detached,1,H2,hybrid_bidirectional,best,1856.312448,2771.6001,578.414934
Detached,1,H3,safe_unidirectional,worst,2107.758416,2771.6001,666.774455
Detached,1,H3,safe_unidirectional,best,1856.312448,2771.6001,578.414934
Detached,1,H3,hybrid_bidirectional,worst,2107.758416,2771.6001,666.774455
Detached,1,H3,hybrid_bidirectional,best,1856.312448,2771.6001,578.414934
Detached,1,H1,safe_unidirectional,worst,1882.530412,2554.2368,585.769461
Detached,1,H1,safe_unidirectional,best,1663.052208,2554.2368,508.607356
Detached,1,H1,hybrid_bidirectional,worst,1882.530412,2554.2368,585.769461
Detached,1,H1,hybrid_bidirectional,best,1663.052208,2554.2368,508.607356
Detached,1,H2,safe_unidirectional,worst,1882.530412,2554.2368,585.769461
Detached,1,H2,safe_unidirectional,best,1663.052208,2554.2368,508.607356
Detached,1,H2,hybrid_bidirectional,worst,1882.530412,2554.2368,585.769461
Detached,1,H2,hybrid_bidirectional,best,1663.052208,2554.2368,508.607356
Detached,1,H3,safe_unidirectional,worst,1882.530412,2554.2368,585.769461
Detached,1,H3,safe_unidirectional,best,1663.052208,2554.2368,508.607356
Detached,1,H3,hybrid_bidirectional,worst,1882.530412,2554.2368,585.769461
Detached,1,H3,hybrid_bidirectional,best,1663.052208,2554.2368,508.607356
Detached,1,H1,safe_unidirectional,worst,1860.29816,2549.5185,580.977078
Detached,1,H1,safe_unidirectional,best,1668.525436,2549.5185,513.483895
Detached,1,H1,hybrid_bidirectional,worst,1860.29816,2549.5185,580.977078
Detached,1,H1,hybrid_bidirectional,best,1668.525436,2549.5185,513.483895
Detached,1,H2,safe_unidirectional,worst,1860.29816,2549.5185,580.977078
Detached,1,H2,safe_unidirectional,best,1668.525436,2549.5185,513.483895
Detached,1,H2,hybrid_bidirectional,worst,1860.29816,2549.5185,580.977078
Detached,1,H2,hybrid_bidirectional,best,1668.525436,2549.5185,513.483895
Detached,1,H3,safe_unidirectional,worst,1860.29816,2549.5185,580.977078
Detached,1,H3,safe_unidirectional,best,1668.525436,2549.5185,513.483895
Detached,1,H3,hybrid_bidirectional,worst,1860.29816,2549.5185,580.977078
Detached,1,H3,hybrid_bidirectional,best,1668.525436,2549.5185,513.483895
Detached,1,H1,safe_unidirectional,worst,2004.589004,2680.2909,632.670844
Detached,1,H1,safe_unidirectional,best,1797.3529,2680.2909,559.791088
Detached,1,H1,hybrid_bidirectional,worst,2004.589004,2680.2909,632.670844
Detached,1,H1,hybrid_bidirectional,best,1797.3529,2680.2909,559.791088
Detached,1,H2,safe_unidirectional,worst,2004.589004,2680.2909,632.670844
Detached,1,H2,safe_unidirectional,best,1797.3529,2680.2909,559.791088
Detached,1,H2,hybrid_bidirectional,worst,2004.589004,2680.2909,632.670844
Detached,1,H2,hybrid_bidirectional,best,1797.3529,2680.2909,559.791088
Detached,1,H3,safe_unidirectional,worst,2004.589004,2680.2909,632.670844
Detached,1,H3,safe_unidirectional,best,1797.3529,2680.2909,559.791088
Detached,1,H3,hybrid_bidirectional,worst,2004.589004,2680.2909,632.670844
Detached,1,H3,hybrid_bidirectional,best,1797.3529,2680.2909,559.791088
Detached,1,H1,safe_unidirectional,worst,1946.038816,2608.6379,598.973679
Detached,1,H1,safe_unidirectional,best,1727.320288,2608.6379,522.059619
Detached,1,H1,hybrid_bidirectional,worst,1946.038816,2608.6379,598.973679
Detached,1,H1,hybrid_bidirectional,best,1727.320288,2608.6379,522.059619
Detached,1,H2,safe_unidirectional,worst,1946.038816,2608.6379,598.973679
Detached,1,H2,safe_unidirectional,best,1727.320288,2608.6379,522.059619
Detached,1,H2,hybrid_bidirectional,worst,1946.038816,2608.6379,598.973679
Detached,1,H2,hybrid_bidirectional,best,1727.320288,2608.6379,522.059619
Detached,1,H3,safe_unidirectional,worst,1946.038816,2608.6379,598.973679
Detached,1,H3,safe_unidirectional,best,1727.320288,2608.6379,522.059619
Detached,1,H3,hybrid_bidirectional,worst,1946.038816,2608.6379,598.973679
Detached,1,H3,hybrid_bidirectional,best,1727.320288,2608.6379,522.059619
Detached,1,H1,safe_unidirectional,worst,1902.528872,2553.2316,595.554927
Detached,1,H1,safe_unidirectional,best,1689.09704,2553.2316,520.497673
Detached,1,H1,hybrid_bidirectional,worst,1902.528872,2553.2316,595.554927
Detached,1,H1,hybrid_bidirectional,best,1689.09704,2553.2316,520.497673
Detached,1,H2,safe_unidirectional,worst,1902.528872,2553.2316,595.554927
Detached,1,H2,safe_unidirectional,best,1689.09704,2553.2316,520.497673
Detached,1,H2,hybrid_bidirectional,worst,1902.528872,2553.2316,595.554927
Detached,1,H2,hybrid_bidirectional,best,1689.09704,2553.2316,520.497673
Detached,1,H3,safe_unidirectional,worst,1902.528872,2553.2316,595.554927
Detached,1,H3,safe_unidirectional,best,1689.09704,2553.2316,520.497673
Detached,1,H3,hybrid_bidirectional,worst,1902.528872,2553.2316,595.554927
Detached,1,H3,hybrid_bidirectional,best,1689.09704,2553.2316,520.497673
Detached,1,H1,safe_unidirectional,worst,1803.60212,2472.4284,565.928595
Detached,1,H1,safe_unidirectional,best,1603.2532,2472.4284,495.486589
Detached,1,H1,hybrid_bidirectional,worst,1803.60212,2472.4284,565.928595
Detached,1,H1,hybrid_bidirectional,best,1603.2532,2472.4284,495.486589
Detached,1,H2,safe_unidirectional,worst,1803.60212,2472.4284,565.928595
Detached,1,H2,safe_unidirectional,best,1603.2532,2472.4284,495.486589
Detached,1,H2,hybrid_bidirectional,worst,1803.60212,2472.4284,565.928595
Detached,1,H2,hybrid_bidirectional,best,1603.2532,2472.4284,495.486589
Detached,1,H3,safe_unidirectional,worst,1803.60212,2472.4284,565.928595
Detached,1,H3,safe_unidirectional,best,1603.2532,2472.4284,495.486589
Detached,1,H3,hybrid_bidirectional,worst,1803.60212,2472.4284,565.928595
Detached,1,H3,hybrid_bidirectional,best,1603.2532,2472.4284,495.486589
Detached,1,H1,safe_unidirectional,worst,1957.9769,2641.4097,605.130956
Detached,1,H1,safe_unidirectional,best,1745.729192,2641.4097,530.462565
Detached,1,H1,hybrid_bidirectional,worst,1957.9769,2641.4097,605.130956
Detached,1,H1,hybrid_bidirectional,best,1745.729192,2641.4097,530.462565
Detached,1,H2,safe_unidirectional,worst,1957.9769,2641.4097,605.130956
Detached,1,H2,safe_unidirectional,best,1745.729192,2641.4097,530.462565
Detached,1,H2,hybrid_bidirectional,worst,1957.9769,2641.4097,605.130956
Detached,1,H2,hybrid_bidirectional,best,1745.729192,2641.4097,530.462565
Detached,1,H3,safe_unidirectional,worst,1957.9769,2641.4097,605.130956
Detached,1,H3,safe_unidirectional,best,1745.729192,2641.4097,530.462565
Detached,1,H3,hybrid_bidirectional,worst,1957.9769,2641.4097,605.130956
Detached,1,H3,hybrid_bidirectional,best,1745.729192,2641.4097,530.462565
Detached,1,H1,safe_unidirectional,worst,1833.428704,2470.6761,576.460501
Detached,1,H1,safe_unidirectional,best,1619.73122,2470.6761,501.335621
Detached,1,H1,hybrid_bidirectional,worst,1833.428704,2470.6761,576.460501
Detached,1,H1,hybrid_bidirectional,best,1619.73122,2470.6761,501.335621
Detached,1,H2,safe_unidirectional,worst,1833.428704,2470.6761,576.460501
Detached,1,H2,safe_unidirectional,best,1619.73122,2470.6761,501.335621
Detached,1,H2,hybrid_bidirectional,worst,1833.428704,2470.6761,576.460501
Detached,1,H2,hybrid_bidirectional,best,1619.73122,2470.6761,501.335621
Detached,1,H3,safe_unidirectional,worst,1833.428704,2470.6761,576.460501
Detached,1,H3,safe_unidirectional,best,1619.73122,2470.6761,501.335621
Detached,1,H3,hybrid_bidirectional,worst,1833.428704,2470.6761,576.460501
Detached,1,H3,hybrid_bidirectional,best,1619.73122,2470.6761,501.335621
Detached,1,H1,safe_unidirectional,worst,2048.73646,2744.7678,638.682188
Detached,1,H1,safe_unidirectional,best,1819.830592,2744.7678,558.219753
Detached,1,H1,hybrid_bidirectional,worst,2048.73646,2744.7678,638.682188
Detached,1,H1,hybrid_bidirectional,best,1819.830592,2744.7678,558.219753
Detached,1,H2,safe_unidirectional,worst,2048.73646,2744.7678,638.682188
Detached,1,H2,safe_unidirectional,best,1819.830592,2744.7678,558.219753
Detached,1,H2,hybrid_bidirectional,worst,2048.73646,2744.7678,638.682188
Detached,1,H2,hybrid_bidirectional,best,1819.830592,2744.7678,558.219753
Detached,1,H3,safe_unidirectional,worst,2048.73646,2744.7678,638.682188
Detached,1,H3,safe_unidirectional,best,1819.830592,2744.7678,558.219753
Detached,1,H3,hybrid_bidirectional,worst,2048.73646,2744.7678,638.682188
Detached,1,H3,hybrid_bidirectional,best,1819.830592,2744.7678,558.219753
Detached,1,H1,safe_unidirectional,worst,1928.01792,2570.8831,605.573404
Detached,1,H1,safe_unidirectional,best,1697.053632,2570.8831,524.374228
Detached,1,H1,hybrid_bidirectional,worst,1928.01792,2570.8831,605.573404
Detached,1,H1,hybrid_bidirectional,best,1697.053632,2570.8831,524.374228
Detached,1,H2,safe_unidirectional,worst,1928.01792,2570.8831,605.573404
Detached,1,H2,safe_unidirectional,best,1697.053632,2570.8831,524.374228
Detached,1,H2,hybrid_bidirectional,worst,1928.01792,2570.8831,605.573404
Detached,1,H2,hybrid_bidirectional,best,1697.053632,2570.8831,524.374228
Detached,1,H3,safe_unidirectional,worst,1928.01792,2570.8831,605.573404
Detached,1,H3,safe_unidirectional,best,1697.053632,2570.8831,524.374228
Detached,1,H3,hybrid_bidirectional,worst,1928.01792,2570.8831,605.573404
Detached,1,H3,hybrid_bidirectional,best,1697.053632,2570.8831,524.374228
Detached,1,H1,safe_unidirectional,worst,1818.557212,2437.8245,561.995523
Detached,1,H1,safe_unidirectional,best,1620.523864,2437.8245,492.373753
Detached,1,H1,hybrid_bidirectional,worst,1818.557212,2437.8245,561.995523
Detached,1,H1,hybrid_bidirectional,best,1620.523864,2437.8245,492.373753
Detached,1,H2,safe_unidirectional,worst,1818.557212,2437.8245,561.995523
Detached,1,H2,safe_unidirectional,best,1620.523864,2437.8245,492.373753
Detached,1,H2,hybrid_bidirectional,worst,1818.557212,2437.8245,561.995523
Detached,1,H2,hybrid_bidirectional,best,1620.523864,2437.8245,492.373753
Detached,1,H3,safe_unidirectional,worst,1818.557212,2437.8245,561.995523
Detached,1,H3,safe_unidirectional,best,1620.523864,2437.8245,492.373753
Detached,1,H3,hybrid_bidirectional,worst,1818.557212,2437.8245,561.995523
Detached,1,H3,hybrid_bidirectional,best,1620.523864,2437.8245,492.373753
Detached,1,H1,safe_unidirectional,worst,1925.949716,2615.3052,606.164082
Detached,1,H1,safe_unidirectional,best,1681.4757,2615.3052,520.289416
Detached,1,H1,hybrid_bidirectional,worst,1925.949716,2615.3052,606.164082
Detached,1,H1,hybrid_bidirectional,best,1681.4757,2615.3052,520.289416
Detached,1,H2,safe_unidirectional,worst,1925.949716,2615.3052,606.164082
Detached,1,H2,safe_unidirectional,best,1681.4757,2615.3052,520.289416
Detached,1,H2,hybrid_bidirectional,worst,1925.949716,2615.3052,606.164082
Detached,1,H2,hybrid_bidirectional,best,1681.4757,2615.3052,520.289416
Detached,1,H3,safe_unidirectional,worst,1925.949716,2615.3052,606.164082
Detached,1,H3,safe_unidirectional,best,1681.4757,2615.3052,520.289416
Detached,1,H3,hybrid_bidirectional,worst,1925.949716,2615.3052,606.164082
Detached,1,H3,hybrid_bidirectional,best,1681.4757,2615.3052,520.289416
Detached,1,H1,safe_unidirectional,worst,1864.17838,2519.1799,583.65928
Detached,1,H1,safe_unidirectional,best,1644.5208,2519.1799,506.438526
Detached,1,H1,hybrid_bidirectional,worst,1864.17838,2519.1799,583.65928
Detached,1,H1,hybrid_bidirectional,best,1644.5208,2519.1799,506.438526
Detached,1,H2,safe_unidirectional,worst,1864.17838,2519.1799,583.65928
Detached,1,H2,safe_unidirectional,best,1644.5208,2519.1799,506.438526
Detached,1,H2,hybrid_bidirectional,worst,1864.17838,2519.1799,583.65928
Detached,1,H2,hybrid_bidirectional,best,1644.5208,2519.1799,506.438526
Detached,1,H3,safe_unidirectional,worst,1864.17838,2519.1799,583.65928
Detached,1,H3,safe_unidirectional,best,1644.5208,2519.1799,506.438526
Detached,1,H3,hybrid_bidirectional,worst,1864.17838,2519.1799,583.65928
Detached,1,H3,hybrid_bidirectional,best,1644.5208,2519.1799,506.438526
Detached,1,H1,safe_unidirectional,worst,1934.625044,2605.8896,607.433317
Detached,1,H1,safe_unidirectional,best,1701.134788,2605.8896,525.37882
Detached,1,H1,hybrid_bidirectional,worst,1934.625044,2605.8896,607.433317
Detached,1,H1,hybrid_bidirectional,best,1701.134788,2605.8896,525.37882
Detached,1,H2,safe_unidirectional,worst,1934.625044,2605.8896,607.433317
Detached,1,H2,safe_unidirectional,best,1701.134788,2605.8896,525.37882
Detached,1,H2,hybrid_bidirectional,worst,1934.625044,2605.8896,607.433317
Detached,1,H2,hybrid_bidirectional,best,1701.134788,2605.8896,525.37882
Detached,1,H3,safe_unidirectional,worst,1934.625044,2605.8896,607.433317
Detached,1,H3,safe_unidirectional,best,1701.134788,2605.8896,525.37882
Detached,1,H3,hybrid_bidirectional,worst,1934.625044,2605.8896,607.433317
Detached,1,H3,hybrid_bidirectional,best,1701.134788,2605.8896,525.37882
Detached,1,H1,safe_unidirectional,worst,1979.882436,2681.512,620.393735
Detached,1,H1,safe_unidirectional,best,1771.06754,2681.512,546.989371
Detached,1,H1,hybrid_bidirectional,worst,1979.882436,2681.512,620.393735
Detached,1,H1,hybrid_bidirectional,best,1771.06754,2681.512,546.989371
Detached,1,H2,safe_unidirectional,worst,1979.882436,2681.512,620.393735
Detached,1,H2,safe_unidirectional,best,1771.06754,2681.512,546.989371
Detached,1,H2,hybrid_bidirectional,worst,1979.882436,2681.512,620.393735
Detached,1,H2,hybrid_bidirectional,best,1771.06754,2681.512,546.989371
Detached,1,H3,safe_unidirectional,worst,1979.882436,2681.512,620.393735
Detached,1,H3,safe_unidirectional,best,1771.06754,2681.512,546.989371
Detached,1,H3,hybrid_bidirectional,worst,1979.882436,2681.512,620.393735
Detached,1,H3,hybrid_bidirectional,best,1771.06754,2681.512,546.989371
Detached,1,H1,safe_unidirectional,worst,1909.756348,2595.5747,596.719219
Detached,1,H1,safe_unidirectional,best,1700.850648,2595.5747,523.28642
Detached,1,H1,hybrid_bidirectional,worst,1909.756348,2595.5747,596.719219
Detached,1,H1,hybrid_bidirectional,best,1700.850648,2595.5747,523.28642
Detached,1,H2,safe_unidirectional,worst,1909.756348,2595.5747,596.719219
Detached,1,H2,safe_unidirectional,best,1700.850648,2595.5747,523.28642
Detached,1,H2,hybrid_bidirectional,worst,1909.756348,2595.5747,596.719219
Detached,1,H2,hybrid_bidirectional,best,1700.850648,2595.5747,523.28642
Detached,1,H3,safe_unidirectional,worst,1909.756348,2595.5747,596.719219
Detached,1,H3,safe_unidirectional,best,1700.850648,2595.5747,523.28642
Detached,1,H3,hybrid_bidirectional,worst,1909.756348,2595.5747,596.719219
Detached,1,H3,hybrid_bidirectional,best,1700.850648,2595.5747,523.28642
Detached,1,H1,safe_unidirectional,worst,1858.238356,2542.8906,580.849127
Detached,1,H1,safe_unidirectional,best,1676.54314,2542.8906,516.925452
Detached,1,H1,hybrid_bidirectional,worst,1858.238356,2542.8906,580.849127
Detached,1,H1,hybrid_bidirectional,best,1676.54314,2542.8906,516.925452
Detached,1,H2,safe_unidirectional,worst,1858.238356,2542.8906,580.849127
Detached,1,H2,safe_unidirectional,best,1676.54314,2542.8906,516.925452
Detached,1,H2,hybrid_bidirectional,worst,1858.238356,2542.8906,580.849127
Detached,1,H2,hybrid_bidirectional,best,1676.54314,2542.8906,516.925452
Detached,1,H3,safe_unidirectional,worst,1858.238356,2542.8906,580.849127
Detached,1,H3,safe_unidirectional,best,1676.54314,2542.8906,516.925452
Detached,1,H3,hybrid_bidirectional,worst,1858.238356,2542.8906,580.849127
Detached,1,H3,hybrid_bidirectional,best,1676.54314,2542.8906,516.925452
Detached,1,H1,safe_unidirectional,worst,2086.56722,2793.5151,640.141514
Detached,1,H1,safe_unidirectional,best,1869.874596,2793.5151,563.949023
Detached,1,H1,hybrid_bidirectional,worst,2086.56722,2793.5151,640.141514
Detached,1,H1,hybrid_bidirectional,best,1869.874596,2793.5151,563.949023
Detached,1,H2,safe_unidirectional,worst,2086.56722,2793.5151,640.141514
Detached,1,H2,safe_unidirectional,best,1869.874596,2793.5151,563.949023
Detached,1,H2,hybrid_bidirectional,worst,2086.56722,2793.5151,640.141514
Detached,1,H2,hybrid_bidirectional,best,1869.874596,2793.5151,563.949023
Detached,1,H3,safe_unidirectional,worst,2086.56722,2793.5151,640.141514
Detached,1,H3,safe_unidirectional,best,1869.874596,2793.5151,563.949023
Detached,1,H3,hybrid_bidirectional,worst,2086.56722,2793.5151,640.141514
Detached,1,H3,hybrid_bidirectional,best,1869.874596,2793.5151,563.949023
Detached,1,H1,safe_unidirectional,worst,1957.827344,2624.8508,610.36696
Detached,1,H1,safe_unidirectional,best,1735.729296,2624.8508,532.277552
Detached,1,H1,hybrid_bidirectional,worst,1957.827344,2624.8508,610.36696
Detached,1,H1,hybrid_bidirectional,best,1735.729296,2624.8508,532.277552
Detached,1,H2,safe_unidirectional,worst,1957.827344,2624.8508,610.36696
Detached,1,H2,safe_unidirectional,best,1735.729296,2624.8508,532.277552
Detached,1,H2,hybrid_bidirectional,worst,1957.827344,2624.8508,610.36696
Detached,1,H2,hybrid_bidirectional,best,1735.729296,2624.8508,532.277552
Detached,1,H3,safe_unidirectional,worst,1957.827344,2624.8508,610.36696
Detached,1,H3,safe_unidirectional,best,1735.729296,2624.8508,532.277552
Detached,1,H3,hybrid_bidirectional,worst,1957.827344,2624.8508,610.36696
Detached,1,H3,hybrid_bidirectional,best,1735.729296,2624.8508,532.277552
Detached,1,H1,safe_unidirectional,worst,2015.475788,2684.6568,626.718621
Detached,1,H1,safe_unidirectional,best,1790.244684,2684.6568,547.593953
Detached,1,H1,hybrid_bidirectional,worst,2015.475788,2684.6568,626.718621
Detached,1,H1,hybrid_bidirectional,best,1790.244684,2684.6568,547.593953
Detached,1,H2,safe_unidirectional,worst,2015.475788,2684.6568,626.718621
Detached,1,H2,safe_unidirectional,best,1790.244684,2684.6568,547.593953
Detached,1,H2,hybrid_bidirectional,worst,2015.475788,2684.6568,626.718621
Detached,1,H2,hybrid_bidirectional,best,1790.244684,2684.6568,547.593953
Detached,1,H3,safe_unidirectional,worst,2015.475788,2684.6568,626.718621
Detached,1,H3,safe_unidirectional,best,1790.244684,2684.6568,547.593953
Detached,1,H3,hybrid_bidirectional,worst,2015.475788,2684.6568,626.718621
Detached,1,H3,hybrid_bidirectional,best,1790.244684,2684.6568,547.593953
Detached,1,H1,safe_unidirectional,worst,1907.240356,2570.2705,599.574174
Detached,1,H1,safe_unidirectional,best,1661.3664,2570.2705,513.235897
Detached,1,H1,hybrid_bidirectional,worst,1907.240356,2570.2705,599.574174
Detached,1,H1,hybrid_bidirectional,best,1661.3664,2570.2705,513.235897
Detached,1,H2,safe_unidirectional,worst,1907.240356,2570.2705,599.574174
Detached,1,H2,safe_unidirectional,best,1661.3664,2570.2705,513.235897
Detached,1,H2,hybrid_bidirectional,worst,1907.240356,2570.2705,599.574174
Detached,1,H2,hybrid_bidirectional,best,1661.3664,2570.2705,513.235897
Detached,1,H3,safe_unidirectional,worst,1907.240356,2570.2705,599.574174
Detached,1,H3,safe_unidirectional,best,1661.3664,2570.2705,513.235897
Detached,1,H3,hybrid_bidirectional,worst,1907.240356,2570.2705,599.574174
Detached,1,H3,hybrid_bidirectional,best,1661.3664,2570.2705,513.235897
Detached,1,H1,safe_unidirectional,worst,1886.273352,2562.4973,588.281486
Detached,1,H1,safe_unidirectional,best,1684.581056,2562.4973,517.433604
Detached,1,H1,hybrid_bidirectional,worst,1886.273352,2562.4973,588.281486
Detached,1,H1,hybrid_bidirectional,best,1684.581056,2562.4973,517.433604
Detached,1,H2,safe_unidirectional,worst,1886.273352,2562.4973,588.281486
Detached,1,H2,safe_unidirectional,best,1684.581056,2562.4973,517.433604
Detached,1,H2,hybrid_bidirectional,worst,1886.273352,2562.4973,588.281486
Detached,1,H2,hybrid_bidirectional,best,1684.581056,2562.4973,517.433604
Detached,1,H3,safe_unidirectional,worst,1886.273352,2562.4973,588.281486
Detached,1,H3,safe_unidirectional,best,1684.581056,2562.4973,517.433604
Detached,1,H3,hybrid_bidirectional,worst,1886.273352,2562.4973,588.281486
Detached,1,H3,hybrid_bidirectional,best,1684.581056,2562.4973,517.433604
Detached,1,H1,safe_unidirectional,worst,1936.121512,2575.2648,612.800021
Detached,1,H1,safe_unidirectional,best,1712.863192,2575.2648,534.345949
Detached,1,H1,hybrid_bidirectional,worst,1936.121512,2575.2648,612.800021
Detached,1,H1,hybrid_bidirectional,best,1712.863192,2575.2648,534.345949
Detached,1,H2,safe_unidirectional,worst,1936.121512,2575.2648,612.800021
Detached,1,H2,safe_unidirectional,best,1712.863192,2575.2648,534.345949
Detached,1,H2,hybrid_bidirectional,worst,1936.121512,2575.2648,612.800021
Detached,1,H2,hybrid_bidirectional,best,1712.863192,2575.2648,534.345949
Detached,1,H3,safe_unidirectional,worst,1936.121512,2575.2648,612.800021
Detached,1,H3,safe_unidirectional,best,1712.863192,2575.2648,534.345949
Detached,1,H3,hybrid_bidirectional,worst,1936.121512,2575.2648,612.800021
Detached,1,H3,hybrid_bidirectional,best,1712.863192,2575.2648,534.345949
Detached,1,H1,safe_unidirectional,worst,1889.073228,2549.0398,583.26104
Detached,1,H1,safe_unidirectional,best,1688.497744,2549.0398,512.730462
Detached,1,H1,hybrid_bidirectional,worst,1889.073228,2549.0398,583.26104
Detached,1,H1,hybrid_bidirectional,best,1688.497744,2549.0398,512.730462
Detached,1,H2,safe_unidirectional,worst,1889.073228,2549.0398,583.26104
Detached,1,H2,safe_unidirectional,best,1688.497744,2549.0398,512.730462
Detached,1,H2,hybrid_bidirectional,worst,1889.073228,2549.0398,583.26104
Detached,1,H2,hybrid_bidirectional,best,1688.497744,2549.0398,512.730462
Detached,1,H3,safe_unidirectional,worst,1889.073228,2549.0398,583.26104
Detached,1,H3,safe_unidirectional,best,1688.497744,2549.0398,512.730462
Detached,1,H3,hybrid_bidirectional,worst,1889.073228,2549.0398,583.26104
Detached,1,H3,hybrid_bidirectional,best,1688.497744,2549.0398,512.730462
Detached,1,H1,safe_unidirectional,worst,2021.55702,2713.5462,629.495096
Detached,1,H1,safe_unidirectional,best,1797.56546,2713.5462,550.799308
Detached,1,H1,hybrid_bidirectional,worst,2021.55702,2713.5462,629.495096
Detached,1,H1,hybrid_bidirectional,best,1797.56546,2713.5462,550.799308
Detached,1,H2,safe_unidirectional,worst,2021.55702,2713.5462,629.495096
Detached,1,H2,safe_unidirectional,best,1797.56546,2713.5462,550.799308
Detached,1,H2,hybrid_bidirectional,worst,2021.55702,2713.5462,629.495096
Detached,1,H2,hybrid_bidirectional,best,1797.56546,2713.5462,550.799308
Detached,1,H3,safe_unidirectional,worst,2021.55702,2713.5462,629.495096
Detached,1,H3,safe_unidirectional,best,1797.56546,2713.5462,550.799308
Detached,1,H3,hybrid_bidirectional,worst,2021.55702,2713.5462,629.495096
Detached,1,H3,hybrid_bidirectional,best,1797.56546,2713.5462,550.799308
Detached,1,H1,safe_unidirectional,worst,2050.823916,2727.7039,640.933152
Detached,1,H1,safe_unidirectional,best,1821.260112,2727.7039,560.32922
Detached,1,H1,hybrid_bidirectional,worst,2050.823916,2727.7039,640.933152
Detached,1,H1,hybrid_bidirectional,best,1821.260112,2727.7039,560.32922
Detached,1,H2,safe_unidirectional,worst,2050.823916,2727.7039,640.933152
Detached,1,H2,safe_unidirectional,best,1821.260112,2727.7039,560.32922
Detached,1,H2,hybrid_bidirectional,worst,2050.823916,2727.7039,640.933152
Detached,1,H2,hybrid_bidirectional,best,1821.260112,2727.7039,560.32922
Detached,1,H3,safe_unidirectional,worst,2050.823916,2727.7039,640.933152
Detached,1,H3,safe_unidirectional,best,1821.260112,2727.7039,560.32922
Detached,1,H3,hybrid_bidirectional,worst,2050.823916,2727.7039,640.933152
Detached,1,H3,hybrid_bidirectional,best,1821.260112,2727.7039,560.32922
Detached,1,H1,safe_unidirectional,worst,2030.602176,2722.9343,629.479635
Detached,1,H1,safe_unidirectional,best,1815.940744,2722.9343,554.083205
Detached,1,H1,hybrid_bidirectional,worst,2030.602176,2722.9343,629.479635
Detached,1,H1,hybrid_bidirectional,best,1815.940744,2722.9343,554.083205
Detached,1,H2,safe_unidirectional,worst,2030.602176,2722.9343,629.479635
Detached,1,H2,safe_unidirectional,best,1815.940744,2722.9343,554.083205
Detached,1,H2,hybrid_bidirectional,worst,2030.602176,2722.9343,629.479635
Detached,1,H2,hybrid_bidirectional,best,1815.940744,2722.9343,554.083205
Detached,1,H3,safe_unidirectional,worst,2030.602176,2722.9343,629.479635
Detached,1,H3,safe_unidirectional,best,1815.940744,2722.9343,554.083205
Detached,1,H3,hybrid_bidirectional,worst,2030.602176,2722.9343,629.479635
Detached,1,H3,hybrid_bidirectional,best,1815.940744,2722.9343,554.083205
Detached,1,H1,safe_unidirectional,worst,2050.044,2706.2147,631.887836
Detached,1,H1,safe_unidirectional,best,1818.29932,2706.2147,550.407987
Detached,1,H1,hybrid_bidirectional,worst,2050.044,2706.2147,631.887836
Detached,1,H1,hybrid_bidirectional,best,1818.29932,2706.2147,550.407987
Detached,1,H2,safe_unidirectional,worst,2050.044,2706.2147,631.887836
Detached,1,H2,safe_unidirectional,best,1818.29932,2706.2147,550.407987
Detached,1,H2,hybrid_bidirectional,worst,2050.044,2706.2147,631.887836
Detached,1,H2,hybrid_bidirectional,best,1818.29932,2706.2147,550.407987
Detached,1,H3,safe_unidirectional,worst,2050.044,2706.2147,631.887836
Detached,1,H3,safe_unidirectional,best,1818.29932,2706.2147,550.407987
Detached,1,H3,hybrid_bidirectional,worst,2050.044,2706.2147,631.887836
Detached,1,H3,hybrid_bidirectional,best,1818.29932,2706.2147,550.407987
Detached,1,H1,safe_unidirectional,worst,1884.508092,2567.7555,588.943774
Detached,1,H1,safe_unidirectional,best,1665.956688,2567.7555,512.116422
Detached,1,H1,hybrid_bidirectional,worst,1884.508092,2567.7555,588.943774
Detached,1,H1,hybrid_bidirectional,best,1665.956688,2567.7555,512.116422
Detached,1,H2,safe_unidirectional,worst,1884.508092,2567.7555,588.943774
Detached,1,H2,safe_unidirectional,best,1665.956688,2567.7555,512.116422
Detached,1,H2,hybrid_bidirectional,worst,1884.508092,2567.7555,588.943774
Detached,1,H2,hybrid_bidirectional,best,1665.956688,2567.7555,512.116422
Detached,1,H3,safe_unidirectional,worst,1884.508092,2567.7555,588.943774
Detached,1,H3,safe_unidirectional,best,1665.956688,2567.7555,512.116422
Detached,1,H3,hybrid_bidirectional,worst,1884.508092,2567.7555,588.943774
Detached,1,H3,hybrid_bidirectional,best,1665.956688,2567.7555,512.116422
Detached,1,H1,safe_unidirectional,worst,1960.512808,2646.5015,615.37557
Detached,1,H1,safe_unidirectional,best,1757.55884,2646.5015,544.033423
Detached,1,H1,hybrid_bidirectional,worst,1960.512808,2646.5015,615.37557
Detached,1,H1,hybrid_bidirectional,best,1757.55884,2646.5015,544.033423
Detached,1,H2,safe_unidirectional,worst,1960.512808,2646.5015,615.37557
Detached,1,H2,safe_unidirectional,best,1757.55884,2646.5015,544.033423
Detached,1,H2,hybrid_bidirectional,worst,1960.512808,2646.5015,615.37557
Detached,1,H2,hybrid_bidirectional,best,1757.55884,2646.5015,544.033423
Detached,1,H3,safe_unidirectional,worst,1960.512808,2646.5015,615.37557
Detached,1,H3,safe_unidirectional,best,1757.55884,2646.5015,544.033423
Detached,1,H3,hybrid_bidirectional,worst,1960.512808,2646.5015,615.37557
Detached,1,H3,hybrid_bidirectional,best,1757.55884,2646.5015,544.033423
Detached,1,H1,safe_unidirectional,worst,1943.775356,2610.1144,607.673205
Detached,1,H1,safe_unidirectional,best,1714.508136,2610.1144,527.09382
Detached,1,H1,hybrid_bidirectional,worst,1943.775356,2610.1144,607.673205
Detached,1,H1,hybrid_bidirectional,best,1714.508136,2610.1144,527.09382
Detached,1,H2,safe_unidirectional,worst,1943.775356,2610.1144,607.673205
Detached,1,H2,safe_unidirectional,best,1714.508136,2610.1144,527.09382
Detached,1,H2,hybrid_bidirectional,worst,1943.775356,2610.1144,607.673205
Detached,1,H2,hybrid_bidirectional,best,1714.508136,2610.1144,527.09382
Detached,1,H3,safe_unidirectional,worst,1943.775356,2610.1144,607.673205
Detached,1,H3,safe_unidirectional,best,1714.508136,2610.1144,527.09382
Detached,1,H3,hybrid_bidirectional,worst,1943.775356,2610.1144,607.673205
Detached,1,H3,hybrid_bidirectional,best,1714.508136,2610.1144,527.09382
Detached,1,H1,safe_unidirectional,worst,2068.909928,2758.1518,642.934501
Detached,1,H1,safe_unidirectional,best,1840.3962,2758.1518,562.58267
Detached,1,H1,hybrid_bidirectional,worst,2068.909928,2758.1518,642.934501
Detached,1,H1,hybrid_bidirectional,best,1840.3962,2758.1518,562.58267
Detached,1,H2,safe_unidirectional,worst,2068.909928,2758.1518,642.934501
Detached,1,H2,safe_unidirectional,best,1840.3962,2758.1518,562.58267
Detached,1,H2,hybrid_bidirectional,worst,2068.909928,2758.1518,642.934501
Detached,1,H2,hybrid_bidirectional,best,1840.3962,2758.1518,562.58267
Detached,1,H3,safe_unidirectional,worst,2068.909928,2758.1518,642.934501
Detached,1,H3,safe_unidirectional,best,1840.3962,2758.1518,562.58267
Detached,1,H3,hybrid_bidirectional,worst,2068.909928,2758.1518,642.934501
Detached,1,H3,hybrid_bidirectional,best,1840.3962,2758.1518,562.58267
Detached,1,H1,safe_unidirectional,worst,1901.840688,2565.6825,596.16825
Detached,1,H1,safe_unidirectional,best,1691.981956,2565.6825,522.335073
Detached,1,H1,hybrid_bidirectional,worst,1901.840688,2565.6825,596.16825
Detached,1,H1,hybrid_bidirectional,best,1691.981956,2565.6825,522.335073
Detached,1,H2,safe_unidirectional,worst,1901.840688,2565.6825,596.16825
Detached,1,H2,safe_unidirectional,best,1691.981956,2565.6825,522.335073
Detached,1,H2,hybrid_bidirectional,worst,1901.840688,2565.6825,596.16825
Detached,1,H2,hybrid_bidirectional,best,1691.981956,2565.6825,522.335073
Detached,1,H3,safe_unidirectional,worst,1901.840688,2565.6825,596.16825
Detached,1,H3,safe_unidirectional,best,1691.981956,2565.6825,522.335073
Detached,1,H3,hybrid_bidirectional,worst,1901.840688,2565.6825,596.16825
Detached,1,H3,hybrid_bidirectional,best,1691.981956,2565.6825,522.335073
Detached,1,H1,safe_unidirectional,worst,1848.585348,2554.4015,577.771419
Detached,1,H1,safe_unidirectional,best,1627.432644,2554.4015,500.025586
Detached,1,H1,hybrid_bidirectional,worst,1848.585348,2554.4015,577.771419
Detached,1,H1,hybrid_bidirectional,best,1627.432644,2554.4015,500.025586
Detached,1,H2,safe_unidirectional,worst,1848.585348,2554.4015,577.771419
Detached,1,H2,safe_unidirectional,best,1627.432644,2554.4015,500.025586
Detached,1,H2,hybrid_bidirectional,worst,1848.585348,2554.4015,577.771419
Detached,1,H2,hybrid_bidirectional,best,1627.432644,2554.4015,500.025586
Detached,1,H3,safe_unidirectional,worst,1848.585348,2554.4015,577.771419
Detached,1,H3,safe_unidirectional,best,1627.432644,2554.4015,500.025586
Detached,1,H3,hybrid_bidirectional,worst,1848.585348,2554.4015,577.771419
Detached,1,H3,hybrid_bidirectional,best,1627.432644,2554.4015,500.025586
Detached,1,H1,safe_unidirectional,worst,1825.281172,2494.4781,571.453825
Detached,1,H1,safe_unidirectional,best,1637.567372,2494.4781,505.452801
Detached,1,H1,hybrid_bidirectional,worst,1825.281172,2494.4781,571.453825
Detached,1,H1,hybrid_bidirectional,best,1637.567372,2494.4781,505.452801
Detached,1,H2,safe_unidirectional,worst,1825.281172,2494.4781,571.453825
Detached,1,H2,safe_unidirectional,best,1637.567372,2494.4781,505.452801
Detached,1,H2,hybrid_bidirectional,worst,1825.281172,2494.4781,571.453825
Detached,1,H2,hybrid_bidirectional,best,1637.567372,2494.4781,505.452801
Detached,1,H3,safe_unidirectional,worst,1825.281172,2494.4781,571.453825
Detached,1,H3,safe_unidirectional,best,1637.567372,2494.4781,505.452801
Detached,1,H3,hybrid_bidirectional,worst,1825.281172,2494.4781,571.453825
Detached,1,H3,hybrid_bidirectional,best,1637.567372,2494.4781,505.452801
Detached,1,H1,safe_unidirectional,worst,1930.512016,2568.2471,604.514168
Detached,1,H1,safe_unidirectional,best,1704.747736,2568.2471,525.103854
Detached,1,H1,hybrid_bidirectional,worst,1930.512016,2568.2471,604.514168
Detached,1,H1,hybrid_bidirectional,best,1704.747736,2568.2471,525.103854
Detached,1,H2,safe_unidirectional,worst,1930.512016,2568.2471,604.514168
Detached,1,H2,safe_unidirectional,best,1704.747736,2568.2471,525.103854
Detached,1,H2,hybrid_bidirectional,worst,1930.512016,2568.2471,604.514168
Detached,1,H2,hybrid_bidirectional,best,1704.747736,2568.2471,525.103854
Detached,1,H3,safe_unidirectional,worst,1930.512016,2568.2471,604.514168
Detached,1,H3,safe_unidirectional,best,1704.747736,2568.2471,525.103854
Detached,1,H3,hybrid_bidirectional,worst,1930.512016,2568.2471,604.514168
Detached,1,H3,hybrid_bidirectional,best,1704.747736,2568.2471,525.103854
Detached,1,H1,safe_unidirectional,worst,1909.044028,2555.2332,604.083677
Detached,1,H1,safe_unidirectional,best,1678.875796,2555.2332,523.242878
Detached,1,H1,hybrid_bidirectional,worst,1909.044028,2555.2332,604.083677
Detached,1,H1,hybrid_bidirectional,best,1678.875796,2555.2332,523.242878
Detached,1,H2,safe_unidirectional,worst,1909.044028,2555.2332,604.083677
Detached,1,H2,safe_unidirectional,best,1678.875796,2555.2332,523.242878
Detached,1,H2,hybrid_bidirectional,worst,1909.044028,2555.2332,604.083677
Detached,1,H2,hybrid_bidirectional,best,1678.875796,2555.2332,523.242878
Detached,1,H3,safe_unidirectional,worst,1909.044028,2555.2332,604.083677
Detached,1,H3,safe_unidirectional,best,1678.875796,2555.2332,523.242878
Detached,1,H3,hybrid_bidirectional,worst,1909.044028,2555.2332,604.083677
Detached,1,H3,hybrid_bidirectional,best,1678.875796,2555.2332,523.242878
Detached,1,H1,safe_unidirectional,worst,1943.133668,2662.0665,601.941648
Detached,1,H1,safe_unidirectional,best,1724.555276,2662.0665,525.064919
Detached,1,H1,hybrid_bidirectional,worst,1943.133668,2662.0665,601.941648
Detached,1,H1,hybrid_bidirectional,best,1724.555276,2662.0665,525.064919
Detached,1,H2,safe_unidirectional,worst,1943.133668,2662.0665,601.941648
Detached,1,H2,safe_unidirectional,best,1724.555276,2662.0665,525.064919
Detached,1,H2,hybrid_bidirectional,worst,1943.133668,2662.0665,601.941648
Detached,1,H2,hybrid_bidirectional,best,1724.555276,2662.0665,525.064919
Detached,1,H3,safe_unidirectional,worst,1943.133668,2662.0665,601.941648
Detached,1,H3,safe_unidirectional,best,1724.555276,2662.0665,525.064919
Detached,1,H3,hybrid_bidirectional,worst,1943.133668,2662.0665,601.941648
Detached,1,H3,hybrid_bidirectional,best,1724.555276,2662.0665,525.064919
Detached,1,H1,safe_unidirectional,worst,1938.88312,2612.3187,606.333908
Detached,1,H1,safe_unidirectional,best,1736.961968,2612.3187,535.353696
Detached,1,H1,hybrid_bidirectional,worst,1938.88312,2612.3187,606.333908
Detached,1,H1,hybrid_bidirectional,best,1736.961968,2612.3187,535.353696
Detached,1,H2,safe_unidirectional,worst,1938.88312,2612.3187,606.333908
Detached,1,H2,safe_unidirectional,best,1736.961968,2612.3187,535.353696
Detached,1,H2,hybrid_bidirectional,worst,1938.88312,2612.3187,606.333908
Detached,1,H2,hybrid_bidirectional,best,1736.961968,2612.3187,535.353696
Detached,1,H3,safe_unidirectional,worst,1938.88312,2612.3187,606.333908
Detached,1,H3,safe_unidirectional,best,1736.961968,2612.3187,535.353696
Detached,1,H3,hybrid_bidirectional,worst,1938.88312,2612.3187,606.333908
Detached,1,H3,hybrid_bidirectional,best,1736.961968,2612.3187,535.353696
Detached,1,H1,safe_unidirectional,worst,1872.209392,2556.7553,591.364538
Detached,1,H1,safe_unidirectional,best,1645.927424,2556.7553,511.827831
Detached,1,H1,hybrid_bidirectional,worst,1872.209392,2556.7553,591.364538
Detached,1,H1,hybrid_bidirectional,best,1645.927424,2556.7553,511.827831
Detached,1,H2,safe_unidirectional,worst,1872.209392,2556.7553,591.364538
Detached,1,H2,safe_unidirectional,best,1645.927424,2556.7553,511.827831
Detached,1,H2,hybrid_bidirectional,worst,1872.209392,2556.7553,591.364538
Detached,1,H2,hybrid_bidirectional,best,1645.927424,2556.7553,511.827831
Detached,1,H3,safe_unidirectional,worst,1872.209392,2556.7553,591.364538
Detached,1,H3,safe_unidirectional,best,1645.927424,2556.7553,511.827831
Detached,1,H3,hybrid_bidirectional,worst,1872.209392,2556.7553,591.364538
Detached,1,H3,hybrid_bidirectional,best,1645.927424,2556.7553,511.827831
Detached,1,H1,safe_unidirectional,worst,1987.186676,2681.5032,623.266302
Detached,1,H1,safe_unidirectional,best,1772.57242,2681.5032,547.793375
Detached,1,H1,hybrid_bidirectional,worst,1987.186676,2681.5032,623.266302
Detached,1,H1,hybrid_bidirectional,best,1772.57242,2681.5032,547.793375
Detached,1,H2,safe_unidirectional,worst,1987.186676,2681.5032,623.266302
Detached,1,H2,safe_unidirectional,best,1772.57242,2681.5032,547.793375
Detached,1,H2,hybrid_bidirectional,worst,1987.186676,2681.5032,623.266302
Detached,1,H2,hybrid_bidirectional,best,1772.57242,2681.5032,547.793375
Detached,1,H3,safe_unidirectional,worst,1987.186676,2681.5032,623.266302
Detached,1,H3,safe_unidirectional,best,1772.57242,2681.5032,547.793375
Detached,1,H3,hybrid_bidirectional,worst,1987.186676,2681.5032,623.266302
Detached,1,H3,hybrid_bidirectional,best,1772.57242,2681.5032,547.793375
Detached,1,H1,safe_unidirectional,worst,1934.163512,2594.021,604.71455
Detached,1,H1,safe_unidirectional,best,1704.797688,2594.021,524.156546
Detached,1,H1,hybrid_bidirectional,worst,1934.163512,2594.021,604.71455
Detached,1,H1,hybrid_bidirectional,best,1704.797688,2594.021,524.156546
Detached,1,H2,safe_unidirectional,worst,1934.163512,2594.021,604.71455
Detached,1,H2,safe_unidirectional,best,1704.797688,2594.021,524.156546
Detached,1,H2,hybrid_bidirectional,worst,1934.163512,2594.021,604.71455
Detached,1,H2,hybrid_bidirectional,best,1704.797688,2594.021,524.156546
Detached,1,H3,safe_unidirectional,worst,1934.163512,2594.021,604.71455
Detached,1,H3,safe_unidirectional,best,1704.797688,2594.021,524.156546
Detached,1,H3,hybrid_bidirectional,worst,1934.163512,2594.021,604.71455
Detached,1,H3,hybrid_bidirectional,best,1704.797688,2594.021,524.156546
Detached,1,H1,safe_unidirectional,worst,1905.999284,2582.3903,606.81059
Detached,1,H1,safe_unidirectional,best,1673.328948,2582.3903,525.063377
Detached,1,H1,hybrid_bidirectional,worst,1905.999284,2582.3903,606.81059
Detached,1,H1,hybrid_bidirectional,best,1673.328948,2582.3903,525.063377
Detached,1,H2,safe_unidirectional,worst,1905.999284,2582.3903,606.81059
Detached,1,H2,safe_unidirectional,best,1673.328948,2582.3903,525.063377
Detached,1,H2,hybrid_bidirectional,worst,1905.999284,2582.3903,606.81059
Detached,1,H2,hybrid_bidirectional,best,1673.328948,2582.3903,525.063377
Detached,1,H3,safe_unidirectional,worst,1905.999284,2582.3903,606.81059
Detached,1,H3,safe_unidirectional,best,1673.328948,2582.3903,525.063377
Detached,1,H3,hybrid_bidirectional,worst,1905.999284,2582.3903,606.81059
Detached,1,H3,hybrid_bidirectional,best,1673.328948,2582.3903,525.063377
Detached,1,H1,safe_unidirectional,worst,2018.81534,2692.2071,632.841972
Detached,1,H1,safe_unidirectional,best,1787.497172,2692.2071,551.607106
Detached,1,H1,hybrid_bidirectional,worst,2018.81534,2692.2071,632.841972
Detached,1,H1,hybrid_bidirectional,best,1787.497172,2692.2071,551.607106
Detached,1,H2,safe_unidirectional,worst,2018.81534,2692.2071,632.841972
Detached,1,H2,safe_unidirectional,best,1787.497172,2692.2071,551.607106
Detached,1,H2,hybrid_bidirectional,worst,2018.81534,2692.2071,632.841972
Detached,1,H2,hybrid_bidirectional,best,1787.497172,2692.2071,551.607106
Detached,1,H3,safe_unidirectional,worst,2018.81534,2692.2071,632.841972
Detached,1,H3,safe_unidirectional,best,1787.497172,2692.2071,551.607106
Detached,1,H3,hybrid_bidirectional,worst,2018.81534,2692.2071,632.841972
Detached,1,H3,hybrid_bidirectional,best,1787.497172,2692.2071,551.607106
Detached,1,H1,safe_unidirectional,worst,1992.06012,2688.6012,616.407127
Detached,1,H1,safe_unidirectional,best,1785.57708,2688.6012,543.842963
Detached,1,H1,hybrid_bidirectional,worst,1992.06012,2688.6012,616.407127
Detached,1,H1,hybrid_bidirectional,best,1785.57708,2688.6012,543.842963
Detached,1,H2,safe_unidirectional,worst,1992.06012,2688.6012,616.407127
Detached,1,H2,safe_unidirectional,best,1785.57708,2688.6012,543.842963
Detached,1,H2,hybrid_bidirectional,worst,1992.06012,2688.6012,616.407127
Detached,1,H2,hybrid_bidirectional,best,1785.57708,2688.6012,543.842963
Detached,1,H3,safe_unidirectional,worst,1992.06012,2688.6012,616.407127
Detached,1,H3,safe_unidirectional,best,1785.57708,2688.6012,543.842963
Detached,1,H3,hybrid_bidirectional,worst,1992.06012,2688.6012,616.407127
Detached,1,H3,hybrid_bidirectional,best,1785.57708,2688.6012,543.842963
Detached,1,H1,safe_unidirectional,worst,2019.739516,2690.4282,631.135143
Detached,1,H1,safe_unidirectional,best,1802.017048,2690.4282,554.60282
Detached,1,H1,hybrid_bidirectional,worst,2019.739516,2690.4282,631.135143
Detached,1,H1,hybrid_bidirectional,best,1802.017048,2690.4282,554.60282
Detached,1,H2,safe_unidirectional,worst,2019.739516,2690.4282,631.135143
Detached,1,H2,safe_unidirectional,best,1802.017048,2690.4282,554.60282
Detached,1,H2,hybrid_bidirectional,worst,2019.739516,2690.4282,631.135143
Detached,1,H2,hybrid_bidirectional,best,1802.017048,2690.4282,554.60282
Detached,1,H3,safe_unidirectional,worst,2019.739516,2690.4282,631.135143
Detached,1,H3,safe_unidirectional,best,1802.017048,2690.4282,554.60282
Detached,1,H3,hybrid_bidirectional,worst,2019.739516,2690.4282,631.135143
Detached,1,H3,hybrid_bidirectional,best,1802.017048,2690.4282,554.60282
Detached,1,H1,safe_unidirectional,worst,2002.693816,2681.49,628.68212
Detached,1,H1,safe_unidirectional,best,1758.377928,2681.49,542.844436
Detached,1,H1,hybrid_bidirectional,worst,2002.693816,2681.49,628.68212
Detached,1,H1,hybrid_bidirectional,best,1758.377928,2681.49,542.844436
Detached,1,H2,safe_unidirectional,worst,2002.693816,2681.49,628.68212
Detached,1,H2,safe_unidirectional,best,1758.377928,2681.49,542.844436
Detached,1,H2,hybrid_bidirectional,worst,2002.693816,2681.49,628.68212
Detached,1,H2,hybrid_bidirectional,best,1758.377928,2681.49,542.844436
Detached,1,H3,safe_unidirectional,worst,2002.693816,2681.49,628.68212
Detached,1,H3,safe_unidirectional,best,1758.377928,2681.49,542.844436
Detached,1,H3,hybrid_bidirectional,worst,2002.693816,2681.49,628.68212
Detached,1,H3,hybrid_bidirectional,best,1758.377928,2681.49,542.844436
Detached,1,H1,safe_unidirectional,worst,2027.444436,2685.6647,635.530016
Detached,1,H1,safe_unidirectional,best,1810.498356,2685.6647,559.247025
Detached,1,H1,hybrid_bidirectional,worst,2027.444436,2685.6647,635.530016
Detached,1,H1,hybrid_bidirectional,best,1810.498356,2685.6647,559.247025
Detached,1,H2,safe_unidirectional,worst,2027.444436,2685.6647,635.530016
Detached,1,H2,safe_unidirectional,best,1810.498356,2685.6647,559.247025
Detached,1,H2,hybrid_bidirectional,worst,2027.444436,2685.6647,635.530016
Detached,1,H2,hybrid_bidirectional,best,1810.498356,2685.6647,559.247025
Detached,1,H3,safe_unidirectional,worst,2027.444436,2685.6647,635.530016
Detached,1,H3,safe_unidirectional,best,1810.498356,2685.6647,559.247025
Detached,1,H3,hybrid_bidirectional,worst,2027.444436,2685.6647,635.530016
Detached,1,H3,hybrid_bidirectional,best,1810.498356,2685.6647,559.247025
Detached,1,H1,safe_unidirectional,worst,1848.853468,2464.8512,571.64893
Detached,1,H1,safe_unidirectional,best,1630.77072,2464.8512,495.015349
Detached,1,H1,hybrid_bidirectional,worst,1848.853468,2464.8512,571.64893
Detached,1,H1,hybrid_bidirectional,best,1630.77072,2464.8512,495.015349
Detached,1,H2,safe_unidirectional,worst,1848.853468,2464.8512,571.64893
Detached,1,H2,safe_unidirectional,best,1630.77072,2464.8512,495.015349
Detached,1,H2,hybrid_bidirectional,worst,1848.853468,2464.8512,571.64893
Detached,1,H2,hybrid_bidirectional,best,1630.77072,2464.8512,495.015349
Detached,1,H3,safe_unidirectional,worst,1848.853468,2464.8512,571.64893
Detached,1,H3,safe_unidirectional,best,1630.77072,2464.8512,495.015349
Detached,1,H3,hybrid_bidirectional,worst,1848.853468,2464.8512,571.64893
Detached,1,H3,hybrid_bidirectional,best,1630.77072,2464.8512,495.015349
Detached,1,H1,safe_unidirectional,worst,1901.904312,2579.6981,589.223499
Detached,1,H1,safe_unidirectional,best,1683.013024,2579.6981,512.274659
Detached,1,H1,hybrid_bidirectional,worst,1901.904312,2579.6981,589.223499
Detached,1,H1,hybrid_bidirectional,best,1683.013024,2579.6981,512.274659
Detached,1,H2,safe_unidirectional,worst,1901.904312,2579.6981,589.223499
Detached,1,H2,safe_unidirectional,best,1683.013024,2579.6981,512.274659
Detached,1,H2,hybrid_bidirectional,worst,1901.904312,2579.6981,589.223499
Detached,1,H2,hybrid_bidirectional,best,1683.013024,2579.6981,512.274659
Detached,1,H3,safe_unidirectional,worst,1901.904312,2579.6981,589.223499
Detached,1,H3,safe_unidirectional,best,1683.013024,2579.6981,512.274659
Detached,1,H3,hybrid_bidirectional,worst,1901.904312,2579.6981,589.223499
Detached,1,H3,hybrid_bidirectional,best,1683.013024,2579.6981,512.274659
Detached,1,H1,safe_unidirectional,worst,1918.579576,2564.3665,601.253127
Detached,1,H1,safe_unidirectional,best,1697.553372,2564.3665,523.565154
Detached,1,H1,hybrid_bidirectional,worst,1918.579576,2564.3665,601.253127
Detached,1,H1,hybrid_bidirectional,best,1697.553372,2564.3665,523.565154
Detached,1,H2,safe_unidirectional,worst,1918.579576,2564.3665,601.253127
Detached,1,H2,safe_unidirectional,best,1697.553372,2564.3665,523.565154
Detached,1,H2,hybrid_bidirectional,worst,1918.579576,2564.3665,601.253127
Detached,1,H2,hybrid_bidirectional,best,1697.553372,2564.3665,523.565154
Detached,1,H3,safe_unidirectional,worst,1918.579576,2564.3665,601.253127
Detached,1,H3,safe_unidirectional,best,1697.553372,2564.3665,523.565154
Detached,1,H3,hybrid_bidirectional,worst,1918.579576,2564.3665,601.253127
Detached,1,H3,hybrid_bidirectional,best,1697.553372,2564.3665,523.565154
Detached,1,H1,safe_unidirectional,worst,1829.299824,2471.3968,576.629939
Detached,1,H1,safe_unidirectional,best,1625.250148,2471.3968,504.906313
Detached,1,H1,hybrid_bidirectional,worst,1829.299824,2471.3968,576.629939
Detached,1,H1,hybrid_bidirectional,best,1625.250148,2471.3968,504.906313
Detached,1,H2,safe_unidirectional,worst,1829.299824,2471.3968,576.629939
Detached,1,H2,safe_unidirectional,best,1625.250148,2471.3968,504.906313
Detached,1,H2,hybrid_bidirectional,worst,1829.299824,2471.3968,576.629939
Detached,1,H2,hybrid_bidirectional,best,1625.250148,2471.3968,504.906313
Detached,1,H3,safe_unidirectional,worst,1829.299824,2471.3968,576.629939
Detached,1,H3,safe_unidirectional,best,1625.250148,2471.3968,504.906313
Detached,1,H3,hybrid_bidirectional,worst,1829.299824,2471.3968,576.629939
Detached,1,H3,hybrid_bidirectional,best,1625.250148,2471.3968,504.906313
Detached,1,H1,safe_unidirectional,worst,1983.88438,2645.7346,617.433236
Detached,1,H1,safe_unidirectional,best,1765.565048,2645.7346,540.642337
Detached,1,H1,hybrid_bidirectional,worst,1983.88438,2645.7346,617.433236
Detached,1,H1,hybrid_bidirectional,best,1765.565048,2645.7346,540.642337
Detached,1,H2,safe_unidirectional,worst,1983.88438,2645.7346,617.433236
Detached,1,H2,safe_unidirectional,best,1765.565048,2645.7346,540.642337
Detached,1,H2,hybrid_bidirectional,worst,1983.88438,2645.7346,617.433236
Detached,1,H2,hybrid_bidirectional,best,1765.565048,2645.7346,540.642337
Detached,1,H3,safe_unidirectional,worst,1983.88438,2645.7346,617.433236
Detached,1,H3,safe_unidirectional,best,1765.565048,2645.7346,540.642337
Detached,1,H3,hybrid_bidirectional,worst,1983.88438,2645.7346,617.433236
Detached,1,H3,hybrid_bidirectional,best,1765.565048,2645.7346,540.642337
Detached,1,H1,safe_unidirectional,worst,1918.037908,2644.7362,597.604807
Detached,1,H1,safe_unidirectional,best,1697.670288,2644.7362,520.192182
Detached,1,H1,hybrid_bidirectional,worst,1918.037908,2644.7362,597.604807
Detached,1,H1,hybrid_bidirectional,best,1697.670288,2644.7362,520.192182
Detached,1,H2,safe_unidirectional,worst,1918.037908,2644.7362,597.604807
Detached,1,H2,safe_unidirectional,best,1697.670288,2644.7362,520.192182
Detached,1,H2,hybrid_bidirectional,worst,1918.037908,2644.7362,597.604807
Detached,1,H2,hybrid_bidirectional,best,1697.670288,2644.7362,520.192182
Detached,1,H3,safe_unidirectional,worst,1918.037908,2644.7362,597.604807
Detached,1,H3,safe_unidirectional,best,1697.670288,2644.7362,520.192182
Detached,1,H3,hybrid_bidirectional,worst,1918.037908,2644.7362,597.604807
Detached,1,H3,hybrid_bidirectional,best,1697.670288,2644.7362,520.192182
Detached,1,H1,safe_unidirectional,worst,1902.335488,2539.4602,587.972226
Detached,1,H1,safe_unidirectional,best,1684.501164,2539.4602,511.422888
Detached,1,H1,hybrid_bidirectional,worst,1902.335488,2539.4602,587.972226
Detached,1,H1,hybrid_bidirectional,best,1684.501164,2539.4602,511.422888
Detached,1,H2,safe_unidirectional,worst,1902.335488,2539.4602,587.972226
Detached,1,H2,safe_unidirectional,best,1684.501164,2539.4602,511.422888
Detached,1,H2,hybrid_bidirectional,worst,1902.335488,2539.4602,587.972226
Detached,1,H2,hybrid_bidirectional,best,1684.501164,2539.4602,511.422888
Detached,1,H3,safe_unidirectional,worst,1902.335488,2539.4602,587.972226
Detached,1,H3,safe_unidirectional,best,1684.501164,2539.4602,511.422888
Detached,1,H3,hybrid_bidirectional,worst,1902.335488,2539.4602,587.972226
Detached,1,H3,hybrid_bidirectional,best,1684.501164,2539.4602,511.422888
Detached,1,H1,safe_unidirectional,worst,1963.91088,2638.546,616.80924
Detached,1,H1,safe_unidirectional,best,1740.683896,2638.546,538.33778
Detached,1,H1,hybrid_bidirectional,worst,1963.91088,2638.546,616.80924
Detached,1,H1,hybrid_bidirectional,best,1740.683896,2638.546,538.33778
Detached,1,H2,safe_unidirectional,worst,1963.91088,2638.546,616.80924
Detached,1,H2,safe_unidirectional,best,1740.683896,2638.546,538.33778
Detached,1,H2,hybrid_bidirectional,worst,1963.91088,2638.546,616.80924
Detached,1,H2,hybrid_bidirectional,best,1740.683896,2638.546,538.33778
Detached,1,H3,safe_unidirectional,worst,1963.91088,2638.546,616.80924
Detached,1,H3,safe_unidirectional,best,1740.683896,2638.546,538.33778
Detached,1,H3,hybrid_bidirectional,worst,1963.91088,2638.546,616.80924
Detached,1,H3,hybrid_bidirectional,best,1740.683896,2638.546,538.33778
Detached,1,H1,safe_unidirectional,worst,1992.252516,2682.5231,619.37636
Detached,1,H1,safe_unidirectional,best,1773.947156,2682.5231,542.599513
Detached,1,H1,hybrid_bidirectional,worst,1992.252516,2682.5231,619.37636
Detached,1,H1,hybrid_bidirectional,best,1773.947156,2682.5231,542.599513
Detached,1,H2,safe_unidirectional,worst,1992.252516,2682.5231,619.37636
Detached,1,H2,safe_unidirectional,best,1773.947156,2682.5231,542.599513
Detached,1,H2,hybrid_bidirectional,worst,1992.252516,2682.5231,619.37636
Detached,1,H2,hybrid_bidirectional,best,1773.947156,2682.5231,542.599513
Detached,1,H3,safe_unidirectional,worst,1992.252516,2682.5231,619.37636
Detached,1,H3,safe_unidirectional,best,1773.947156,2682.5231,542.599513
Detached,1,H3,hybrid_bidirectional,worst,1992.252516,2682.5231,619.37636
Detached,1,H3,hybrid_bidirectional,best,1773.947156,2682.5231,542.599513
Detached,1,H1,safe_unidirectional,worst,1948.569984,2601.5798,610.083971
Detached,1,H1,safe_unidirectional,best,1704.227864,2601.5798,524.229581
Detached,1,H1,hybrid_bidirectional,worst,1948.569984,2601.5798,610.083971
Detached,1,H1,hybrid_bidirectional,best,1704.227864,2601.5798,524.229581
Detached,1,H2,safe_unidirectional,worst,1948.569984,2601.5798,610.083971
Detached,1,H2,safe_unidirectional,best,1704.227864,2601.5798,524.229581
Detached,1,H2,hybrid_bidirectional,worst,1948.569984,2601.5798,610.083971
Detached,1,H2,hybrid_bidirectional,best,1704.227864,2601.5798,524.229581
Detached,1,H3,safe_unidirectional,worst,1948.569984,2601.5798,610.083971
Detached,1,H3,safe_unidirectional,best,1704.227864,2601.5798,524.229581
Detached,1,H3,hybrid_bidirectional,worst,1948.569984,2601.5798,610.083971
Detached,1,H3,hybrid_bidirectional,best,1704.227864,2601.5798,524.229581
Detached,1,H1,safe_unidirectional,worst,1963.784824,2666.6717,608.019585
Detached,1,H1,safe_unidirectional,best,1755.517016,2666.6717,534.778386
Detached,1,H1,hybrid_bidirectional,worst,1963.784824,2666.6717,608.019585
Detached,1,H1,hybrid_bidirectional,best,1755.517016,2666.6717,534.778386
Detached,1,H2,safe_unidirectional,worst,1963.784824,2666.6717,608.019585
Detached,1,H2,safe_unidirectional,best,1755.517016,2666.6717,534.778386
Detached,1,H2,hybrid_bidirectional,worst,1963.784824,2666.6717,608.019585
Detached,1,H2,hybrid_bidirectional,best,1755.517016,2666.6717,534.778386
Detached,1,H3,safe_unidirectional,worst,1963.784824,2666.6717,608.019585
Detached,1,H3,safe_unidirectional,best,1755.517016,2666.6717,534.778386
Detached,1,H3,hybrid_bidirectional,worst,1963.784824,2666.6717,608.019585
Detached,1,H3,hybrid_bidirectional,best,1755.517016,2666.6717,534.778386
Detached,1,H1,safe_unidirectional,worst,1848.060616,2525.8946,577.767383
Detached,1,H1,safe_unidirectional,best,1626.717312,2525.8946,500.042409
Detached,1,H1,hybrid_bidirectional,worst,1848.060616,2525.8946,577.767383
Detached,1,H1,hybrid_bidirectional,best,1626.717312,2525.8946,500.042409
Detached,1,H2,safe_unidirectional,worst,1848.060616,2525.8946,577.767383
Detached,1,H2,safe_unidirectional,best,1626.717312,2525.8946,500.042409
Detached,1,H2,hybrid_bidirectional,worst,1848.060616,2525.8946,577.767383
Detached,1,H2,hybrid_bidirectional,best,1626.717312,2525.8946,500.042409
Detached,1,H3,safe_unidirectional,worst,1848.060616,2525.8946,577.767383
Detached,1,H3,safe_unidirectional,best,1626.717312,2525.8946,500.042409
Detached,1,H3,hybrid_bidirectional,worst,1848.060616,2525.8946,577.767383
Detached,1,H3,hybrid_bidirectional,best,1626.717312,2525.8946,500.042409
Detached,1,H1,safe_unidirectional,worst,1871.153056,2496.6975,587.193667
Detached,1,H1,safe_unidirectional,best,1657.512336,2496.6975,512.088547
Detached,1,H1,hybrid_bidirectional,worst,1871.153056,2496.6975,587.193667
Detached,1,H1,hybrid_bidirectional,best,1657.512336,2496.6975,512.088547
Detached,1,H2,safe_unidirectional,worst,1871.153056,2496.6975,587.193667
Detached,1,H2,safe_unidirectional,best,1657.512336,2496.6975,512.088547
Detached,1,H2,hybrid_bidirectional,worst,1871.153056,2496.6975,587.193667
Detached,1,H2,hybrid_bidirectional,best,1657.512336,2496.6975,512.088547
Detached,1,H3,safe_unidirectional,worst,1871.153056,2496.6975,587.193667
Detached,1,H3,safe_unidirectional,best,1657.512336,2496.6975,512.088547
Detached,1,H3,hybrid_bidirectional,worst,1871.153056,2496.6975,587.193667
Detached,1,H3,hybrid_bidirectional,best,1657.512336,2496.6975,512.088547
Detached,1,H1,safe_unidirectional,worst,2111.50264,2784.013,660.2526
Detached,1,H1,safe_unidirectional,best,1889.99476,2784.013,582.403979
Detached,1,H1,hybrid_bidirectional,worst,2111.50264,2784.013,660.2526
Detached,1,H1,hybrid_bidirectional,best,1889.99476,2784.013,582.403979
Detached,1,H2,safe_unidirectional,worst,2111.50264,2784.013,660.2526
Detached,1,H2,safe_unidirectional,best,1889.99476,2784.013,582.403979
Detached,1,H2,hybrid_bidirectional,worst,2111.50264,2784.013,660.2526
Detached,1,H2,hybrid_bidirectional,best,1889.99476,2784.013,582.403979
Detached,1,H3,safe_unidirectional,worst,2111.50264,2784.013,660.2526
Detached,1,H3,safe_unidirectional,best,1889.99476,2784.013,582.403979
Detached,1,H3,hybrid_bidirectional,worst,2111.50264,2784.013,660.2526
Detached,1,H3,hybrid_bidirectional,best,1889.99476,2784.013,582.403979
Detached,1,H1,safe_unidirectional,worst,2136.732912,2842.7737,657.793188
Detached,1,H1,safe_unidirectional,best,1897.349416,2842.7737,573.673836
Detached,1,H1,hybrid_bidirectional,worst,2136.732912,2842.7737,657.793188
Detached,1,H1,hybrid_bidirectional,best,1897.349416,2842.7737,573.673836
Detached,1,H2,safe_unidirectional,worst,2136.732912,2842.7737,657.793188
Detached,1,H2,safe_unidirectional,best,1897.349416,2842.7737,573.673836
Detached,1,H2,hybrid_bidirectional,worst,2136.732912,2842.7737,657.793188
Detached,1,H2,hybrid_bidirectional,best,1897.349416,2842.7737,573.673836
Detached,1,H3,safe_unidirectional,worst,2136.732912,2842.7737,657.793188
Detached,1,H3,safe_unidirectional,best,1897.349416,2842.7737,573.673836
Detached,1,H3,hybrid_bidirectional,worst,2136.732912,2842.7737,657.793188
Detached,1,H3,hybrid_bidirectional,best,1897.349416,2842.7737,573.673836
Detached,1,H1,safe_unidirectional,worst,1917.324256,2576.0345,593.689768
Detached,1,H1,safe_unidirectional,best,1708.35232,2576.0345,520.186985
Detached,1,H1,hybrid_bidirectional,worst,1917.324256,2576.0345,593.689768
Detached,1,H1,hybrid_bidirectional,best,1708.35232,2576.0345,520.186985
Detached,1,H2,safe_unidirectional,worst,1917.324256,2576.0345,593.689768
Detached,1,H2,safe_unidirectional,best,1708.35232,2576.0345,520.186985
Detached,1,H2,hybrid_bidirectional,worst,1917.324256,2576.0345,593.689768
Detached,1,H2,hybrid_bidirectional,best,1708.35232,2576.0345,520.186985
Detached,1,H3,safe_unidirectional,worst,1917.324256,2576.0345,593.689768
Detached,1,H3,safe_unidirectional,best,1708.35232,2576.0345,520.186985
Detached,1,H3,hybrid_bidirectional,worst,1917.324256,2576.0345,593.689768
Detached,1,H3,hybrid_bidirectional,best,1708.35232,2576.0345,520.186985
Detached,1,H1,safe_unidirectional,worst,1972.30596,2661.8808,623.551738
Detached,1,H1,safe_unidirectional,best,1738.626848,2661.8808,541.453978
Detached,1,H1,hybrid_bidirectional,worst,1972.30596,2661.8808,623.551738
Detached,1,H1,hybrid_bidirectional,best,1738.626848,2661.8808,541.453978
Detached,1,H2,safe_unidirectional,worst,1972.30596,2661.8808,623.551738
Detached,1,H2,safe_unidirectional,best,1738.626848,2661.8808,541.453978
Detached,1,H2,hybrid_bidirectional,worst,1972.30596,2661.8808,623.551738
Detached,1,H2,hybrid_bidirectional,best,1738.626848,2661.8808,541.453978
Detached,1,H3,safe_unidirectional,worst,1972.30596,2661.8808,623.551738
Detached,1,H3,safe_unidirectional,best,1738.626848,2661.8808,541.453978
Detached,1,H3,hybrid_bidirectional,worst,1972.30596,2661.8808,623.551738
Detached,1,H3,hybrid_bidirectional,best,1738.626848,2661.8808,541.453978
Detached,1,H1,safe_unidirectional,worst,2027.48394,2700.189,636.795512
Detached,1,H1,safe_unidirectional,best,1780.197356,2700.189,549.911647
Detached,1,H1,hybrid_bidirectional,worst,2027.48394,2700.189,636.795512
Detached,1,H1,hybrid_bidirectional,best,1780.197356,2700.189,549.911647
Detached,1,H2,safe_unidirectional,worst,2027.48394,2700.189,636.795512
Detached,1,H2,safe_unidirectional,best,1780.197356,2700.189,549.911647
Detached,1,H2,hybrid_bidirectional,worst,2027.48394,2700.189,636.795512
Detached,1,H2,hybrid_bidirectional,best,1780.197356,2700.189,549.911647
Detached,1,H3,safe_unidirectional,worst,2027.48394,2700.189,636.795512
Detached,1,H3,safe_unidirectional,best,1780.197356,2700.189,549.911647
Detached,1,H3,hybrid_bidirectional,worst,2027.48394,2700.189,636.795512
Detached,1,H3,hybrid_bidirectional,best,1780.197356,2700.189,549.911647
Detached,1,H1,safe_unidirectional,worst,2032.79322,2690.1408,638.508947
Detached,1,H1,safe_unidirectional,best,1795.53256,2690.1408,555.158033
Detached,1,H1,hybrid_bidirectional,worst,2032.79322,2690.1408,638.508947
Detached,1,H1,hybrid_bidirectional,best,1795.53256,2690.1408,555.158033
Detached,1,H2,safe_unidirectional,worst,2032.79322,2690.1408,638.508947
Detached,1,H2,safe_unidirectional,best,1795.53256,2690.1408,555.158033
Detached,1,H2,hybrid_bidirectional,worst,2032.79322,2690.1408,638.508947
Detached,1,H2,hybrid_bidirectional,best,1795.53256,2690.1408,555.158033
Detached,1,H3,safe_unidirectional,worst,2032.79322,2690.1408,638.508947
Detached,1,H3,safe_unidirectional,best,1795.53256,2690.1408,555.158033
Detached,1,H3,hybrid_bidirectional,worst,2032.79322,2690.1408,638.508947
Detached,1,H3,hybrid_bidirectional,best,1795.53256,2690.1408,555.158033
Detached,1,H1,safe_unidirectional,worst,2123.69946,2815.7219,658.489533
Detached,1,H1,safe_unidirectional,best,1895.741576,2815.7219,578.3523
Detached,1,H1,hybrid_bidirectional,worst,2123.69946,2815.7219,658.489533
Detached,1,H1,hybrid_bidirectional,best,1895.741576,2815.7219,578.3523
Detached,1,H2,safe_unidirectional,worst,2123.69946,2815.7219,658.489533
Detached,1,H2,safe_unidirectional,best,1895.741576,2815.7219,578.3523
Detached,1,H2,hybrid_bidirectional,worst,2123.69946,2815.7219,658.489533
Detached,1,H2,hybrid_bidirectional,best,1895.741576,2815.7219,578.3523
Detached,1,H3,safe_unidirectional,worst,2123.69946,2815.7219,658.489533
Detached,1,H3,safe_unidirectional,best,1895.741576,2815.7219,578.3523
Detached,1,H3,hybrid_bidirectional,worst,2123.69946,2815.7219,658.489533
Detached,1,H3,hybrid_bidirectional,best,1895.741576,2815.7219,578.3523
Detached,1,H1,safe_unidirectional,worst,1832.205732,2481.7551,565.516489
Detached,1,H1,safe_unidirectional,best,1629.1588,2481.7551,494.090257
Detached,1,H1,hybrid_bidirectional,worst,1832.205732,2481.7551,565.516489
Detached,1,H1,hybrid_bidirectional,best,1629.1588,2481.7551,494.090257
Detached,1,H2,safe_unidirectional,worst,1832.205732,2481.7551,565.516489
Detached,1,H2,safe_unidirectional,best,1629.1588,2481.7551,494.090257
Detached,1,H2,hybrid_bidirectional,worst,1832.205732,2481.7551,565.516489
Detached,1,H2,hybrid_bidirectional,best,1629.1588,2481.7551,494.090257
Detached,1,H3,safe_unidirectional,worst,1832.205732,2481.7551,565.516489
Detached,1,H3,safe_unidirectional,best,1629.1588,2481.7551,494.090257
Detached,1,H3,hybrid_bidirectional,worst,1832.205732,2481.7551,565.516489
Detached,1,H3,hybrid_bidirectional,best,1629.1588,2481.7551,494.090257
Detached,1,H1,safe_unidirectional,worst,2021.616936,2705.3642,634.221652
Detached,1,H1,safe_unidirectional,best,1815.223964,2705.3642,561.623444
Detached,1,H1,hybrid_bidirectional,worst,2021.616936,2705.3642,634.221652
Detached,1,H1,hybrid_bidirectional,best,1815.223964,2705.3642,561.623444
Detached,1,H2,safe_unidirectional,worst,2021.616936,2705.3642,634.221652
Detached,1,H2,safe_unidirectional,best,1815.223964,2705.3642,561.623444
Detached,1,H2,hybrid_bidirectional,worst,2021.616936,2705.3642,634.221652
Detached,1,H2,hybrid_bidirectional,best,1815.223964,2705.3642,561.623444
Detached,1,H3,safe_unidirectional,worst,2021.616936,2705.3642,634.221652
Detached,1,H3,safe_unidirectional,best,1815.223964,2705.3642,561.623444
Detached,1,H3,hybrid_bidirectional,worst,2021.616936,2705.3642,634.221652
Detached,1,H3,hybrid_bidirectional,best,1815.223964,2705.3642,561.623444
Detached,1,H1,safe_unidirectional,worst,1920.139568,2616.0243,600.331416
Detached,1,H1,safe_unidirectional,best,1718.382396,2616.0243,529.432185
Detached,1,H1,hybrid_bidirectional,worst,1920.139568,2616.0243,600.331416
Detached,1,H1,hybrid_bidirectional,best,1718.382396,2616.0243,529.432185
Detached,1,H2,safe_unidirectional,worst,1920.139568,2616.0243,600.331416
Detached,1,H2,safe_unidirectional,best,1718.382396,2616.0243,529.432185
Detached,1,H2,hybrid_bidirectional,worst,1920.139568,2616.0243,600.331416
Detached,1,H2,hybrid_bidirectional,best,1718.382396,2616.0243,529.432185
Detached,1,H3,safe_unidirectional,worst,1920.139568,2616.0243,600.331416
Detached,1,H3,safe_unidirectional,best,1718.382396,2616.0243,529.432185
Detached,1,H3,hybrid_bidirectional,worst,1920.139568,2616.0243,600.331416
Detached,1,H3,hybrid_bidirectional,best,1718.382396,2616.0243,529.432185
Detached,1,H1,safe_unidirectional,worst,1866.801896,2546.4941,575.874019
Detached,1,H1,safe_unidirectional,best,1659.075068,2546.4941,502.822823
Detached,1,H1,hybrid_bidirectional,worst,1866.801896,2546.4941,575.874019
Detached,1,H1,hybrid_bidirectional,best,1659.075068,2546.4941,502.822823
Detached,1,H2,safe_unidirectional,worst,1866.801896,2546.4941,575.874019
Detached,1,H2,safe_unidirectional,best,1659.075068,2546.4941,502.822823
Detached,1,H2,hybrid_bidirectional,worst,1866.801896,2546.4941,575.874019
Detached,1,H2,hybrid_bidirectional,best,1659.075068,2546.4941,502.822823
Detached,1,H3,safe_unidirectional,worst,1866.801896,2546.4941,575.874019
Detached,1,H3,safe_unidirectional,best,1659.075068,2546.4941,502.822823
Detached,1,H3,hybrid_bidirectional,worst,1866.801896,2546.4941,575.874019
Detached,1,H3,hybrid_bidirectional,best,1659.075068,2546.4941,502.822823
Detached,1,H1,safe_unidirectional,worst,2009.79772,2690.4563,627.10405
Detached,1,H1,safe_unidirectional,best,1798.210896,2690.4563,552.682894
Detached,1,H1,hybrid_bidirectional,worst,2009.79772,2690.4563,627.10405
Detached,1,H1,hybrid_bidirectional,best,1798.210896,2690.4563,552.682894
Detached,1,H2,safe_unidirectional,worst,2009.79772,2690.4563,627.10405
Detached,1,H2,safe_unidirectional,best,1798.210896,2690.4563,552.682894
Detached,1,H2,hybrid_bidirectional,worst,2009.79772,2690.4563,627.10405
Detached,1,H2,hybrid_bidirectional,best,1798.210896,2690.4563,552.682894
Detached,1,H3,safe_unidirectional,worst,2009.79772,2690.4563,627.10405
Detached,1,H3,safe_unidirectional,best,1798.210896,2690.4563,552.682894
Detached,1,H3,hybrid_bidirectional,worst,2009.79772,2690.4563,627.10405
Detached,1,H3,hybrid_bidirectional,best,1798.210896,2690.4563,552.682894
Detached,1,H1,safe_unidirectional,worst,1965.278224,2610.8727,615.356094
Detached,1,H1,safe_unidirectional,best,1738.394332,2610.8727,535.566577
Detached,1,H1,hybrid_bidirectional,worst,1965.278224,2610.8727,615.356094
Detached,1,H1,hybrid_bidirectional,best,1738.394332,2610.8727,535.566577
Detached,1,H2,safe_unidirectional,worst,1965.278224,2610.8727,615.356094
Detached,1,H2,safe_unidirectional,best,1738.394332,2610.8727,535.566577
Detached,1,H2,hybrid_bidirectional,worst,1965.278224,2610.8727,615.356094
Detached,1,H2,hybrid_bidirectional,best,1738.394332,2610.8727,535.566577
Detached,1,H3,safe_unidirectional,worst,1965.278224,2610.8727,615.356094
Detached,1,H3,safe_unidirectional,best,1738.394332,2610.8727,535.566577
Detached,1,H3,hybrid_bidirectional,worst,1965.278224,2610.8727,615.356094
Detached,1,H3,hybrid_bidirectional,best,1738.394332,2610.8727,535.566577
Detached,1,H1,safe_unidirectional,worst,2049.325856,2705.4746,641.835919
Detached,1,H1,safe_unidirectional,best,1825.076236,2705.4746,563.029251
Detached,1,H1,hybrid_bidirectional,worst,2049.325856,2705.4746,641.835919
Detached,1,H1,hybrid_bidirectional,best,1825.076236,2705.4746,563.029251
Detached,1,H2,safe_unidirectional,worst,2049.325856,2705.4746,641.835919
Detached,1,H2,safe_unidirectional,best,1825.076236,2705.4746,563.029251
Detached,1,H2,hybrid_bidirectional,worst,2049.325856,2705.4746,641.835919
Detached,1,H2,hybrid_bidirectional,best,1825.076236,2705.4746,563.029251
Detached,1,H3,safe_unidirectional,worst,2049.325856,2705.4746,641.835919
Detached,1,H3,safe_unidirectional,best,1825.076236,2705.4746,563.029251
Detached,1,H3,hybrid_bidirectional,worst,2049.325856,2705.4746,641.835919
Detached,1,H3,hybrid_bidirectional,best,1825.076236,2705.4746,563.029251
Detached,1,H1,safe_unidirectional,worst,2043.853132,2739.268,634.457164
Detached,1,H1,safe_unidirectional,best,1812.862584,2739.268,553.276021
Detached,1,H1,hybrid_bidirectional,worst,2043.853132,2739.268,634.457164
Detached,1,H1,hybrid_bidirectional,best,1812.862584,2739.268,553.276021
Detached,1,H2,safe_unidirectional,worst,2043.853132,2739.268,634.457164
Detached,1,H2,safe_unidirectional,best,1812.862584,2739.268,553.276021
Detached,1,H2,hybrid_bidirectional,worst,2043.853132,2739.268,634.457164
Detached,1,H2,hybrid_bidirectional,best,1812.862584,2739.268,553.276021
Detached,1,H3,safe_unidirectional,worst,2043.853132,2739.268,634.457164
Detached,1,H3,safe_unidirectional,best,1812.862584,2739.268,553.276021
Detached,1,H3,hybrid_bidirectional,worst,2043.853132,2739.268,634.457164
Detached,1,H3,hybrid_bidirectional,best,1812.862584,2739.268,553.276021
Detached,1,H1,safe_unidirectional,worst,1999.388384,2710.9192,631.855688
Detached,1,H1,safe_unidirectional,best,1768.149916,2710.9192,550.536628
Detached,1,H1,hybrid_bidirectional,worst,1999.388384,2710.9192,631.855688
Detached,1,H1,hybrid_bidirectional,best,1768.149916,2710.9192,550.536628
Detached,1,H2,safe_unidirectional,worst,1999.388384,2710.9192,631.855688
Detached,1,H2,safe_unidirectional,best,1768.149916,2710.9192,550.536628
Detached,1,H2,hybrid_bidirectional,worst,1999.388384,2710.9192,631.855688
Detached,1,H2,hybrid_bidirectional,best,1768.149916,2710.9192,550.536628
Detached,1,H3,safe_unidirectional,worst,1999.388384,2710.9192,631.855688
Detached,1,H3,safe_unidirectional,best,1768.149916,2710.9192,550.536628
Detached,1,H3,hybrid_bidirectional,worst,1999.388384,2710.9192,631.855688
Detached,1,H3,hybrid_bidirectional,best,1768.149916,2710.9192,550.536628
Detached,1,H1,safe_unidirectional,worst,1965.49906,2593.9754,617.681117
Detached,1,H1,safe_unidirectional,best,1743.620488,2593.9754,539.693972
Detached,1,H1,hybrid_bidirectional,worst,1965.49906,2593.9754,617.681117
Detached,1,H1,hybrid_bidirectional,best,1743.620488,2593.9754,539.693972
Detached,1,H2,safe_unidirectional,worst,1965.49906,2593.9754,617.681117
Detached,1,H2,safe_unidirectional,best,1743.620488,2593.9754,539.693972
Detached,1,H2,hybrid_bidirectional,worst,1965.49906,2593.9754,617.681117
Detached,1,H2,hybrid_bidirectional,best,1743.620488,2593.9754,539.693972
Detached,1,H3,safe_unidirectional,worst,1965.49906,2593.9754,617.681117
Detached,1,H3,safe_unidirectional,best,1743.620488,2593.9754,539.693972
Detached,1,H3,hybrid_bidirectional,worst,1965.49906,2593.9754,617.681117
Detached,1,H3,hybrid_bidirectional,best,1743.620488,2593.9754,539.693972
Detached,1,H1,safe_unidirectional,worst,1931.629676,2597.9954,603.618003
Detached,1,H1,safe_unidirectional,best,1712.19808,2597.9954,526.459009
Detached,1,H1,hybrid_bidirectional,worst,1931.629676,2597.9954,603.618003
Detached,1,H1,hybrid_bidirectional,best,1712.19808,2597.9954,526.459009
Detached,1,H2,safe_unidirectional,worst,1931.629676,2597.9954,603.618003
Detached,1,H2,safe_unidirectional,best,1712.19808,2597.9954,526.459009
Detached,1,H2,hybrid_bidirectional,worst,1931.629676,2597.9954,603.618003
Detached,1,H2,hybrid_bidirectional,best,1712.19808,2597.9954,526.459009
Detached,1,H3,safe_unidirectional,worst,1931.629676,2597.9954,603.618003
Detached,1,H3,safe_unidirectional,best,1712.19808,2597.9954,526.459009
Detached,1,H3,hybrid_bidirectional,worst,1931.629676,2597.9954,603.618003
Detached,1,H3,hybrid_bidirectional,best,1712.19808,2597.9954,526.459009
Detached,1,H1,safe_unidirectional,worst,1961.40106,2632.8161,611.790102
Detached,1,H1,safe_unidirectional,best,1732.627176,2632.8161,531.39896
Detached,1,H1,hybrid_bidirectional,worst,1961.40106,2632.8161,611.790102
Detached,1,H1,hybrid_bidirectional,best,1732.627176,2632.8161,531.39896
Detached,1,H2,safe_unidirectional,worst,1961.40106,2632.8161,611.790102
Detached,1,H2,safe_unidirectional,best,1732.627176,2632.8161,531.39896
Detached,1,H2,hybrid_bidirectional,worst,1961.40106,2632.8161,611.790102
Detached,1,H2,hybrid_bidirectional,best,1732.627176,2632.8161,531.39896
Detached,1,H3,safe_unidirectional,worst,1961.40106,2632.8161,611.790102
Detached,1,H3,safe_unidirectional,best,1732.627176,2632.8161,531.39896
Detached,1,H3,hybrid_bidirectional,worst,1961.40106,2632.8161,611.790102
Detached,1,H3,hybrid_bidirectional,best,1732.627176,2632.8161,531.39896
Detached,1,H1,safe_unidirectional,worst,1965.528992,2628.0789,613.769988
Detached,1,H1,safe_unidirectional,best,1745.282328,2628.0789,536.371688
Detached,1,H1,hybrid_bidirectional,worst,1965.528992,2628.0789,613.769988
Detached,1,H1,hybrid_bidirectional,best,1745.282328,2628.0789,536.371688
Detached,1,H2,safe_unidirectional,worst,1965.528992,2628.0789,613.769988
Detached,1,H2,safe_unidirectional,best,1745.282328,2628.0789,536.371688
Detached,1,H2,hybrid_bidirectional,worst,1965.528992,2628.0789,613.769988
Detached,1,H2,hybrid_bidirectional,best,1745.282328,2628.0789,536.371688
Detached,1,H3,safe_unidirectional,worst,1965.528992,2628.0789,613.769988
Detached,1,H3,safe_unidirectional,best,1745.282328,2628.0789,536.371688
Detached,1,H3,hybrid_bidirectional,worst,1965.528992,2628.0789,613.769988
Detached,1,H3,hybrid_bidirectional,best,1745.282328,2628.0789,536.371688
Detached,1,H1,safe_unidirectional,worst,2063.232052,2748.0911,642.291018
Detached,1,H1,safe_unidirectional,best,1836.63516,2748.0911,562.625815
Detached,1,H1,hybrid_bidirectional,worst,2063.232052,2748.0911,642.291018
Detached,1,H1,hybrid_bidirectional,best,1836.63516,2748.0911,562.625815
Detached,1,H2,safe_unidirectional,worst,2063.232052,2748.0911,642.291018
Detached,1,H2,safe_unidirectional,best,1836.63516,2748.0911,562.625815
Detached,1,H2,hybrid_bidirectional,worst,2063.232052,2748.0911,642.291018
Detached,1,H2,hybrid_bidirectional,best,1836.63516,2748.0911,562.625815
Detached,1,H3,safe_unidirectional,worst,2063.232052,2748.0911,642.291018
Detached,1,H3,safe_unidirectional,best,1836.63516,2748.0911,562.625815
Detached,1,H3,hybrid_bidirectional,worst,2063.232052,2748.0911,642.291018
Detached,1,H3,hybrid_bidirectional,best,1836.63516,2748.0911,562.625815
Detached,1,H1,safe_unidirectional,worst,1855.549404,2520.8641,577.690365
Detached,1,H1,safe_unidirectional,best,1654.337768,2520.8641,506.895752
Detached,1,H1,hybrid_bidirectional,worst,1855.549404,2520.8641,577.690365
Detached,1,H1,hybrid_bidirectional,best,1654.337768,2520.8641,506.895752
Detached,1,H2,safe_unidirectional,worst,1855.549404,2520.8641,577.690365
Detached,1,H2,safe_unidirectional,best,1654.337768,2520.8641,506.895752
Detached,1,H2,hybrid_bidirectional,worst,1855.549404,2520.8641,577.690365
Detached,1,H2,hybrid_bidirectional,best,1654.337768,2520.8641,506.895752
Detached,1,H3,safe_unidirectional,worst,1855.549404,2520.8641,577.690365
Detached,1,H3,safe_unidirectional,best,1654.337768,2520.8641,506.895752
Detached,1,H3,hybrid_bidirectional,worst,1855.549404,2520.8641,577.690365
Detached,1,H3,hybrid_bidirectional,best,1654.337768,2520.8641,506.895752
Detached,1,H1,safe_unidirectional,worst,1955.800628,2636.0369,605.246524
Detached,1,H1,safe_unidirectional,best,1744.48532,2636.0369,530.947427
Detached,1,H1,hybrid_bidirectional,worst,1955.800628,2636.0369,605.246524
Detached,1,H1,hybrid_bidirectional,best,1744.48532,2636.0369,530.947427
Detached,1,H2,safe_unidirectional,worst,1955.800628,2636.0369,605.246524
Detached,1,H2,safe_unidirectional,best,1744.48532,2636.0369,530.947427
Detached,1,H2,hybrid_bidirectional,worst,1955.800628,2636.0369,605.246524
Detached,1,H2,hybrid_bidirectional,best,1744.48532,2636.0369,530.947427
Detached,1,H3,safe_unidirectional,worst,1955.800628,2636.0369,605.246524
Detached,1,H3,safe_unidirectional,best,1744.48532,2636.0369,530.947427
Detached,1,H3,hybrid_bidirectional,worst,1955.800628,2636.0369,605.246524
Detached,1,H3,hybrid_bidirectional,best,1744.48532,2636.0369,530.947427
Detached,1,H1,safe_unidirectional,worst,1895.162488,2579.0272,596.4486
Detached,1,H1,safe_unidirectional,best,1686.666636,2579.0272,523.133053
Detached,1,H1,hybrid_bidirectional,worst,1895.162488,2579.0272,596.4486
Detached,1,H1,hybrid_bidirectional,best,1686.666636,2579.0272,523.133053
Detached,1,H2,safe_unidirectional,worst,1895.162488,2579.0272,596.4486
Detached,1,H2,safe_unidirectional,best,1686.666636,2579.0272,523.133053
Detached,1,H2,hybrid_bidirectional,worst,1895.162488,2579.0272,596.4486
Detached,1,H2,hybrid_bidirectional,best,1686.666636,2579.0272,523.133053
Detached,1,H3,safe_unidirectional,worst,1895.162488,2579.0272,596.4486
Detached,1,H3,safe_unidirectional,best,1686.666636,2579.0272,523.133053
Detached,1,H3,hybrid_bidirectional,worst,1895.162488,2579.0272,596.4486
Detached,1,H3,hybrid_bidirectional,best,1686.666636,2579.0272,523.133053
Detached,1,H1,safe_unidirectional,worst,1952.311484,2607.1858,610.389041
Detached,1,H1,safe_unidirectional,best,1724.035268,2607.1858,530.191819
Detached,1,H1,hybrid_bidirectional,worst,1952.311484,2607.1858,610.389041
Detached,1,H1,hybrid_bidirectional,best,1724.035268,2607.1858,530.191819
Detached,1,H2,safe_unidirectional,worst,1952.311484,2607.1858,610.389041
Detached,1,H2,safe_unidirectional,best,1724.035268,2607.1858,530.191819
Detached,1,H2,hybrid_bidirectional,worst,1952.311484,2607.1858,610.389041
Detached,1,H2,hybrid_bidirectional,best,1724.035268,2607.1858,530.191819
Detached,1,H3,safe_unidirectional,worst,1952.311484,2607.1858,610.389041
Detached,1,H3,safe_unidirectional,best,1724.035268,2607.1858,530.191819
Detached,1,H3,hybrid_bidirectional,worst,1952.311484,2607.1858,610.389041
Detached,1,H3,hybrid_bidirectional,best,1724.035268,2607.1858,530.191819
Detached,1,H1,safe_unidirectional,worst,1916.809572,2574.7707,605.232431
Detached,1,H1,safe_unidirectional,best,1681.928112,2574.7707,522.679972
Detached,1,H1,hybrid_bidirectional,worst,1916.809572,2574.7707,605.232431
Detached,1,H1,hybrid_bidirectional,best,1681.928112,2574.7707,522.679972
Detached,1,H2,safe_unidirectional,worst,1916.809572,2574.7707,605.232431
Detached,1,H2,safe_unidirectional,best,1681.928112,2574.7707,522.679972
Detached,1,H2,hybrid_bidirectional,worst,1916.809572,2574.7707,605.232431
Detached,1,H2,hybrid_bidirectional,best,1681.928112,2574.7707,522.679972
Detached,1,H3,safe_unidirectional,worst,1916.809572,2574.7707,605.232431
Detached,1,H3,safe_unidirectional,best,1681.928112,2574.7707,522.679972
Detached,1,H3,hybrid_bidirectional,worst,1916.809572,2574.7707,605.232431
Detached,1,H3,hybrid_bidirectional,best,1681.928112,2574.7707,522.679972
Detached,1,H1,safe_unidirectional,worst,1940.09006,2625.502,600.838
Detached,1,H1,safe_unidirectional,best,1724.046428,2625.502,524.878031
Detached,1,H1,hybrid_bidirectional,worst,1940.09006,2625.502,600.838
Detached,1,H1,hybrid_bidirectional,best,1724.046428,2625.502,524.878031
Detached,1,H2,safe_unidirectional,worst,1940.09006,2625.502,600.838
Detached,1,H2,safe_unidirectional,best,1724.046428,2625.502,524.878031
Detached,1,H2,hybrid_bidirectional,worst,1940.09006,2625.502,600.838
Detached,1,H2,hybrid_bidirectional,best,1724.046428,2625.502,524.878031
Detached,1,H3,safe_unidirectional,worst,1940.09006,2625.502,600.838
Detached,1,H3,safe_unidirectional,best,1724.046428,2625.502,524.878031
Detached,1,H3,hybrid_bidirectional,worst,1940.09006,2625.502,600.838
Detached,1,H3,hybrid_bidirectional,best,1724.046428,2625.502,524.878031
Detached,1,H1,safe_unidirectional,worst,1936.493684,2593.2132,607.987586
Detached,1,H1,safe_unidirectional,best,1713.618868,2593.2132,529.637292
Detached,1,H1,hybrid_bidirectional,worst,1936.493684,2593.2132,607.987586
Detached,1,H1,hybrid_bidirectional,best,1713.618868,2593.2132,529.637292
Detached,1,H2,safe_unidirectional,worst,1936.493684,2593.2132,607.987586
Detached,1,H2,safe_unidirectional,best,1713.618868,2593.2132,529.637292
Detached,1,H2,hybrid_bidirectional,worst,1936.493684,2593.2132,607.987586
Detached,1,H2,hybrid_bidirectional,best,1713.618868,2593.2132,529.637292
Detached,1,H3,safe_unidirectional,worst,1936.493684,2593.2132,607.987586
Detached,1,H3,safe_unidirectional,best,1713.618868,2593.2132,529.637292
Detached,1,H3,hybrid_bidirectional,worst,1936.493684,2593.2132,607.987586
Detached,1,H3,hybrid_bidirectional,best,1713.618868,2593.2132,529.637292
Detached,1,H1,safe_unidirectional,worst,1942.769884,2619.7953,604.382652
Detached,1,H1,safe_unidirectional,best,1737.231752,2619.7953,532.123739
Detached,1,H1,hybrid_bidirectional,worst,1942.769884,2619.7953,604.382652
Detached,1,H1,hybrid_bidirectional,best,1737.231752,2619.7953,532.123739
Detached,1,H2,safe_unidirectional,worst,1942.769884,2619.7953,604.382652
Detached,1,H2,safe_unidirectional,best,1737.231752,2619.7953,532.123739
Detached,1,H2,hybrid_bidirectional,worst,1942.769884,2619.7953,604.382652
Detached,1,H2,hybrid_bidirectional,best,1737.231752,2619.7953,532.123739
Detached,1,H3,safe_unidirectional,worst,1942.769884,2619.7953,604.382652
Detached,1,H3,safe_unidirectional,best,1737.231752,2619.7953,532.123739
Detached,1,H3,hybrid_bidirectional,worst,1942.769884,2619.7953,604.382652
Detached,1,H3,hybrid_bidirectional,best,1737.231752,2619.7953,532.123739
Detached,1,H1,safe_unidirectional,worst,1919.605872,2690.6701,599.327538
Detached,1,H1,safe_unidirectional,best,1694.211136,2690.6701,520.067521
Detached,1,H1,hybrid_bidirectional,worst,1919.605872,2690.6701,599.327538
Detached,1,H1,hybrid_bidirectional,best,1694.211136,2690.6701,520.067521
Detached,1,H2,safe_unidirectional,worst,1919.605872,2690.6701,599.327538
Detached,1,H2,safe_unidirectional,best,1694.211136,2690.6701,520.067521
Detached,1,H2,hybrid_bidirectional,worst,1919.605872,2690.6701,599.327538
Detached,1,H2,hybrid_bidirectional,best,1694.211136,2690.6701,520.067521
Detached,1,H3,safe_unidirectional,worst,1919.605872,2690.6701,599.327538
Detached,1,H3,safe_unidirectional,best,1694.211136,2690.6701,520.067521
Detached,1,H3,hybrid_bidirectional,worst,1919.605872,2690.6701,599.327538
Detached,1,H3,hybrid_bidirectional,best,1694.211136,2690.6701,520.067521
Detached,1,H1,safe_unidirectional,worst,1976.936532,2642.4317,614.216905
Detached,1,H1,safe_unidirectional,best,1762.91868,2642.4317,538.957596
Detached,1,H1,hybrid_bidirectional,worst,1976.936532,2642.4317,614.216905
Detached,1,H1,hybrid_bidirectional,best,1762.91868,2642.4317,538.957596
Detached,1,H2,safe_unidirectional,worst,1976.936532,2642.4317,614.216905
Detached,1,H2,safe_unidirectional,best,1762.91868,2642.4317,538.957596
Detached,1,H2,hybrid_bidirectional,worst,1976.936532,2642.4317,614.216905
Detached,1,H2,hybrid_bidirectional,best,1762.91868,2642.4317,538.957596
Detached,1,H3,safe_unidirectional,worst,1976.936532,2642.4317,614.216905
Detached,1,H3,safe_unidirectional,best,1762.91868,2642.4317,538.957596
Detached,1,H3,hybrid_bidirectional,worst,1976.936532,2642.4317,614.216905
Detached,1,H3,hybrid_bidirectional,best,1762.91868,2642.4317,538.957596
Detached,1,H1,safe_unidirectional,worst,1950.842824,2657.6768,611.224965
Detached,1,H1,safe_unidirectional,best,1739.783656,2657.6768,536.996111
Detached,1,H1,hybrid_bidirectional,worst,1950.842824,2657.6768,611.224965
Detached,1,H1,hybrid_bidirectional,best,1739.783656,2657.6768,536.996111
Detached,1,H2,safe_unidirectional,worst,1950.842824,2657.6768,611.224965
Detached,1,H2,safe_unidirectional,best,1739.783656,2657.6768,536.996111
Detached,1,H2,hybrid_bidirectional,worst,1950.842824,2657.6768,611.224965
Detached,1,H2,hybrid_bidirectional,best,1739.783656,2657.6768,536.996111
Detached,1,H3,safe_unidirectional,worst,1950.842824,2657.6768,611.224965
Detached,1,H3,safe_unidirectional,best,1739.783656,2657.6768,536.996111
Detached,1,H3,hybrid_bidirectional,worst,1950.842824,2657.6768,611.224965
Detached,1,H3,hybrid_bidirectional,best,1739.783656,2657.6768,536.996111
Detached,1,H1,safe_unidirectional,worst,1885.888012,2535.2175,587.867329
Detached,1,H1,safe_unidirectional,best,1688.290916,2535.2175,518.410523
Detached,1,H1,hybrid_bidirectional,worst,1885.888012,2535.2175,587.867329
Detached,1,H1,hybrid_bidirectional,best,1688.290916,2535.2175,518.410523
Detached,1,H2,safe_unidirectional,worst,1885.888012,2535.2175,587.867329
Detached,1,H2,safe_unidirectional,best,1688.290916,2535.2175,518.410523
Detached,1,H2,hybrid_bidirectional,worst,1885.888012,2535.2175,587.867329
Detached,1,H2,hybrid_bidirectional,best,1688.290916,2535.2175,518.410523
Detached,1,H3,safe_unidirectional,worst,1885.888012,2535.2175,587.867329
Detached,1,H3,safe_unidirectional,best,1688.290916,2535.2175,518.410523
Detached,1,H3,hybrid_bidirectional,worst,1885.888012,2535.2175,587.867329
Detached,1,H3,hybrid_bidirectional,best,1688.290916,2535.2175,518.410523
Detached,1,H1,safe_unidirectional,worst,1874.64852,2540.7032,587.516233
Detached,1,H1,safe_unidirectional,best,1668.3931,2540.7032,515.028902
Detached,1,H1,hybrid_bidirectional,worst,1874.64852,2540.7032,587.516233
Detached,1,H1,hybrid_bidirectional,best,1668.3931,2540.7032,515.028902
Detached,1,H2,safe_unidirectional,worst,1874.64852,2540.7032,587.516233
Detached,1,H2,safe_unidirectional,best,1668.3931,2540.7032,515.028902
Detached,1,H2,hybrid_bidirectional,worst,1874.64852,2540.7032,587.516233
Detached,1,H2,hybrid_bidirectional,best,1668.3931,2540.7032,515.028902
Detached,1,H3,safe_unidirectional,worst,1874.64852,2540.7032,587.516233
Detached,1,H3,safe_unidirectional,best,1668.3931,2540.7032,515.028902
Detached,1,H3,hybrid_bidirectional,worst,1874.64852,2540.7032,587.516233
Detached,1,H3,hybrid_bidirectional,best,1668.3931,2540.7032,515.028902
Semi-detached,1,H1,safe_unidirectional,worst,1960.775012,2547.7403,614.302211
Semi-detached,1,H1,safe_unidirectional,best,1758.461328,2547.7403,543.183038
Semi-detached,1,H1,hybrid_bidirectional,worst,1960.775012,2547.7403,614.302211
Semi-detached,1,H1,hybrid_bidirectional,best,1758.461328,2547.7403,543.183038
Semi-detached,1,H2,safe_unidirectional,worst,1960.775012,2547.7403,614.302211
Semi-detached,1,H2,safe_unidirectional,best,1758.461328,2547.7403,543.183038
Semi-detached,1,H2,hybrid_bidirectional,worst,1960.775012,2547.7403,614.302211
Semi-detached,1,H2,hybrid_bidirectional,best,1758.461328,2547.7403,543.183038
Semi-detached,1,H3,safe_unidirectional,worst,1960.775012,2547.7403,614.302211
Semi-detached,1,H3,safe_unidirectional,best,1758.461328,2547.7403,543.183038
Semi-detached,1,H3,hybrid_bidirectional,worst,1960.775012,2547.7403,614.302211
Semi-detached,1,H3,hybrid_bidirectional,best,1758.461328,2547.7403,543.183038
Semi-detached,1,H1,safe_unidirectional,worst,1921.494256,2592.8973,592.518013
Semi-detached,1,H1,safe_unidirectional,best,1723.56024,2592.8973,522.973405
Semi-detached,1,H1,hybrid_bidirectional,worst,1921.494256,2592.8973,592.518013
Semi-detached,1,H1,hybrid_bidirectional,best,1723.56024,2592.8973,522.973405
Semi-detached,1,H2,safe_unidirectional,worst,1921.494256,2592.8973,592.518013
Semi-detached,1,H2,safe_unidirectional,best,1723.56024,2592.8973,522.973405
Semi-detached,1,H2,hybrid_bidirectional,worst,1921.494256,2592.8973,592.518013
Semi-detached,1,H2,hybrid_bidirectional,best,1723.56024,2592.8973,522.973405
Semi-detached,1,H3,safe_unidirectional,worst,1921.494256,2592.8973,592.518013
Semi-detached,1,H3,safe_unidirectional,best,1723.56024,2592.8973,522.973405
Semi-detached,1,H3,hybrid_bidirectional,worst,1921.494256,2592.8973,592.518013
Semi-detached,1,H3,hybrid_bidirectional,best,1723.56024,2592.8973,522.973405
Semi-detached,1,H1,safe_unidirectional,worst,1903.796732,2560.0161,582.600437
Semi-detached,1,H1,safe_unidirectional,best,1704.327516,2560.0161,512.441769
Semi-detached,1,H1,hybrid_bidirectional,worst,1903.796732,2560.0161,582.600437
Semi-detached,1,H1,hybrid_bidirectional,best,1704.327516,2560.0161,512.441769
Semi-detached,1,H2,safe_unidirectional,worst,1903.796732,2560.0161,582.600437
Semi-detached,1,H2,safe_unidirectional,best,1704.327516,2560.0161,512.441769
Semi-detached,1,H2,hybrid_bidirectional,worst,1903.796732,2560.0161,582.600437
Semi-detached,1,H2,hybrid_bidirectional,best,1704.327516,2560.0161,512.441769
Semi-detached,1,H3,safe_unidirectional,worst,1903.796732,2560.0161,582.600437
Semi-detached,1,H3,safe_unidirectional,best,1704.327516,2560.0161,512.441769
Semi-detached,1,H3,hybrid_bidirectional,worst,1903.796732,2560.0161,582.600437
Semi-detached,1,H3,hybrid_bidirectional,best,1704.327516,2560.0161,512.441769
Semi-detached,1,H1,safe_unidirectional,worst,1799.24226,2456.1123,558.901352
Semi-detached,1,H1,safe_unidirectional,best,1613.763572,2456.1123,493.688979
Semi-detached,1,H1,hybrid_bidirectional,worst,1799.24226,2456.1123,558.901352
Semi-detached,1,H1,hybrid_bidirectional,best,1613.763572,2456.1123,493.688979
Semi-detached,1,H2,safe_unidirectional,worst,1799.24226,2456.1123,558.901352
Semi-detached,1,H2,safe_unidirectional,best,1613.763572,2456.1123,493.688979
Semi-detached,1,H2,hybrid_bidirectional,worst,1799.24226,2456.1123,558.901352
Semi-detached,1,H2,hybrid_bidirectional,best,1613.763572,2456.1123,493.688979
Semi-detached,1,H3,safe_unidirectional,worst,1799.24226,2456.1123,558.901352
Semi-detached,1,H3,safe_unidirectional,best,1613.763572,2456.1123,493.688979
Semi-detached,1,H3,hybrid_bidirectional,worst,1799.24226,2456.1123,558.901352
Semi-detached,1,H3,hybrid_bidirectional,best,1613.763572,2456.1123,493.688979
Semi-detached,1,H1,safe_unidirectional,worst,1759.817348,2376.4621,553.408769
Semi-detached,1,H1,safe_unidirectional,best,1557.928344,2376.4621,482.455051
Semi-detached,1,H1,hybrid_bidirectional,worst,1759.817348,2376.4621,553.408769
Semi-detached,1,H1,hybrid_bidirectional,best,1557.928344,2376.4621,482.455051
Semi-detached,1,H2,safe_unidirectional,worst,1759.817348,2376.4621,553.408769
Semi-detached,1,H2,safe_unidirectional,best,1557.928344,2376.4621,482.455051
Semi-detached,1,H2,hybrid_bidirectional,worst,1759.817348,2376.4621,553.408769
Semi-detached,1,H2,hybrid_bidirectional,best,1557.928344,2376.4621,482.455051
Semi-detached,1,H3,safe_unidirectional,worst,1759.817348,2376.4621,553.408769
Semi-detached,1,H3,safe_unidirectional,best,1557.928344,2376.4621,482.455051
Semi-detached,1,H3,hybrid_bidirectional,worst,1759.817348,2376.4621,553.408769
Semi-detached,1,H3,hybrid_bidirectional,best,1557.928344,2376.4621,482.455051
Semi-detached,1,H1,safe_unidirectional,worst,1845.938548,2479.2305,574.023562
Semi-detached,1,H1,safe_unidirectional,best,1659.102996,2479.2305,508.376289
Semi-detached,1,H1,hybrid_bidirectional,worst,1845.938548,2479.2305,574.023562
Semi-detached,1,H1,hybrid_bidirectional,best,1659.102996,2479.2305,508.376289
Semi-detached,1,H2,safe_unidirectional,worst,1845.938548,2479.2305,574.023562
Semi-detached,1,H2,safe_unidirectional,best,1659.102996,2479.2305,508.376289
Semi-detached,1,H2,hybrid_bidirectional,worst,1845.938548,2479.2305,574.023562
Semi-detached,1,H2,hybrid_bidirectional,best,1659.102996,2479.2305,508.376289
Semi-detached,1,H3,safe_unidirectional,worst,1845.938548,2479.2305,574.023562
Semi-detached,1,H3,safe_unidirectional,best,1659.102996,2479.2305,508.376289
Semi-detached,1,H3,hybrid_bidirectional,worst,1845.938548,2479.2305,574.023562
Semi-detached,1,H3,hybrid_bidirectional,best,1659.102996,2479.2305,508.376289
Semi-detached,1,H1,safe_unidirectional,worst,1752.585312,2357.1259,548.388021
Semi-detached,1,H1,safe_unidirectional,best,1565.47848,2357.1259,482.562601
Semi-detached,1,H1,hybrid_bidirectional,worst,1752.585312,2357.1259,548.388021
Semi-detached,1,H1,hybrid_bidirectional,best,1565.47848,2357.1259,482.562601
Semi-detached,1,H2,safe_unidirectional,worst,1752.585312,2357.1259,548.388021
Semi-detached,1,H2,safe_unidirectional,best,1565.47848,2357.1259,482.562601
Semi-detached,1,H2,hybrid_bidirectional,worst,1752.585312,2357.1259,548.388021
Semi-detached,1,H2,hybrid_bidirectional,best,1565.47848,2357.1259,482.562601
Semi-detached,1,H3,safe_unidirectional,worst,1752.585312,2357.1259,548.388021
Semi-detached,1,H3,safe_unidirectional,best,1565.47848,2357.1259,482.562601
Semi-detached,1,H3,hybrid_bidirectional,worst,1752.585312,2357.1259,548.388021
Semi-detached,1,H3,hybrid_bidirectional,best,1565.47848,2357.1259,482.562601
Semi-detached,1,H1,safe_unidirectional,worst,1891.47708,2528.8903,592.139586
Semi-detached,1,H1,safe_unidirectional,best,1680.553144,2528.8903,518.000619
Semi-detached,1,H1,hybrid_bidirectional,worst,1891.47708,2528.8903,592.139586
Semi-detached,1,H1,hybrid_bidirectional,best,1680.553144,2528.8903,518.000619
Semi-detached,1,H2,safe_unidirectional,worst,1891.47708,2528.8903,592.139586
Semi-detached,1,H2,safe_unidirectional,best,1680.553144,2528.8903,518.000619
Semi-detached,1,H2,hybrid_bidirectional,worst,1891.47708,2528.8903,592.139586
Semi-detached,1,H2,hybrid_bidirectional,best,1680.553144,2528.8903,518.000619
Semi-detached,1,H3,safe_unidirectional,worst,1891.47708,2528.8903,592.139586
Semi-detached,1,H3,safe_unidirectional,best,1680.553144,2528.8903,518.000619
Semi-detached,1,H3,hybrid_bidirectional,worst,1891.47708,2528.8903,592.139586
Semi-detached,1,H3,hybrid_bidirectional,best,1680.553144,2528.8903,518.000619
Semi-detached,1,H1,safe_unidirectional,worst,1947.28048,2598.7695,604.571633
Semi-detached,1,H1,safe_unidirectional,best,1735.71136,2598.7695,530.235032
Semi-detached,1,H1,hybrid_bidirectional,worst,1947.28048,2598.7695,604.571633
Semi-detached,1,H1,hybrid_bidirectional,best,1735.71136,2598.7695,530.235032
Semi-detached,1,H2,safe_unidirectional,worst,1947.28048,2598.7695,604.571633
Semi-detached,1,H2,safe_unidirectional,best,1735.71136,2598.7695,530.235032
Semi-detached,1,H2,hybrid_bidirectional,worst,1947.28048,2598.7695,604.571633
Semi-detached,1,H2,hybrid_bidirectional,best,1735.71136,2598.7695,530.235032
Semi-detached,1,H3,safe_unidirectional,worst,1947.28048,2598.7695,604.571633
Semi-detached,1,H3,safe_unidirectional,best,1735.71136,2598.7695,530.235032
Semi-detached,1,H3,hybrid_bidirectional,worst,1947.28048,2598.7695,604.571633
Semi-detached,1,H3,hybrid_bidirectional,best,1735.71136,2598.7695,530.235032
Semi-detached,1,H1,safe_unidirectional,worst,1903.196672,2574.6725,592.438342
Semi-detached,1,H1,safe_unidirectional,best,1686.49866,2574.6725,516.265816
Semi-detached,1,H1,hybrid_bidirectional,worst,1903.196672,2574.6725,592.438342
Semi-detached,1,H1,hybrid_bidirectional,best,1686.49866,2574.6725,516.265816
Semi-detached,1,H2,safe_unidirectional,worst,1903.196672,2574.6725,592.438342
Semi-detached,1,H2,safe_unidirectional,best,1686.49866,2574.6725,516.265816
Semi-detached,1,H2,hybrid_bidirectional,worst,1903.196672,2574.6725,592.438342
Semi-detached,1,H2,hybrid_bidirectional,best,1686.49866,2574.6725,516.265816
Semi-detached,1,H3,safe_unidirectional,worst,1903.196672,2574.6725,592.438342
Semi-detached,1,H3,safe_unidirectional,best,1686.49866,2574.6725,516.265816
Semi-detached,1,H3,hybrid_bidirectional,worst,1903.196672,2574.6725,592.438342
Semi-detached,1,H3,hybrid_bidirectional,best,1686.49866,2574.6725,516.265816
Semi-detached,1,H1,safe_unidirectional,worst,1881.367588,2506.6756,584.124554
Semi-detached,1,H1,safe_unidirectional,best,1688.330772,2506.6756,516.274532
Semi-detached,1,H1,hybrid_bidirectional,worst,1881.367588,2506.6756,584.124554
Semi-detached,1,H1,hybrid_bidirectional,best,1688.330772,2506.6756,516.274532
Semi-detached,1,H2,safe_unidirectional,worst,1881.367588,2506.6756,584.124554
Semi-detached,1,H2,safe_unidirectional,best,1688.330772,2506.6756,516.274532
Semi-detached,1,H2,hybrid_bidirectional,worst,1881.367588,2506.6756,584.124554
Semi-detached,1,H2,hybrid_bidirectional,best,1688.330772,2506.6756,516.274532
Semi-detached,1,H3,safe_unidirectional,worst,1881.367588,2506.6756,584.124554
Semi-detached,1,H3,safe_unidirectional,best,1688.330772,2506.6756,516.274532
Semi-detached,1,H3,hybrid_bidirectional,worst,1881.367588,2506.6756,584.124554
Semi-detached,1,H3,hybrid_bidirectional,best,1688.330772,2506.6756,516.274532
Semi-detached,1,H1,safe_unidirectional,worst,1904.019804,2565.8766,591.057065
Semi-detached,1,H1,safe_unidirectional,best,1680.747748,2565.8766,512.546459
Semi-detached,1,H1,hybrid_bidirectional,worst,1904.019804,2565.8766,591.057065
Semi-detached,1,H1,hybrid_bidirectional,best,1680.747748,2565.8766,512.546459
Semi-detached,1,H2,safe_unidirectional,worst,1904.019804,2565.8766,591.057065
Semi-detached,1,H2,safe_unidirectional,best,1680.747748,2565.8766,512.546459
Semi-detached,1,H2,hybrid_bidirectional,worst,1904.019804,2565.8766,591.057065
Semi-detached,1,H2,hybrid_bidirectional,best,1680.747748,2565.8766,512.546459
Semi-detached,1,H3,safe_unidirectional,worst,1904.019804,2565.8766,591.057065
Semi-detached,1,H3,safe_unidirectional,best,1680.747748,2565.8766,512.546459
Semi-detached,1,H3,hybrid_bidirectional,worst,1904.019804,2565.8766,591.057065
Semi-detached,1,H3,hybrid_bidirectional,best,1680.747748,2565.8766,512.546459
Semi-detached,1,H1,safe_unidirectional,worst,1847.67122,2458.3837,579.417494
Semi-detached,1,H1,safe_unidirectional,best,1650.891548,2458.3837,510.22402
Semi-detached,1,H1,hybrid_bidirectional,worst,1847.67122,2458.3837,579.417494
Semi-detached,1,H1,hybrid_bidirectional,best,1650.891548,2458.3837,510.22402
Semi-detached,1,H2,safe_unidirectional,worst,1847.67122,2458.3837,579.417494
Semi-detached,1,H2,safe_unidirectional,best,1650.891548,2458.3837,510.22402
Semi-detached,1,H2,hybrid_bidirectional,worst,1847.67122,2458.3837,579.417494
Semi-detached,1,H2,hybrid_bidirectional,best,1650.891548,2458.3837,510.22402
Semi-detached,1,H3,safe_unidirectional,worst,1847.67122,2458.3837,579.417494
Semi-detached,1,H3,safe_unidirectional,best,1650.891548,2458.3837,510.22402
Semi-detached,1,H3,hybrid_bidirectional,worst,1847.67122,2458.3837,579.417494
Semi-detached,1,H3,hybrid_bidirectional,best,1650.891548,2458.3837,510.22402
Semi-detached,1,H1,safe_unidirectional,worst,1851.120752,2505.3073,575.5657
Semi-detached,1,H1,safe_unidirectional,best,1643.972516,2505.3073,502.737239
Semi-detached,1,H1,hybrid_bidirectional,worst,1851.120752,2505.3073,575.5657
Semi-detached,1,H1,hybrid_bidirectional,best,1643.972516,2505.3073,502.737239
Semi-detached,1,H2,safe_unidirectional,worst,1851.120752,2505.3073,575.5657
Semi-detached,1,H2,safe_unidirectional,best,1643.972516,2505.3073,502.737239
Semi-detached,1,H2,hybrid_bidirectional,worst,1851.120752,2505.3073,575.5657
Semi-detached,1,H2,hybrid_bidirectional,best,1643.972516,2505.3073,502.737239
Semi-detached,1,H3,safe_unidirectional,worst,1851.120752,2505.3073,575.5657
Semi-detached,1,H3,safe_unidirectional,best,1643.972516,2505.3073,502.737239
Semi-detached,1,H3,hybrid_bidirectional,worst,1851.120752,2505.3073,575.5657
Semi-detached,1,H3,hybrid_bidirectional,best,1643.972516,2505.3073,502.737239
Semi-detached,1,H1,safe_unidirectional,worst,1824.13498,2503.0312,568.501117
Semi-detached,1,H1,safe_unidirectional,best,1594.75652,2503.0312,487.867292
Semi-detached,1,H1,hybrid_bidirectional,worst,1824.13498,2503.0312,568.501117
Semi-detached,1,H1,hybrid_bidirectional,best,1594.75652,2503.0312,487.867292
Semi-detached,1,H2,safe_unidirectional,worst,1824.13498,2503.0312,568.501117
Semi-detached,1,H2,safe_unidirectional,best,1594.75652,2503.0312,487.867292
Semi-detached,1,H2,hybrid_bidirectional,worst,1824.13498,2503.0312,568.501117
Semi-detached,1,H2,hybrid_bidirectional,best,1594.75652,2503.0312,487.867292
Semi-detached,1,H3,safe_unidirectional,worst,1824.13498,2503.0312,568.501117
Semi-detached,1,H3,safe_unidirectional,best,1594.75652,2503.0312,487.867292
Semi-detached,1,H3,hybrid_bidirectional,worst,1824.13498,2503.0312,568.501117
Semi-detached,1,H3,hybrid_bidirectional,best,1594.75652,2503.0312,487.867292
Semi-detached,1,H1,safe_unidirectional,worst,1858.719668,2469.4299,577.841796
Semi-detached,1,H1,safe_unidirectional,best,1663.183048,2469.4299,509.084092
Semi-detached,1,H1,hybrid_bidirectional,worst,1858.719668,2469.4299,577.841796
Semi-detached,1,H1,hybrid_bidirectional,best,1663.183048,2469.4299,509.084092
Semi-detached,1,H2,safe_unidirectional,worst,1858.719668,2469.4299,577.841796
Semi-detached,1,H2,safe_unidirectional,best,1663.183048,2469.4299,509.084092
Semi-detached,1,H2,hybrid_bidirectional,worst,1858.719668,2469.4299,577.841796
Semi-detached,1,H2,hybrid_bidirectional,best,1663.183048,2469.4299,509.084092
Semi-detached,1,H3,safe_unidirectional,worst,1858.719668,2469.4299,577.841796
Semi-detached,1,H3,safe_unidirectional,best,1663.183048,2469.4299,509.084092
Semi-detached,1,H3,hybrid_bidirectional,worst,1858.719668,2469.4299,577.841796
Semi-detached,1,H3,hybrid_bidirectional,best,1663.183048,2469.4299,509.084092
Semi-detached,1,H1,safe_unidirectional,worst,1774.32186,2405.008,554.813695
Semi-detached,1,H1,safe_unidirectional,best,1579.145464,2405.008,486.184402
Semi-detached,1,H1,hybrid_bidirectional,worst,1774.32186,2405.008,554.813695
Semi-detached,1,H1,hybrid_bidirectional,best,1579.145464,2405.008,486.184402
Semi-detached,1,H2,safe_unidirectional,worst,1774.32186,2405.008,554.813695
Semi-detached,1,H2,safe_unidirectional,best,1579.145464,2405.008,486.184402
Semi-detached,1,H2,hybrid_bidirectional,worst,1774.32186,2405.008,554.813695
Semi-detached,1,H2,hybrid_bidirectional,best,1579.145464,2405.008,486.184402
Semi-detached,1,H3,safe_unidirectional,worst,1774.32186,2405.008,554.813695
Semi-detached,1,H3,safe_unidirectional,best,1579.145464,2405.008,486.184402
Semi-detached,1,H3,hybrid_bidirectional,worst,1774.32186,2405.008,554.813695
Semi-detached,1,H3,hybrid_bidirectional,best,1579.145464,2405.008,486.184402
Semi-detached,1,H1,safe_unidirectional,worst,1968.950988,2640.5325,615.746357
Semi-detached,1,H1,safe_unidirectional,best,1730.480732,2640.5325,531.932737
Semi-detached,1,H1,hybrid_bidirectional,worst,1968.950988,2640.5325,615.746357
Semi-detached,1,H1,hybrid_bidirectional,best,1730.480732,2640.5325,531.932737
Semi-detached,1,H2,safe_unidirectional,worst,1968.950988,2640.5325,615.746357
Semi-detached,1,H2,safe_unidirectional,best,1730.480732,2640.5325,531.932737
Semi-detached,1,H2,hybrid_bidirectional,worst,1968.950988,2640.5325,615.746357
Semi-detached,1,H2,hybrid_bidirectional,best,1730.480732,2640.5325,531.932737
Semi-detached,1,H3,safe_unidirectional,worst,1968.950988,2640.5325,615.746357
Semi-detached,1,H3,safe_unidirectional,best,1730.480732,2640.5325,531.932737
Semi-detached,1,H3,hybrid_bidirectional,worst,1968.950988,2640.5325,615.746357
Semi-detached,1,H3,hybrid_bidirectional,best,1730.480732,2640.5325,531.932737
Semi-detached,1,H1,safe_unidirectional,worst,1843.993548,2496.9219,580.341098
Semi-detached,1,H1,safe_unidirectional,best,1643.559816,2496.9219,509.81628
Semi-detached,1,H1,hybrid_bidirectional,worst,1843.993548,2496.9219,580.341098
Semi-detached,1,H1,hybrid_bidirectional,best,1643.559816,2496.9219,509.81628
Semi-detached,1,H2,safe_unidirectional,worst,1843.993548,2496.9219,580.341098
Semi-detached,1,H2,safe_unidirectional,best,1643.559816,2496.9219,509.81628
Semi-detached,1,H2,hybrid_bidirectional,worst,1843.993548,2496.9219,580.341098
Semi-detached,1,H2,hybrid_bidirectional,best,1643.559816,2496.9219,509.81628
Semi-detached,1,H3,safe_unidirectional,worst,1843.993548,2496.9219,580.341098
Semi-detached,1,H3,safe_unidirectional,best,1643.559816,2496.9219,509.81628
Semi-detached,1,H3,hybrid_bidirectional,worst,1843.993548,2496.9219,580.341098
Semi-detached,1,H3,hybrid_bidirectional,best,1643.559816,2496.9219,509.81628
Semi-detached,1,H1,safe_unidirectional,worst,1875.972904,2531.4502,583.954954
Semi-detached,1,H1,safe_unidirectional,best,1677.144928,2531.4502,514.048394
Semi-detached,1,H1,hybrid_bidirectional,worst,1875.972904,2531.4502,583.954954
Semi-detached,1,H1,hybrid_bidirectional,best,1677.144928,2531.4502,514.048394
Semi-detached,1,H2,safe_unidirectional,worst,1875.972904,2531.4502,583.954954
Semi-detached,1,H2,safe_unidirectional,best,1677.144928,2531.4502,514.048394
Semi-detached,1,H2,hybrid_bidirectional,worst,1875.972904,2531.4502,583.954954
Semi-detached,1,H2,hybrid_bidirectional,best,1677.144928,2531.4502,514.048394
Semi-detached,1,H3,safe_unidirectional,worst,1875.972904,2531.4502,583.954954
Semi-detached,1,H3,safe_unidirectional,best,1677.144928,2531.4502,514.048394
Semi-detached,1,H3,hybrid_bidirectional,worst,1875.972904,2531.4502,583.954954
Semi-detached,1,H3,hybrid_bidirectional,best,1677.144928,2531.4502,514.048394
Semi-detached,1,H1,safe_unidirectional,worst,1793.836336,2455.5216,556.607171
Semi-detached,1,H1,safe_unidirectional,best,1597.830556,2455.5216,487.643927
Semi-detached,1,H1,hybrid_bidirectional,worst,1793.836336,2455.5216,556.607171
Semi-detached,1,H1,hybrid_bidirectional,best,1597.830556,2455.5216,487.643927
Semi-detached,1,H2,safe_unidirectional,worst,1793.836336,2455.5216,556.607171
Semi-detached,1,H2,safe_unidirectional,best,1597.830556,2455.5216,487.643927
Semi-detached,1,H2,hybrid_bidirectional,worst,1793.836336,2455.5216,556.607171
Semi-detached,1,H2,hybrid_bidirectional,best,1597.830556,2455.5216,487.643927
Semi-detached,1,H3,safe_unidirectional,worst,1793.836336,2455.5216,556.607171
Semi-detached,1,H3,safe_unidirectional,best,1597.830556,2455.5216,487.643927
Semi-detached,1,H3,hybrid_bidirectional,worst,1793.836336,2455.5216,556.607171
Semi-detached,1,H3,hybrid_bidirectional,best,1597.830556,2455.5216,487.643927
Semi-detached,1,H1,safe_unidirectional,worst,1754.57006,2384.119,552.335103
Semi-detached,1,H1,safe_unidirectional,best,1564.705344,2384.119,485.514623
Semi-detached,1,H1,hybrid_bidirectional,worst,1754.57006,2384.119,552.335103
Semi-detached,1,H1,hybrid_bidirectional,best,1564.705344,2384.119,485.514623
Semi-detached,1,H2,safe_unidirectional,worst,1754.57006,2384.119,552.335103
Semi-detached,1,H2,safe_unidirectional,best,1564.705344,2384.119,485.514623
Semi-detached,1,H2,hybrid_bidirectional,worst,1754.57006,2384.119,552.335103
Semi-detached,1,H2,hybrid_bidirectional,best,1564.705344,2384.119,485.514623
Semi-detached,1,H3,safe_unidirectional,worst,1754.57006,2384.119,552.335103
Semi-detached,1,H3,safe_unidirectional,best,1564.705344,2384.119,485.514623
Semi-detached,1,H3,hybrid_bidirectional,worst,1754.57006,2384.119,552.335103
Semi-detached,1,H3,hybrid_bidirectional,best,1564.705344,2384.119,485.514623
Semi-detached,1,H1,safe_unidirectional,worst,1872.05628,2543.7421,587.384724
Semi-detached,1,H1,safe_unidirectional,best,1665.777996,2543.7421,514.844891
Semi-detached,1,H1,hybrid_bidirectional,worst,1872.05628,2543.7421,587.384724
Semi-detached,1,H1,hybrid_bidirectional,best,1665.777996,2543.7421,514.844891
Semi-detached,1,H2,safe_unidirectional,worst,1872.05628,2543.7421,587.384724
Semi-detached,1,H2,safe_unidirectional,best,1665.777996,2543.7421,514.844891
Semi-detached,1,H2,hybrid_bidirectional,worst,1872.05628,2543.7421,587.384724
Semi-detached,1,H2,hybrid_bidirectional,best,1665.777996,2543.7421,514.844891
Semi-detached,1,H3,safe_unidirectional,worst,1872.05628,2543.7421,587.384724
Semi-detached,1,H3,safe_unidirectional,best,1665.777996,2543.7421,514.844891
Semi-detached,1,H3,hybrid_bidirectional,worst,1872.05628,2543.7421,587.384724
Semi-detached,1,H3,hybrid_bidirectional,best,1665.777996,2543.7421,514.844891
Semi-detached,1,H1,safe_unidirectional,worst,1865.325724,2539.5193,582.514239
Semi-detached,1,H1,safe_unidirectional,best,1672.069516,2539.5193,514.531805
Semi-detached,1,H1,hybrid_bidirectional,worst,1865.325724,2539.5193,582.514239
Semi-detached,1,H1,hybrid_bidirectional,best,1672.069516,2539.5193,514.531805
Semi-detached,1,H2,safe_unidirectional,worst,1865.325724,2539.5193,582.514239
Semi-detached,1,H2,safe_unidirectional,best,1672.069516,2539.5193,514.531805
Semi-detached,1,H2,hybrid_bidirectional,worst,1865.325724,2539.5193,582.514239
Semi-detached,1,H2,hybrid_bidirectional,best,1672.069516,2539.5193,514.531805
Semi-detached,1,H3,safe_unidirectional,worst,1865.325724,2539.5193,582.514239
Semi-detached,1,H3,safe_unidirectional,best,1672.069516,2539.5193,514.531805
Semi-detached,1,H3,hybrid_bidirectional,worst,1865.325724,2539.5193,582.514239
Semi-detached,1,H3,hybrid_bidirectional,best,1672.069516,2539.5193,514.531805
Semi-detached,1,H1,safe_unidirectional,worst,1821.971876,2489.1993,570.456351
Semi-detached,1,H1,safe_unidirectional,best,1626.00816,2489.1993,501.549793
Semi-detached,1,H1,hybrid_bidirectional,worst,1821.971876,2489.1993,570.456351
Semi-detached,1,H1,hybrid_bidirectional,best,1626.00816,2489.1993,501.549793
Semi-detached,1,H2,safe_unidirectional,worst,1821.971876,2489.1993,570.456351
Semi-detached,1,H2,safe_unidirectional,best,1626.00816,2489.1993,501.549793
Semi-detached,1,H2,hybrid_bidirectional,worst,1821.971876,2489.1993,570.456351
Semi-detached,1,H2,hybrid_bidirectional,best,1626.00816,2489.1993,501.549793
Semi-detached,1,H3,safe_unidirectional,worst,1821.971876,2489.1993,570.456351
Semi-detached,1,H3,safe_unidirectional,best,1626.00816,2489.1993,501.549793
Semi-detached,1,H3,hybrid_bidirectional,worst,1821.971876,2489.1993,570.456351
Semi-detached,1,H3,hybrid_bidirectional,best,1626.00816,2489.1993,501.549793
Semi-detached,1,H1,safe_unidirectional,worst,1827.842456,2409.8918,572.995999
Semi-detached,1,H1,safe_unidirectional,best,1611.995716,2409.8918,497.087632
Semi-detached,1,H1,hybrid_bidirectional,worst,1827.842456,2409.8918,572.995999
Semi-detached,1,H1,hybrid_bidirectional,best,1611.995716,2409.8918,497.087632
Semi-detached,1,H2,safe_unidirectional,worst,1827.842456,2409.8918,572.995999
Semi-detached,1,H2,safe_unidirectional,best,1611.995716,2409.8918,497.087632
Semi-detached,1,H2,hybrid_bidirectional,worst,1827.842456,2409.8918,572.995999
Semi-detached,1,H2,hybrid_bidirectional,best,1611.995716,2409.8918,497.087632
Semi-detached,1,H3,safe_unidirectional,worst,1827.842456,2409.8918,572.995999
Semi-detached,1,H3,safe_unidirectional,best,1611.995716,2409.8918,497.087632
Semi-detached,1,H3,hybrid_bidirectional,worst,1827.842456,2409.8918,572.995999
Semi-detached,1,H3,hybrid_bidirectional,best,1611.995716,2409.8918,497.087632
Semi-detached,1,H1,safe_unidirectional,worst,1849.849,2468.2332,575.712056
Semi-detached,1,H1,safe_unidirectional,best,1628.567032,2468.2332,497.92631
Semi-detached,1,H1,hybrid_bidirectional,worst,1849.849,2468.2332,575.712056
Semi-detached,1,H1,hybrid_bidirectional,best,1628.567032,2468.2332,497.92631
Semi-detached,1,H2,safe_unidirectional,worst,1849.849,2468.2332,575.712056
Semi-detached,1,H2,safe_unidirectional,best,1628.567032,2468.2332,497.92631
Semi-detached,1,H2,hybrid_bidirectional,worst,1849.849,2468.2332,575.712056
Semi-detached,1,H2,hybrid_bidirectional,best,1628.567032,2468.2332,497.92631
Semi-detached,1,H3,safe_unidirectional,worst,1849.849,2468.2332,575.712056
Semi-detached,1,H3,safe_unidirectional,best,1628.567032,2468.2332,497.92631
Semi-detached,1,H3,hybrid_bidirectional,worst,1849.849,2468.2332,575.712056
Semi-detached,1,H3,hybrid_bidirectional,best,1628.567032,2468.2332,497.92631
Semi-detached,1,H1,safe_unidirectional,worst,1830.877428,2484.4316,571.985173
Semi-detached,1,H1,safe_unidirectional,best,1632.025036,2484.4316,502.051433
Semi-detached,1,H1,hybrid_bidirectional,worst,1830.877428,2484.4316,571.985173
Semi-detached,1,H1,hybrid_bidirectional,best,1632.025036,2484.4316,502.051433
Semi-detached,1,H2,safe_unidirectional,worst,1830.877428,2484.4316,571.985173
Semi-detached,1,H2,safe_unidirectional,best,1632.025036,2484.4316,502.051433
Semi-detached,1,H2,hybrid_bidirectional,worst,1830.877428,2484.4316,571.985173
Semi-detached,1,H2,hybrid_bidirectional,best,1632.025036,2484.4316,502.051433
Semi-detached,1,H3,safe_unidirectional,worst,1830.877428,2484.4316,571.985173
Semi-detached,1,H3,safe_unidirectional,best,1632.025036,2484.4316,502.051433
Semi-detached,1,H3,hybrid_bidirectional,worst,1830.877428,2484.4316,571.985173
Semi-detached,1,H3,hybrid_bidirectional,best,1632.025036,2484.4316,502.051433
Semi-detached,1,H1,safe_unidirectional,worst,1847.352024,2476.0586,578.836097
Semi-detached,1,H1,safe_unidirectional,best,1606.88188,2476.0586,494.303463
Semi-detached,1,H1,hybrid_bidirectional,worst,1847.352024,2476.0586,578.836097
Semi-detached,1,H1,hybrid_bidirectional,best,1606.88188,2476.0586,494.303463
Semi-detached,1,H2,safe_unidirectional,worst,1847.352024,2476.0586,578.836097
Semi-detached,1,H2,safe_unidirectional,best,1606.88188,2476.0586,494.303463
Semi-detached,1,H2,hybrid_bidirectional,worst,1847.352024,2476.0586,578.836097
Semi-detached,1,H2,hybrid_bidirectional,best,1606.88188,2476.0586,494.303463
Semi-detached,1,H3,safe_unidirectional,worst,1847.352024,2476.0586,578.836097
Semi-detached,1,H3,safe_unidirectional,best,1606.88188,2476.0586,494.303463
Semi-detached,1,H3,hybrid_bidirectional,worst,1847.352024,2476.0586,578.836097
Semi-detached,1,H3,hybrid_bidirectional,best,1606.88188,2476.0586,494.303463
Semi-detached,1,H1,safe_unidirectional,worst,1878.864388,2497.516,584.480942
Semi-detached,1,H1,safe_unidirectional,best,1660.460036,2497.516,507.740017
Semi-detached,1,H1,hybrid_bidirectional,worst,1878.864388,2497.516,584.480942
Semi-detached,1,H1,hybrid_bidirectional,best,1660.460036,2497.516,507.740017
Semi-detached,1,H2,safe_unidirectional,worst,1878.864388,2497.516,584.480942
Semi-detached,1,H2,safe_unidirectional,best,1660.460036,2497.516,507.740017
Semi-detached,1,H2,hybrid_bidirectional,worst,1878.864388,2497.516,584.480942
Semi-detached,1,H2,hybrid_bidirectional,best,1660.460036,2497.516,507.740017
Semi-detached,1,H3,safe_unidirectional,worst,1878.864388,2497.516,584.480942
Semi-detached,1,H3,safe_unidirectional,best,1660.460036,2497.516,507.740017
Semi-detached,1,H3,hybrid_bidirectional,worst,1878.864388,2497.516,584.480942
Semi-detached,1,H3,hybrid_bidirectional,best,1660.460036,2497.516,507.740017
Semi-detached,1,H1,safe_unidirectional,worst,1956.53156,2645.3783,605.034854
Semi-detached,1,H1,safe_unidirectional,best,1747.42388,2645.3783,531.495775
Semi-detached,1,H1,hybrid_bidirectional,worst,1956.53156,2645.3783,605.034854
Semi-detached,1,H1,hybrid_bidirectional,best,1747.42388,2645.3783,531.495775
Semi-detached,1,H2,safe_unidirectional,worst,1956.53156,2645.3783,605.034854
Semi-detached,1,H2,safe_unidirectional,best,1747.42388,2645.3783,531.495775
Semi-detached,1,H2,hybrid_bidirectional,worst,1956.53156,2645.3783,605.034854
Semi-detached,1,H2,hybrid_bidirectional,best,1747.42388,2645.3783,531.495775
Semi-detached,1,H3,safe_unidirectional,worst,1956.53156,2645.3783,605.034854
Semi-detached,1,H3,safe_unidirectional,best,1747.42388,2645.3783,531.495775
Semi-detached,1,H3,hybrid_bidirectional,worst,1956.53156,2645.3783,605.034854
Semi-detached,1,H3,hybrid_bidirectional,best,1747.42388,2645.3783,531.495775
Semi-detached,1,H1,safe_unidirectional,worst,1974.355608,2661.6145,609.15303
Semi-detached,1,H1,safe_unidirectional,best,1792.322344,2661.6145,545.090501
Semi-detached,1,H1,hybrid_bidirectional,worst,1974.355608,2661.6145,609.15303
Semi-detached,1,H1,hybrid_bidirectional,best,1792.322344,2661.6145,545.090501
Semi-detached,1,H2,safe_unidirectional,worst,1974.355608,2661.6145,609.15303
Semi-detached,1,H2,safe_unidirectional,best,1792.322344,2661.6145,545.090501
Semi-detached,1,H2,hybrid_bidirectional,worst,1974.355608,2661.6145,609.15303
Semi-detached,1,H2,hybrid_bidirectional,best,1792.322344,2661.6145,545.090501
Semi-detached,1,H3,safe_unidirectional,worst,1974.355608,2661.6145,609.15303
Semi-detached,1,H3,safe_unidirectional,best,1792.322344,2661.6145,545.090501
Semi-detached,1,H3,hybrid_bidirectional,worst,1974.355608,2661.6145,609.15303
Semi-detached,1,H3,hybrid_bidirectional,best,1792.322344,2661.6145,545.090501
Semi-detached,1,H1,safe_unidirectional,worst,1817.721212,2464.2934,570.42124
Semi-detached,1,H1,safe_unidirectional,best,1622.39258,2464.2934,501.694952
Semi-detached,1,H1,hybrid_bidirectional,worst,1817.721212,2464.2934,570.42124
Semi-detached,1,H1,hybrid_bidirectional,best,1622.39258,2464.2934,501.694952
Semi-detached,1,H2,safe_unidirectional,worst,1817.721212,2464.2934,570.42124
Semi-detached,1,H2,safe_unidirectional,best,1622.39258,2464.2934,501.694952
Semi-detached,1,H2,hybrid_bidirectional,worst,1817.721212,2464.2934,570.42124
Semi-detached,1,H2,hybrid_bidirectional,best,1622.39258,2464.2934,501.694952
Semi-detached,1,H3,safe_unidirectional,worst,1817.721212,2464.2934,570.42124
Semi-detached,1,H3,safe_unidirectional,best,1622.39258,2464.2934,501.694952
Semi-detached,1,H3,hybrid_bidirectional,worst,1817.721212,2464.2934,570.42124
Semi-detached,1,H3,hybrid_bidirectional,best,1622.39258,2464.2934,501.694952
Semi-detached,1,H1,safe_unidirectional,worst,1952.413224,2615.7654,614.594116
Semi-detached,1,H1,safe_unidirectional,best,1747.740928,2615.7654,542.610858
Semi-detached,1,H1,hybrid_bidirectional,worst,1952.413224,2615.7654,614.594116
Semi-detached,1,H1,hybrid_bidirectional,best,1747.740928,2615.7654,542.610858
Semi-detached,1,H2,safe_unidirectional,worst,1952.413224,2615.7654,614.594116
Semi-detached,1,H2,safe_unidirectional,best,1747.740928,2615.7654,542.610858
Semi-detached,1,H2,hybrid_bidirectional,worst,1952.413224,2615.7654,614.594116
Semi-detached,1,H2,hybrid_bidirectional,best,1747.740928,2615.7654,542.610858
Semi-detached,1,H3,safe_unidirectional,worst,1952.413224,2615.7654,614.594116
Semi-detached,1,H3,safe_unidirectional,best,1747.740928,2615.7654,542.610858
Semi-detached,1,H3,hybrid_bidirectional,worst,1952.413224,2615.7654,614.594116
Semi-detached,1,H3,hybrid_bidirectional,best,1747.740928,2615.7654,542.610858
Semi-detached,1,H1,safe_unidirectional,worst,1720.231592,2326.3869,534.476643
Semi-detached,1,H1,safe_unidirectional,best,1532.682972,2326.3869,468.522425
Semi-detached,1,H1,hybrid_bidirectional,worst,1720.231592,2326.3869,534.476643
Semi-detached,1,H1,hybrid_bidirectional,best,1532.682972,2326.3869,468.522425
Semi-detached,1,H2,safe_unidirectional,worst,1720.231592,2326.3869,534.476643
Semi-detached,1,H2,safe_unidirectional,best,1532.682972,2326.3869,468.522425
Semi-detached,1,H2,hybrid_bidirectional,worst,1720.231592,2326.3869,534.476643
Semi-detached,1,H2,hybrid_bidirectional,best,1532.682972,2326.3869,468.522425
Semi-detached,1,H3,safe_unidirectional,worst,1720.231592,2326.3869,534.476643
Semi-detached,1,H3,safe_unidirectional,best,1532.682972,2326.3869,468.522425
Semi-detached,1,H3,hybrid_bidirectional,worst,1720.231592,2326.3869,534.476643
Semi-detached,1,H3,hybrid_bidirectional,best,1532.682972,2326.3869,468.522425
Semi-detached,1,H1,safe_unidirectional,worst,1801.073932,2434.7381,566.368424
Semi-detached,1,H1,safe_unidirectional,best,1583.320404,2434.7381,489.85089
Semi-detached,1,H1,hybrid_bidirectional,worst,1801.073932,2434.7381,566.368424
Semi-detached,1,H1,hybrid_bidirectional,best,1583.320404,2434.7381,489.85089
Semi-detached,1,H2,safe_unidirectional,worst,1801.073932,2434.7381,566.368424
Semi-detached,1,H2,safe_unidirectional,best,1583.320404,2434.7381,489.85089
Semi-detached,1,H2,hybrid_bidirectional,worst,1801.073932,2434.7381,566.368424
Semi-detached,1,H2,hybrid_bidirectional,best,1583.320404,2434.7381,489.85089
Semi-detached,1,H3,safe_unidirectional,worst,1801.073932,2434.7381,566.368424
Semi-detached,1,H3,safe_unidirectional,best,1583.320404,2434.7381,489.85089
Semi-detached,1,H3,hybrid_bidirectional,worst,1801.073932,2434.7381,566.368424
Semi-detached,1,H3,hybrid_bidirectional,best,1583.320404,2434.7381,489.85089
Semi-detached,1,H1,safe_unidirectional,worst,1861.706316,2506.8651,579.977742
Semi-detached,1,H1,safe_unidirectional,best,1623.598816,2506.8651,496.298678
Semi-detached,1,H1,hybrid_bidirectional,worst,1861.706316,2506.8651,579.977742
Semi-detached,1,H1,hybrid_bidirectional,best,1623.598816,2506.8651,496.298678
Semi-detached,1,H2,safe_unidirectional,worst,1861.706316,2506.8651,579.977742
Semi-detached,1,H2,safe_unidirectional,best,1623.598816,2506.8651,496.298678
Semi-detached,1,H2,hybrid_bidirectional,worst,1861.706316,2506.8651,579.977742
Semi-detached,1,H2,hybrid_bidirectional,best,1623.598816,2506.8651,496.298678
Semi-detached,1,H3,safe_unidirectional,worst,1861.706316,2506.8651,579.977742
Semi-detached,1,H3,safe_unidirectional,best,1623.598816,2506.8651,496.298678
Semi-detached,1,H3,hybrid_bidirectional,worst,1861.706316,2506.8651,579.977742
Semi-detached,1,H3,hybrid_bidirectional,best,1623.598816,2506.8651,496.298678
Semi-detached,1,H1,safe_unidirectional,worst,1818.560496,2453.8955,573.254672
Semi-detached,1,H1,safe_unidirectional,best,1588.870604,2453.8955,492.535316
Semi-detached,1,H1,hybrid_bidirectional,worst,1818.560496,2453.8955,573.254672
Semi-detached,1,H1,hybrid_bidirectional,best,1588.870604,2453.8955,492.535316
Semi-detached,1,H2,safe_unidirectional,worst,1818.560496,2453.8955,573.254672
Semi-detached,1,H2,safe_unidirectional,best,1588.870604,2453.8955,492.535316
Semi-detached,1,H2,hybrid_bidirectional,worst,1818.560496,2453.8955,573.254672
Semi-detached,1,H2,hybrid_bidirectional,best,1588.870604,2453.8955,492.535316
Semi-detached,1,H3,safe_unidirectional,worst,1818.560496,2453.8955,573.254672
Semi-detached,1,H3,safe_unidirectional,best,1588.870604,2453.8955,492.535316
Semi-detached,1,H3,hybrid_bidirectional,worst,1818.560496,2453.8955,573.254672
Semi-detached,1,H3,hybrid_bidirectional,best,1588.870604,2453.8955,492.535316
Semi-detached,1,H1,safe_unidirectional,worst,1718.172768,2322.0068,541.076265
Semi-detached,1,H1,safe_unidirectional,best,1507.730968,2322.0068,467.125721
Semi-detached,1,H1,hybrid_bidirectional,worst,1718.172768,2322.0068,541.076265
Semi-detached,1,H1,hybrid_bidirectional,best,1507.730968,2322.0068,467.125721
Semi-detached,1,H2,safe_unidirectional,worst,1718.172768,2322.0068,541.076265
Semi-detached,1,H2,safe_unidirectional,best,1507.730968,2322.0068,467.125721
Semi-detached,1,H2,hybrid_bidirectional,worst,1718.172768,2322.0068,541.076265
Semi-detached,1,H2,hybrid_bidirectional,best,1507.730968,2322.0068,467.125721
Semi-detached,1,H3,safe_unidirectional,worst,1718.172768,2322.0068,541.076265
Semi-detached,1,H3,safe_unidirectional,best,1507.730968,2322.0068,467.125721
Semi-detached,1,H3,hybrid_bidirectional,worst,1718.172768,2322.0068,541.076265
Semi-detached,1,H3,hybrid_bidirectional,best,1507.730968,2322.0068,467.125721
Semi-detached,1,H1,safe_unidirectional,worst,1824.491368,2455.5838,570.385637
Semi-detached,1,H1,safe_unidirectional,best,1612.125596,2455.5838,495.704844
Semi-detached,1,H1,hybrid_bidirectional,worst,1824.491368,2455.5838,570.385637
Semi-detached,1,H1,hybrid_bidirectional,best,1612.125596,2455.5838,495.704844
Semi-detached,1,H2,safe_unidirectional,worst,1824.491368,2455.5838,570.385637
Semi-detached,1,H2,safe_unidirectional,best,1612.125596,2455.5838,495.704844
Semi-detached,1,H2,hybrid_bidirectional,worst,1824.491368,2455.5838,570.385637
Semi-detached,1,H2,hybrid_bidirectional,best,1612.125596,2455.5838,495.704844
Semi-detached,1,H3,safe_unidirectional,worst,1824.491368,2455.5838,570.385637
Semi-detached,1,H3,safe_unidirectional,best,1612.125596,2455.5838,495.704844
Semi-detached,1,H3,hybrid_bidirectional,worst,1824.491368,2455.5838,570.385637
Semi-detached,1,H3,hybrid_bidirectional,best,1612.125596,2455.5838,495.704844
Semi-detached,1,H1,safe_unidirectional,worst,1804.115912,2418.9967,566.420351
Semi-detached,1,H1,safe_unidirectional,best,1619.68402,2418.9967,501.549996
Semi-detached,1,H1,hybrid_bidirectional,worst,1804.115912,2418.9967,566.420351
Semi-detached,1,H1,hybrid_bidirectional,best,1619.68402,2418.9967,501.549996
Semi-detached,1,H2,safe_unidirectional,worst,1804.115912,2418.9967,566.420351
Semi-detached,1,H2,safe_unidirectional,best,1619.68402,2418.9967,501.549996
Semi-detached,1,H2,hybrid_bidirectional,worst,1804.115912,2418.9967,566.420351
Semi-detached,1,H2,hybrid_bidirectional,best,1619.68402,2418.9967,501.549996
Semi-detached,1,H3,safe_unidirectional,worst,1804.115912,2418.9967,566.420351
Semi-detached,1,H3,safe_unidirectional,best,1619.68402,2418.9967,501.549996
Semi-detached,1,H3,hybrid_bidirectional,worst,1804.115912,2418.9967,566.420351
Semi-detached,1,H3,hybrid_bidirectional,best,1619.68402,2418.9967,501.549996
Semi-detached,1,H1,safe_unidirectional,worst,1812.214276,2430.973,567.38508
Semi-detached,1,H1,safe_unidirectional,best,1606.599772,2430.973,495.12086
Semi-detached,1,H1,hybrid_bidirectional,worst,1812.214276,2430.973,567.38508
Semi-detached,1,H1,hybrid_bidirectional,best,1606.599772,2430.973,495.12086
Semi-detached,1,H2,safe_unidirectional,worst,1812.214276,2430.973,567.38508
Semi-detached,1,H2,safe_unidirectional,best,1606.599772,2430.973,495.12086
Semi-detached,1,H2,hybrid_bidirectional,worst,1812.214276,2430.973,567.38508
Semi-detached,1,H2,hybrid_bidirectional,best,1606.599772,2430.973,495.12086
Semi-detached,1,H3,safe_unidirectional,worst,1812.214276,2430.973,567.38508
Semi-detached,1,H3,safe_unidirectional,best,1606.599772,2430.973,495.12086
Semi-detached,1,H3,hybrid_bidirectional,worst,1812.214276,2430.973,567.38508
Semi-detached,1,H3,hybrid_bidirectional,best,1606.599772,2430.973,495.12086
Semi-detached,1,H1,safe_unidirectional,worst,1847.834004,2547.2269,579.49383
Semi-detached,1,H1,safe_unidirectional,best,1650.33834,2547.2269,510.00916
Semi-detached,1,H1,hybrid_bidirectional,worst,1847.834004,2547.2269,579.49383
Semi-detached,1,H1,hybrid_bidirectional,best,1650.33834,2547.2269,510.00916
Semi-detached,1,H2,safe_unidirectional,worst,1847.834004,2547.2269,579.49383
Semi-detached,1,H2,safe_unidirectional,best,1650.33834,2547.2269,510.00916
Semi-detached,1,H2,hybrid_bidirectional,worst,1847.834004,2547.2269,579.49383
Semi-detached,1,H2,hybrid_bidirectional,best,1650.33834,2547.2269,510.00916
Semi-detached,1,H3,safe_unidirectional,worst,1847.834004,2547.2269,579.49383
Semi-detached,1,H3,safe_unidirectional,best,1650.33834,2547.2269,510.00916
Semi-detached,1,H3,hybrid_bidirectional,worst,1847.834004,2547.2269,579.49383
Semi-detached,1,H3,hybrid_bidirectional,best,1650.33834,2547.2269,510.00916
Semi-detached,1,H1,safe_unidirectional,worst,1933.057168,2606.7846,594.890579
Semi-detached,1,H1,safe_unidirectional,best,1716.97272,2606.7846,518.903661
Semi-detached,1,H1,hybrid_bidirectional,worst,1933.057168,2606.7846,594.890579
Semi-detached,1,H1,hybrid_bidirectional,best,1716.97272,2606.7846,518.903661
Semi-detached,1,H2,safe_unidirectional,worst,1933.057168,2606.7846,594.890579
Semi-detached,1,H2,safe_unidirectional,best,1716.97272,2606.7846,518.903661
Semi-detached,1,H2,hybrid_bidirectional,worst,1933.057168,2606.7846,594.890579
Semi-detached,1,H2,hybrid_bidirectional,best,1716.97272,2606.7846,518.903661
Semi-detached,1,H3,safe_unidirectional,worst,1933.057168,2606.7846,594.890579
Semi-detached,1,H3,safe_unidirectional,best,1716.97272,2606.7846,518.903661
Semi-detached,1,H3,hybrid_bidirectional,worst,1933.057168,2606.7846,594.890579
Semi-detached,1,H3,hybrid_bidirectional,best,1716.97272,2606.7846,518.903661
Semi-detached,1,H1,safe_unidirectional,worst,1832.573788,2464.6048,569.737015
Semi-detached,1,H1,safe_unidirectional,best,1645.109796,2464.6048,503.863805
Semi-detached,1,H1,hybrid_bidirectional,worst,1832.573788,2464.6048,569.737015
Semi-detached,1,H1,hybrid_bidirectional,best,1645.109796,2464.6048,503.863805
Semi-detached,1,H2,safe_unidirectional,worst,1832.573788,2464.6048,569.737015
Semi-detached,1,H2,safe_unidirectional,best,1645.109796,2464.6048,503.863805
Semi-detached,1,H2,hybrid_bidirectional,worst,1832.573788,2464.6048,569.737015
Semi-detached,1,H2,hybrid_bidirectional,best,1645.109796,2464.6048,503.863805
Semi-detached,1,H3,safe_unidirectional,worst,1832.573788,2464.6048,569.737015
Semi-detached,1,H3,safe_unidirectional,best,1645.109796,2464.6048,503.863805
Semi-detached,1,H3,hybrid_bidirectional,worst,1832.573788,2464.6048,569.737015
Semi-detached,1,H3,hybrid_bidirectional,best,1645.109796,2464.6048,503.863805
Semi-detached,1,H1,safe_unidirectional,worst,1857.820316,2503.3211,578.121959
Semi-detached,1,H1,safe_unidirectional,best,1651.336332,2503.3211,505.527838
Semi-detached,1,H1,hybrid_bidirectional,worst,1857.820316,2503.3211,578.121959
Semi-detached,1,H1,hybrid_bidirectional,best,1651.336332,2503.3211,505.527838
Semi-detached,1,H2,safe_unidirectional,worst,1857.820316,2503.3211,578.121959
Semi-detached,1,H2,safe_unidirectional,best,1651.336332,2503.3211,505.527838
Semi-detached,1,H2,hybrid_bidirectional,worst,1857.820316,2503.3211,578.121959
Semi-detached,1,H2,hybrid_bidirectional,best,1651.336332,2503.3211,505.527838
Semi-detached,1,H3,safe_unidirectional,worst,1857.820316,2503.3211,578.121959
Semi-detached,1,H3,safe_unidirectional,best,1651.336332,2503.3211,505.527838
Semi-detached,1,H3,hybrid_bidirectional,worst,1857.820316,2503.3211,578.121959
Semi-detached,1,H3,hybrid_bidirectional,best,1651.336332,2503.3211,505.527838
Semi-detached,1,H1,safe_unidirectional,worst,1794.956056,2439.6054,560.100544
Semi-detached,1,H1,safe_unidirectional,best,1604.619372,2439.6054,493.134397
Semi-detached,1,H1,hybrid_bidirectional,worst,1794.956056,2439.6054,560.100544
Semi-detached,1,H1,hybrid_bidirectional,best,1604.619372,2439.6054,493.134397
Semi-detached,1,H2,safe_unidirectional,worst,1794.956056,2439.6054,560.100544
Semi-detached,1,H2,safe_unidirectional,best,1604.619372,2439.6054,493.134397
Semi-detached,1,H2,hybrid_bidirectional,worst,1794.956056,2439.6054,560.100544
Semi-detached,1,H2,hybrid_bidirectional,best,1604.619372,2439.6054,493.134397
Semi-detached,1,H3,safe_unidirectional,worst,1794.956056,2439.6054,560.100544
Semi-detached,1,H3,safe_unidirectional,best,1604.619372,2439.6054,493.134397
Semi-detached,1,H3,hybrid_bidirectional,worst,1794.956056,2439.6054,560.100544
Semi-detached,1,H3,hybrid_bidirectional,best,1604.619372,2439.6054,493.134397
Semi-detached,1,H1,safe_unidirectional,worst,1719.975436,2328.4933,535.362065
Semi-detached,1,H1,safe_unidirectional,best,1537.407844,2328.4933,471.15808
Semi-detached,1,H1,hybrid_bidirectional,worst,1719.975436,2328.4933,535.362065
Semi-detached,1,H1,hybrid_bidirectional,best,1537.407844,2328.4933,471.15808
Semi-detached,1,H2,safe_unidirectional,worst,1719.975436,2328.4933,535.362065
Semi-detached,1,H2,safe_unidirectional,best,1537.407844,2328.4933,471.15808
Semi-detached,1,H2,hybrid_bidirectional,worst,1719.975436,2328.4933,535.362065
Semi-detached,1,H2,hybrid_bidirectional,best,1537.407844,2328.4933,471.15808
Semi-detached,1,H3,safe_unidirectional,worst,1719.975436,2328.4933,535.362065
Semi-detached,1,H3,safe_unidirectional,best,1537.407844,2328.4933,471.15808
Semi-detached,1,H3,hybrid_bidirectional,worst,1719.975436,2328.4933,535.362065
Semi-detached,1,H3,hybrid_bidirectional,best,1537.407844,2328.4933,471.15808
Semi-detached,1,H1,safe_unidirectional,worst,2003.74996,2682.6039,619.21973
Semi-detached,1,H1,safe_unidirectional,best,1780.757924,2682.6039,540.788216
Semi-detached,1,H1,hybrid_bidirectional,worst,2003.74996,2682.6039,619.21973
Semi-detached,1,H1,hybrid_bidirectional,best,1780.757924,2682.6039,540.788216
Semi-detached,1,H2,safe_unidirectional,worst,2003.74996,2682.6039,619.21973
Semi-detached,1,H2,safe_unidirectional,best,1780.757924,2682.6039,540.788216
Semi-detached,1,H2,hybrid_bidirectional,worst,2003.74996,2682.6039,619.21973
Semi-detached,1,H2,hybrid_bidirectional,best,1780.757924,2682.6039,540.788216
Semi-detached,1,H3,safe_unidirectional,worst,2003.74996,2682.6039,619.21973
Semi-detached,1,H3,safe_unidirectional,best,1780.757924,2682.6039,540.788216
Semi-detached,1,H3,hybrid_bidirectional,worst,2003.74996,2682.6039,619.21973
Semi-detached,1,H3,hybrid_bidirectional,best,1780.757924,2682.6039,540.788216
Semi-detached,1,H1,safe_unidirectional,worst,1775.872708,2431.4287,556.217946
Semi-detached,1,H1,safe_unidirectional,best,1573.807292,2431.4287,485.186841
Semi-detached,1,H1,hybrid_bidirectional,worst,1775.872708,2431.4287,556.217946
Semi-detached,1,H1,hybrid_bidirectional,best,1573.807292,2431.4287,485.186841
Semi-detached,1,H2,safe_unidirectional,worst,1775.872708,2431.4287,556.217946
Semi-detached,1,H2,safe_unidirectional,best,1573.807292,2431.4287,485.186841
Semi-detached,1,H2,hybrid_bidirectional,worst,1775.872708,2431.4287,556.217946
Semi-detached,1,H2,hybrid_bidirectional,best,1573.807292,2431.4287,485.186841
Semi-detached,1,H3,safe_unidirectional,worst,1775.872708,2431.4287,556.217946
Semi-detached,1,H3,safe_unidirectional,best,1573.807292,2431.4287,485.186841
Semi-detached,1,H3,hybrid_bidirectional,worst,1775.872708,2431.4287,556.217946
Semi-detached,1,H3,hybrid_bidirectional,best,1573.807292,2431.4287,485.186841
Semi-detached,1,H1,safe_unidirectional,worst,1871.297784,2545.3024,582.594645
Semi-detached,1,H1,safe_unidirectional,best,1654.72204,2545.3024,506.495694
Semi-detached,1,H1,hybrid_bidirectional,worst,1871.297784,2545.3024,582.594645
Semi-detached,1,H1,hybrid_bidirectional,best,1654.72204,2545.3024,506.495694
Semi-detached,1,H2,safe_unidirectional,worst,1871.297784,2545.3024,582.594645
Semi-detached,1,H2,safe_unidirectional,best,1654.72204,2545.3024,506.495694
Semi-detached,1,H2,hybrid_bidirectional,worst,1871.297784,2545.3024,582.594645
Semi-detached,1,H2,hybrid_bidirectional,best,1654.72204,2545.3024,506.495694
Semi-detached,1,H3,safe_unidirectional,worst,1871.297784,2545.3024,582.594645
Semi-detached,1,H3,safe_unidirectional,best,1654.72204,2545.3024,506.495694
Semi-detached,1,H3,hybrid_bidirectional,worst,1871.297784,2545.3024,582.594645
Semi-detached,1,H3,hybrid_bidirectional,best,1654.72204,2545.3024,506.495694
Semi-detached,1,H1,safe_unidirectional,worst,1760.357796,2406.9338,547.639111
Semi-detached,1,H1,safe_unidirectional,best,1550.354748,2406.9338,473.876026
Semi-detached,1,H1,hybrid_bidirectional,worst,1760.357796,2406.9338,547.639111
Semi-detached,1,H1,hybrid_bidirectional,best,1550.354748,2406.9338,473.876026
Semi-detached,1,H2,safe_unidirectional,worst,1760.357796,2406.9338,547.639111
Semi-detached,1,H2,safe_unidirectional,best,1550.354748,2406.9338,473.876026
Semi-detached,1,H2,hybrid_bidirectional,worst,1760.357796,2406.9338,547.639111
Semi-detached,1,H2,hybrid_bidirectional,best,1550.354748,2406.9338,473.876026
Semi-detached,1,H3,safe_unidirectional,worst,1760.357796,2406.9338,547.639111
Semi-detached,1,H3,safe_unidirectional,best,1550.354748,2406.9338,473.876026
Semi-detached,1,H3,hybrid_bidirectional,worst,1760.357796,2406.9338,547.639111
Semi-detached,1,H3,hybrid_bidirectional,best,1550.354748,2406.9338,473.876026
Semi-detached,1,H1,safe_unidirectional,worst,1708.08396,2309.1711,535.638045
Semi-detached,1,H1,safe_unidirectional,best,1511.32272,2309.1711,466.430114
Semi-detached,1,H1,hybrid_bidirectional,worst,1708.08396,2309.1711,535.638045
Semi-detached,1,H1,hybrid_bidirectional,best,1511.32272,2309.1711,466.430114
Semi-detached,1,H2,safe_unidirectional,worst,1708.08396,2309.1711,535.638045
Semi-detached,1,H2,safe_unidirectional,best,1511.32272,2309.1711,466.430114
Semi-detached,1,H2,hybrid_bidirectional,worst,1708.08396,2309.1711,535.638045
Semi-detached,1,H2,hybrid_bidirectional,best,1511.32272,2309.1711,466.430114
Semi-detached,1,H3,safe_unidirectional,worst,1708.08396,2309.1711,535.638045
Semi-detached,1,H3,safe_unidirectional,best,1511.32272,2309.1711,466.430114
Semi-detached,1,H3,hybrid_bidirectional,worst,1708.08396,2309.1711,535.638045
Semi-detached,1,H3,hybrid_bidirectional,best,1511.32272,2309.1711,466.430114
Semi-detached,1,H1,safe_unidirectional,worst,1842.3804,2540.3629,577.677141
Semi-detached,1,H1,safe_unidirectional,best,1642.658152,2540.3629,507.452743
Semi-detached,1,H1,hybrid_bidirectional,worst,1842.3804,2540.3629,577.677141
Semi-detached,1,H1,hybrid_bidirectional,best,1642.658152,2540.3629,507.452743
Semi-detached,1,H2,safe_unidirectional,worst,1842.3804,2540.3629,577.677141
Semi-detached,1,H2,safe_unidirectional,best,1642.658152,2540.3629,507.452743
Semi-detached,1,H2,hybrid_bidirectional,worst,1842.3804,2540.3629,577.677141
Semi-detached,1,H2,hybrid_bidirectional,best,1642.658152,2540.3629,507.452743
Semi-detached,1,H3,safe_unidirectional,worst,1842.3804,2540.3629,577.677141
Semi-detached,1,H3,safe_unidirectional,best,1642.658152,2540.3629,507.452743
Semi-detached,1,H3,hybrid_bidirectional,worst,1842.3804,2540.3629,577.677141
Semi-detached,1,H3,hybrid_bidirectional,best,1642.658152,2540.3629,507.452743
Semi-detached,1,H1,safe_unidirectional,worst,1843.124668,2486.7872,576.089648
Semi-detached,1,H1,safe_unidirectional,best,1641.967488,2486.7872,505.390751
Semi-detached,1,H1,hybrid_bidirectional,worst,1843.124668,2486.7872,576.089648
Semi-detached,1,H1,hybrid_bidirectional,best,1641.967488,2486.7872,505.390751
Semi-detached,1,H2,safe_unidirectional,worst,1843.124668,2486.7872,576.089648
Semi-detached,1,H2,safe_unidirectional,best,1641.967488,2486.7872,505.390751
Semi-detached,1,H2,hybrid_bidirectional,worst,1843.124668,2486.7872,576.089648
Semi-detached,1,H2,hybrid_bidirectional,best,1641.967488,2486.7872,505.390751
Semi-detached,1,H3,safe_unidirectional,worst,1843.124668,2486.7872,576.089648
Semi-detached,1,H3,safe_unidirectional,best,1641.967488,2486.7872,505.390751
Semi-detached,1,H3,hybrid_bidirectional,worst,1843.124668,2486.7872,576.089648
Semi-detached,1,H3,hybrid_bidirectional,best,1641.967488,2486.7872,505.390751
Semi-detached,1,H1,safe_unidirectional,worst,1905.630416,2573.4176,594.18949
Semi-detached,1,H1,safe_unidirectional,best,1679.073404,2573.4176,514.564404
Semi-detached,1,H1,hybrid_bidirectional,worst,1905.630416,2573.4176,594.18949
Semi-detached,1,H1,hybrid_bidirectional,best,1679.073404,2573.4176,514.564404
Semi-detached,1,H2,safe_unidirectional,worst,1905.630416,2573.4176,594.18949
Semi-detached,1,H2,safe_unidirectional,best,1679.073404,2573.4176,514.564404
Semi-detached,1,H2,hybrid_bidirectional,worst,1905.630416,2573.4176,594.18949
Semi-detached,1,H2,hybrid_bidirectional,best,1679.073404,2573.4176,514.564404
Semi-detached,1,H3,safe_unidirectional,worst,1905.630416,2573.4176,594.18949
Semi-detached,1,H3,safe_unidirectional,best,1679.073404,2573.4176,514.564404
Semi-detached,1,H3,hybrid_bidirectional,worst,1905.630416,2573.4176,594.18949
Semi-detached,1,H3,hybrid_bidirectional,best,1679.073404,2573.4176,514.564404
Semi-detached,1,H1,safe_unidirectional,worst,1851.442084,2470.4254,577.144739
Semi-detached,1,H1,safe_unidirectional,best,1634.79816,2470.4254,501.006621
Semi-detached,1,H1,hybrid_bidirectional,worst,1851.442084,2470.4254,577.144739
Semi-detached,1,H1,hybrid_bidirectional,best,1634.79816,2470.4254,501.006621
Semi-detached,1,H2,safe_unidirectional,worst,1851.442084,2470.4254,577.144739
Semi-detached,1,H2,safe_unidirectional,best,1634.79816,2470.4254,501.006621
Semi-detached,1,H2,hybrid_bidirectional,worst,1851.442084,2470.4254,577.144739
Semi-detached,1,H2,hybrid_bidirectional,best,1634.79816,2470.4254,501.006621
Semi-detached,1,H3,safe_unidirectional,worst,1851.442084,2470.4254,577.144739
Semi-detached,1,H3,safe_unidirectional,best,1634.79816,2470.4254,501.006621
Semi-detached,1,H3,hybrid_bidirectional,worst,1851.442084,2470.4254,577.144739
Semi-detached,1,H3,hybrid_bidirectional,best,1634.79816,2470.4254,501.006621
Semi-detached,1,H1,safe_unidirectional,worst,1634.430916,2234.8551,516.318954
Semi-detached,1,H1,safe_unidirectional,best,1447.793768,2234.8551,450.67598
Semi-detached,1,H1,hybrid_bidirectional,worst,1634.430916,2234.8551,516.318954
Semi-detached,1,H1,hybrid_bidirectional,best,1447.793768,2234.8551,450.67598
Semi-detached,1,H2,safe_unidirectional,worst,1634.430916,2234.8551,516.318954
Semi-detached,1,H2,safe_unidirectional,best,1447.793768,2234.8551,450.67598
Semi-detached,1,H2,hybrid_bidirectional,worst,1634.430916,2234.8551,516.318954
Semi-detached,1,H2,hybrid_bidirectional,best,1447.793768,2234.8551,450.67598
Semi-detached,1,H3,safe_unidirectional,worst,1634.430916,2234.8551,516.318954
Semi-detached,1,H3,safe_unidirectional,best,1447.793768,2234.8551,450.67598
Semi-detached,1,H3,hybrid_bidirectional,worst,1634.430916,2234.8551,516.318954
Semi-detached,1,H3,hybrid_bidirectional,best,1447.793768,2234.8551,450.67598
Semi-detached,1,H1,safe_unidirectional,worst,1853.436312,2512.2482,577.962682
Semi-detached,1,H1,safe_unidirectional,best,1637.851372,2512.2482,502.172601
Semi-detached,1,H1,hybrid_bidirectional,worst,1853.436312,2512.2482,577.962682
Semi-detached,1,H1,hybrid_bidirectional,best,1637.851372,2512.2482,502.172601
Semi-detached,1,H2,safe_unidirectional,worst,1853.436312,2512.2482,577.962682
Semi-detached,1,H2,safe_unidirectional,best,1637.851372,2512.2482,502.172601
Semi-detached,1,H2,hybrid_bidirectional,worst,1853.436312,2512.2482,577.962682
Semi-detached,1,H2,hybrid_bidirectional,best,1637.851372,2512.2482,502.172601
Semi-detached,1,H3,safe_unidirectional,worst,1853.436312,2512.2482,577.962682
Semi-detached,1,H3,safe_unidirectional,best,1637.851372,2512.2482,502.172601
Semi-detached,1,H3,hybrid_bidirectional,worst,1853.436312,2512.2482,577.962682
Semi-detached,1,H3,hybrid_bidirectional,best,1637.851372,2512.2482,502.172601
Semi-detached,1,H1,safe_unidirectional,worst,1786.368888,2394.5479,555.711161
Semi-detached,1,H1,safe_unidirectional,best,1602.261612,2394.5479,490.980997
Semi-detached,1,H1,hybrid_bidirectional,worst,1786.368888,2394.5479,555.711161
Semi-detached,1,H1,hybrid_bidirectional,best,1602.261612,2394.5479,490.980997
Semi-detached,1,H2,safe_unidirectional,worst,1786.368888,2394.5479,555.711161
Semi-detached,1,H2,safe_unidirectional,best,1602.261612,2394.5479,490.980997
Semi-detached,1,H2,hybrid_bidirectional,worst,1786.368888,2394.5479,555.711161
Semi-detached,1,H2,hybrid_bidirectional,best,1602.261612,2394.5479,490.980997
Semi-detached,1,H3,safe_unidirectional,worst,1786.368888,2394.5479,555.711161
Semi-detached,1,H3,safe_unidirectional,best,1602.261612,2394.5479,490.980997
Semi-detached,1,H3,hybrid_bidirectional,worst,1786.368888,2394.5479,555.711161
Semi-detached,1,H3,hybrid_bidirectional,best,1602.261612,2394.5479,490.980997
Semi-detached,1,H1,safe_unidirectional,worst,1827.54194,2460.3433,570.015791
Semi-detached,1,H1,safe_unidirectional,best,1639.000488,2460.3433,503.713267
Semi-detached,1,H1,hybrid_bidirectional,worst,1827.54194,2460.3433,570.015791
Semi-detached,1,H1,hybrid_bidirectional,best,1639.000488,2460.3433,503.713267
Semi-detached,1,H2,safe_unidirectional,worst,1827.54194,2460.3433,570.015791
Semi-detached,1,H2,safe_unidirectional,best,1639.000488,2460.3433,503.713267
Semi-detached,1,H2,hybrid_bidirectional,worst,1827.54194,2460.3433,570.015791
Semi-detached,1,H2,hybrid_bidirectional,best,1639.000488,2460.3433,503.713267
Semi-detached,1,H3,safe_unidirectional,worst,1827.54194,2460.3433,570.015791
Semi-detached,1,H3,safe_unidirectional,best,1639.000488,2460.3433,503.713267
Semi-detached,1,H3,hybrid_bidirectional,worst,1827.54194,2460.3433,570.015791
Semi-detached,1,H3,hybrid_bidirectional,best,1639.000488,2460.3433,503.713267
Semi-detached,1,H1,safe_unidirectional,worst,1823.940048,2444.1182,570.516826
Semi-detached,1,H1,safe_unidirectional,best,1616.227548,2444.1182,497.519282
Semi-detached,1,H1,hybrid_bidirectional,worst,1823.940048,2444.1182,570.516826
Semi-detached,1,H1,hybrid_bidirectional,best,1616.227548,2444.1182,497.519282
Semi-detached,1,H2,safe_unidirectional,worst,1823.940048,2444.1182,570.516826
Semi-detached,1,H2,safe_unidirectional,best,1616.227548,2444.1182,497.519282
Semi-detached,1,H2,hybrid_bidirectional,worst,1823.940048,2444.1182,570.516826
Semi-detached,1,H2,hybrid_bidirectional,best,1616.227548,2444.1182,497.519282
Semi-detached,1,H3,safe_unidirectional,worst,1823.940048,2444.1182,570.516826
Semi-detached,1,H3,safe_unidirectional,best,1616.227548,2444.1182,497.519282
Semi-detached,1,H3,hybrid_bidirectional,worst,1823.940048,2444.1182,570.516826
Semi-detached,1,H3,hybrid_bidirectional,best,1616.227548,2444.1182,497.519282
Semi-detached,1,H1,safe_unidirectional,worst,1827.503184,2425.2868,572.388024
Semi-detached,1,H1,safe_unidirectional,best,1619.909236,2425.2868,499.439949
Semi-detached,1,H1,hybrid_bidirectional,worst,1827.503184,2425.2868,572.388024
Semi-detached,1,H1,hybrid_bidirectional,best,1619.909236,2425.2868,499.439949
Semi-detached,1,H2,safe_unidirectional,worst,1827.503184,2425.2868,572.388024
Semi-detached,1,H2,safe_unidirectional,best,1619.909236,2425.2868,499.439949
Semi-detached,1,H2,hybrid_bidirectional,worst,1827.503184,2425.2868,572.388024
Semi-detached,1,H2,hybrid_bidirectional,best,1619.909236,2425.2868,499.439949
Semi-detached,1,H3,safe_unidirectional,worst,1827.503184,2425.2868,572.388024
Semi-detached,1,H3,safe_unidirectional,best,1619.909236,2425.2868,499.439949
Semi-detached,1,H3,hybrid_bidirectional,worst,1827.503184,2425.2868,572.388024
Semi-detached,1,H3,hybrid_bidirectional,best,1619.909236,2425.2868,499.439949
Semi-detached,1,H1,safe_unidirectional,worst,1828.80092,2476.9392,574.135625
Semi-detached,1,H1,safe_unidirectional,best,1623.963888,2476.9392,502.080814
Semi-detached,1,H1,hybrid_bidirectional,worst,1828.80092,2476.9392,574.135625
Semi-detached,1,H1,hybrid_bidirectional,best,1623.963888,2476.9392,502.080814
Semi-detached,1,H2,safe_unidirectional,worst,1828.80092,2476.9392,574.135625
Semi-detached,1,H2,safe_unidirectional,best,1623.963888,2476.9392,502.080814
Semi-detached,1,H2,hybrid_bidirectional,worst,1828.80092,2476.9392,574.135625
Semi-detached,1,H2,hybrid_bidirectional,best,1623.963888,2476.9392,502.080814
Semi-detached,1,H3,safe_unidirectional,worst,1828.80092,2476.9392,574.135625
Semi-detached,1,H3,safe_unidirectional,best,1623.963888,2476.9392,502.080814
Semi-detached,1,H3,hybrid_bidirectional,worst,1828.80092,2476.9392,574.135625
Semi-detached,1,H3,hybrid_bidirectional,best,1623.963888,2476.9392,502.080814
Semi-detached,1,H1,safe_unidirectional,worst,1910.423984,2532.2063,595.78062
Semi-detached,1,H1,safe_unidirectional,best,1671.013672,2532.2063,511.635054
Semi-detached,1,H1,hybrid_bidirectional,worst,1910.423984,2532.2063,595.78062
Semi-detached,1,H1,hybrid_bidirectional,best,1671.013672,2532.2063,511.635054
Semi-detached,1,H2,safe_unidirectional,worst,1910.423984,2532.2063,595.78062
Semi-detached,1,H2,safe_unidirectional,best,1671.013672,2532.2063,511.635054
Semi-detached,1,H2,hybrid_bidirectional,worst,1910.423984,2532.2063,595.78062
Semi-detached,1,H2,hybrid_bidirectional,best,1671.013672,2532.2063,511.635054
Semi-detached,1,H3,safe_unidirectional,worst,1910.423984,2532.2063,595.78062
Semi-detached,1,H3,safe_unidirectional,best,1671.013672,2532.2063,511.635054
Semi-detached,1,H3,hybrid_bidirectional,worst,1910.423984,2532.2063,595.78062
Semi-detached,1,H3,hybrid_bidirectional,best,1671.013672,2532.2063,511.635054
Semi-detached,1,H1,safe_unidirectional,worst,1923.8825,2549.4946,600.112361
Semi-detached,1,H1,safe_unidirectional,best,1721.487008,2549.4946,528.955096
Semi-detached,1,H1,hybrid_bidirectional,worst,1923.8825,2549.4946,600.112361
Semi-detached,1,H1,hybrid_bidirectional,best,1721.487008,2549.4946,528.955096
Semi-detached,1,H2,safe_unidirectional,worst,1923.8825,2549.4946,600.112361
Semi-detached,1,H2,safe_unidirectional,best,1721.487008,2549.4946,528.955096
Semi-detached,1,H2,hybrid_bidirectional,worst,1923.8825,2549.4946,600.112361
Semi-detached,1,H2,hybrid_bidirectional,best,1721.487008,2549.4946,528.955096
Semi-detached,1,H3,safe_unidirectional,worst,1923.8825,2549.4946,600.112361
Semi-detached,1,H3,safe_unidirectional,best,1721.487008,2549.4946,528.955096
Semi-detached,1,H3,hybrid_bidirectional,worst,1923.8825,2549.4946,600.112361
Semi-detached,1,H3,hybrid_bidirectional,best,1721.487008,2549.4946,528.955096
Semi-detached,1,H1,safe_unidirectional,worst,1730.165428,2387.5919,542.718297
Semi-detached,1,H1,safe_unidirectional,best,1515.739924,2387.5919,467.346226
Semi-detached,1,H1,hybrid_bidirectional,worst,1730.165428,2387.5919,542.718297
Semi-detached,1,H1,hybrid_bidirectional,best,1515.739924,2387.5919,467.346226
Semi-detached,1,H2,safe_unidirectional,worst,1730.165428,2387.5919,542.718297
Semi-detached,1,H2,safe_unidirectional,best,1515.739924,2387.5919,467.346226
Semi-detached,1,H2,hybrid_bidirectional,worst,1730.165428,2387.5919,542.718297
Semi-detached,1,H2,hybrid_bidirectional,best,1515.739924,2387.5919,467.346226
Semi-detached,1,H3,safe_unidirectional,worst,1730.165428,2387.5919,542.718297
Semi-detached,1,H3,safe_unidirectional,best,1515.739924,2387.5919,467.346226
Semi-detached,1,H3,hybrid_bidirectional,worst,1730.165428,2387.5919,542.718297
Semi-detached,1,H3,hybrid_bidirectional,best,1515.739924,2387.5919,467.346226
Semi-detached,1,H1,safe_unidirectional,worst,1875.431124,2513.2256,582.950575
Semi-detached,1,H1,safe_unidirectional,best,1678.369996,2513.2256,513.660274
Semi-detached,1,H1,hybrid_bidirectional,worst,1875.431124,2513.2256,582.950575
Semi-detached,1,H1,hybrid_bidirectional,best,1678.369996,2513.2256,513.660274
Semi-detached,1,H2,safe_unidirectional,worst,1875.431124,2513.2256,582.950575
Semi-detached,1,H2,safe_unidirectional,best,1678.369996,2513.2256,513.660274
Semi-detached,1,H2,hybrid_bidirectional,worst,1875.431124,2513.2256,582.950575
Semi-detached,1,H2,hybrid_bidirectional,best,1678.369996,2513.2256,513.660274
Semi-detached,1,H3,safe_unidirectional,worst,1875.431124,2513.2256,582.950575
Semi-detached,1,H3,safe_unidirectional,best,1678.369996,2513.2256,513.660274
Semi-detached,1,H3,hybrid_bidirectional,worst,1875.431124,2513.2256,582.950575
Semi-detached,1,H3,hybrid_bidirectional,best,1678.369996,2513.2256,513.660274
Semi-detached,1,H1,safe_unidirectional,worst,1747.425612,2369.1309,543.999497
Semi-detached,1,H1,safe_unidirectional,best,1559.368652,2369.1309,477.859165
Semi-detached,1,H1,hybrid_bidirectional,worst,1747.425612,2369.1309,543.999497
Semi-detached,1,H1,hybrid_bidirectional,best,1559.368652,2369.1309,477.859165
Semi-detached,1,H2,safe_unidirectional,worst,1747.425612,2369.1309,543.999497
Semi-detached,1,H2,safe_unidirectional,best,1559.368652,2369.1309,477.859165
Semi-detached,1,H2,hybrid_bidirectional,worst,1747.425612,2369.1309,543.999497
Semi-detached,1,H2,hybrid_bidirectional,best,1559.368652,2369.1309,477.859165
Semi-detached,1,H3,safe_unidirectional,worst,1747.425612,2369.1309,543.999497
Semi-detached,1,H3,safe_unidirectional,best,1559.368652,2369.1309,477.859165
Semi-detached,1,H3,hybrid_bidirectional,worst,1747.425612,2369.1309,543.999497
Semi-detached,1,H3,hybrid_bidirectional,best,1559.368652,2369.1309,477.859165
Semi-detached,1,H1,safe_unidirectional,worst,1745.131228,2402.7961,544.2537
Semi-detached,1,H1,safe_unidirectional,best,1551.707172,2402.7961,476.299124
Semi-detached,1,H1,hybrid_bidirectional,worst,1745.131228,2402.7961,544.2537
Semi-detached,1,H1,hybrid_bidirectional,best,1551.707172,2402.7961,476.299124
Semi-detached,1,H2,safe_unidirectional,worst,1745.131228,2402.7961,544.2537
Semi-detached,1,H2,safe_unidirectional,best,1551.707172,2402.7961,476.299124
Semi-detached,1,H2,hybrid_bidirectional,worst,1745.131228,2402.7961,544.2537
Semi-detached,1,H2,hybrid_bidirectional,best,1551.707172,2402.7961,476.299124
Semi-detached,1,H3,safe_unidirectional,worst,1745.131228,2402.7961,544.2537
Semi-detached,1,H3,safe_unidirectional,best,1551.707172,2402.7961,476.299124
Semi-detached,1,H3,hybrid_bidirectional,worst,1745.131228,2402.7961,544.2537
Semi-detached,1,H3,hybrid_bidirectional,best,1551.707172,2402.7961,476.299124
Semi-detached,1,H1,safe_unidirectional,worst,1930.613308,2580.9331,604.258856
Semi-detached,1,H1,safe_unidirectional,best,1723.746636,2580.9331,531.503155
Semi-detached,1,H1,hybrid_bidirectional,worst,1930.613308,2580.9331,604.258856
Semi-detached,1,H1,hybrid_bidirectional,best,1723.746636,2580.9331,531.503155
Semi-detached,1,H2,safe_unidirectional,worst,1930.613308,2580.9331,604.258856
Semi-detached,1,H2,safe_unidirectional,best,1723.746636,2580.9331,531.503155
Semi-detached,1,H2,hybrid_bidirectional,worst,1930.613308,2580.9331,604.258856
Semi-detached,1,H2,hybrid_bidirectional,best,1723.746636,2580.9331,531.503155
Semi-detached,1,H3,safe_unidirectional,worst,1930.613308,2580.9331,604.258856
Semi-detached,1,H3,safe_unidirectional,best,1723.746636,2580.9331,531.503155
Semi-detached,1,H3,hybrid_bidirectional,worst,1930.613308,2580.9331,604.258856
Semi-detached,1,H3,hybrid_bidirectional,best,1723.746636,2580.9331,531.503155
Semi-detached,1,H1,safe_unidirectional,worst,1888.890464,2537.5046,589.326671
Semi-detached,1,H1,safe_unidirectional,best,1674.329588,2537.5046,513.819025
Semi-detached,1,H1,hybrid_bidirectional,worst,1888.890464,2537.5046,589.326671
Semi-detached,1,H1,hybrid_bidirectional,best,1674.329588,2537.5046,513.819025
Semi-detached,1,H2,safe_unidirectional,worst,1888.890464,2537.5046,589.326671
Semi-detached,1,H2,safe_unidirectional,best,1674.329588,2537.5046,513.819025
Semi-detached,1,H2,hybrid_bidirectional,worst,1888.890464,2537.5046,589.326671
Semi-detached,1,H2,hybrid_bidirectional,best,1674.329588,2537.5046,513.819025
Semi-detached,1,H3,safe_unidirectional,worst,1888.890464,2537.5046,589.326671
Semi-detached,1,H3,safe_unidirectional,best,1674.329588,2537.5046,513.819025
Semi-detached,1,H3,hybrid_bidirectional,worst,1888.890464,2537.5046,589.326671
Semi-detached,1,H3,hybrid_bidirectional,best,1674.329588,2537.5046,513.819025
Semi-detached,1,H1,safe_unidirectional,worst,1914.503496,2553.5289,598.974316
Semi-detached,1,H1,safe_unidirectional,best,1685.10786,2553.5289,518.315136
Semi-detached,1,H1,hybrid_bidirectional,worst,1914.503496,2553.5289,598.974316
Semi-detached,1,H1,hybrid_bidirectional,best,1685.10786,2553.5289,518.315136
Semi-detached,1,H2,safe_unidirectional,worst,1914.503496,2553.5289,598.974316
Semi-detached,1,H2,safe_unidirectional,best,1685.10786,2553.5289,518.315136
Semi-detached,1,H2,hybrid_bidirectional,worst,1914.503496,2553.5289,598.974316
Semi-detached,1,H2,hybrid_bidirectional,best,1685.10786,2553.5289,518.315136
Semi-detached,1,H3,safe_unidirectional,worst,1914.503496,2553.5289,598.974316
Semi-detached,1,H3,safe_unidirectional,best,1685.10786,2553.5289,518.315136
Semi-detached,1,H3,hybrid_bidirectional,worst,1914.503496,2553.5289,598.974316
Semi-detached,1,H3,hybrid_bidirectional,best,1685.10786,2553.5289,518.315136
Semi-detached,1,H1,safe_unidirectional,worst,1908.783032,2584.9044,595.88601
Semi-detached,1,H1,safe_unidirectional,best,1708.816128,2584.9044,525.544802
Semi-detached,1,H1,hybrid_bidirectional,worst,1908.783032,2584.9044,595.88601
Semi-detached,1,H1,hybrid_bidirectional,best,1708.816128,2584.9044,525.544802
Semi-detached,1,H2,safe_unidirectional,worst,1908.783032,2584.9044,595.88601
Semi-detached,1,H2,safe_unidirectional,best,1708.816128,2584.9044,525.544802
Semi-detached,1,H2,hybrid_bidirectional,worst,1908.783032,2584.9044,595.88601
Semi-detached,1,H2,hybrid_bidirectional,best,1708.816128,2584.9044,525.544802
Semi-detached,1,H3,safe_unidirectional,worst,1908.783032,2584.9044,595.88601
Semi-detached,1,H3,safe_unidirectional,best,1708.816128,2584.9044,525.544802
Semi-detached,1,H3,hybrid_bidirectional,worst,1908.783032,2584.9044,595.88601
Semi-detached,1,H3,hybrid_bidirectional,best,1708.816128,2584.9044,525.544802
Semi-detached,1,H1,safe_unidirectional,worst,1850.88202,2474.7803,581.479733
Semi-detached,1,H1,safe_unidirectional,best,1628.681752,2474.7803,503.358814
Semi-detached,1,H1,hybrid_bidirectional,worst,1850.88202,2474.7803,581.479733
Semi-detached,1,H1,hybrid_bidirectional,best,1628.681752,2474.7803,503.358814
Semi-detached,1,H2,safe_unidirectional,worst,1850.88202,2474.7803,581.479733
Semi-detached,1,H2,safe_unidirectional,best,1628.681752,2474.7803,503.358814
Semi-detached,1,H2,hybrid_bidirectional,worst,1850.88202,2474.7803,581.479733
Semi-detached,1,H2,hybrid_bidirectional,best,1628.681752,2474.7803,503.358814
Semi-detached,1,H3,safe_unidirectional,worst,1850.88202,2474.7803,581.479733
Semi-detached,1,H3,safe_unidirectional,best,1628.681752,2474.7803,503.358814
Semi-detached,1,H3,hybrid_bidirectional,worst,1850.88202,2474.7803,581.479733
Semi-detached,1,H3,hybrid_bidirectional,best,1628.681752,2474.7803,503.358814
Semi-detached,1,H1,safe_unidirectional,worst,1898.175252,2570.7371,594.545053
Semi-detached,1,H1,safe_unidirectional,best,1704.448156,2570.7371,526.424067
Semi-detached,1,H1,hybrid_bidirectional,worst,1898.175252,2570.7371,594.545053
Semi-detached,1,H1,hybrid_bidirectional,best,1704.448156,2570.7371,526.424067
Semi-detached,1,H2,safe_unidirectional,worst,1898.175252,2570.7371,594.545053
Semi-detached,1,H2,safe_unidirectional,best,1704.448156,2570.7371,526.424067
Semi-detached,1,H2,hybrid_bidirectional,worst,1898.175252,2570.7371,594.545053
Semi-detached,1,H2,hybrid_bidirectional,best,1704.448156,2570.7371,526.424067
Semi-detached,1,H3,safe_unidirectional,worst,1898.175252,2570.7371,594.545053
Semi-detached,1,H3,safe_unidirectional,best,1704.448156,2570.7371,526.424067
Semi-detached,1,H3,hybrid_bidirectional,worst,1898.175252,2570.7371,594.545053
Semi-detached,1,H3,hybrid_bidirectional,best,1704.448156,2570.7371,526.424067
Semi-detached,1,H1,safe_unidirectional,worst,1846.013092,2480.6365,568.10201
Semi-detached,1,H1,safe_unidirectional,best,1658.638692,2480.6365,502.223648
Semi-detached,1,H1,hybrid_bidirectional,worst,1846.013092,2480.6365,568.10201
Semi-detached,1,H1,hybrid_bidirectional,best,1658.638692,2480.6365,502.223648
Semi-detached,1,H2,safe_unidirectional,worst,1846.013092,2480.6365,568.10201
Semi-detached,1,H2,safe_unidirectional,best,1658.638692,2480.6365,502.223648
Semi-detached,1,H2,hybrid_bidirectional,worst,1846.013092,2480.6365,568.10201
Semi-detached,1,H2,hybrid_bidirectional,best,1658.638692,2480.6365,502.223648
Semi-detached,1,H3,safe_unidirectional,worst,1846.013092,2480.6365,568.10201
Semi-detached,1,H3,safe_unidirectional,best,1658.638692,2480.6365,502.223648
Semi-detached,1,H3,hybrid_bidirectional,worst,1846.013092,2480.6365,568.10201
Semi-detached,1,H3,hybrid_bidirectional,best,1658.638692,2480.6365,502.223648
Semi-detached,1,H1,safe_unidirectional,worst,1831.87696,2489.2704,565.075374
Semi-detached,1,H1,safe_unidirectional,best,1626.574536,2489.2704,492.924916
Semi-detached,1,H1,hybrid_bidirectional,worst,1831.87696,2489.2704,565.075374
Semi-detached,1,H1,hybrid_bidirectional,best,1626.574536,2489.2704,492.924916
Semi-detached,1,H2,safe_unidirectional,worst,1831.87696,2489.2704,565.075374
Semi-detached,1,H2,safe_unidirectional,best,1626.574536,2489.2704,492.924916
Semi-detached,1,H2,hybrid_bidirectional,worst,1831.87696,2489.2704,565.075374
Semi-detached,1,H2,hybrid_bidirectional,best,1626.574536,2489.2704,492.924916
Semi-detached,1,H3,safe_unidirectional,worst,1831.87696,2489.2704,565.075374
Semi-detached,1,H3,safe_unidirectional,best,1626.574536,2489.2704,492.924916
Semi-detached,1,H3,hybrid_bidirectional,worst,1831.87696,2489.2704,565.075374
Semi-detached,1,H3,hybrid_bidirectional,best,1626.574536,2489.2704,492.924916
Semi-detached,1,H1,safe_unidirectional,worst,1859.899032,2488.9426,586.576232
Semi-detached,1,H1,safe_unidirectional,best,1651.160812,2488.9426,513.176909
Semi-detached,1,H1,hybrid_bidirectional,worst,1859.899032,2488.9426,586.576232
Semi-detached,1,H1,hybrid_bidirectional,best,1651.160812,2488.9426,513.176909
Semi-detached,1,H2,safe_unidirectional,worst,1859.899032,2488.9426,586.576232
Semi-detached,1,H2,safe_unidirectional,best,1651.160812,2488.9426,513.176909
Semi-detached,1,H2,hybrid_bidirectional,worst,1859.899032,2488.9426,586.576232
Semi-detached,1,H2,hybrid_bidirectional,best,1651.160812,2488.9426,513.176909
Semi-detached,1,H3,safe_unidirectional,worst,1859.899032,2488.9426,586.576232
Semi-detached,1,H3,safe_unidirectional,best,1651.160812,2488.9426,513.176909
Semi-detached,1,H3,hybrid_bidirectional,worst,1859.899032,2488.9426,586.576232
Semi-detached,1,H3,hybrid_bidirectional,best,1651.160812,2488.9426,513.176909
Semi-detached,1,H1,safe_unidirectional,worst,1849.267572,2503.5132,575.013567
Semi-detached,1,H1,safe_unidirectional,best,1637.621484,2503.5132,500.584648
Semi-detached,1,H1,hybrid_bidirectional,worst,1849.267572,2503.5132,575.013567
Semi-detached,1,H1,hybrid_bidirectional,best,1637.621484,2503.5132,500.584648
Semi-detached,1,H2,safe_unidirectional,worst,1849.267572,2503.5132,575.013567
Semi-detached,1,H2,safe_unidirectional,best,1637.621484,2503.5132,500.584648
Semi-detached,1,H2,hybrid_bidirectional,worst,1849.267572,2503.5132,575.013567
Semi-detached,1,H2,hybrid_bidirectional,best,1637.621484,2503.5132,500.584648
Semi-detached,1,H3,safe_unidirectional,worst,1849.267572,2503.5132,575.013567
Semi-detached,1,H3,safe_unidirectional,best,1637.621484,2503.5132,500.584648
Semi-detached,1,H3,hybrid_bidirectional,worst,1849.267572,2503.5132,575.013567
Semi-detached,1,H3,hybrid_bidirectional,best,1637.621484,2503.5132,500.584648
Semi-detached,1,H1,safe_unidirectional,worst,1890.81626,2524.6211,585.299609
Semi-detached,1,H1,safe_unidirectional,best,1674.718056,2524.6211,509.326326
Semi-detached,1,H1,hybrid_bidirectional,worst,1890.81626,2524.6211,585.299609
Semi-detached,1,H1,hybrid_bidirectional,best,1674.718056,2524.6211,509.326326
Semi-detached,1,H2,safe_unidirectional,worst,1890.81626,2524.6211,585.299609
Semi-detached,1,H2,safe_unidirectional,best,1674.718056,2524.6211,509.326326
Semi-detached,1,H2,hybrid_bidirectional,worst,1890.81626,2524.6211,585.299609
Semi-detached,1,H2,hybrid_bidirectional,best,1674.718056,2524.6211,509.326326
Semi-detached,1,H3,safe_unidirectional,worst,1890.81626,2524.6211,585.299609
Semi-detached,1,H3,safe_unidirectional,best,1674.718056,2524.6211,509.326326
Semi-detached,1,H3,hybrid_bidirectional,worst,1890.81626,2524.6211,585.299609
Semi-detached,1,H3,hybrid_bidirectional,best,1674.718056,2524.6211,509.326326
Semi-detached,1,H1,safe_unidirectional,worst,1875.355488,2542.5843,588.299235
Semi-detached,1,H1,safe_unidirectional,best,1688.80044,2542.5843,522.694367
Semi-detached,1,H1,hybrid_bidirectional,worst,1875.355488,2542.5843,588.299235
Semi-detached,1,H1,hybrid_bidirectional,best,1688.80044,2542.5843,522.694367
Semi-detached,1,H2,safe_unidirectional,worst,1875.355488,2542.5843,588.299235
Semi-detached,1,H2,safe_unidirectional,best,1688.80044,2542.5843,522.694367
Semi-detached,1,H2,hybrid_bidirectional,worst,1875.355488,2542.5843,588.299235
Semi-detached,1,H2,hybrid_bidirectional,best,1688.80044,2542.5843,522.694367
Semi-detached,1,H3,safe_unidirectional,worst,1875.355488,2542.5843,588.299235
Semi-detached,1,H3,safe_unidirectional,best,1688.80044,2542.5843,522.694367
Semi-detached,1,H3,hybrid_bidirectional,worst,1875.355488,2542.5843,588.299235
Semi-detached,1,H3,hybrid_bidirectional,best,1688.80044,2542.5843,522.694367
Semi-detached,1,H1,safe_unidirectional,worst,1844.520188,2471.1447,572.307274
Semi-detached,1,H1,safe_unidirectional,best,1670.436328,2471.1447,511.07296
Semi-detached,1,H1,hybrid_bidirectional,worst,1844.520188,2471.1447,572.307274
Semi-detached,1,H1,hybrid_bidirectional,best,1670.436328,2471.1447,511.07296
Semi-detached,1,H2,safe_unidirectional,worst,1844.520188,2471.1447,572.307274
Semi-detached,1,H2,safe_unidirectional,best,1670.436328,2471.1447,511.07296
Semi-detached,1,H2,hybrid_bidirectional,worst,1844.520188,2471.1447,572.307274
Semi-detached,1,H2,hybrid_bidirectional,best,1670.436328,2471.1447,511.07296
Semi-detached,1,H3,safe_unidirectional,worst,1844.520188,2471.1447,572.307274
Semi-detached,1,H3,safe_unidirectional,best,1670.436328,2471.1447,511.07296
Semi-detached,1,H3,hybrid_bidirectional,worst,1844.520188,2471.1447,572.307274
Semi-detached,1,H3,hybrid_bidirectional,best,1670.436328,2471.1447,511.07296
Semi-detached,1,H1,safe_unidirectional,worst,1786.241516,2375.0074,558.343974
Semi-detached,1,H1,safe_unidirectional,best,1586.656472,2375.0074,488.172506
Semi-detached,1,H1,hybrid_bidirectional,worst,1786.241516,2375.0074,558.343974
Semi-detached,1,H1,hybrid_bidirectional,best,1586.656472,2375.0074,488.172506
Semi-detached,1,H2,safe_unidirectional,worst,1786.241516,2375.0074,558.343974
Semi-detached,1,H2,safe_unidirectional,best,1586.656472,2375.0074,488.172506
Semi-detached,1,H2,hybrid_bidirectional,worst,1786.241516,2375.0074,558.343974
Semi-detached,1,H2,hybrid_bidirectional,best,1586.656472,2375.0074,488.172506
Semi-detached,1,H3,safe_unidirectional,worst,1786.241516,2375.0074,558.343974
Semi-detached,1,H3,safe_unidirectional,best,1586.656472,2375.0074,488.172506
Semi-detached,1,H3,hybrid_bidirectional,worst,1786.241516,2375.0074,558.343974
Semi-detached,1,H3,hybrid_bidirectional,best,1586.656472,2375.0074,488.172506
Semi-detached,1,H1,safe_unidirectional,worst,1874.353604,2522.1692,579.295684
Semi-detached,1,H1,safe_unidirectional,best,1650.633252,2522.1692,500.656445
Semi-detached,1,H1,hybrid_bidirectional,worst,1874.353604,2522.1692,579.295684
Semi-detached,1,H1,hybrid_bidirectional,best,1650.633252,2522.1692,500.656445
Semi-detached,1,H2,safe_unidirectional,worst,1874.353604,2522.1692,579.295684
Semi-detached,1,H2,safe_unidirectional,best,1650.633252,2522.1692,500.656445
Semi-detached,1,H2,hybrid_bidirectional,worst,1874.353604,2522.1692,579.295684
Semi-detached,1,H2,hybrid_bidirectional,best,1650.633252,2522.1692,500.656445
Semi-detached,1,H3,safe_unidirectional,worst,1874.353604,2522.1692,579.295684
Semi-detached,1,H3,safe_unidirectional,best,1650.633252,2522.1692,500.656445
Semi-detached,1,H3,hybrid_bidirectional,worst,1874.353604,2522.1692,579.295684
Semi-detached,1,H3,hybrid_bidirectional,best,1650.633252,2522.1692,500.656445
Semi-detached,1,H1,safe_unidirectional,worst,1852.934992,2476.5316,578.222371
Semi-detached,1,H1,safe_unidirectional,best,1649.1898,2476.5316,506.585933
Semi-detached,1,H1,hybrid_bidirectional,worst,1852.934992,2476.5316,578.222371
Semi-detached,1,H1,hybrid_bidirectional,best,1649.1898,2476.5316,506.585933
Semi-detached,1,H2,safe_unidirectional,worst,1852.934992,2476.5316,578.222371
Semi-detached,1,H2,safe_unidirectional,best,1649.1898,2476.5316,506.585933
Semi-detached,1,H2,hybrid_bidirectional,worst,1852.934992,2476.5316,578.222371
Semi-detached,1,H2,hybrid_bidirectional,best,1649.1898,2476.5316,506.585933
Semi-detached,1,H3,safe_unidirectional,worst,1852.934992,2476.5316,578.222371
Semi-detached,1,H3,safe_unidirectional,best,1649.1898,2476.5316,506.585933
Semi-detached,1,H3,hybrid_bidirectional,worst,1852.934992,2476.5316,578.222371
Semi-detached,1,H3,hybrid_bidirectional,best,1649.1898,2476.5316,506.585933
Semi-detached,1,H1,safe_unidirectional,worst,1870.9466,2531.6098,586.585989
Semi-detached,1,H1,safe_unidirectional,best,1657.247832,2531.6098,511.497294
Semi-detached,1,H1,hybrid_bidirectional,worst,1870.9466,2531.6098,586.585989
Semi-detached,1,H1,hybrid_bidirectional,best,1657.247832,2531.6098,511.497294
Semi-detached,1,H2,safe_unidirectional,worst,1870.9466,2531.6098,586.585989
Semi-detached,1,H2,safe_unidirectional,best,1657.247832,2531.6098,511.497294
Semi-detached,1,H2,hybrid_bidirectional,worst,1870.9466,2531.6098,586.585989
Semi-detached,1,H2,hybrid_bidirectional,best,1657.247832,2531.6098,511.497294
Semi-detached,1,H3,safe_unidirectional,worst,1870.9466,2531.6098,586.585989
Semi-detached,1,H3,safe_unidirectional,best,1657.247832,2531.6098,511.497294
Semi-detached,1,H3,hybrid_bidirectional,worst,1870.9466,2531.6098,586.585989
Semi-detached,1,H3,hybrid_bidirectional,best,1657.247832,2531.6098,511.497294
Semi-detached,1,H1,safe_unidirectional,worst,1911.789056,2596.4018,594.223996
Semi-detached,1,H1,safe_unidirectional,best,1691.840264,2596.4018,516.942521
Semi-detached,1,H1,hybrid_bidirectional,worst,1911.789056,2596.4018,594.223996
Semi-detached,1,H1,hybrid_bidirectional,best,1691.840264,2596.4018,516.942521
Semi-detached,1,H2,safe_unidirectional,worst,1911.789056,2596.4018,594.223996
Semi-detached,1,H2,safe_unidirectional,best,1691.840264,2596.4018,516.942521
Semi-detached,1,H2,hybrid_bidirectional,worst,1911.789056,2596.4018,594.223996
Semi-detached,1,H2,hybrid_bidirectional,best,1691.840264,2596.4018,516.942521
Semi-detached,1,H3,safe_unidirectional,worst,1911.789056,2596.4018,594.223996
Semi-detached,1,H3,safe_unidirectional,best,1691.840264,2596.4018,516.942521
Semi-detached,1,H3,hybrid_bidirectional,worst,1911.789056,2596.4018,594.223996
Semi-detached,1,H3,hybrid_bidirectional,best,1691.840264,2596.4018,516.942521
Semi-detached,1,H1,safe_unidirectional,worst,1862.573256,2481.5161,585.908044
Semi-detached,1,H1,safe_unidirectional,best,1652.216012,2481.5161,511.971813
Semi-detached,1,H1,hybrid_bidirectional,worst,1862.573256,2481.5161,585.908044
Semi-detached,1,H1,hybrid_bidirectional,best,1652.216012,2481.5161,511.971813
Semi-detached,1,H2,safe_unidirectional,worst,1862.573256,2481.5161,585.908044
Semi-detached,1,H2,safe_unidirectional,best,1652.216012,2481.5161,511.971813
Semi-detached,1,H2,hybrid_bidirectional,worst,1862.573256,2481.5161,585.908044
Semi-detached,1,H2,hybrid_bidirectional,best,1652.216012,2481.5161,511.971813
Semi-detached,1,H3,safe_unidirectional,worst,1862.573256,2481.5161,585.908044
Semi-detached,1,H3,safe_unidirectional,best,1652.216012,2481.5161,511.971813
Semi-detached,1,H3,hybrid_bidirectional,worst,1862.573256,2481.5161,585.908044
Semi-detached,1,H3,hybrid_bidirectional,best,1652.216012,2481.5161,511.971813
Semi-detached,1,H1,safe_unidirectional,worst,1818.887128,2460.4867,560.367343
Semi-detached,1,H1,safe_unidirectional,best,1622.379172,2460.4867,491.254827
Semi-detached,1,H1,hybrid_bidirectional,worst,1818.887128,2460.4867,560.367343
Semi-detached,1,H1,hybrid_bidirectional,best,1622.379172,2460.4867,491.254827
Semi-detached,1,H2,safe_unidirectional,worst,1818.887128,2460.4867,560.367343
Semi-detached,1,H2,safe_unidirectional,best,1622.379172,2460.4867,491.254827
Semi-detached,1,H2,hybrid_bidirectional,worst,1818.887128,2460.4867,560.367343
Semi-detached,1,H2,hybrid_bidirectional,best,1622.379172,2460.4867,491.254827
Semi-detached,1,H3,safe_unidirectional,worst,1818.887128,2460.4867,560.367343
Semi-detached,1,H3,safe_unidirectional,best,1622.379172,2460.4867,491.254827
Semi-detached,1,H3,hybrid_bidirectional,worst,1818.887128,2460.4867,560.367343
Semi-detached,1,H3,hybrid_bidirectional,best,1622.379172,2460.4867,491.254827
Semi-detached,1,H1,safe_unidirectional,worst,1740.44066,2422.7244,549.783731
Semi-detached,1,H1,safe_unidirectional,best,1543.871148,2422.7244,480.638955
Semi-detached,1,H1,hybrid_bidirectional,worst,1740.44066,2422.7244,549.783731
Semi-detached,1,H1,hybrid_bidirectional,best,1543.871148,2422.7244,480.638955
Semi-detached,1,H2,safe_unidirectional,worst,1740.44066,2422.7244,549.783731
Semi-detached,1,H2,safe_unidirectional,best,1543.871148,2422.7244,480.638955
Semi-detached,1,H2,hybrid_bidirectional,worst,1740.44066,2422.7244,549.783731
Semi-detached,1,H2,hybrid_bidirectional,best,1543.871148,2422.7244,480.638955
Semi-detached,1,H3,safe_unidirectional,worst,1740.44066,2422.7244,549.783731
Semi-detached,1,H3,safe_unidirectional,best,1543.871148,2422.7244,480.638955
Semi-detached,1,H3,hybrid_bidirectional,worst,1740.44066,2422.7244,549.783731
Semi-detached,1,H3,hybrid_bidirectional,best,1543.871148,2422.7244,480.638955
Semi-detached,1,H1,safe_unidirectional,worst,1840.101056,2500.4607,573.530662
Semi-detached,1,H1,safe_unidirectional,best,1646.091736,2500.4607,505.316599
Semi-detached,1,H1,hybrid_bidirectional,worst,1840.101056,2500.4607,573.530662
Semi-detached,1,H1,hybrid_bidirectional,best,1646.091736,2500.4607,505.316599
Semi-detached,1,H2,safe_unidirectional,worst,1840.101056,2500.4607,573.530662
Semi-detached,1,H2,safe_unidirectional,best,1646.091736,2500.4607,505.316599
Semi-detached,1,H2,hybrid_bidirectional,worst,1840.101056,2500.4607,573.530662
Semi-detached,1,H2,hybrid_bidirectional,best,1646.091736,2500.4607,505.316599
Semi-detached,1,H3,safe_unidirectional,worst,1840.101056,2500.4607,573.530662
Semi-detached,1,H3,safe_unidirectional,best,1646.091736,2500.4607,505.316599
Semi-detached,1,H3,hybrid_bidirectional,worst,1840.101056,2500.4607,573.530662
Semi-detached,1,H3,hybrid_bidirectional,best,1646.091736,2500.4607,505.316599
Semi-detached,1,H1,safe_unidirectional,worst,1734.865432,2363.7128,538.79385
Semi-detached,1,H1,safe_unidirectional,best,1529.102004,2363.7128,466.425273
Semi-detached,1,H1,hybrid_bidirectional,worst,1734.865432,2363.7128,538.79385
Semi-detached,1,H1,hybrid_bidirectional,best,1529.102004,2363.7128,466.425273
Semi-detached,1,H2,safe_unidirectional,worst,1734.865432,2363.7128,538.79385
Semi-detached,1,H2,safe_unidirectional,best,1529.102004,2363.7128,466.425273
Semi-detached,1,H2,hybrid_bidirectional,worst,1734.865432,2363.7128,538.79385
Semi-detached,1,H2,hybrid_bidirectional,best,1529.102004,2363.7128,466.425273
Semi-detached,1,H3,safe_unidirectional,worst,1734.865432,2363.7128,538.79385
Semi-detached,1,H3,safe_unidirectional,best,1529.102004,2363.7128,466.425273
Semi-detached,1,H3,hybrid_bidirectional,worst,1734.865432,2363.7128,538.79385
Semi-detached,1,H3,hybrid_bidirectional,best,1529.102004,2363.7128,466.425273
Semi-detached,1,H1,safe_unidirectional,worst,1894.679968,2537.8528,594.666373
Semi-detached,1,H1,safe_unidirectional,best,1692.670324,2537.8528,523.614018
Semi-detached,1,H1,hybrid_bidirectional,worst,1894.679968,2537.8528,594.666373
Semi-detached,1,H1,hybrid_bidirectional,best,1692.670324,2537.8528,523.614018
Semi-detached,1,H2,safe_unidirectional,worst,1894.679968,2537.8528,594.666373
Semi-detached,1,H2,safe_unidirectional,best,1692.670324,2537.8528,523.614018
Semi-detached,1,H2,hybrid_bidirectional,worst,1894.679968,2537.8528,594.666373
Semi-detached,1,H2,hybrid_bidirectional,best,1692.670324,2537.8528,523.614018
Semi-detached,1,H3,safe_unidirectional,worst,1894.679968,2537.8528,594.666373
Semi-detached,1,H3,safe_unidirectional,best,1692.670324,2537.8528,523.614018
Semi-detached,1,H3,hybrid_bidirectional,worst,1894.679968,2537.8528,594.666373
Semi-detached,1,H3,hybrid_bidirectional,best,1692.670324,2537.8528,523.614018
Semi-detached,1,H1,safe_unidirectional,worst,1848.780532,2495.4549,571.361183
Semi-detached,1,H1,safe_unidirectional,best,1623.433756,2495.4549,492.200353
Semi-detached,1,H1,hybrid_bidirectional,worst,1848.780532,2495.4549,571.361183
Semi-detached,1,H1,hybrid_bidirectional,best,1623.433756,2495.4549,492.200353
Semi-detached,1,H2,safe_unidirectional,worst,1848.780532,2495.4549,571.361183
Semi-detached,1,H2,safe_unidirectional,best,1623.433756,2495.4549,492.200353
Semi-detached,1,H2,hybrid_bidirectional,worst,1848.780532,2495.4549,571.361183
Semi-detached,1,H2,hybrid_bidirectional,best,1623.433756,2495.4549,492.200353
Semi-detached,1,H3,safe_unidirectional,worst,1848.780532,2495.4549,571.361183
Semi-detached,1,H3,safe_unidirectional,best,1623.433756,2495.4549,492.200353
Semi-detached,1,H3,hybrid_bidirectional,worst,1848.780532,2495.4549,571.361183
Semi-detached,1,H3,hybrid_bidirectional,best,1623.433756,2495.4549,492.200353
Semi-detached,1,H1,safe_unidirectional,worst,1770.279608,2393.9957,544.745054
Semi-detached,1,H1,safe_unidirectional,best,1567.258056,2393.9957,473.398304
Semi-detached,1,H1,hybrid_bidirectional,worst,1770.279608,2393.9957,544.745054
Semi-detached,1,H1,hybrid_bidirectional,best,1567.258056,2393.9957,473.398304
Semi-detached,1,H2,safe_unidirectional,worst,1770.279608,2393.9957,544.745054
Semi-detached,1,H2,safe_unidirectional,best,1567.258056,2393.9957,473.398304
Semi-detached,1,H2,hybrid_bidirectional,worst,1770.279608,2393.9957,544.745054
Semi-detached,1,H2,hybrid_bidirectional,best,1567.258056,2393.9957,473.398304
Semi-detached,1,H3,safe_unidirectional,worst,1770.279608,2393.9957,544.745054
Semi-detached,1,H3,safe_unidirectional,best,1567.258056,2393.9957,473.398304
Semi-detached,1,H3,hybrid_bidirectional,worst,1770.279608,2393.9957,544.745054
Semi-detached,1,H3,hybrid_bidirectional,best,1567.258056,2393.9957,473.398304
Semi-detached,1,H1,safe_unidirectional,worst,1821.315448,2458.4177,551.941405
Semi-detached,1,H1,safe_unidirectional,best,1600.680328,2458.4177,474.361718
Semi-detached,1,H1,hybrid_bidirectional,worst,1821.315448,2458.4177,551.941405
Semi-detached,1,H1,hybrid_bidirectional,best,1600.680328,2458.4177,474.361718
Semi-detached,1,H2,safe_unidirectional,worst,1821.315448,2458.4177,551.941405
Semi-detached,1,H2,safe_unidirectional,best,1600.680328,2458.4177,474.361718
Semi-detached,1,H2,hybrid_bidirectional,worst,1821.315448,2458.4177,551.941405
Semi-detached,1,H2,hybrid_bidirectional,best,1600.680328,2458.4177,474.361718
Semi-detached,1,H3,safe_unidirectional,worst,1821.315448,2458.4177,551.941405
Semi-detached,1,H3,safe_unidirectional,best,1600.680328,2458.4177,474.361718
Semi-detached,1,H3,hybrid_bidirectional,worst,1821.315448,2458.4177,551.941405
Semi-detached,1,H3,hybrid_bidirectional,best,1600.680328,2458.4177,474.361718
Semi-detached,1,H1,safe_unidirectional,worst,1816.038772,2473.3723,565.62628
Semi-detached,1,H1,safe_unidirectional,best,1616.698636,2473.3723,495.559428
Semi-detached,1,H1,hybrid_bidirectional,worst,1816.038772,2473.3723,565.62628
Semi-detached,1,H1,hybrid_bidirectional,best,1616.698636,2473.3723,495.559428
Semi-detached,1,H2,safe_unidirectional,worst,1816.038772,2473.3723,565.62628
Semi-detached,1,H2,safe_unidirectional,best,1616.698636,2473.3723,495.559428
Semi-detached,1,H2,hybrid_bidirectional,worst,1816.038772,2473.3723,565.62628
Semi-detached,1,H2,hybrid_bidirectional,best,1616.698636,2473.3723,495.559428
Semi-detached,1,H3,safe_unidirectional,worst,1816.038772,2473.3723,565.62628
Semi-detached,1,H3,safe_unidirectional,best,1616.698636,2473.3723,495.559428
Semi-detached,1,H3,hybrid_bidirectional,worst,1816.038772,2473.3723,565.62628
Semi-detached,1,H3,hybrid_bidirectional,best,1616.698636,2473.3723,495.559428
Semi-detached,1,H1,safe_unidirectional,worst,1814.659164,2478.7534,564.370186
Semi-detached,1,H1,safe_unidirectional,best,1600.5539,2478.7534,489.164798
Semi-detached,1,H1,hybrid_bidirectional,worst,1814.659164,2478.7534,564.370186
Semi-detached,1,H1,hybrid_bidirectional,best,1600.5539,2478.7534,489.164798
Semi-detached,1,H2,safe_unidirectional,worst,1814.659164,2478.7534,564.370186
Semi-detached,1,H2,safe_unidirectional,best,1600.5539,2478.7534,489.164798
Semi-detached,1,H2,hybrid_bidirectional,worst,1814.659164,2478.7534,564.370186
Semi-detached,1,H2,hybrid_bidirectional,best,1600.5539,2478.7534,489.164798
Semi-detached,1,H3,safe_unidirectional,worst,1814.659164,2478.7534,564.370186
Semi-detached,1,H3,safe_unidirectional,best,1600.5539,2478.7534,489.164798
Semi-detached,1,H3,hybrid_bidirectional,worst,1814.659164,2478.7534,564.370186
Semi-detached,1,H3,hybrid_bidirectional,best,1600.5539,2478.7534,489.164798
Semi-detached,1,H1,safe_unidirectional,worst,1891.04874,2506.0248,592.460051
Semi-detached,1,H1,safe_unidirectional,best,1690.765872,2506.0248,522.054372
Semi-detached,1,H1,hybrid_bidirectional,worst,1891.04874,2506.0248,592.460051
Semi-detached,1,H1,hybrid_bidirectional,best,1690.765872,2506.0248,522.054372
Semi-detached,1,H2,safe_unidirectional,worst,1891.04874,2506.0248,592.460051
Semi-detached,1,H2,safe_unidirectional,best,1690.765872,2506.0248,522.054372
Semi-detached,1,H2,hybrid_bidirectional,worst,1891.04874,2506.0248,592.460051
Semi-detached,1,H2,hybrid_bidirectional,best,1690.765872,2506.0248,522.054372
Semi-detached,1,H3,safe_unidirectional,worst,1891.04874,2506.0248,592.460051
Semi-detached,1,H3,safe_unidirectional,best,1690.765872,2506.0248,522.054372
Semi-detached,1,H3,hybrid_bidirectional,worst,1891.04874,2506.0248,592.460051
Semi-detached,1,H3,hybrid_bidirectional,best,1690.765872,2506.0248,522.054372
Terraced,1,H1,safe_unidirectional,worst,1688.52822,2312.9227,528.660362
Terraced,1,H1,safe_unidirectional,best,1499.031688,2312.9227,462.058157
Terraced,1,H1,hybrid_bidirectional,worst,1688.52822,2312.9227,528.660362
Terraced,1,H1,hybrid_bidirectional,best,1499.031688,2312.9227,462.058157
Terraced,1,H2,safe_unidirectional,worst,1688.52822,2312.9227,528.660362
Terraced,1,H2,safe_unidirectional,best,1499.031688,2312.9227,462.058157
Terraced,1,H2,hybrid_bidirectional,worst,1688.52822,2312.9227,528.660362
Terraced,1,H2,hybrid_bidirectional,best,1499.031688,2312.9227,462.058157
Terraced,1,H3,safe_unidirectional,worst,1688.52822,2312.9227,528.660362
Terraced,1,H3,safe_unidirectional,best,1499.031688,2312.9227,462.058157
Terraced,1,H3,hybrid_bidirectional,worst,1688.52822,2312.9227,528.660362
Terraced,1,H3,hybrid_bidirectional,best,1499.031688,2312.9227,462.058157
Terraced,1,H1,safe_unidirectional,worst,1701.6723,2316.4545,535.63768
Terraced,1,H1,safe_unidirectional,best,1496.793572,2316.4545,463.617004
Terraced,1,H1,hybrid_bidirectional,worst,1701.6723,2316.4545,535.63768
Terraced,1,H1,hybrid_bidirectional,best,1496.793572,2316.4545,463.617004
Terraced,1,H2,safe_unidirectional,worst,1701.6723,2316.4545,535.63768
Terraced,1,H2,safe_unidirectional,best,1496.793572,2316.4545,463.617004
Terraced,1,H2,hybrid_bidirectional,worst,1701.6723,2316.4545,535.63768
Terraced,1,H2,hybrid_bidirectional,best,1496.793572,2316.4545,463.617004
Terraced,1,H3,safe_unidirectional,worst,1701.6723,2316.4545,535.63768
Terraced,1,H3,safe_unidirectional,best,1496.793572,2316.4545,463.617004
Terraced,1,H3,hybrid_bidirectional,worst,1701.6723,2316.4545,535.63768
Terraced,1,H3,hybrid_bidirectional,best,1496.793572,2316.4545,463.617004
Terraced,1,H1,safe_unidirectional,worst,1741.566592,2355.5034,546.196049
Terraced,1,H1,safe_unidirectional,best,1549.04142,2355.5034,478.480918
Terraced,1,H1,hybrid_bidirectional,worst,1741.566592,2355.5034,546.196049
Terraced,1,H1,hybrid_bidirectional,best,1549.04142,2355.5034,478.480918
Terraced,1,H2,safe_unidirectional,worst,1741.566592,2355.5034,546.196049
Terraced,1,H2,safe_unidirectional,best,1549.04142,2355.5034,478.480918
Terraced,1,H2,hybrid_bidirectional,worst,1741.566592,2355.5034,546.196049
Terraced,1,H2,hybrid_bidirectional,best,1549.04142,2355.5034,478.480918
Terraced,1,H3,safe_unidirectional,worst,1741.566592,2355.5034,546.196049
Terraced,1,H3,safe_unidirectional,best,1549.04142,2355.5034,478.480918
Terraced,1,H3,hybrid_bidirectional,worst,1741.566592,2355.5034,546.196049
Terraced,1,H3,hybrid_bidirectional,best,1549.04142,2355.5034,478.480918
Terraced,1,H1,safe_unidirectional,worst,1766.519564,2385.6561,547.547145
Terraced,1,H1,safe_unidirectional,best,1575.398592,2385.6561,480.34476
Terraced,1,H1,hybrid_bidirectional,worst,1766.519564,2385.6561,547.547145
Terraced,1,H1,hybrid_bidirectional,best,1575.398592,2385.6561,480.34476
Terraced,1,H2,safe_unidirectional,worst,1766.519564,2385.6561,547.547145
Terraced,1,H2,safe_unidirectional,best,1575.398592,2385.6561,480.34476
Terraced,1,H2,hybrid_bidirectional,worst,1766.519564,2385.6561,547.547145
Terraced,1,H2,hybrid_bidirectional,best,1575.398592,2385.6561,480.34476
Terraced,1,H3,safe_unidirectional,worst,1766.519564,2385.6561,547.547145
Terraced,1,H3,safe_unidirectional,best,1575.398592,2385.6561,480.34476
Terraced,1,H3,hybrid_bidirectional,worst,1766.519564,2385.6561,547.547145
Terraced,1,H3,hybrid_bidirectional,best,1575.398592,2385.6561,480.34476
Terraced,1,H1,safe_unidirectional,worst,1558.65854,2123.6135,487.687376
Terraced,1,H1,safe_unidirectional,best,1368.277192,2123.6135,420.732759
Terraced,1,H1,hybrid_bidirectional,worst,1558.65854,2123.6135,487.687376
Terraced,1,H1,hybrid_bidirectional,best,1368.277192,2123.6135,420.732759
Terraced,1,H2,safe_unidirectional,worst,1558.65854,2123.6135,487.687376
Terraced,1,H2,safe_unidirectional,best,1368.277192,2123.6135,420.732759
Terraced,1,H2,hybrid_bidirectional,worst,1558.65854,2123.6135,487.687376
Terraced,1,H2,hybrid_bidirectional,best,1368.277192,2123.6135,420.732759
Terraced,1,H3,safe_unidirectional,worst,1558.65854,2123.6135,487.687376
Terraced,1,H3,safe_unidirectional,best,1368.277192,2123.6135,420.732759
Terraced,1,H3,hybrid_bidirectional,worst,1558.65854,2123.6135,487.687376
Terraced,1,H3,hybrid_bidirectional,best,1368.277192,2123.6135,420.732759
Terraced,1,H1,safe_unidirectional,worst,1708.784888,2343.9976,526.280485
Terraced,1,H1,safe_unidirectional,best,1532.297188,2343.9976,464.214582
Terraced,1,H1,hybrid_bidirectional,worst,1708.784888,2343.9976,526.280485
Terraced,1,H1,hybrid_bidirectional,best,1532.297188,2343.9976,464.214582
Terraced,1,H2,safe_unidirectional,worst,1708.784888,2343.9976,526.280485
Terraced,1,H2,safe_unidirectional,best,1532.297188,2343.9976,464.214582
Terraced,1,H2,hybrid_bidirectional,worst,1708.784888,2343.9976,526.280485
Terraced,1,H2,hybrid_bidirectional,best,1532.297188,2343.9976,464.214582
Terraced,1,H3,safe_unidirectional,worst,1708.784888,2343.9976,526.280485
Terraced,1,H3,safe_unidirectional,best,1532.297188,2343.9976,464.214582
Terraced,1,H3,hybrid_bidirectional,worst,1708.784888,2343.9976,526.280485
Terraced,1,H3,hybrid_bidirectional,best,1532.297188,2343.9976,464.214582
Terraced,1,H1,safe_unidirectional,worst,1709.465648,2273.3838,535.507887
Terraced,1,H1,safe_unidirectional,best,1526.330644,2273.3838,471.100883
Terraced,1,H1,hybrid_bidirectional,worst,1709.465648,2273.3838,535.507887
Terraced,1,H1,hybrid_bidirectional,best,1526.330644,2273.3838,471.100883
Terraced,1,H2,safe_unidirectional,worst,1709.465648,2273.3838,535.507887
Terraced,1,H2,safe_unidirectional,best,1526.330644,2273.3838,471.100883
Terraced,1,H2,hybrid_bidirectional,worst,1709.465648,2273.3838,535.507887
Terraced,1,H2,hybrid_bidirectional,best,1526.330644,2273.3838,471.100883
Terraced,1,H3,safe_unidirectional,worst,1709.465648,2273.3838,535.507887
Terraced,1,H3,safe_unidirectional,best,1526.330644,2273.3838,471.100883
Terraced,1,H3,hybrid_bidirectional,worst,1709.465648,2273.3838,535.507887
Terraced,1,H3,hybrid_bidirectional,best,1526.330644,2273.3838,471.100883
Terraced,1,H1,safe_unidirectional,worst,1703.847708,2279.9483,535.317862
Terraced,1,H1,safe_unidirectional,best,1507.00362,2279.9483,466.135736
Terraced,1,H1,hybrid_bidirectional,worst,1703.847708,2279.9483,535.317862
Terraced,1,H1,hybrid_bidirectional,best,1507.00362,2279.9483,466.135736
Terraced,1,H2,safe_unidirectional,worst,1703.847708,2279.9483,535.317862
Terraced,1,H2,safe_unidirectional,best,1507.00362,2279.9483,466.135736
Terraced,1,H2,hybrid_bidirectional,worst,1703.847708,2279.9483,535.317862
Terraced,1,H2,hybrid_bidirectional,best,1507.00362,2279.9483,466.135736
Terraced,1,H3,safe_unidirectional,worst,1703.847708,2279.9483,535.317862
Terraced,1,H3,safe_unidirectional,best,1507.00362,2279.9483,466.135736
Terraced,1,H3,hybrid_bidirectional,worst,1703.847708,2279.9483,535.317862
Terraced,1,H3,hybrid_bidirectional,best,1507.00362,2279.9483,466.135736
Terraced,1,H1,safe_unidirectional,worst,1624.509172,2213.3766,511.301299
Terraced,1,H1,safe_unidirectional,best,1437.597176,2213.3766,445.6001
Terraced,1,H1,hybrid_bidirectional,worst,1624.509172,2213.3766,511.301299
Terraced,1,H1,hybrid_bidirectional,best,1437.597176,2213.3766,445.6001
Terraced,1,H2,safe_unidirectional,worst,1624.509172,2213.3766,511.301299
Terraced,1,H2,safe_unidirectional,best,1437.597176,2213.3766,445.6001
Terraced,1,H2,hybrid_bidirectional,worst,1624.509172,2213.3766,511.301299
Terraced,1,H2,hybrid_bidirectional,best,1437.597176,2213.3766,445.6001
Terraced,1,H3,safe_unidirectional,worst,1624.509172,2213.3766,511.301299
Terraced,1,H3,safe_unidirectional,best,1437.597176,2213.3766,445.6001
Terraced,1,H3,hybrid_bidirectional,worst,1624.509172,2213.3766,511.301299
Terraced,1,H3,hybrid_bidirectional,best,1437.597176,2213.3766,445.6001
Terraced,1,H1,safe_unidirectional,worst,1754.322476,2346.0275,546.762919
Terraced,1,H1,safe_unidirectional,best,1571.481552,2346.0275,482.441568
Terraced,1,H1,hybrid_bidirectional,worst,1754.322476,2346.0275,546.762919
Terraced,1,H1,hybrid_bidirectional,best,1571.481552,2346.0275,482.441568
Terraced,1,H2,safe_unidirectional,worst,1754.322476,2346.0275,546.762919
Terraced,1,H2,safe_unidirectional,best,1571.481552,2346.0275,482.441568
Terraced,1,H2,hybrid_bidirectional,worst,1754.322476,2346.0275,546.762919
Terraced,1,H2,hybrid_bidirectional,best,1571.481552,2346.0275,482.441568
Terraced,1,H3,safe_unidirectional,worst,1754.322476,2346.0275,546.762919
Terraced,1,H3,safe_unidirectional,best,1571.481552,2346.0275,482.441568
Terraced,1,H3,hybrid_bidirectional,worst,1754.322476,2346.0275,546.762919
Terraced,1,H3,hybrid_bidirectional,best,1571.481552,2346.0275,482.441568
Terraced,1,H1,safe_unidirectional,worst,1782.238728,2355.4749,561.054699
Terraced,1,H1,safe_unidirectional,best,1579.737628,2355.4749,489.924343
Terraced,1,H1,hybrid_bidirectional,worst,1782.238728,2355.4749,561.054699
Terraced,1,H1,hybrid_bidirectional,best,1579.737628,2355.4749,489.924343
Terraced,1,H2,safe_unidirectional,worst,1782.238728,2355.4749,561.054699
Terraced,1,H2,safe_unidirectional,best,1579.737628,2355.4749,489.924343
Terraced,1,H2,hybrid_bidirectional,worst,1782.238728,2355.4749,561.054699
Terraced,1,H2,hybrid_bidirectional,best,1579.737628,2355.4749,489.924343
Terraced,1,H3,safe_unidirectional,worst,1782.238728,2355.4749,561.054699
Terraced,1,H3,safe_unidirectional,best,1579.737628,2355.4749,489.924343
Terraced,1,H3,hybrid_bidirectional,worst,1782.238728,2355.4749,561.054699
Terraced,1,H3,hybrid_bidirectional,best,1579.737628,2355.4749,489.924343
Terraced,1,H1,safe_unidirectional,worst,1751.667792,2342.2694,549.586494
Terraced,1,H1,safe_unidirectional,best,1550.877944,2342.2694,479.003169
Terraced,1,H1,hybrid_bidirectional,worst,1751.667792,2342.2694,549.586494
Terraced,1,H1,hybrid_bidirectional,best,1550.877944,2342.2694,479.003169
Terraced,1,H2,safe_unidirectional,worst,1751.667792,2342.2694,549.586494
Terraced,1,H2,safe_unidirectional,best,1550.877944,2342.2694,479.003169
Terraced,1,H2,hybrid_bidirectional,worst,1751.667792,2342.2694,549.586494
Terraced,1,H2,hybrid_bidirectional,best,1550.877944,2342.2694,479.003169
Terraced,1,H3,safe_unidirectional,worst,1751.667792,2342.2694,549.586494
Terraced,1,H3,safe_unidirectional,best,1550.877944,2342.2694,479.003169
Terraced,1,H3,hybrid_bidirectional,worst,1751.667792,2342.2694,549.586494
Terraced,1,H3,hybrid_bidirectional,best,1550.877944,2342.2694,479.003169
Terraced,1,H1,safe_unidirectional,worst,1830.398116,2437.1969,567.731783
Terraced,1,H1,safe_unidirectional,best,1621.992144,2437.1969,494.497363
Terraced,1,H1,hybrid_bidirectional,worst,1830.398116,2437.1969,567.731783
Terraced,1,H1,hybrid_bidirectional,best,1621.992144,2437.1969,494.497363
Terraced,1,H2,safe_unidirectional,worst,1830.398116,2437.1969,567.731783
Terraced,1,H2,safe_unidirectional,best,1621.992144,2437.1969,494.497363
Terraced,1,H2,hybrid_bidirectional,worst,1830.398116,2437.1969,567.731783
Terraced,1,H2,hybrid_bidirectional,best,1621.992144,2437.1969,494.497363
Terraced,1,H3,safe_unidirectional,worst,1830.398116,2437.1969,567.731783
Terraced,1,H3,safe_unidirectional,best,1621.992144,2437.1969,494.497363
Terraced,1,H3,hybrid_bidirectional,worst,1830.398116,2437.1969,567.731783
Terraced,1,H3,hybrid_bidirectional,best,1621.992144,2437.1969,494.497363
Terraced,1,H1,safe_unidirectional,worst,1627.462964,2196.2506,509.140731
Terraced,1,H1,safe_unidirectional,best,1441.135256,2196.2506,443.609513
Terraced,1,H1,hybrid_bidirectional,worst,1627.462964,2196.2506,509.140731
Terraced,1,H1,hybrid_bidirectional,best,1441.135256,2196.2506,443.609513
Terraced,1,H2,safe_unidirectional,worst,1627.462964,2196.2506,509.140731
Terraced,1,H2,safe_unidirectional,best,1441.135256,2196.2506,443.609513
Terraced,1,H2,hybrid_bidirectional,worst,1627.462964,2196.2506,509.140731
Terraced,1,H2,hybrid_bidirectional,best,1441.135256,2196.2506,443.609513
Terraced,1,H3,safe_unidirectional,worst,1627.462964,2196.2506,509.140731
Terraced,1,H3,safe_unidirectional,best,1441.135256,2196.2506,443.609513
Terraced,1,H3,hybrid_bidirectional,worst,1627.462964,2196.2506,509.140731
Terraced,1,H3,hybrid_bidirectional,best,1441.135256,2196.2506,443.609513
Terraced,1,H1,safe_unidirectional,worst,1902.960756,2504.8583,588.983933
Terraced,1,H1,safe_unidirectional,best,1699.128432,2504.8583,517.33066
Terraced,1,H1,hybrid_bidirectional,worst,1902.960756,2504.8583,588.983933
Terraced,1,H1,hybrid_bidirectional,best,1699.128432,2504.8583,517.33066
Terraced,1,H2,safe_unidirectional,worst,1902.960756,2504.8583,588.983933
Terraced,1,H2,safe_unidirectional,best,1699.128432,2504.8583,517.33066
Terraced,1,H2,hybrid_bidirectional,worst,1902.960756,2504.8583,588.983933
Terraced,1,H2,hybrid_bidirectional,best,1699.128432,2504.8583,517.33066
Terraced,1,H3,safe_unidirectional,worst,1902.960756,2504.8583,588.983933
Terraced,1,H3,safe_unidirectional,best,1699.128432,2504.8583,517.33066
Terraced,1,H3,hybrid_bidirectional,worst,1902.960756,2504.8583,588.983933
Terraced,1,H3,hybrid_bidirectional,best,1699.128432,2504.8583,517.33066
Terraced,1,H1,safe_unidirectional,worst,1622.223704,2193.974,505.394975
Terraced,1,H1,safe_unidirectional,best,1440.515052,2193.974,441.497833
Terraced,1,H1,hybrid_bidirectional,worst,1622.223704,2193.974,505.394975
Terraced,1,H1,hybrid_bidirectional,best,1440.515052,2193.974,441.497833
Terraced,1,H2,safe_unidirectional,worst,1622.223704,2193.974,505.394975
Terraced,1,H2,safe_unidirectional,best,1440.515052,2193.974,441.497833
Terraced,1,H2,hybrid_bidirectional,worst,1622.223704,2193.974,505.394975
Terraced,1,H2,hybrid_bidirectional,best,1440.515052,2193.974,441.497833
Terraced,1,H3,safe_unidirectional,worst,1622.223704,2193.974,505.394975
Terraced,1,H3,safe_unidirectional,best,1440.515052,2193.974,441.497833
Terraced,1,H3,hybrid_bidirectional,worst,1622.223704,2193.974,505.394975
Terraced,1,H3,hybrid_bidirectional,best,1440.515052,2193.974,441.497833
Terraced,1,H1,safe_unidirectional,worst,1753.692828,2384.1248,542.161383
Terraced,1,H1,safe_unidirectional,best,1544.99372,2384.1248,468.781148
Terraced,1,H1,hybrid_bidirectional,worst,1753.692828,2384.1248,542.161383
Terraced,1,H1,hybrid_bidirectional,best,1544.99372,2384.1248,468.781148
Terraced,1,H2,safe_unidirectional,worst,1753.692828,2384.1248,542.161383
Terraced,1,H2,safe_unidirectional,best,1544.99372,2384.1248,468.781148
Terraced,1,H2,hybrid_bidirectional,worst,1753.692828,2384.1248,542.161383
Terraced,1,H2,hybrid_bidirectional,best,1544.99372,2384.1248,468.781148
Terraced,1,H3,safe_unidirectional,worst,1753.692828,2384.1248,542.161383
Terraced,1,H3,safe_unidirectional,best,1544.99372,2384.1248,468.781148
Terraced,1,H3,hybrid_bidirectional,worst,1753.692828,2384.1248,542.161383
Terraced,1,H3,hybrid_bidirectional,best,1544.99372,2384.1248,468.781148
Terraced,1,H1,safe_unidirectional,worst,1753.364792,2357.1543,551.003168
Terraced,1,H1,safe_unidirectional,best,1553.291448,2357.1543,480.62674
Terraced,1,H1,hybrid_bidirectional,worst,1753.364792,2357.1543,551.003168
Terraced,1,H1,hybrid_bidirectional,best,1553.291448,2357.1543,480.62674
Terraced,1,H2,safe_unidirectional,worst,1753.364792,2357.1543,551.003168
Terraced,1,H2,safe_unidirectional,best,1553.291448,2357.1543,480.62674
Terraced,1,H2,hybrid_bidirectional,worst,1753.364792,2357.1543,551.003168
Terraced,1,H2,hybrid_bidirectional,best,1553.291448,2357.1543,480.62674
Terraced,1,H3,safe_unidirectional,worst,1753.364792,2357.1543,551.003168
Terraced,1,H3,safe_unidirectional,best,1553.291448,2357.1543,480.62674
Terraced,1,H3,hybrid_bidirectional,worst,1753.364792,2357.1543,551.003168
Terraced,1,H3,hybrid_bidirectional,best,1553.291448,2357.1543,480.62674
Terraced,1,H1,safe_unidirectional,worst,1774.11886,2405.2258,541.190918
Terraced,1,H1,safe_unidirectional,best,1593.350924,2405.2258,477.617424
Terraced,1,H1,hybrid_bidirectional,worst,1774.11886,2405.2258,541.190918
Terraced,1,H1,hybrid_bidirectional,best,1593.350924,2405.2258,477.617424
Terraced,1,H2,safe_unidirectional,worst,1774.11886,2405.2258,541.190918
Terraced,1,H2,safe_unidirectional,best,1593.350924,2405.2258,477.617424
Terraced,1,H2,hybrid_bidirectional,worst,1774.11886,2405.2258,541.190918
Terraced,1,H2,hybrid_bidirectional,best,1593.350924,2405.2258,477.617424
Terraced,1,H3,safe_unidirectional,worst,1774.11886,2405.2258,541.190918
Terraced,1,H3,safe_unidirectional,best,1593.350924,2405.2258,477.617424
Terraced,1,H3,hybrid_bidirectional,worst,1774.11886,2405.2258,541.190918
Terraced,1,H3,hybrid_bidirectional,best,1593.350924,2405.2258,477.617424
Terraced,1,H1,safe_unidirectional,worst,1632.597552,2246.1865,509.491842
Terraced,1,H1,safe_unidirectional,best,1472.937644,2246.1865,453.244677
Terraced,1,H1,hybrid_bidirectional,worst,1632.597552,2246.1865,509.491842
Terraced,1,H1,hybrid_bidirectional,best,1472.937644,2246.1865,453.244677
Terraced,1,H2,safe_unidirectional,worst,1632.597552,2246.1865,509.491842
Terraced,1,H2,safe_unidirectional,best,1472.937644,2246.1865,453.244677
Terraced,1,H2,hybrid_bidirectional,worst,1632.597552,2246.1865,509.491842
Terraced,1,H2,hybrid_bidirectional,best,1472.937644,2246.1865,453.244677
Terraced,1,H3,safe_unidirectional,worst,1632.597552,2246.1865,509.491842
Terraced,1,H3,safe_unidirectional,best,1472.937644,2246.1865,453.244677
Terraced,1,H3,hybrid_bidirectional,worst,1632.597552,2246.1865,509.491842
Terraced,1,H3,hybrid_bidirectional,best,1472.937644,2246.1865,453.244677
Terraced,1,H1,safe_unidirectional,worst,1679.58224,2264.0891,525.882953
Terraced,1,H1,safe_unidirectional,best,1497.108356,2264.0891,461.724005
Terraced,1,H1,hybrid_bidirectional,worst,1679.58224,2264.0891,525.882953
Terraced,1,H1,hybrid_bidirectional,best,1497.108356,2264.0891,461.724005
Terraced,1,H2,safe_unidirectional,worst,1679.58224,2264.0891,525.882953
Terraced,1,H2,safe_unidirectional,best,1497.108356,2264.0891,461.724005
Terraced,1,H2,hybrid_bidirectional,worst,1679.58224,2264.0891,525.882953
Terraced,1,H2,hybrid_bidirectional,best,1497.108356,2264.0891,461.724005
Terraced,1,H3,safe_unidirectional,worst,1679.58224,2264.0891,525.882953
Terraced,1,H3,safe_unidirectional,best,1497.108356,2264.0891,461.724005
Terraced,1,H3,hybrid_bidirectional,worst,1679.58224,2264.0891,525.882953
Terraced,1,H3,hybrid_bidirectional,best,1497.108356,2264.0891,461.724005
Terraced,1,H1,safe_unidirectional,worst,1680.654732,2291.9276,524.689167
Terraced,1,H1,safe_unidirectional,best,1498.047696,2291.9276,460.43639
Terraced,1,H1,hybrid_bidirectional,worst,1680.654732,2291.9276,524.689167
Terraced,1,H1,hybrid_bidirectional,best,1498.047696,2291.9276,460.43639
Terraced,1,H2,safe_unidirectional,worst,1680.654732,2291.9276,524.689167
Terraced,1,H2,safe_unidirectional,best,1498.047696,2291.9276,460.43639
Terraced,1,H2,hybrid_bidirectional,worst,1680.654732,2291.9276,524.689167
Terraced,1,H2,hybrid_bidirectional,best,1498.047696,2291.9276,460.43639
Terraced,1,H3,safe_unidirectional,worst,1680.654732,2291.9276,524.689167
Terraced,1,H3,safe_unidirectional,best,1498.047696,2291.9276,460.43639
Terraced,1,H3,hybrid_bidirectional,worst,1680.654732,2291.9276,524.689167
Terraced,1,H3,hybrid_bidirectional,best,1498.047696,2291.9276,460.43639
Terraced,1,H1,safe_unidirectional,worst,1763.966632,2371.3944,545.392516
Terraced,1,H1,safe_unidirectional,best,1580.36832,2371.3944,480.808177
Terraced,1,H1,hybrid_bidirectional,worst,1763.966632,2371.3944,545.392516
Terraced,1,H1,hybrid_bidirectional,best,1580.36832,2371.3944,480.808177
Terraced,1,H2,safe_unidirectional,worst,1763.966632,2371.3944,545.392516
Terraced,1,H2,safe_unidirectional,best,1580.36832,2371.3944,480.808177
Terraced,1,H2,hybrid_bidirectional,worst,1763.966632,2371.3944,545.392516
Terraced,1,H2,hybrid_bidirectional,best,1580.36832,2371.3944,480.808177
Terraced,1,H3,safe_unidirectional,worst,1763.966632,2371.3944,545.392516
Terraced,1,H3,safe_unidirectional,best,1580.36832,2371.3944,480.808177
Terraced,1,H3,hybrid_bidirectional,worst,1763.966632,2371.3944,545.392516
Terraced,1,H3,hybrid_bidirectional,best,1580.36832,2371.3944,480.808177
Terraced,1,H1,safe_unidirectional,worst,1751.23,2369.6862,545.45913
Terraced,1,H1,safe_unidirectional,best,1543.346268,2369.6862,472.36765
Terraced,1,H1,hybrid_bidirectional,worst,1751.23,2369.6862,545.45913
Terraced,1,H1,hybrid_bidirectional,best,1543.346268,2369.6862,472.36765
Terraced,1,H2,safe_unidirectional,worst,1751.23,2369.6862,545.45913
Terraced,1,H2,safe_unidirectional,best,1543.346268,2369.6862,472.36765
Terraced,1,H2,hybrid_bidirectional,worst,1751.23,2369.6862,545.45913
Terraced,1,H2,hybrid_bidirectional,best,1543.346268,2369.6862,472.36765
Terraced,1,H3,safe_unidirectional,worst,1751.23,2369.6862,545.45913
Terraced,1,H3,safe_unidirectional,best,1543.346268,2369.6862,472.36765
Terraced,1,H3,hybrid_bidirectional,worst,1751.23,2369.6862,545.45913
Terraced,1,H3,hybrid_bidirectional,best,1543.346268,2369.6862,472.36765
Terraced,1,H1,safe_unidirectional,worst,1600.774196,2134.5573,502.745311
Terraced,1,H1,safe_unidirectional,best,1426.67734,2134.5573,441.468478
Terraced,1,H1,hybrid_bidirectional,worst,1600.774196,2134.5573,502.745311
Terraced,1,H1,hybrid_bidirectional,best,1426.67734,2134.5573,441.468478
Terraced,1,H2,safe_unidirectional,worst,1600.774196,2134.5573,502.745311
Terraced,1,H2,safe_unidirectional,best,1426.67734,2134.5573,441.468478
Terraced,1,H2,hybrid_bidirectional,worst,1600.774196,2134.5573,502.745311
Terraced,1,H2,hybrid_bidirectional,best,1426.67734,2134.5573,441.468478
Terraced,1,H3,safe_unidirectional,worst,1600.774196,2134.5573,502.745311
Terraced,1,H3,safe_unidirectional,best,1426.67734,2134.5573,441.468478
Terraced,1,H3,hybrid_bidirectional,worst,1600.774196,2134.5573,502.745311
Terraced,1,H3,hybrid_bidirectional,best,1426.67734,2134.5573,441.468478
Terraced,1,H1,safe_unidirectional,worst,1834.840488,2435.2973,572.402102
Terraced,1,H1,safe_unidirectional,best,1644.934888,2435.2973,505.621877
Terraced,1,H1,hybrid_bidirectional,worst,1834.840488,2435.2973,572.402102
Terraced,1,H1,hybrid_bidirectional,best,1644.934888,2435.2973,505.621877
Terraced,1,H2,safe_unidirectional,worst,1834.840488,2435.2973,572.402102
Terraced,1,H2,safe_unidirectional,best,1644.934888,2435.2973,505.621877
Terraced,1,H2,hybrid_bidirectional,worst,1834.840488,2435.2973,572.402102
Terraced,1,H2,hybrid_bidirectional,best,1644.934888,2435.2973,505.621877
Terraced,1,H3,safe_unidirectional,worst,1834.840488,2435.2973,572.402102
Terraced,1,H3,safe_unidirectional,best,1644.934888,2435.2973,505.621877
Terraced,1,H3,hybrid_bidirectional,worst,1834.840488,2435.2973,572.402102
Terraced,1,H3,hybrid_bidirectional,best,1644.934888,2435.2973,505.621877
Terraced,1,H1,safe_unidirectional,worst,1718.370192,2344.6165,537.60887
Terraced,1,H1,safe_unidirectional,best,1532.87732,2344.6165,472.338555
Terraced,1,H1,hybrid_bidirectional,worst,1718.370192,2344.6165,537.60887
Terraced,1,H1,hybrid_bidirectional,best,1532.87732,2344.6165,472.338555
Terraced,1,H2,safe_unidirectional,worst,1718.370192,2344.6165,537.60887
Terraced,1,H2,safe_unidirectional,best,1532.87732,2344.6165,472.338555
Terraced,1,H2,hybrid_bidirectional,worst,1718.370192,2344.6165,537.60887
Terraced,1,H2,hybrid_bidirectional,best,1532.87732,2344.6165,472.338555
Terraced,1,H3,safe_unidirectional,worst,1718.370192,2344.6165,537.60887
Terraced,1,H3,safe_unidirectional,best,1532.87732,2344.6165,472.338555
Terraced,1,H3,hybrid_bidirectional,worst,1718.370192,2344.6165,537.60887
Terraced,1,H3,hybrid_bidirectional,best,1532.87732,2344.6165,472.338555
Terraced,1,H1,safe_unidirectional,worst,1617.13878,2196.679,505.924157
Terraced,1,H1,safe_unidirectional,best,1420.497764,2196.679,436.767237
Terraced,1,H1,hybrid_bidirectional,worst,1617.13878,2196.679,505.924157
Terraced,1,H1,hybrid_bidirectional,best,1420.497764,2196.679,436.767237
Terraced,1,H2,safe_unidirectional,worst,1617.13878,2196.679,505.924157
Terraced,1,H2,safe_unidirectional,best,1420.497764,2196.679,436.767237
Terraced,1,H2,hybrid_bidirectional,worst,1617.13878,2196.679,505.924157
Terraced,1,H2,hybrid_bidirectional,best,1420.497764,2196.679,436.767237
Terraced,1,H3,safe_unidirectional,worst,1617.13878,2196.679,505.924157
Terraced,1,H3,safe_unidirectional,best,1420.497764,2196.679,436.767237
Terraced,1,H3,hybrid_bidirectional,worst,1617.13878,2196.679,505.924157
Terraced,1,H3,hybrid_bidirectional,best,1420.497764,2196.679,436.767237
Terraced,1,H1,safe_unidirectional,worst,1633.850728,2201.1797,511.761289
Terraced,1,H1,safe_unidirectional,best,1456.31674,2201.1797,449.28976
Terraced,1,H1,hybrid_bidirectional,worst,1633.850728,2201.1797,511.761289
Terraced,1,H1,hybrid_bidirectional,best,1456.31674,2201.1797,449.28976
Terraced,1,H2,safe_unidirectional,worst,1633.850728,2201.1797,511.761289
Terraced,1,H2,safe_unidirectional,best,1456.31674,2201.1797,449.28976
Terraced,1,H2,hybrid_bidirectional,worst,1633.850728,2201.1797,511.761289
Terraced,1,H2,hybrid_bidirectional,best,1456.31674,2201.1797,449.28976
Terraced,1,H3,safe_unidirectional,worst,1633.850728,2201.1797,511.761289
Terraced,1,H3,safe_unidirectional,best,1456.31674,2201.1797,449.28976
Terraced,1,H3,hybrid_bidirectional,worst,1633.850728,2201.1797,511.761289
Terraced,1,H3,hybrid_bidirectional,best,1456.31674,2201.1797,449.28976
Terraced,1,H1,safe_unidirectional,worst,1814.035088,2394.4332,561.771134
Terraced,1,H1,safe_unidirectional,best,1627.23274,2394.4332,496.044524
Terraced,1,H1,hybrid_bidirectional,worst,1814.035088,2394.4332,561.771134
Terraced,1,H1,hybrid_bidirectional,best,1627.23274,2394.4332,496.044524
Terraced,1,H2,safe_unidirectional,worst,1814.035088,2394.4332,561.771134
Terraced,1,H2,safe_unidirectional,best,1627.23274,2394.4332,496.044524
Terraced,1,H2,hybrid_bidirectional,worst,1814.035088,2394.4332,561.771134
Terraced,1,H2,hybrid_bidirectional,best,1627.23274,2394.4332,496.044524
Terraced,1,H3,safe_unidirectional,worst,1814.035088,2394.4332,561.771134
Terraced,1,H3,safe_unidirectional,best,1627.23274,2394.4332,496.044524
Terraced,1,H3,hybrid_bidirectional,worst,1814.035088,2394.4332,561.771134
Terraced,1,H3,hybrid_bidirectional,best,1627.23274,2394.4332,496.044524
Terraced,1,H1,safe_unidirectional,worst,1733.83584,2331.6119,539.001746
Terraced,1,H1,safe_unidirectional,best,1557.309184,2331.6119,476.925355
Terraced,1,H1,hybrid_bidirectional,worst,1733.83584,2331.6119,539.001746
Terraced,1,H1,hybrid_bidirectional,best,1557.309184,2331.6119,476.925355
Terraced,1,H2,safe_unidirectional,worst,1733.83584,2331.6119,539.001746
Terraced,1,H2,safe_unidirectional,best,1557.309184,2331.6119,476.925355
Terraced,1,H2,hybrid_bidirectional,worst,1733.83584,2331.6119,539.001746
Terraced,1,H2,hybrid_bidirectional,best,1557.309184,2331.6119,476.925355
Terraced,1,H3,safe_unidirectional,worst,1733.83584,2331.6119,539.001746
Terraced,1,H3,safe_unidirectional,best,1557.309184,2331.6119,476.925355
Terraced,1,H3,hybrid_bidirectional,worst,1733.83584,2331.6119,539.001746
Terraced,1,H3,hybrid_bidirectional,best,1557.309184,2331.6119,476.925355
Terraced,1,H1,safe_unidirectional,worst,1742.317896,2323.3962,546.920644
Terraced,1,H1,safe_unidirectional,best,1561.614396,2323.3962,483.350449
Terraced,1,H1,hybrid_bidirectional,worst,1742.317896,2323.3962,546.920644
Terraced,1,H1,hybrid_bidirectional,best,1561.614396,2323.3962,483.350449
Terraced,1,H2,safe_unidirectional,worst,1742.317896,2323.3962,546.920644
Terraced,1,H2,safe_unidirectional,best,1561.614396,2323.3962,483.350449
Terraced,1,H2,hybrid_bidirectional,worst,1742.317896,2323.3962,546.920644
Terraced,1,H2,hybrid_bidirectional,best,1561.614396,2323.3962,483.350449
Terraced,1,H3,safe_unidirectional,worst,1742.317896,2323.3962,546.920644
Terraced,1,H3,safe_unidirectional,best,1561.614396,2323.3962,483.350449
Terraced,1,H3,hybrid_bidirectional,worst,1742.317896,2323.3962,546.920644
Terraced,1,H3,hybrid_bidirectional,best,1561.614396,2323.3962,483.350449
Terraced,1,H1,safe_unidirectional,worst,1728.485192,2311.7741,540.979504
Terraced,1,H1,safe_unidirectional,best,1533.45302,2311.7741,472.399098
Terraced,1,H1,hybrid_bidirectional,worst,1728.485192,2311.7741,540.979504
Terraced,1,H1,hybrid_bidirectional,best,1533.45302,2311.7741,472.399098
Terraced,1,H2,safe_unidirectional,worst,1728.485192,2311.7741,540.979504
Terraced,1,H2,safe_unidirectional,best,1533.45302,2311.7741,472.399098
Terraced,1,H2,hybrid_bidirectional,worst,1728.485192,2311.7741,540.979504
Terraced,1,H2,hybrid_bidirectional,best,1533.45302,2311.7741,472.399098
Terraced,1,H3,safe_unidirectional,worst,1728.485192,2311.7741,540.979504
Terraced,1,H3,safe_unidirectional,best,1533.45302,2311.7741,472.399098
Terraced,1,H3,hybrid_bidirectional,worst,1728.485192,2311.7741,540.979504
Terraced,1,H3,hybrid_bidirectional,best,1533.45302,2311.7741,472.399098
Terraced,1,H1,safe_unidirectional,worst,1717.383976,2345.7407,534.721614
Terraced,1,H1,safe_unidirectional,best,1528.342508,2345.7407,468.197693
Terraced,1,H1,hybrid_bidirectional,worst,1717.383976,2345.7407,534.721614
Terraced,1,H1,hybrid_bidirectional,best,1528.342508,2345.7407,468.197693
Terraced,1,H2,safe_unidirectional,worst,1717.383976,2345.7407,534.721614
Terraced,1,H2,safe_unidirectional,best,1528.342508,2345.7407,468.197693
Terraced,1,H2,hybrid_bidirectional,worst,1717.383976,2345.7407,534.721614
Terraced,1,H2,hybrid_bidirectional,best,1528.342508,2345.7407,468.197693
Terraced,1,H3,safe_unidirectional,worst,1717.383976,2345.7407,534.721614
Terraced,1,H3,safe_unidirectional,best,1528.342508,2345.7407,468.197693
Terraced,1,H3,hybrid_bidirectional,worst,1717.383976,2345.7407,534.721614
Terraced,1,H3,hybrid_bidirectional,best,1528.342508,2345.7407,468.197693
Terraced,1,H1,safe_unidirectional,worst,1789.242216,2390.6015,554.248
Terraced,1,H1,safe_unidirectional,best,1581.645344,2390.6015,481.265695
Terraced,1,H1,hybrid_bidirectional,worst,1789.242216,2390.6015,554.248
Terraced,1,H1,hybrid_bidirectional,best,1581.645344,2390.6015,481.265695
Terraced,1,H2,safe_unidirectional,worst,1789.242216,2390.6015,554.248
Terraced,1,H2,safe_unidirectional,best,1581.645344,2390.6015,481.265695
Terraced,1,H2,hybrid_bidirectional,worst,1789.242216,2390.6015,554.248
Terraced,1,H2,hybrid_bidirectional,best,1581.645344,2390.6015,481.265695
Terraced,1,H3,safe_unidirectional,worst,1789.242216,2390.6015,554.248
Terraced,1,H3,safe_unidirectional,best,1581.645344,2390.6015,481.265695
Terraced,1,H3,hybrid_bidirectional,worst,1789.242216,2390.6015,554.248
Terraced,1,H3,hybrid_bidirectional,best,1581.645344,2390.6015,481.265695
Terraced,1,H1,safe_unidirectional,worst,1748.841148,2374.0899,542.920765
Terraced,1,H1,safe_unidirectional,best,1555.540876,2374.0899,474.975989
Terraced,1,H1,hybrid_bidirectional,worst,1748.841148,2374.0899,542.920765
Terraced,1,H1,hybrid_bidirectional,best,1555.540876,2374.0899,474.975989
Terraced,1,H2,safe_unidirectional,worst,1748.841148,2374.0899,542.920765
Terraced,1,H2,safe_unidirectional,best,1555.540876,2374.0899,474.975989
Terraced,1,H2,hybrid_bidirectional,worst,1748.841148,2374.0899,542.920765
Terraced,1,H2,hybrid_bidirectional,best,1555.540876,2374.0899,474.975989
Terraced,1,H3,safe_unidirectional,worst,1748.841148,2374.0899,542.920765
Terraced,1,H3,safe_unidirectional,best,1555.540876,2374.0899,474.975989
Terraced,1,H3,hybrid_bidirectional,worst,1748.841148,2374.0899,542.920765
Terraced,1,H3,hybrid_bidirectional,best,1555.540876,2374.0899,474.975989
Terraced,1,H1,safe_unidirectional,worst,1734.75884,2271.6606,538.585575
Terraced,1,H1,safe_unidirectional,best,1533.90156,2271.6606,467.923382
Terraced,1,H1,hybrid_bidirectional,worst,1734.75884,2271.6606,538.585575
Terraced,1,H1,hybrid_bidirectional,best,1533.90156,2271.6606,467.923382
Terraced,1,H2,safe_unidirectional,worst,1734.75884,2271.6606,538.585575
Terraced,1,H2,safe_unidirectional,best,1533.90156,2271.6606,467.923382
Terraced,1,H2,hybrid_bidirectional,worst,1734.75884,2271.6606,538.585575
Terraced,1,H2,hybrid_bidirectional,best,1533.90156,2271.6606,467.923382
Terraced,1,H3,safe_unidirectional,worst,1734.75884,2271.6606,538.585575
Terraced,1,H3,safe_unidirectional,best,1533.90156,2271.6606,467.923382
Terraced,1,H3,hybrid_bidirectional,worst,1734.75884,2271.6606,538.585575
Terraced,1,H3,hybrid_bidirectional,best,1533.90156,2271.6606,467.923382
Terraced,1,H1,safe_unidirectional,worst,1606.590176,2191.1435,496.202505
Terraced,1,H1,safe_unidirectional,best,1417.389744,2191.1435,429.6665
Terraced,1,H1,hybrid_bidirectional,worst,1606.590176,2191.1435,496.202505
Terraced,1,H1,hybrid_bidirectional,best,1417.389744,2191.1435,429.6665
Terraced,1,H2,safe_unidirectional,worst,1606.590176,2191.1435,496.202505
Terraced,1,H2,safe_unidirectional,best,1417.389744,2191.1435,429.6665
Terraced,1,H2,hybrid_bidirectional,worst,1606.590176,2191.1435,496.202505
Terraced,1,H2,hybrid_bidirectional,best,1417.389744,2191.1435,429.6665
Terraced,1,H3,safe_unidirectional,worst,1606.590176,2191.1435,496.202505
Terraced,1,H3,safe_unidirectional,best,1417.389744,2191.1435,429.6665
Terraced,1,H3,hybrid_bidirectional,worst,1606.590176,2191.1435,496.202505
Terraced,1,H3,hybrid_bidirectional,best,1417.389744,2191.1435,429.6665
Terraced,1,H1,safe_unidirectional,worst,1675.005868,2280.2367,525.030768
Terraced,1,H1,safe_unidirectional,best,1468.733044,2280.2367,452.536627
Terraced,1,H1,hybrid_bidirectional,worst,1675.005868,2280.2367,525.030768
Terraced,1,H1,hybrid_bidirectional,best,1468.733044,2280.2367,452.536627
Terraced,1,H2,safe_unidirectional,worst,1675.005868,2280.2367,525.030768
Terraced,1,H2,safe_unidirectional,best,1468.733044,2280.2367,452.536627
Terraced,1,H2,hybrid_bidirectional,worst,1675.005868,2280.2367,525.030768
Terraced,1,H2,hybrid_bidirectional,best,1468.733044,2280.2367,452.536627
Terraced,1,H3,safe_unidirectional,worst,1675.005868,2280.2367,525.030768
Terraced,1,H3,safe_unidirectional,best,1468.733044,2280.2367,452.536627
Terraced,1,H3,hybrid_bidirectional,worst,1675.005868,2280.2367,525.030768
Terraced,1,H3,hybrid_bidirectional,best,1468.733044,2280.2367,452.536627
Terraced,1,H1,safe_unidirectional,worst,1839.260516,2419.9703,567.825261
Terraced,1,H1,safe_unidirectional,best,1640.907984,2419.9703,498.061162
Terraced,1,H1,hybrid_bidirectional,worst,1839.260516,2419.9703,567.825261
Terraced,1,H1,hybrid_bidirectional,best,1640.907984,2419.9703,498.061162
Terraced,1,H2,safe_unidirectional,worst,1839.260516,2419.9703,567.825261
Terraced,1,H2,safe_unidirectional,best,1640.907984,2419.9703,498.061162
Terraced,1,H2,hybrid_bidirectional,worst,1839.260516,2419.9703,567.825261
Terraced,1,H2,hybrid_bidirectional,best,1640.907984,2419.9703,498.061162
Terraced,1,H3,safe_unidirectional,worst,1839.260516,2419.9703,567.825261
Terraced,1,H3,safe_unidirectional,best,1640.907984,2419.9703,498.061162
Terraced,1,H3,hybrid_bidirectional,worst,1839.260516,2419.9703,567.825261
Terraced,1,H3,hybrid_bidirectional,best,1640.907984,2419.9703,498.061162
Terraced,1,H1,safe_unidirectional,worst,1683.80856,2277.7647,527.938087
Terraced,1,H1,safe_unidirectional,best,1518.68436,2277.7647,469.852694
Terraced,1,H1,hybrid_bidirectional,worst,1683.80856,2277.7647,527.938087
Terraced,1,H1,hybrid_bidirectional,best,1518.68436,2277.7647,469.852694
Terraced,1,H2,safe_unidirectional,worst,1683.80856,2277.7647,527.938087
Terraced,1,H2,safe_unidirectional,best,1518.68436,2277.7647,469.852694
Terraced,1,H2,hybrid_bidirectional,worst,1683.80856,2277.7647,527.938087
Terraced,1,H2,hybrid_bidirectional,best,1518.68436,2277.7647,469.852694
Terraced,1,H3,safe_unidirectional,worst,1683.80856,2277.7647,527.938087
Terraced,1,H3,safe_unidirectional,best,1518.68436,2277.7647,469.852694
Terraced,1,H3,hybrid_bidirectional,worst,1683.80856,2277.7647,527.938087
Terraced,1,H3,hybrid_bidirectional,best,1518.68436,2277.7647,469.852694
Terraced,1,H1,safe_unidirectional,worst,1814.826104,2396.3958,560.983921
Terraced,1,H1,safe_unidirectional,best,1627.97072,2396.3958,495.31626
Terraced,1,H1,hybrid_bidirectional,worst,1814.826104,2396.3958,560.983921
Terraced,1,H1,hybrid_bidirectional,best,1627.97072,2396.3958,495.31626
Terraced,1,H2,safe_unidirectional,worst,1814.826104,2396.3958,560.983921
Terraced,1,H2,safe_unidirectional,best,1627.97072,2396.3958,495.31626
Terraced,1,H2,hybrid_bidirectional,worst,1814.826104,2396.3958,560.983921
Terraced,1,H2,hybrid_bidirectional,best,1627.97072,2396.3958,495.31626
Terraced,1,H3,safe_unidirectional,worst,1814.826104,2396.3958,560.983921
Terraced,1,H3,safe_unidirectional,best,1627.97072,2396.3958,495.31626
Terraced,1,H3,hybrid_bidirectional,worst,1814.826104,2396.3958,560.983921
Terraced,1,H3,hybrid_bidirectional,best,1627.97072,2396.3958,495.31626
Terraced,1,H1,safe_unidirectional,worst,1781.088724,2371.278,558.313859
Terraced,1,H1,safe_unidirectional,best,1601.069868,2371.278,495.057515
Terraced,1,H1,hybrid_bidirectional,worst,1781.088724,2371.278,558.313859
Terraced,1,H1,hybrid_bidirectional,best,1601.069868,2371.278,495.057515
Terraced,1,H2,safe_unidirectional,worst,1781.088724,2371.278,558.313859
Terraced,1,H2,safe_unidirectional,best,1601.069868,2371.278,495.057515
Terraced,1,H2,hybrid_bidirectional,worst,1781.088724,2371.278,558.313859
Terraced,1,H2,hybrid_bidirectional,best,1601.069868,2371.278,495.057515
Terraced,1,H3,safe_unidirectional,worst,1781.088724,2371.278,558.313859
Terraced,1,H3,safe_unidirectional,best,1601.069868,2371.278,495.057515
Terraced,1,H3,hybrid_bidirectional,worst,1781.088724,2371.278,558.313859
Terraced,1,H3,hybrid_bidirectional,best,1601.069868,2371.278,495.057515
Terraced,1,H1,safe_unidirectional,worst,1756.344772,2333.4503,553.076841
Terraced,1,H1,safe_unidirectional,best,1569.478084,2333.4503,487.427809
Terraced,1,H1,hybrid_bidirectional,worst,1756.344772,2333.4503,553.076841
Terraced,1,H1,hybrid_bidirectional,best,1569.478084,2333.4503,487.427809
Terraced,1,H2,safe_unidirectional,worst,1756.344772,2333.4503,553.076841
Terraced,1,H2,safe_unidirectional,best,1569.478084,2333.4503,487.427809
Terraced,1,H2,hybrid_bidirectional,worst,1756.344772,2333.4503,553.076841
Terraced,1,H2,hybrid_bidirectional,best,1569.478084,2333.4503,487.427809
Terraced,1,H3,safe_unidirectional,worst,1756.344772,2333.4503,553.076841
Terraced,1,H3,safe_unidirectional,best,1569.478084,2333.4503,487.427809
Terraced,1,H3,hybrid_bidirectional,worst,1756.344772,2333.4503,553.076841
Terraced,1,H3,hybrid_bidirectional,best,1569.478084,2333.4503,487.427809
Terraced,1,H1,safe_unidirectional,worst,1730.577704,2326.384,544.564026
Terraced,1,H1,safe_unidirectional,best,1534.098256,2326.384,475.503348
Terraced,1,H1,hybrid_bidirectional,worst,1730.577704,2326.384,544.564026
Terraced,1,H1,hybrid_bidirectional,best,1534.098256,2326.384,475.503348
Terraced,1,H2,safe_unidirectional,worst,1730.577704,2326.384,544.564026
Terraced,1,H2,safe_unidirectional,best,1534.098256,2326.384,475.503348
Terraced,1,H2,hybrid_bidirectional,worst,1730.577704,2326.384,544.564026
Terraced,1,H2,hybrid_bidirectional,best,1534.098256,2326.384,475.503348
Terraced,1,H3,safe_unidirectional,worst,1730.577704,2326.384,544.564026
Terraced,1,H3,safe_unidirectional,best,1534.098256,2326.384,475.503348
Terraced,1,H3,hybrid_bidirectional,worst,1730.577704,2326.384,544.564026
Terraced,1,H3,hybrid_bidirectional,best,1534.098256,2326.384,475.503348
Terraced,1,H1,safe_unidirectional,worst,1620.98886,2161.1872,507.433353
Terraced,1,H1,safe_unidirectional,best,1423.446868,2161.1872,438.009949
Terraced,1,H1,hybrid_bidirectional,worst,1620.98886,2161.1872,507.433353
Terraced,1,H1,hybrid_bidirectional,best,1423.446868,2161.1872,438.009949
Terraced,1,H2,safe_unidirectional,worst,1620.98886,2161.1872,507.433353
Terraced,1,H2,safe_unidirectional,best,1423.446868,2161.1872,438.009949
Terraced,1,H2,hybrid_bidirectional,worst,1620.98886,2161.1872,507.433353
Terraced,1,H2,hybrid_bidirectional,best,1423.446868,2161.1872,438.009949
Terraced,1,H3,safe_unidirectional,worst,1620.98886,2161.1872,507.433353
Terraced,1,H3,safe_unidirectional,best,1423.446868,2161.1872,438.009949
Terraced,1,H3,hybrid_bidirectional,worst,1620.98886,2161.1872,507.433353
Terraced,1,H3,hybrid_bidirectional,best,1423.446868,2161.1872,438.009949
Terraced,1,H1,safe_unidirectional,worst,1621.252756,2223.6351,507.699682
Terraced,1,H1,safe_unidirectional,best,1426.822612,2223.6351,439.339159
Terraced,1,H1,hybrid_bidirectional,worst,1621.252756,2223.6351,507.699682
Terraced,1,H1,hybrid_bidirectional,best,1426.822612,2223.6351,439.339159
Terraced,1,H2,safe_unidirectional,worst,1621.252756,2223.6351,507.699682
Terraced,1,H2,safe_unidirectional,best,1426.822612,2223.6351,439.339159
Terraced,1,H2,hybrid_bidirectional,worst,1621.252756,2223.6351,507.699682
Terraced,1,H2,hybrid_bidirectional,best,1426.822612,2223.6351,439.339159
Terraced,1,H3,safe_unidirectional,worst,1621.252756,2223.6351,507.699682
Terraced,1,H3,safe_unidirectional,best,1426.822612,2223.6351,439.339159
Terraced,1,H3,hybrid_bidirectional,worst,1621.252756,2223.6351,507.699682
Terraced,1,H3,hybrid_bidirectional,best,1426.822612,2223.6351,439.339159
Terraced,1,H1,safe_unidirectional,worst,1618.263384,2214.258,504.723106
Terraced,1,H1,safe_unidirectional,best,1445.166404,2214.258,443.853304
Terraced,1,H1,hybrid_bidirectional,worst,1618.263384,2214.258,504.723106
Terraced,1,H1,hybrid_bidirectional,best,1445.166404,2214.258,443.853304
Terraced,1,H2,safe_unidirectional,worst,1618.263384,2214.258,504.723106
Terraced,1,H2,safe_unidirectional,best,1445.166404,2214.258,443.853304
Terraced,1,H2,hybrid_bidirectional,worst,1618.263384,2214.258,504.723106
Terraced,1,H2,hybrid_bidirectional,best,1445.166404,2214.258,443.853304
Terraced,1,H3,safe_unidirectional,worst,1618.263384,2214.258,504.723106
Terraced,1,H3,safe_unidirectional,best,1445.166404,2214.258,443.853304
Terraced,1,H3,hybrid_bidirectional,worst,1618.263384,2214.258,504.723106
Terraced,1,H3,hybrid_bidirectional,best,1445.166404,2214.258,443.853304
Terraced,1,H1,safe_unidirectional,worst,1744.872112,2363.756,542.746668
Terraced,1,H1,safe_unidirectional,best,1555.767644,2363.756,476.262557
Terraced,1,H1,hybrid_bidirectional,worst,1744.872112,2363.756,542.746668
Terraced,1,H1,hybrid_bidirectional,best,1555.767644,2363.756,476.262557
Terraced,1,H2,safe_unidirectional,worst,1744.872112,2363.756,542.746668
Terraced,1,H2,safe_unidirectional,best,1555.767644,2363.756,476.262557
Terraced,1,H2,hybrid_bidirectional,worst,1744.872112,2363.756,542.746668
Terraced,1,H2,hybrid_bidirectional,best,1555.767644,2363.756,476.262557
Terraced,1,H3,safe_unidirectional,worst,1744.872112,2363.756,542.746668
Terraced,1,H3,safe_unidirectional,best,1555.767644,2363.756,476.262557
Terraced,1,H3,hybrid_bidirectional,worst,1744.872112,2363.756,542.746668
Terraced,1,H3,hybrid_bidirectional,best,1555.767644,2363.756,476.262557
Terraced,1,H1,safe_unidirectional,worst,1813.634268,2442.8629,570.887285
Terraced,1,H1,safe_unidirectional,best,1616.865876,2442.8629,501.716605
Terraced,1,H1,hybrid_bidirectional,worst,1813.634268,2442.8629,570.887285
Terraced,1,H1,hybrid_bidirectional,best,1616.865876,2442.8629,501.716605
Terraced,1,H2,safe_unidirectional,worst,1813.634268,2442.8629,570.887285
Terraced,1,H2,safe_unidirectional,best,1616.865876,2442.8629,501.716605
Terraced,1,H2,hybrid_bidirectional,worst,1813.634268,2442.8629,570.887285
Terraced,1,H2,hybrid_bidirectional,best,1616.865876,2442.8629,501.716605
Terraced,1,H3,safe_unidirectional,worst,1813.634268,2442.8629,570.887285
Terraced,1,H3,safe_unidirectional,best,1616.865876,2442.8629,501.716605
Terraced,1,H3,hybrid_bidirectional,worst,1813.634268,2442.8629,570.887285
Terraced,1,H3,hybrid_bidirectional,best,1616.865876,2442.8629,501.716605
Terraced,1,H1,safe_unidirectional,worst,1583.806932,2169.1279,491.201692
Terraced,1,H1,safe_unidirectional,best,1407.141468,2169.1279,429.043625
Terraced,1,H1,hybrid_bidirectional,worst,1583.806932,2169.1279,491.201692
Terraced,1,H1,hybrid_bidirectional,best,1407.141468,2169.1279,429.043625
Terraced,1,H2,safe_unidirectional,worst,1583.806932,2169.1279,491.201692
Terraced,1,H2,safe_unidirectional,best,1407.141468,2169.1279,429.043625
Terraced,1,H2,hybrid_bidirectional,worst,1583.806932,2169.1279,491.201692
Terraced,1,H2,hybrid_bidirectional,best,1407.141468,2169.1279,429.043625
Terraced,1,H3,safe_unidirectional,worst,1583.806932,2169.1279,491.201692
Terraced,1,H3,safe_unidirectional,best,1407.141468,2169.1279,429.043625
Terraced,1,H3,hybrid_bidirectional,worst,1583.806932,2169.1279,491.201692
Terraced,1,H3,hybrid_bidirectional,best,1407.141468,2169.1279,429.043625
Terraced,1,H1,safe_unidirectional,worst,1853.76664,2454.9063,563.660198
Terraced,1,H1,safe_unidirectional,best,1671.682308,2454.9063,499.642095
Terraced,1,H1,hybrid_bidirectional,worst,1853.76664,2454.9063,563.660198
Terraced,1,H1,hybrid_bidirectional,best,1671.682308,2454.9063,499.642095
Terraced,1,H2,safe_unidirectional,worst,1853.76664,2454.9063,563.660198
Terraced,1,H2,safe_unidirectional,best,1671.682308,2454.9063,499.642095
Terraced,1,H2,hybrid_bidirectional,worst,1853.76664,2454.9063,563.660198
Terraced,1,H2,hybrid_bidirectional,best,1671.682308,2454.9063,499.642095
Terraced,1,H3,safe_unidirectional,worst,1853.76664,2454.9063,563.660198
Terraced,1,H3,safe_unidirectional,best,1671.682308,2454.9063,499.642095
Terraced,1,H3,hybrid_bidirectional,worst,1853.76664,2454.9063,563.660198
Terraced,1,H3,hybrid_bidirectional,best,1671.682308,2454.9063,499.642095
Terraced,1,H1,safe_unidirectional,worst,1775.67146,2373.2054,556.015205
Terraced,1,H1,safe_unidirectional,best,1563.796524,2373.2054,481.549481
Terraced,1,H1,hybrid_bidirectional,worst,1775.67146,2373.2054,556.015205
Terraced,1,H1,hybrid_bidirectional,best,1563.796524,2373.2054,481.549481
Terraced,1,H2,safe_unidirectional,worst,1775.67146,2373.2054,556.015205
Terraced,1,H2,safe_unidirectional,best,1563.796524,2373.2054,481.549481
Terraced,1,H2,hybrid_bidirectional,worst,1775.67146,2373.2054,556.015205
Terraced,1,H2,hybrid_bidirectional,best,1563.796524,2373.2054,481.549481
Terraced,1,H3,safe_unidirectional,worst,1775.67146,2373.2054,556.015205
Terraced,1,H3,safe_unidirectional,best,1563.796524,2373.2054,481.549481
Terraced,1,H3,hybrid_bidirectional,worst,1775.67146,2373.2054,556.015205
Terraced,1,H3,hybrid_bidirectional,best,1563.796524,2373.2054,481.549481
Terraced,1,H1,safe_unidirectional,worst,1650.530916,2252.5827,517.640945
Terraced,1,H1,safe_unidirectional,best,1445.1751,2252.5827,445.490303
Terraced,1,H1,hybrid_bidirectional,worst,1650.530916,2252.5827,517.640945
Terraced,1,H1,hybrid_bidirectional,best,1445.1751,2252.5827,445.490303
Terraced,1,H2,safe_unidirectional,worst,1650.530916,2252.5827,517.640945
Terraced,1,H2,safe_unidirectional,best,1445.1751,2252.5827,445.490303
Terraced,1,H2,hybrid_bidirectional,worst,1650.530916,2252.5827,517.640945
Terraced,1,H2,hybrid_bidirectional,best,1445.1751,2252.5827,445.490303
Terraced,1,H3,safe_unidirectional,worst,1650.530916,2252.5827,517.640945
Terraced,1,H3,safe_unidirectional,best,1445.1751,2252.5827,445.490303
Terraced,1,H3,hybrid_bidirectional,worst,1650.530916,2252.5827,517.640945
Terraced,1,H3,hybrid_bidirectional,best,1445.1751,2252.5827,445.490303
Terraced,1,H1,safe_unidirectional,worst,1689.788712,2264.4803,525.913638
Terraced,1,H1,safe_unidirectional,best,1494.519272,2264.4803,457.335878
Terraced,1,H1,hybrid_bidirectional,worst,1689.788712,2264.4803,525.913638
Terraced,1,H1,hybrid_bidirectional,best,1494.519272,2264.4803,457.335878
Terraced,1,H2,safe_unidirectional,worst,1689.788712,2264.4803,525.913638
Terraced,1,H2,safe_unidirectional,best,1494.519272,2264.4803,457.335878
Terraced,1,H2,hybrid_bidirectional,worst,1689.788712,2264.4803,525.913638
Terraced,1,H2,hybrid_bidirectional,best,1494.519272,2264.4803,457.335878
Terraced,1,H3,safe_unidirectional,worst,1689.788712,2264.4803,525.913638
Terraced,1,H3,safe_unidirectional,best,1494.519272,2264.4803,457.335878
Terraced,1,H3,hybrid_bidirectional,worst,1689.788712,2264.4803,525.913638
Terraced,1,H3,hybrid_bidirectional,best,1494.519272,2264.4803,457.335878
Terraced,1,H1,safe_unidirectional,worst,1707.672704,2268.6234,533.666588
Terraced,1,H1,safe_unidirectional,best,1514.59576,2268.6234,465.801897
Terraced,1,H1,hybrid_bidirectional,worst,1707.672704,2268.6234,533.666588
Terraced,1,H1,hybrid_bidirectional,best,1514.59576,2268.6234,465.801897
Terraced,1,H2,safe_unidirectional,worst,1707.672704,2268.6234,533.666588
Terraced,1,H2,safe_unidirectional,best,1514.59576,2268.6234,465.801897
Terraced,1,H2,hybrid_bidirectional,worst,1707.672704,2268.6234,533.666588
Terraced,1,H2,hybrid_bidirectional,best,1514.59576,2268.6234,465.801897
Terraced,1,H3,safe_unidirectional,worst,1707.672704,2268.6234,533.666588
Terraced,1,H3,safe_unidirectional,best,1514.59576,2268.6234,465.801897
Terraced,1,H3,hybrid_bidirectional,worst,1707.672704,2268.6234,533.666588
Terraced,1,H3,hybrid_bidirectional,best,1514.59576,2268.6234,465.801897
Terraced,1,H1,safe_unidirectional,worst,1773.235052,2369.3394,550.88856
Terraced,1,H1,safe_unidirectional,best,1587.074412,2369.3394,485.427229
Terraced,1,H1,hybrid_bidirectional,worst,1773.235052,2369.3394,550.88856
Terraced,1,H1,hybrid_bidirectional,best,1587.074412,2369.3394,485.427229
Terraced,1,H2,safe_unidirectional,worst,1773.235052,2369.3394,550.88856
Terraced,1,H2,safe_unidirectional,best,1587.074412,2369.3394,485.427229
Terraced,1,H2,hybrid_bidirectional,worst,1773.235052,2369.3394,550.88856
Terraced,1,H2,hybrid_bidirectional,best,1587.074412,2369.3394,485.427229
Terraced,1,H3,safe_unidirectional,worst,1773.235052,2369.3394,550.88856
Terraced,1,H3,safe_unidirectional,best,1587.074412,2369.3394,485.427229
Terraced,1,H3,hybrid_bidirectional,worst,1773.235052,2369.3394,550.88856
Terraced,1,H3,hybrid_bidirectional,best,1587.074412,2369.3394,485.427229
Terraced,1,H1,safe_unidirectional,worst,1681.346016,2267.0581,525.887003
Terraced,1,H1,safe_unidirectional,best,1492.28444,2267.0581,459.347759
Terraced,1,H1,hybrid_bidirectional,worst,1681.346016,2267.0581,525.887003
Terraced,1,H1,hybrid_bidirectional,best,1492.28444,2267.0581,459.347759
Terraced,1,H2,safe_unidirectional,worst,1681.346016,2267.0581,525.887003
Terraced,1,H2,safe_unidirectional,best,1492.28444,2267.0581,459.347759
Terraced,1,H2,hybrid_bidirectional,worst,1681.346016,2267.0581,525.887003
Terraced,1,H2,hybrid_bidirectional,best,1492.28444,2267.0581,459.347759
Terraced,1,H3,safe_unidirectional,worst,1681.346016,2267.0581,525.887003
Terraced,1,H3,safe_unidirectional,best,1492.28444,2267.0581,459.347759
Terraced,1,H3,hybrid_bidirectional,worst,1681.346016,2267.0581,525.887003
Terraced,1,H3,hybrid_bidirectional,best,1492.28444,2267.0581,459.347759
Terraced,1,H1,safe_unidirectional,worst,1710.922676,2308.3258,536.894746
Terraced,1,H1,safe_unidirectional,best,1512.221816,2308.3258,467.051932
Terraced,1,H1,hybrid_bidirectional,worst,1710.922676,2308.3258,536.894746
Terraced,1,H1,hybrid_bidirectional,best,1512.221816,2308.3258,467.051932
Terraced,1,H2,safe_unidirectional,worst,1710.922676,2308.3258,536.894746
Terraced,1,H2,safe_unidirectional,best,1512.221816,2308.3258,467.051932
Terraced,1,H2,hybrid_bidirectional,worst,1710.922676,2308.3258,536.894746
Terraced,1,H2,hybrid_bidirectional,best,1512.221816,2308.3258,467.051932
Terraced,1,H3,safe_unidirectional,worst,1710.922676,2308.3258,536.894746
Terraced,1,H3,safe_unidirectional,best,1512.221816,2308.3258,467.051932
Terraced,1,H3,hybrid_bidirectional,worst,1710.922676,2308.3258,536.894746
Terraced,1,H3,hybrid_bidirectional,best,1512.221816,2308.3258,467.051932
Terraced,1,H1,safe_unidirectional,worst,1713.887824,2308.9326,532.708522
Terraced,1,H1,safe_unidirectional,best,1542.07992,2308.9326,472.283024
Terraced,1,H1,hybrid_bidirectional,worst,1713.887824,2308.9326,532.708522
Terraced,1,H1,hybrid_bidirectional,best,1542.07992,2308.9326,472.283024
Terraced,1,H2,safe_unidirectional,worst,1713.887824,2308.9326,532.708522
Terraced,1,H2,safe_unidirectional,best,1542.07992,2308.9326,472.283024
Terraced,1,H2,hybrid_bidirectional,worst,1713.887824,2308.9326,532.708522
Terraced,1,H2,hybrid_bidirectional,best,1542.07992,2308.9326,472.283024
Terraced,1,H3,safe_unidirectional,worst,1713.887824,2308.9326,532.708522
Terraced,1,H3,safe_unidirectional,best,1542.07992,2308.9326,472.283024
Terraced,1,H3,hybrid_bidirectional,worst,1713.887824,2308.9326,532.708522
Terraced,1,H3,hybrid_bidirectional,best,1542.07992,2308.9326,472.283024
Terraced,1,H1,safe_unidirectional,worst,1578.2715,2182.1616,494.174167
Terraced,1,H1,safe_unidirectional,best,1402.6904,2182.1616,432.370473
Terraced,1,H1,hybrid_bidirectional,worst,1578.2715,2182.1616,494.174167
Terraced,1,H1,hybrid_bidirectional,best,1402.6904,2182.1616,432.370473
Terraced,1,H2,safe_unidirectional,worst,1578.2715,2182.1616,494.174167
Terraced,1,H2,safe_unidirectional,best,1402.6904,2182.1616,432.370473
Terraced,1,H2,hybrid_bidirectional,worst,1578.2715,2182.1616,494.174167
Terraced,1,H2,hybrid_bidirectional,best,1402.6904,2182.1616,432.370473
Terraced,1,H3,safe_unidirectional,worst,1578.2715,2182.1616,494.174167
Terraced,1,H3,safe_unidirectional,best,1402.6904,2182.1616,432.370473
Terraced,1,H3,hybrid_bidirectional,worst,1578.2715,2182.1616,494.174167
Terraced,1,H3,hybrid_bidirectional,best,1402.6904,2182.1616,432.370473
Terraced,1,H1,safe_unidirectional,worst,1669.378632,2282.4557,515.561605
Terraced,1,H1,safe_unidirectional,best,1468.618848,2282.4557,444.977276
Terraced,1,H1,hybrid_bidirectional,worst,1669.378632,2282.4557,515.561605
Terraced,1,H1,hybrid_bidirectional,best,1468.618848,2282.4557,444.977276
Terraced,1,H2,safe_unidirectional,worst,1669.378632,2282.4557,515.561605
Terraced,1,H2,safe_unidirectional,best,1468.618848,2282.4557,444.977276
Terraced,1,H2,hybrid_bidirectional,worst,1669.378632,2282.4557,515.561605
Terraced,1,H2,hybrid_bidirectional,best,1468.618848,2282.4557,444.977276
Terraced,1,H3,safe_unidirectional,worst,1669.378632,2282.4557,515.561605
Terraced,1,H3,safe_unidirectional,best,1468.618848,2282.4557,444.977276
Terraced,1,H3,hybrid_bidirectional,worst,1669.378632,2282.4557,515.561605
Terraced,1,H3,hybrid_bidirectional,best,1468.618848,2282.4557,444.977276
Terraced,1,H1,safe_unidirectional,worst,1737.185256,2317.9537,542.194132
Terraced,1,H1,safe_unidirectional,best,1546.832524,2317.9537,475.228744
Terraced,1,H1,hybrid_bidirectional,worst,1737.185256,2317.9537,542.194132
Terraced,1,H1,hybrid_bidirectional,best,1546.832524,2317.9537,475.228744
Terraced,1,H2,safe_unidirectional,worst,1737.185256,2317.9537,542.194132
Terraced,1,H2,safe_unidirectional,best,1546.832524,2317.9537,475.228744
Terraced,1,H2,hybrid_bidirectional,worst,1737.185256,2317.9537,542.194132
Terraced,1,H2,hybrid_bidirectional,best,1546.832524,2317.9537,475.228744
Terraced,1,H3,safe_unidirectional,worst,1737.185256,2317.9537,542.194132
Terraced,1,H3,safe_unidirectional,best,1546.832524,2317.9537,475.228744
Terraced,1,H3,hybrid_bidirectional,worst,1737.185256,2317.9537,542.194132
Terraced,1,H3,hybrid_bidirectional,best,1546.832524,2317.9537,475.228744
Terraced,1,H1,safe_unidirectional,worst,1672.436144,2276.3526,519.611641
Terraced,1,H1,safe_unidirectional,best,1472.376088,2276.3526,449.279648
Terraced,1,H1,hybrid_bidirectional,worst,1672.436144,2276.3526,519.611641
Terraced,1,H1,hybrid_bidirectional,best,1472.376088,2276.3526,449.279648
Terraced,1,H2,safe_unidirectional,worst,1672.436144,2276.3526,519.611641
Terraced,1,H2,safe_unidirectional,best,1472.376088,2276.3526,449.279648
Terraced,1,H2,hybrid_bidirectional,worst,1672.436144,2276.3526,519.611641
Terraced,1,H2,hybrid_bidirectional,best,1472.376088,2276.3526,449.279648
Terraced,1,H3,safe_unidirectional,worst,1672.436144,2276.3526,519.611641
Terraced,1,H3,safe_unidirectional,best,1472.376088,2276.3526,449.279648
Terraced,1,H3,hybrid_bidirectional,worst,1672.436144,2276.3526,519.611641
Terraced,1,H3,hybrid_bidirectional,best,1472.376088,2276.3526,449.279648
Terraced,1,H1,safe_unidirectional,worst,1724.037508,2301.2098,541.107754
Terraced,1,H1,safe_unidirectional,best,1523.874352,2301.2098,470.744005
Terraced,1,H1,hybrid_bidirectional,worst,1724.037508,2301.2098,541.107754
Terraced,1,H1,hybrid_bidirectional,best,1523.874352,2301.2098,470.744005
Terraced,1,H2,safe_unidirectional,worst,1724.037508,2301.2098,541.107754
Terraced,1,H2,safe_unidirectional,best,1523.874352,2301.2098,470.744005
Terraced,1,H2,hybrid_bidirectional,worst,1724.037508,2301.2098,541.107754
Terraced,1,H2,hybrid_bidirectional,best,1523.874352,2301.2098,470.744005
Terraced,1,H3,safe_unidirectional,worst,1724.037508,2301.2098,541.107754
Terraced,1,H3,safe_unidirectional,best,1523.874352,2301.2098,470.744005
Terraced,1,H3,hybrid_bidirectional,worst,1724.037508,2301.2098,541.107754
Terraced,1,H3,hybrid_bidirectional,best,1523.874352,2301.2098,470.744005
Terraced,1,H1,safe_unidirectional,worst,1695.139764,2279.7558,526.24795
Terraced,1,H1,safe_unidirectional,best,1516.023996,2279.7558,463.188811
Terraced,1,H1,hybrid_bidirectional,worst,1695.139764,2279.7558,526.24795
Terraced,1,H1,hybrid_bidirectional,best,1516.023996,2279.7558,463.188811
Terraced,1,H2,safe_unidirectional,worst,1695.139764,2279.7558,526.24795
Terraced,1,H2,safe_unidirectional,best,1516.023996,2279.7558,463.188811
Terraced,1,H2,hybrid_bidirectional,worst,1695.139764,2279.7558,526.24795
Terraced,1,H2,hybrid_bidirectional,best,1516.023996,2279.7558,463.188811
Terraced,1,H3,safe_unidirectional,worst,1695.139764,2279.7558,526.24795
Terraced,1,H3,safe_unidirectional,best,1516.023996,2279.7558,463.188811
Terraced,1,H3,hybrid_bidirectional,worst,1695.139764,2279.7558,526.24795
Terraced,1,H3,hybrid_bidirectional,best,1516.023996,2279.7558,463.188811
Terraced,1,H1,safe_unidirectional,worst,1710.048044,2300.162,532.891961
Terraced,1,H1,safe_unidirectional,best,1526.49766,2300.162,468.362096
Terraced,1,H1,hybrid_bidirectional,worst,1710.048044,2300.162,532.891961
Terraced,1,H1,hybrid_bidirectional,best,1526.49766,2300.162,468.362096
Terraced,1,H2,safe_unidirectional,worst,1710.048044,2300.162,532.891961
Terraced,1,H2,safe_unidirectional,best,1526.49766,2300.162,468.362096
Terraced,1,H2,hybrid_bidirectional,worst,1710.048044,2300.162,532.891961
Terraced,1,H2,hybrid_bidirectional,best,1526.49766,2300.162,468.362096
Terraced,1,H3,safe_unidirectional,worst,1710.048044,2300.162,532.891961
Terraced,1,H3,safe_unidirectional,best,1526.49766,2300.162,468.362096
Terraced,1,H3,hybrid_bidirectional,worst,1710.048044,2300.162,532.891961
Terraced,1,H3,hybrid_bidirectional,best,1526.49766,2300.162,468.362096
Terraced,1,H1,safe_unidirectional,worst,1707.13484,2324.2357,534.944074
Terraced,1,H1,safe_unidirectional,best,1500.609808,2324.2357,462.360086
Terraced,1,H1,hybrid_bidirectional,worst,1707.13484,2324.2357,534.944074
Terraced,1,H1,hybrid_bidirectional,best,1500.609808,2324.2357,462.360086
Terraced,1,H2,safe_unidirectional,worst,1707.13484,2324.2357,534.944074
Terraced,1,H2,safe_unidirectional,best,1500.609808,2324.2357,462.360086
Terraced,1,H2,hybrid_bidirectional,worst,1707.13484,2324.2357,534.944074
Terraced,1,H2,hybrid_bidirectional,best,1500.609808,2324.2357,462.360086
Terraced,1,H3,safe_unidirectional,worst,1707.13484,2324.2357,534.944074
Terraced,1,H3,safe_unidirectional,best,1500.609808,2324.2357,462.360086
Terraced,1,H3,hybrid_bidirectional,worst,1707.13484,2324.2357,534.944074
Terraced,1,H3,hybrid_bidirectional,best,1500.609808,2324.2357,462.360086
Terraced,1,H1,safe_unidirectional,worst,1678.720208,2271.0662,520.99199
Terraced,1,H1,safe_unidirectional,best,1481.187784,2271.0662,451.56235
Terraced,1,H1,hybrid_bidirectional,worst,1678.720208,2271.0662,520.99199
Terraced,1,H1,hybrid_bidirectional,best,1481.187784,2271.0662,451.56235
Terraced,1,H2,safe_unidirectional,worst,1678.720208,2271.0662,520.99199
Terraced,1,H2,safe_unidirectional,best,1481.187784,2271.0662,451.56235
Terraced,1,H2,hybrid_bidirectional,worst,1678.720208,2271.0662,520.99199
Terraced,1,H2,hybrid_bidirectional,best,1481.187784,2271.0662,451.56235
Terraced,1,H3,safe_unidirectional,worst,1678.720208,2271.0662,520.99199
Terraced,1,H3,safe_unidirectional,best,1481.187784,2271.0662,451.56235
Terraced,1,H3,hybrid_bidirectional,worst,1678.720208,2271.0662,520.99199
Terraced,1,H3,hybrid_bidirectional,best,1481.187784,2271.0662,451.56235
Terraced,1,H1,safe_unidirectional,worst,1580.63182,2184.9698,495.33679
Terraced,1,H1,safe_unidirectional,best,1376.76722,2184.9698,423.676595
Terraced,1,H1,hybrid_bidirectional,worst,1580.63182,2184.9698,495.33679
Terraced,1,H1,hybrid_bidirectional,best,1376.76722,2184.9698,423.676595
Terraced,1,H2,safe_unidirectional,worst,1580.63182,2184.9698,495.33679
Terraced,1,H2,safe_unidirectional,best,1376.76722,2184.9698,423.676595
Terraced,1,H2,hybrid_bidirectional,worst,1580.63182,2184.9698,495.33679
Terraced,1,H2,hybrid_bidirectional,best,1376.76722,2184.9698,423.676595
Terraced,1,H3,safe_unidirectional,worst,1580.63182,2184.9698,495.33679
Terraced,1,H3,safe_unidirectional,best,1376.76722,2184.9698,423.676595
Terraced,1,H3,hybrid_bidirectional,worst,1580.63182,2184.9698,495.33679
Terraced,1,H3,hybrid_bidirectional,best,1376.76722,2184.9698,423.676595
Terraced,1,H1,safe_unidirectional,worst,1801.20654,2391.4008,555.612581
Terraced,1,H1,safe_unidirectional,best,1608.669056,2391.4008,487.887534
Terraced,1,H1,hybrid_bidirectional,worst,1801.20654,2391.4008,555.612581
Terraced,1,H1,hybrid_bidirectional,best,1608.669056,2391.4008,487.887534
Terraced,1,H2,safe_unidirectional,worst,1801.20654,2391.4008,555.612581
Terraced,1,H2,safe_unidirectional,best,1608.669056,2391.4008,487.887534
Terraced,1,H2,hybrid_bidirectional,worst,1801.20654,2391.4008,555.612581
Terraced,1,H2,hybrid_bidirectional,best,1608.669056,2391.4008,487.887534
Terraced,1,H3,safe_unidirectional,worst,1801.20654,2391.4008,555.612581
Terraced,1,H3,safe_unidirectional,best,1608.669056,2391.4008,487.887534
Terraced,1,H3,hybrid_bidirectional,worst,1801.20654,2391.4008,555.612581
Terraced,1,H3,hybrid_bidirectional,best,1608.669056,2391.4008,487.887534
Terraced,1,H1,safe_unidirectional,worst,1832.125204,2439.0303,577.237169
Terraced,1,H1,safe_unidirectional,best,1614.286504,2439.0303,500.695927
Terraced,1,H1,hybrid_bidirectional,worst,1832.125204,2439.0303,577.237169
Terraced,1,H1,hybrid_bidirectional,best,1614.286504,2439.0303,500.695927
Terraced,1,H2,safe_unidirectional,worst,1832.125204,2439.0303,577.237169
Terraced,1,H2,safe_unidirectional,best,1614.286504,2439.0303,500.695927
Terraced,1,H2,hybrid_bidirectional,worst,1832.125204,2439.0303,577.237169
Terraced,1,H2,hybrid_bidirectional,best,1614.286504,2439.0303,500.695927
Terraced,1,H3,safe_unidirectional,worst,1832.125204,2439.0303,577.237169
Terraced,1,H3,safe_unidirectional,best,1614.286504,2439.0303,500.695927
Terraced,1,H3,hybrid_bidirectional,worst,1832.125204,2439.0303,577.237169
Terraced,1,H3,hybrid_bidirectional,best,1614.286504,2439.0303,500.695927
Terraced,1,H1,safe_unidirectional,worst,1756.412544,2386.4078,549.300956
Terraced,1,H1,safe_unidirectional,best,1555.6112,2386.4078,478.727038
Terraced,1,H1,hybrid_bidirectional,worst,1756.412544,2386.4078,549.300956
Terraced,1,H1,hybrid_bidirectional,best,1555.6112,2386.4078,478.727038
Terraced,1,H2,safe_unidirectional,worst,1756.412544,2386.4078,549.300956
Terraced,1,H2,safe_unidirectional,best,1555.6112,2386.4078,478.727038
Terraced,1,H2,hybrid_bidirectional,worst,1756.412544,2386.4078,549.300956
Terraced,1,H2,hybrid_bidirectional,best,1555.6112,2386.4078,478.727038
Terraced,1,H3,safe_unidirectional,worst,1756.412544,2386.4078,549.300956
Terraced,1,H3,safe_unidirectional,best,1555.6112,2386.4078,478.727038
Terraced,1,H3,hybrid_bidirectional,worst,1756.412544,2386.4078,549.300956
Terraced,1,H3,hybrid_bidirectional,best,1555.6112,2386.4078,478.727038
Terraced,1,H1,safe_unidirectional,worst,1688.059116,2299.5565,527.891742
Terraced,1,H1,safe_unidirectional,best,1494.945208,2299.5565,459.963657
Terraced,1,H1,hybrid_bidirectional,worst,1688.059116,2299.5565,527.891742
Terraced,1,H1,hybrid_bidirectional,best,1494.945208,2299.5565,459.963657
Terraced,1,H2,safe_unidirectional,worst,1688.059116,2299.5565,527.891742
Terraced,1,H2,safe_unidirectional,best,1494.945208,2299.5565,459.963657
Terraced,1,H2,hybrid_bidirectional,worst,1688.059116,2299.5565,527.891742
Terraced,1,H2,hybrid_bidirectional,best,1494.945208,2299.5565,459.963657
Terraced,1,H3,safe_unidirectional,worst,1688.059116,2299.5565,527.891742
Terraced,1,H3,safe_unidirectional,best,1494.945208,2299.5565,459.963657
Terraced,1,H3,hybrid_bidirectional,worst,1688.059116,2299.5565,527.891742
Terraced,1,H3,hybrid_bidirectional,best,1494.945208,2299.5565,459.963657
Terraced,1,H1,safe_unidirectional,worst,1870.127708,2465.9417,581.865019
Terraced,1,H1,safe_unidirectional,best,1657.518028,2465.9417,507.126563
Terraced,1,H1,hybrid_bidirectional,worst,1870.127708,2465.9417,581.865019
Terraced,1,H1,hybrid_bidirectional,best,1657.518028,2465.9417,507.126563
Terraced,1,H2,safe_unidirectional,worst,1870.127708,2465.9417,581.865019
Terraced,1,H2,safe_unidirectional,best,1657.518028,2465.9417,507.126563
Terraced,1,H2,hybrid_bidirectional,worst,1870.127708,2465.9417,581.865019
Terraced,1,H2,hybrid_bidirectional,best,1657.518028,2465.9417,507.126563
Terraced,1,H3,safe_unidirectional,worst,1870.127708,2465.9417,581.865019
Terraced,1,H3,safe_unidirectional,best,1657.518028,2465.9417,507.126563
Terraced,1,H3,hybrid_bidirectional,worst,1870.127708,2465.9417,581.865019
Terraced,1,H3,hybrid_bidirectional,best,1657.518028,2465.9417,507.126563
Terraced,1,H1,safe_unidirectional,worst,1640.237096,2289.5714,508.298016
Terraced,1,H1,safe_unidirectional,best,1460.763512,2289.5714,445.123455
Terraced,1,H1,hybrid_bidirectional,worst,1640.237096,2289.5714,508.298016
Terraced,1,H1,hybrid_bidirectional,best,1460.763512,2289.5714,445.123455
Terraced,1,H2,safe_unidirectional,worst,1640.237096,2289.5714,508.298016
Terraced,1,H2,safe_unidirectional,best,1460.763512,2289.5714,445.123455
Terraced,1,H2,hybrid_bidirectional,worst,1640.237096,2289.5714,508.298016
Terraced,1,H2,hybrid_bidirectional,best,1460.763512,2289.5714,445.123455
Terraced,1,H3,safe_unidirectional,worst,1640.237096,2289.5714,508.298016
Terraced,1,H3,safe_unidirectional,best,1460.763512,2289.5714,445.123455
Terraced,1,H3,hybrid_bidirectional,worst,1640.237096,2289.5714,508.298016
Terraced,1,H3,hybrid_bidirectional,best,1460.763512,2289.5714,445.123455
Terraced,1,H1,safe_unidirectional,worst,1638.375876,2230.3779,515.994933
Terraced,1,H1,safe_unidirectional,best,1443.449164,2230.3779,447.430038
Terraced,1,H1,hybrid_bidirectional,worst,1638.375876,2230.3779,515.994933
Terraced,1,H1,hybrid_bidirectional,best,1443.449164,2230.3779,447.430038
Terraced,1,H2,safe_unidirectional,worst,1638.375876,2230.3779,515.994933
Terraced,1,H2,safe_unidirectional,best,1443.449164,2230.3779,447.430038
Terraced,1,H2,hybrid_bidirectional,worst,1638.375876,2230.3779,515.994933
Terraced,1,H2,hybrid_bidirectional,best,1443.449164,2230.3779,447.430038
Terraced,1,H3,safe_unidirectional,worst,1638.375876,2230.3779,515.994933
Terraced,1,H3,safe_unidirectional,best,1443.449164,2230.3779,447.430038
Terraced,1,H3,hybrid_bidirectional,worst,1638.375876,2230.3779,515.994933
Terraced,1,H3,hybrid_bidirectional,best,1443.449164,2230.3779,447.430038
Terraced,1,H1,safe_unidirectional,worst,1750.282812,2371.9735,550.289544
Terraced,1,H1,safe_unidirectional,best,1551.213904,2371.9735,480.287819
Terraced,1,H1,hybrid_bidirectional,worst,1750.282812,2371.9735,550.289544
Terraced,1,H1,hybrid_bidirectional,best,1551.213904,2371.9735,480.287819
Terraced,1,H2,safe_unidirectional,worst,1750.282812,2371.9735,550.289544
Terraced,1,H2,safe_unidirectional,best,1551.213904,2371.9735,480.287819
Terraced,1,H2,hybrid_bidirectional,worst,1750.282812,2371.9735,550.289544
Terraced,1,H2,hybrid_bidirectional,best,1551.213904,2371.9735,480.287819
Terraced,1,H3,safe_unidirectional,worst,1750.282812,2371.9735,550.289544
Terraced,1,H3,safe_unidirectional,best,1551.213904,2371.9735,480.287819
Terraced,1,H3,hybrid_bidirectional,worst,1750.282812,2371.9735,550.289544
Terraced,1,H3,hybrid_bidirectional,best,1551.213904,2371.9735,480.287819
Terraced,1,H1,safe_unidirectional,worst,1696.976536,2290.6008,529.551328
Terraced,1,H1,safe_unidirectional,best,1488.261304,2290.6008,456.171069
Terraced,1,H1,hybrid_bidirectional,worst,1696.976536,2290.6008,529.551328
Terraced,1,H1,hybrid_bidirectional,best,1488.261304,2290.6008,456.171069
Terraced,1,H2,safe_unidirectional,worst,1696.976536,2290.6008,529.551328
Terraced,1,H2,safe_unidirectional,best,1488.261304,2290.6008,456.171069
Terraced,1,H2,hybrid_bidirectional,worst,1696.976536,2290.6008,529.551328
Terraced,1,H2,hybrid_bidirectional,best,1488.261304,2290.6008,456.171069
Terraced,1,H3,safe_unidirectional,worst,1696.976536,2290.6008,529.551328
Terraced,1,H3,safe_unidirectional,best,1488.261304,2290.6008,456.171069
Terraced,1,H3,hybrid_bidirectional,worst,1696.976536,2290.6008,529.551328
Terraced,1,H3,hybrid_bidirectional,best,1488.261304,2290.6008,456.171069
Terraced,1,H1,safe_unidirectional,worst,1791.5001,2410.7274,547.827201
Terraced,1,H1,safe_unidirectional,best,1584.970264,2410.7274,475.228783
Terraced,1,H1,hybrid_bidirectional,worst,1791.5001,2410.7274,547.827201
Terraced,1,H1,hybrid_bidirectional,best,1584.970264,2410.7274,475.228783
Terraced,1,H2,safe_unidirectional,worst,1791.5001,2410.7274,547.827201
Terraced,1,H2,safe_unidirectional,best,1584.970264,2410.7274,475.228783
Terraced,1,H2,hybrid_bidirectional,worst,1791.5001,2410.7274,547.827201
Terraced,1,H2,hybrid_bidirectional,best,1584.970264,2410.7274,475.228783
Terraced,1,H3,safe_unidirectional,worst,1791.5001,2410.7274,547.827201
Terraced,1,H3,safe_unidirectional,best,1584.970264,2410.7274,475.228783
Terraced,1,H3,hybrid_bidirectional,worst,1791.5001,2410.7274,547.827201
Terraced,1,H3,hybrid_bidirectional,best,1584.970264,2410.7274,475.228783
Terraced,1,H1,safe_unidirectional,worst,1791.647512,2403.8528,556.582304
Terraced,1,H1,safe_unidirectional,best,1611.131292,2403.8528,493.122042
Terraced,1,H1,hybrid_bidirectional,worst,1791.647512,2403.8528,556.582304
Terraced,1,H1,hybrid_bidirectional,best,1611.131292,2403.8528,493.122042
Terraced,1,H2,safe_unidirectional,worst,1791.647512,2403.8528,556.582304
Terraced,1,H2,safe_unidirectional,best,1611.131292,2403.8528,493.122042
Terraced,1,H2,hybrid_bidirectional,worst,1791.647512,2403.8528,556.582304
Terraced,1,H2,hybrid_bidirectional,best,1611.131292,2403.8528,493.122042
Terraced,1,H3,safe_unidirectional,worst,1791.647512,2403.8528,556.582304
Terraced,1,H3,safe_unidirectional,best,1611.131292,2403.8528,493.122042
Terraced,1,H3,hybrid_bidirectional,worst,1791.647512,2403.8528,556.582304
Terraced,1,H3,hybrid_bidirectional,best,1611.131292,2403.8528,493.122042
Terraced,1,H1,safe_unidirectional,worst,1760.202948,2406.029,541.195756
Terraced,1,H1,safe_unidirectional,best,1571.383464,2406.029,474.812489
Terraced,1,H1,hybrid_bidirectional,worst,1760.202948,2406.029,541.195756
Terraced,1,H1,hybrid_bidirectional,best,1571.383464,2406.029,474.812489
Terraced,1,H2,safe_unidirectional,worst,1760.202948,2406.029,541.195756
Terraced,1,H2,safe_unidirectional,best,1571.383464,2406.029,474.812489
Terraced,1,H2,hybrid_bidirectional,worst,1760.202948,2406.029,541.195756
Terraced,1,H2,hybrid_bidirectional,best,1571.383464,2406.029,474.812489
Terraced,1,H3,safe_unidirectional,worst,1760.202948,2406.029,541.195756
Terraced,1,H3,safe_unidirectional,best,1571.383464,2406.029,474.812489
Terraced,1,H3,hybrid_bidirectional,worst,1760.202948,2406.029,541.195756
Terraced,1,H3,hybrid_bidirectional,best,1571.383464,2406.029,474.812489
Terraced,1,H1,safe_unidirectional,worst,1706.549324,2324.1514,539.462157
Terraced,1,H1,safe_unidirectional,best,1507.193244,2324.1514,469.3551
Terraced,1,H1,hybrid_bidirectional,worst,1706.549324,2324.1514,539.462157
Terraced,1,H1,hybrid_bidirectional,best,1507.193244,2324.1514,469.3551
Terraced,1,H2,safe_unidirectional,worst,1706.549324,2324.1514,539.462157
Terraced,1,H2,safe_unidirectional,best,1507.193244,2324.1514,469.3551
Terraced,1,H2,hybrid_bidirectional,worst,1706.549324,2324.1514,539.462157
Terraced,1,H2,hybrid_bidirectional,best,1507.193244,2324.1514,469.3551
Terraced,1,H3,safe_unidirectional,worst,1706.549324,2324.1514,539.462157
Terraced,1,H3,safe_unidirectional,best,1507.193244,2324.1514,469.3551
Terraced,1,H3,hybrid_bidirectional,worst,1706.549324,2324.1514,539.462157
Terraced,1,H3,hybrid_bidirectional,best,1507.193244,2324.1514,469.3551
Terraced,1,H1,safe_unidirectional,worst,1674.219556,2266.7758,526.174606
Terraced,1,H1,safe_unidirectional,best,1486.984212,2266.7758,460.327203
Terraced,1,H1,hybrid_bidirectional,worst,1674.219556,2266.7758,526.174606
Terraced,1,H1,hybrid_bidirectional,best,1486.984212,2266.7758,460.327203
Terraced,1,H2,safe_unidirectional,worst,1674.219556,2266.7758,526.174606
Terraced,1,H2,safe_unidirectional,best,1486.984212,2266.7758,460.327203
Terraced,1,H2,hybrid_bidirectional,worst,1674.219556,2266.7758,526.174606
Terraced,1,H2,hybrid_bidirectional,best,1486.984212,2266.7758,460.327203
Terraced,1,H3,safe_unidirectional,worst,1674.219556,2266.7758,526.174606
Terraced,1,H3,safe_unidirectional,best,1486.984212,2266.7758,460.327203
Terraced,1,H3,hybrid_bidirectional,worst,1674.219556,2266.7758,526.174606
Terraced,1,H3,hybrid_bidirectional,best,1486.984212,2266.7758,460.327203
Terraced,1,H1,safe_unidirectional,worst,1733.13134,2342.1727,539.471547
Terraced,1,H1,safe_unidirectional,best,1568.032104,2342.1727,481.322569
Terraced,1,H1,hybrid_bidirectional,worst,1733.13134,2342.1727,539.471547
Terraced,1,H1,hybrid_bidirectional,best,1568.032104,2342.1727,481.322569
Terraced,1,H2,safe_unidirectional,worst,1733.13134,2342.1727,539.471547
Terraced,1,H2,safe_unidirectional,best,1568.032104,2342.1727,481.322569
Terraced,1,H2,hybrid_bidirectional,worst,1733.13134,2342.1727,539.471547
Terraced,1,H2,hybrid_bidirectional,best,1568.032104,2342.1727,481.322569
Terraced,1,H3,safe_unidirectional,worst,1733.13134,2342.1727,539.471547
Terraced,1,H3,safe_unidirectional,best,1568.032104,2342.1727,481.322569
Terraced,1,H3,hybrid_bidirectional,worst,1733.13134,2342.1727,539.471547
Terraced,1,H3,hybrid_bidirectional,best,1568.032104,2342.1727,481.322569
Terraced,1,H1,safe_unidirectional,worst,1676.990932,2246.6915,522.631392
Terraced,1,H1,safe_unidirectional,best,1472.140732,2246.6915,450.635462
Terraced,1,H1,hybrid_bidirectional,worst,1676.990932,2246.6915,522.631392
Terraced,1,H1,hybrid_bidirectional,best,1472.140732,2246.6915,450.635462
Terraced,1,H2,safe_unidirectional,worst,1676.990932,2246.6915,522.631392
Terraced,1,H2,safe_unidirectional,best,1472.140732,2246.6915,450.635462
Terraced,1,H2,hybrid_bidirectional,worst,1676.990932,2246.6915,522.631392
Terraced,1,H2,hybrid_bidirectional,best,1472.140732,2246.6915,450.635462
Terraced,1,H3,safe_unidirectional,worst,1676.990932,2246.6915,522.631392
Terraced,1,H3,safe_unidirectional,best,1472.140732,2246.6915,450.635462
Terraced,1,H3,hybrid_bidirectional,worst,1676.990932,2246.6915,522.631392
Terraced,1,H3,hybrid_bidirectional,best,1472.140732,2246.6915,450.635462
Terraced,1,H1,safe_unidirectional,worst,1772.316532,2390.8773,547.024957
Terraced,1,H1,safe_unidirectional,best,1558.957824,2390.8773,472.070851
Terraced,1,H1,hybrid_bidirectional,worst,1772.316532,2390.8773,547.024957
Terraced,1,H1,hybrid_bidirectional,best,1558.957824,2390.8773,472.070851
Terraced,1,H2,safe_unidirectional,worst,1772.316532,2390.8773,547.024957
Terraced,1,H2,safe_unidirectional,best,1558.957824,2390.8773,472.070851
Terraced,1,H2,hybrid_bidirectional,worst,1772.316532,2390.8773,547.024957
Terraced,1,H2,hybrid_bidirectional,best,1558.957824,2390.8773,472.070851
Terraced,1,H3,safe_unidirectional,worst,1772.316532,2390.8773,547.024957
Terraced,1,H3,safe_unidirectional,best,1558.957824,2390.8773,472.070851
Terraced,1,H3,hybrid_bidirectional,worst,1772.316532,2390.8773,547.024957
Terraced,1,H3,hybrid_bidirectional,best,1558.957824,2390.8773,472.070851
Terraced,1,H1,safe_unidirectional,worst,1781.597456,2380.7619,556.77996
Terraced,1,H1,safe_unidirectional,best,1606.265176,2380.7619,495.100351
Terraced,1,H1,hybrid_bidirectional,worst,1781.597456,2380.7619,556.77996
Terraced,1,H1,hybrid_bidirectional,best,1606.265176,2380.7619,495.100351
Terraced,1,H2,safe_unidirectional,worst,1781.597456,2380.7619,556.77996
Terraced,1,H2,safe_unidirectional,best,1606.265176,2380.7619,495.100351
Terraced,1,H2,hybrid_bidirectional,worst,1781.597456,2380.7619,556.77996
Terraced,1,H2,hybrid_bidirectional,best,1606.265176,2380.7619,495.100351
Terraced,1,H3,safe_unidirectional,worst,1781.597456,2380.7619,556.77996
Terraced,1,H3,safe_unidirectional,best,1606.265176,2380.7619,495.100351
Terraced,1,H3,hybrid_bidirectional,worst,1781.597456,2380.7619,556.77996
Terraced,1,H3,hybrid_bidirectional,best,1606.265176,2380.7619,495.100351
Terraced,1,H1,safe_unidirectional,worst,1683.836648,2275.6082,527.943555
Terraced,1,H1,safe_unidirectional,best,1516.220392,2275.6082,468.951403
Terraced,1,H1,hybrid_bidirectional,worst,1683.836648,2275.6082,527.943555
Terraced,1,H1,hybrid_bidirectional,best,1516.220392,2275.6082,468.951403
Terraced,1,H2,safe_unidirectional,worst,1683.836648,2275.6082,527.943555
Terraced,1,H2,safe_unidirectional,best,1516.220392,2275.6082,468.951403
Terraced,1,H2,hybrid_bidirectional,worst,1683.836648,2275.6082,527.943555
Terraced,1,H2,hybrid_bidirectional,best,1516.220392,2275.6082,468.951403
Terraced,1,H3,safe_unidirectional,worst,1683.836648,2275.6082,527.943555
Terraced,1,H3,safe_unidirectional,best,1516.220392,2275.6082,468.951403
Terraced,1,H3,hybrid_bidirectional,worst,1683.836648,2275.6082,527.943555
Terraced,1,H3,hybrid_bidirectional,best,1516.220392,2275.6082,468.951403
Terraced,1,H1,safe_unidirectional,worst,1730.342724,2313.4636,542.11851
Terraced,1,H1,safe_unidirectional,best,1524.733188,2313.4636,469.873053
Terraced,1,H1,hybrid_bidirectional,worst,1730.342724,2313.4636,542.11851
Terraced,1,H1,hybrid_bidirectional,best,1524.733188,2313.4636,469.873053
Terraced,1,H2,safe_unidirectional,worst,1730.342724,2313.4636,542.11851
Terraced,1,H2,safe_unidirectional,best,1524.733188,2313.4636,469.873053
Terraced,1,H2,hybrid_bidirectional,worst,1730.342724,2313.4636,542.11851
Terraced,1,H2,hybrid_bidirectional,best,1524.733188,2313.4636,469.873053
Terraced,1,H3,safe_unidirectional,worst,1730.342724,2313.4636,542.11851
Terraced,1,H3,safe_unidirectional,best,1524.733188,2313.4636,469.873053
Terraced,1,H3,hybrid_bidirectional,worst,1730.342724,2313.4636,542.11851
Terraced,1,H3,hybrid_bidirectional,best,1524.733188,2313.4636,469.873053
Terraced,1,H1,safe_unidirectional,worst,1720.859076,2303.0229,536.58457
Terraced,1,H1,safe_unidirectional,best,1527.813668,2303.0229,468.689017
Terraced,1,H1,hybrid_bidirectional,worst,1720.859076,2303.0229,536.58457
Terraced,1,H1,hybrid_bidirectional,best,1527.813668,2303.0229,468.689017
Terraced,1,H2,safe_unidirectional,worst,1720.859076,2303.0229,536.58457
Terraced,1,H2,safe_unidirectional,best,1527.813668,2303.0229,468.689017
Terraced,1,H2,hybrid_bidirectional,worst,1720.859076,2303.0229,536.58457
Terraced,1,H2,hybrid_bidirectional,best,1527.813668,2303.0229,468.689017
Terraced,1,H3,safe_unidirectional,worst,1720.859076,2303.0229,536.58457
Terraced,1,H3,safe_unidirectional,best,1527.813668,2303.0229,468.689017
Terraced,1,H3,hybrid_bidirectional,worst,1720.859076,2303.0229,536.58457
Terraced,1,H3,hybrid_bidirectional,best,1527.813668,2303.0229,468.689017
Terraced,1,H1,safe_unidirectional,worst,1710.1357,2331.6813,531.811336
Terraced,1,H1,safe_unidirectional,best,1518.33646,2331.6813,464.389739
Terraced,1,H1,hybrid_bidirectional,worst,1710.1357,2331.6813,531.811336
Terraced,1,H1,hybrid_bidirectional,best,1518.33646,2331.6813,464.389739
Terraced,1,H2,safe_unidirectional,worst,1710.1357,2331.6813,531.811336
Terraced,1,H2,safe_unidirectional,best,1518.33646,2331.6813,464.389739
Terraced,1,H2,hybrid_bidirectional,worst,1710.1357,2331.6813,531.811336
Terraced,1,H2,hybrid_bidirectional,best,1518.33646,2331.6813,464.389739
Terraced,1,H3,safe_unidirectional,worst,1710.1357,2331.6813,531.811336
Terraced,1,H3,safe_unidirectional,best,1518.33646,2331.6813,464.389739
Terraced,1,H3,hybrid_bidirectional,worst,1710.1357,2331.6813,531.811336
Terraced,1,H3,hybrid_bidirectional,best,1518.33646,2331.6813,464.389739
Terraced,1,H1,safe_unidirectional,worst,1744.515428,2334.6838,541.398373
Terraced,1,H1,safe_unidirectional,best,1570.546276,2334.6838,480.187849
Terraced,1,H1,hybrid_bidirectional,worst,1744.515428,2334.6838,541.398373
Terraced,1,H1,hybrid_bidirectional,best,1570.546276,2334.6838,480.187849
Terraced,1,H2,safe_unidirectional,worst,1744.515428,2334.6838,541.398373
Terraced,1,H2,safe_unidirectional,best,1570.546276,2334.6838,480.187849
Terraced,1,H2,hybrid_bidirectional,worst,1744.515428,2334.6838,541.398373
Terraced,1,H2,hybrid_bidirectional,best,1570.546276,2334.6838,480.187849
Terraced,1,H3,safe_unidirectional,worst,1744.515428,2334.6838,541.398373
Terraced,1,H3,safe_unidirectional,best,1570.546276,2334.6838,480.187849
Terraced,1,H3,hybrid_bidirectional,worst,1744.515428,2334.6838,541.398373
Terraced,1,H3,hybrid_bidirectional,best,1570.546276,2334.6838,480.187849
Terraced,1,H1,safe_unidirectional,worst,1577.579108,2166.5071,495.647654
Terraced,1,H1,safe_unidirectional,best,1400.461236,2166.5071,433.403598
Terraced,1,H1,hybrid_bidirectional,worst,1577.579108,2166.5071,495.647654
Terraced,1,H1,hybrid_bidirectional,best,1400.461236,2166.5071,433.403598
Terraced,1,H2,safe_unidirectional,worst,1577.579108,2166.5071,495.647654
Terraced,1,H2,safe_unidirectional,best,1400.461236,2166.5071,433.403598
Terraced,1,H2,hybrid_bidirectional,worst,1577.579108,2166.5071,495.647654
Terraced,1,H2,hybrid_bidirectional,best,1400.461236,2166.5071,433.403598
Terraced,1,H3,safe_unidirectional,worst,1577.579108,2166.5071,495.647654
Terraced,1,H3,safe_unidirectional,best,1400.461236,2166.5071,433.403598
Terraced,1,H3,hybrid_bidirectional,worst,1577.579108,2166.5071,495.647654
Terraced,1,H3,hybrid_bidirectional,best,1400.461236,2166.5071,433.403598
Terraced,1,H1,safe_unidirectional,worst,1691.00328,2305.4978,529.598344
Terraced,1,H1,safe_unidirectional,best,1496.915332,2305.4978,461.364508
Terraced,1,H1,hybrid_bidirectional,worst,1691.00328,2305.4978,529.598344
Terraced,1,H1,hybrid_bidirectional,best,1496.915332,2305.4978,461.364508
Terraced,1,H2,safe_unidirectional,worst,1691.00328,2305.4978,529.598344
Terraced,1,H2,safe_unidirectional,best,1496.915332,2305.4978,461.364508
Terraced,1,H2,hybrid_bidirectional,worst,1691.00328,2305.4978,529.598344
Terraced,1,H2,hybrid_bidirectional,best,1496.915332,2305.4978,461.364508
Terraced,1,H3,safe_unidirectional,worst,1691.00328,2305.4978,529.598344
Terraced,1,H3,safe_unidirectional,best,1496.915332,2305.4978,461.364508
Terraced,1,H3,hybrid_bidirectional,worst,1691.00328,2305.4978,529.598344
Terraced,1,H3,hybrid_bidirectional,best,1496.915332,2305.4978,461.364508
Terraced,1,H1,safe_unidirectional,worst,1681.928784,2288.3969,529.586706
Terraced,1,H1,safe_unidirectional,best,1488.9104,2288.3969,461.674957
Terraced,1,H1,hybrid_bidirectional,worst,1681.928784,2288.3969,529.586706
Terraced,1,H1,hybrid_bidirectional,best,1488.9104,2288.3969,461.674957
Terraced,1,H2,safe_unidirectional,worst,1681.928784,2288.3969,529.586706
Terraced,1,H2,safe_unidirectional,best,1488.9104,2288.3969,461.674957
Terraced,1,H2,hybrid_bidirectional,worst,1681.928784,2288.3969,529.586706
Terraced,1,H2,hybrid_bidirectional,best,1488.9104,2288.3969,461.674957
Terraced,1,H3,safe_unidirectional,worst,1681.928784,2288.3969,529.586706
Terraced,1,H3,safe_unidirectional,best,1488.9104,2288.3969,461.674957
Terraced,1,H3,hybrid_bidirectional,worst,1681.928784,2288.3969,529.586706
Terraced,1,H3,hybrid_bidirectional,best,1488.9104,2288.3969,461.674957
Terraced,1,H1,safe_unidirectional,worst,1727.756316,2319.2026,538.75484
Terraced,1,H1,safe_unidirectional,best,1540.51488,2319.2026,472.878626
Terraced,1,H1,hybrid_bidirectional,worst,1727.756316,2319.2026,538.75484
Terraced,1,H1,hybrid_bidirectional,best,1540.51488,2319.2026,472.878626
Terraced,1,H2,safe_unidirectional,worst,1727.756316,2319.2026,538.75484
Terraced,1,H2,safe_unidirectional,best,1540.51488,2319.2026,472.878626
Terraced,1,H2,hybrid_bidirectional,worst,1727.756316,2319.2026,538.75484
Terraced,1,H2,hybrid_bidirectional,best,1540.51488,2319.2026,472.878626
Terraced,1,H3,safe_unidirectional,worst,1727.756316,2319.2026,538.75484
Terraced,1,H3,safe_unidirectional,best,1540.51488,2319.2026,472.878626
Terraced,1,H3,hybrid_bidirectional,worst,1727.756316,2319.2026,538.75484
Terraced,1,H3,hybrid_bidirectional,best,1540.51488,2319.2026,472.878626
Terraced,1,H1,safe_unidirectional,worst,1617.056844,2194.487,497.77548
Terraced,1,H1,safe_unidirectional,best,1444.724076,2194.487,437.178281
Terraced,1,H1,hybrid_bidirectional,worst,1617.056844,2194.487,497.77548
Terraced,1,H1,hybrid_bidirectional,best,1444.724076,2194.487,437.178281
Terraced,1,H2,safe_unidirectional,worst,1617.056844,2194.487,497.77548
Terraced,1,H2,safe_unidirectional,best,1444.724076,2194.487,437.178281
Terraced,1,H2,hybrid_bidirectional,worst,1617.056844,2194.487,497.77548
Terraced,1,H2,hybrid_bidirectional,best,1444.724076,2194.487,437.178281
Terraced,1,H3,safe_unidirectional,worst,1617.056844,2194.487,497.77548
Terraced,1,H3,safe_unidirectional,best,1444.724076,2194.487,437.178281
Terraced,1,H3,hybrid_bidirectional,worst,1617.056844,2194.487,497.77548
Terraced,1,H3,hybrid_bidirectional,best,1444.724076,2194.487,437.178281
Terraced,1,H1,safe_unidirectional,worst,1594.735352,2171.0256,500.285066
Terraced,1,H1,safe_unidirectional,best,1412.068788,2171.0256,436.044848
Terraced,1,H1,hybrid_bidirectional,worst,1594.735352,2171.0256,500.285066
Terraced,1,H1,hybrid_bidirectional,best,1412.068788,2171.0256,436.044848
Terraced,1,H2,safe_unidirectional,worst,1594.735352,2171.0256,500.285066
Terraced,1,H2,safe_unidirectional,best,1412.068788,2171.0256,436.044848
Terraced,1,H2,hybrid_bidirectional,worst,1594.735352,2171.0256,500.285066
Terraced,1,H2,hybrid_bidirectional,best,1412.068788,2171.0256,436.044848
Terraced,1,H3,safe_unidirectional,worst,1594.735352,2171.0256,500.285066
Terraced,1,H3,safe_unidirectional,best,1412.068788,2171.0256,436.044848
Terraced,1,H3,hybrid_bidirectional,worst,1594.735352,2171.0256,500.285066
Terraced,1,H3,hybrid_bidirectional,best,1412.068788,2171.0256,436.044848
Terraced,1,H1,safe_unidirectional,worst,1835.442484,2388.1774,566.049296
Terraced,1,H1,safe_unidirectional,best,1650.4093,2388.1774,500.963473
Terraced,1,H1,hybrid_bidirectional,worst,1835.442484,2388.1774,566.049296
Terraced,1,H1,hybrid_bidirectional,best,1650.4093,2388.1774,500.963473
Terraced,1,H2,safe_unidirectional,worst,1835.442484,2388.1774,566.049296
Terraced,1,H2,safe_unidirectional,best,1650.4093,2388.1774,500.963473
Terraced,1,H2,hybrid_bidirectional,worst,1835.442484,2388.1774,566.049296
Terraced,1,H2,hybrid_bidirectional,best,1650.4093,2388.1774,500.963473
Terraced,1,H3,safe_unidirectional,worst,1835.442484,2388.1774,566.049296
Terraced,1,H3,safe_unidirectional,best,1650.4093,2388.1774,500.963473
Terraced,1,H3,hybrid_bidirectional,worst,1835.442484,2388.1774,566.049296
Terraced,1,H3,hybrid_bidirectional,best,1650.4093,2388.1774,500.963473
